0
SECTION
2
HEADER
9
$ACADVER
1
AC1015
9
$LASTSAVEDBY
1
@tarikjabiri/dxf
9
$HANDSEED
5
21FC
9
$INSUNITS
70
0
9
$CLAYER
8
0
9
$VIEWCTR
10
405.302
20
291.675
0
ENDSEC
0
SECTION
2
CLASSES
0
ENDSEC
0
SECTION
2
TABLES
0
TABLE
2
VPORT
5
1
330
0
100
AcDbSymbolTable
70
1
0
VPORT
5
19
330
1
100
AcDbSymbolTableRecord
100
AcDbViewportTableRecord
2
*Active
70
0
10
0
20
0
11
1
21
1
12
405.302
22
291.675
13
0
23
0
14
10
24
10
15
10
25
10
16
0
26
0
36
1
17
0
27
0
37
0
40
577.35
41
2
42
50
43
0
44
0
50
0
51
0
71
0
72
100
73
1
74
3
75
0
76
1
77
0
78
0
281
0
65
1
110
0
120
0
130
0
111
1
121
0
131
0
112
0
122
1
132
0
79
0
146
0
348
10020
60
7
61
5
292
1
282
1
141
0
142
0
63
250
421
3358443
0
ENDTAB
0
TABLE
2
LTYPE
5
2
330
0
100
AcDbSymbolTable
70
3
0
LTYPE
5
12
330
2
100
AcDbSymbolTableRecord
100
AcDbLinetypeTableRecord
2
ByBlock
70
0
3

72
65
73
0
40
0
0
LTYPE
5
13
330
2
100
AcDbSymbolTableRecord
100
AcDbLinetypeTableRecord
2
ByLayer
70
0
3

72
65
73
0
40
0
0
LTYPE
5
14
330
2
100
AcDbSymbolTableRecord
100
AcDbLinetypeTableRecord
2
Continuous
70
0
3
Solid line
72
65
73
0
40
0
0
ENDTAB
0
TABLE
2
LAYER
5
3
330
0
100
AcDbSymbolTable
70
1
0
LAYER
5
15
330
3
100
AcDbSymbolTableRecord
100
AcDbLayerTableRecord
2
0
70
0
62
7
6
Continuous
370
0
390
0
0
ENDTAB
0
TABLE
2
STYLE
5
4
330
0
100
AcDbSymbolTable
70
1
0
STYLE
5
16
330
4
100
AcDbSymbolTableRecord
100
AcDbTextStyleTableRecord
2
Standard
70
0
40
0
41
1
50
0
71
0
42
1
3
txt
4

0
ENDTAB
0
TABLE
2
VIEW
5
5
330
0
100
AcDbSymbolTable
70
0
0
ENDTAB
0
TABLE
2
UCS
5
6
330
0
100
AcDbSymbolTable
70
0
0
ENDTAB
0
TABLE
2
APPID
5
7
330
0
100
AcDbSymbolTable
70
1
0
APPID
5
17
330
7
100
AcDbSymbolTableRecord
100
AcDbRegAppTableRecord
2
ACAD
70
0
0
ENDTAB
0
TABLE
2
DIMSTYLE
5
8
330
0
100
AcDbSymbolTable
70
1
100
AcDbDimStyleTable
0
DIMSTYLE
105
18
330
8
100
AcDbSymbolTableRecord
100
AcDbDimStyleTableRecord
2
Standard
70
0
340
16
0
ENDTAB
0
TABLE
2
BLOCK_RECORD
5
9
330
0
100
AcDbSymbolTable
70
2
0
BLOCK_RECORD
5
C
330
9
100
AcDbSymbolTableRecord
100
AcDbBlockTableRecord
2
*Model_Space
70
0
280
1
281
0
0
BLOCK_RECORD
5
F
330
9
100
AcDbSymbolTableRecord
100
AcDbBlockTableRecord
2
*Paper_Space
70
0
280
1
281
0
0
ENDTAB
0
ENDSEC
0
SECTION
2
BLOCKS
0
BLOCK
5
D
330
C
100
AcDbEntity
8
0
100
AcDbBlockBegin
2
*Model_Space
70
0
10
0
20
0
30
0
3
*Model_Space
1

0
ENDBLK
5
E
100
AcDbEntity
8
0
100
AcDbBlockEnd
0
BLOCK
5
10
330
F
100
AcDbEntity
8
0
100
AcDbBlockBegin
2
*Paper_Space
70
0
10
0
20
0
30
0
3
*Paper_Space
1

0
ENDBLK
5
11
100
AcDbEntity
8
0
100
AcDbBlockEnd
0
ENDSEC
0
SECTION
2
ENTITIES
0
LINE
5
1A
330
C
100
AcDbEntity
8
0
100
AcDbLine
10
517.196
20
6
30
0
11
517.196
21
3
31
0
0
LINE
5
1B
330
C
100
AcDbEntity
8
0
100
AcDbLine
10
517.196
20
3
30
0
11
518.411
21
3
31
0
0
LINE
5
1C
330
C
100
AcDbEntity
8
0
100
AcDbLine
10
518.411
20
3
30
0
11
518.411
21
6
31
0
0
LINE
5
1D
330
C
100
AcDbEntity
8
0
100
AcDbLine
10
518.411
20
6
30
0
11
525.309
21
6
31
0
0
LINE
5
1E
330
C
100
AcDbEntity
8
0
100
AcDbLine
10
525.309
20
6
30
0
11
525.309
21
3
31
0
0
LINE
5
1F
330
C
100
AcDbEntity
8
0
100
AcDbLine
10
525.309
20
3
30
0
11
532.205
21
3
31
0
0
LINE
5
20
330
C
100
AcDbEntity
8
0
100
AcDbLine
10
532.205
20
3
30
0
11
532.205
21
6
31
0
0
LINE
5
21
330
C
100
AcDbEntity
8
0
100
AcDbLine
10
532.205
20
6
30
0
11
539.103
21
6
31
0
0
LINE
5
22
330
C
100
AcDbEntity
8
0
100
AcDbLine
10
539.103
20
6
30
0
11
539.103
21
3
31
0
0
LINE
5
23
330
C
100
AcDbEntity
8
0
100
AcDbLine
10
539.103
20
3
30
0
11
546
21
3
31
0
0
LINE
5
24
330
C
100
AcDbEntity
8
0
100
AcDbLine
10
546
20
3
30
0
11
546
21
6
31
0
0
LINE
5
25
330
C
100
AcDbEntity
8
0
100
AcDbLine
10
546
20
6
30
0
11
552.896
21
6
31
0
0
LINE
5
26
330
C
100
AcDbEntity
8
0
100
AcDbLine
10
552.896
20
6
30
0
11
552.896
21
3
31
0
0
LINE
5
27
330
C
100
AcDbEntity
8
0
100
AcDbLine
10
552.896
20
3
30
0
11
559.794
21
3
31
0
0
LINE
5
28
330
C
100
AcDbEntity
8
0
100
AcDbLine
10
559.794
20
3
30
0
11
559.794
21
6
31
0
0
LINE
5
29
330
C
100
AcDbEntity
8
0
100
AcDbLine
10
559.794
20
6
30
0
11
566.691
21
6
31
0
0
LINE
5
2A
330
C
100
AcDbEntity
8
0
100
AcDbLine
10
566.691
20
6
30
0
11
566.691
21
3
31
0
0
LINE
5
2B
330
C
100
AcDbEntity
8
0
100
AcDbLine
10
566.691
20
3
30
0
11
573.588
21
3
31
0
0
LINE
5
2C
330
C
100
AcDbEntity
8
0
100
AcDbLine
10
573.588
20
3
30
0
11
573.588
21
6
31
0
0
LINE
5
2D
330
C
100
AcDbEntity
8
0
100
AcDbLine
10
573.588
20
6
30
0
11
580.485
21
6
31
0
0
LINE
5
2E
330
C
100
AcDbEntity
8
0
100
AcDbLine
10
580.485
20
6
30
0
11
580.485
21
3
31
0
0
LINE
5
2F
330
C
100
AcDbEntity
8
0
100
AcDbLine
10
580.485
20
3
30
0
11
587.383
21
3
31
0
0
LINE
5
30
330
C
100
AcDbEntity
8
0
100
AcDbLine
10
587.383
20
3
30
0
11
587.383
21
6
31
0
0
LINE
5
31
330
C
100
AcDbEntity
8
0
100
AcDbLine
10
587.383
20
6
30
0
11
594.279
21
6
31
0
0
LINE
5
32
330
C
100
AcDbEntity
8
0
100
AcDbLine
10
594.279
20
6
30
0
11
594.279
21
3
31
0
0
LINE
5
33
330
C
100
AcDbEntity
8
0
100
AcDbLine
10
594.279
20
3
30
0
11
601.177
21
3
31
0
0
LINE
5
34
330
C
100
AcDbEntity
8
0
100
AcDbLine
10
601.177
20
3
30
0
11
601.177
21
6
31
0
0
LINE
5
35
330
C
100
AcDbEntity
8
0
100
AcDbLine
10
601.177
20
6
30
0
11
608.073
21
6
31
0
0
LINE
5
36
330
C
100
AcDbEntity
8
0
100
AcDbLine
10
608.073
20
6
30
0
11
608.073
21
3
31
0
0
LINE
5
37
330
C
100
AcDbEntity
8
0
100
AcDbLine
10
608.073
20
3
30
0
11
614.971
21
3
31
0
0
LINE
5
38
330
C
100
AcDbEntity
8
0
100
AcDbLine
10
614.971
20
3
30
0
11
614.971
21
6
31
0
0
LINE
5
39
330
C
100
AcDbEntity
8
0
100
AcDbLine
10
614.971
20
6
30
0
11
621.868
21
6
31
0
0
LINE
5
3A
330
C
100
AcDbEntity
8
0
100
AcDbLine
10
621.868
20
6
30
0
11
621.868
21
3
31
0
0
LINE
5
3B
330
C
100
AcDbEntity
8
0
100
AcDbLine
10
621.868
20
3
30
0
11
628.765
21
3
31
0
0
LINE
5
3C
330
C
100
AcDbEntity
8
0
100
AcDbLine
10
628.765
20
3
30
0
11
628.765
21
6
31
0
0
LINE
5
3D
330
C
100
AcDbEntity
8
0
100
AcDbLine
10
628.765
20
6
30
0
11
635.662
21
6
31
0
0
LINE
5
3E
330
C
100
AcDbEntity
8
0
100
AcDbLine
10
635.662
20
6
30
0
11
635.662
21
3
31
0
0
LINE
5
3F
330
C
100
AcDbEntity
8
0
100
AcDbLine
10
635.662
20
3
30
0
11
642.56
21
3
31
0
0
LINE
5
40
330
C
100
AcDbEntity
8
0
100
AcDbLine
10
642.56
20
3
30
0
11
642.56
21
6
31
0
0
LINE
5
41
330
C
100
AcDbEntity
8
0
100
AcDbLine
10
642.56
20
6
30
0
11
649.456
21
6
31
0
0
LINE
5
42
330
C
100
AcDbEntity
8
0
100
AcDbLine
10
649.456
20
6
30
0
11
649.456
21
3
31
0
0
LINE
5
43
330
C
100
AcDbEntity
8
0
100
AcDbLine
10
649.456
20
3
30
0
11
656.354
21
3
31
0
0
LINE
5
44
330
C
100
AcDbEntity
8
0
100
AcDbLine
10
656.354
20
3
30
0
11
656.354
21
6
31
0
0
LINE
5
45
330
C
100
AcDbEntity
8
0
100
AcDbLine
10
656.354
20
6
30
0
11
663.251
21
6
31
0
0
LINE
5
46
330
C
100
AcDbEntity
8
0
100
AcDbLine
10
663.251
20
6
30
0
11
663.251
21
3
31
0
0
LINE
5
47
330
C
100
AcDbEntity
8
0
100
AcDbLine
10
663.251
20
3
30
0
11
670.147
21
3
31
0
0
LINE
5
48
330
C
100
AcDbEntity
8
0
100
AcDbLine
10
670.147
20
3
30
0
11
670.147
21
6
31
0
0
LINE
5
49
330
C
100
AcDbEntity
8
0
100
AcDbLine
10
670.147
20
6
30
0
11
677.045
21
6
31
0
0
LINE
5
4A
330
C
100
AcDbEntity
8
0
100
AcDbLine
10
677.045
20
6
30
0
11
677.045
21
3
31
0
0
LINE
5
4B
330
C
100
AcDbEntity
8
0
100
AcDbLine
10
677.045
20
3
30
0
11
683.942
21
3
31
0
0
LINE
5
4C
330
C
100
AcDbEntity
8
0
100
AcDbLine
10
683.942
20
3
30
0
11
683.942
21
6
31
0
0
LINE
5
4D
330
C
100
AcDbEntity
8
0
100
AcDbLine
10
683.942
20
6
30
0
11
690.839
21
6
31
0
0
LINE
5
4E
330
C
100
AcDbEntity
8
0
100
AcDbLine
10
690.839
20
6
30
0
11
690.839
21
3
31
0
0
LINE
5
4F
330
C
100
AcDbEntity
8
0
100
AcDbLine
10
690.839
20
3
30
0
11
697.736
21
3
31
0
0
LINE
5
50
330
C
100
AcDbEntity
8
0
100
AcDbLine
10
697.736
20
3
30
0
11
697.736
21
6
31
0
0
LINE
5
51
330
C
100
AcDbEntity
8
0
100
AcDbLine
10
697.736
20
6
30
0
11
704.634
21
6
31
0
0
LINE
5
52
330
C
100
AcDbEntity
8
0
100
AcDbLine
10
704.634
20
6
30
0
11
704.634
21
3
31
0
0
LINE
5
53
330
C
100
AcDbEntity
8
0
100
AcDbLine
10
704.634
20
3
30
0
11
711.53
21
3
31
0
0
LINE
5
54
330
C
100
AcDbEntity
8
0
100
AcDbLine
10
711.53
20
3
30
0
11
711.53
21
6
31
0
0
LINE
5
55
330
C
100
AcDbEntity
8
0
100
AcDbLine
10
711.53
20
6
30
0
11
718.428
21
6
31
0
0
LINE
5
56
330
C
100
AcDbEntity
8
0
100
AcDbLine
10
718.428
20
6
30
0
11
718.428
21
3
31
0
0
LINE
5
57
330
C
100
AcDbEntity
8
0
100
AcDbLine
10
718.428
20
3
30
0
11
725.324
21
3
31
0
0
LINE
5
58
330
C
100
AcDbEntity
8
0
100
AcDbLine
10
725.324
20
3
30
0
11
725.324
21
6
31
0
0
LINE
5
59
330
C
100
AcDbEntity
8
0
100
AcDbLine
10
725.324
20
6
30
0
11
732.222
21
6
31
0
0
LINE
5
5A
330
C
100
AcDbEntity
8
0
100
AcDbLine
10
732.222
20
6
30
0
11
732.222
21
3
31
0
0
LINE
5
5B
330
C
100
AcDbEntity
8
0
100
AcDbLine
10
732.222
20
3
30
0
11
739.119
21
3
31
0
0
LINE
5
5C
330
C
100
AcDbEntity
8
0
100
AcDbLine
10
739.119
20
3
30
0
11
739.119
21
6
31
0
0
LINE
5
5D
330
C
100
AcDbEntity
8
0
100
AcDbLine
10
739.119
20
6
30
0
11
746.016
21
6
31
0
0
LINE
5
5E
330
C
100
AcDbEntity
8
0
100
AcDbLine
10
746.016
20
6
30
0
11
746.016
21
3
31
0
0
LINE
5
5F
330
C
100
AcDbEntity
8
0
100
AcDbLine
10
746.016
20
3
30
0
11
752.913
21
3
31
0
0
LINE
5
60
330
C
100
AcDbEntity
8
0
100
AcDbLine
10
752.913
20
3
30
0
11
752.913
21
6
31
0
0
LINE
5
61
330
C
100
AcDbEntity
8
0
100
AcDbLine
10
752.913
20
6
30
0
11
759.811
21
6
31
0
0
LINE
5
62
330
C
100
AcDbEntity
8
0
100
AcDbLine
10
759.811
20
6
30
0
11
759.811
21
3
31
0
0
LINE
5
63
330
C
100
AcDbEntity
8
0
100
AcDbLine
10
759.811
20
3
30
0
11
766.707
21
3
31
0
0
LINE
5
64
330
C
100
AcDbEntity
8
0
100
AcDbLine
10
766.707
20
3
30
0
11
766.707
21
6
31
0
0
LINE
5
65
330
C
100
AcDbEntity
8
0
100
AcDbLine
10
766.707
20
6
30
0
11
773.604
21
6
31
0
0
LINE
5
66
330
C
100
AcDbEntity
8
0
100
AcDbLine
10
773.604
20
6
30
0
11
773.604
21
3
31
0
0
LINE
5
67
330
C
100
AcDbEntity
8
0
100
AcDbLine
10
773.604
20
3
30
0
11
780.502
21
3
31
0
0
LINE
5
68
330
C
100
AcDbEntity
8
0
100
AcDbLine
10
780.502
20
3
30
0
11
780.502
21
6
31
0
0
LINE
5
69
330
C
100
AcDbEntity
8
0
100
AcDbLine
10
780.502
20
6
30
0
11
787.398
21
6
31
0
0
LINE
5
6A
330
C
100
AcDbEntity
8
0
100
AcDbLine
10
787.398
20
6
30
0
11
787.398
21
3
31
0
0
LINE
5
6B
330
C
100
AcDbEntity
8
0
100
AcDbLine
10
787.398
20
3
30
0
11
794.296
21
3
31
0
0
LINE
5
6C
330
C
100
AcDbEntity
8
0
100
AcDbLine
10
794.296
20
3
30
0
11
794.296
21
6
31
0
0
LINE
5
6D
330
C
100
AcDbEntity
8
0
100
AcDbLine
10
794.296
20
6
30
0
11
801.192
21
6
31
0
0
LINE
5
6E
330
C
100
AcDbEntity
8
0
100
AcDbLine
10
801.192
20
6
30
0
11
801.192
21
3
31
0
0
LINE
5
6F
330
C
100
AcDbEntity
8
0
100
AcDbLine
10
801.192
20
3
30
0
11
802.407
21
3
31
0
0
LINE
5
70
330
C
100
AcDbEntity
8
0
100
AcDbLine
10
802.407
20
3
30
0
11
802.407
21
6
31
0
0
LINE
5
71
330
C
100
AcDbEntity
8
0
100
AcDbLine
10
802.407
20
6
30
0
11
802.407
21
8.154
31
0
0
LINE
5
72
330
C
100
AcDbEntity
8
0
100
AcDbLine
10
802.407
20
8.154
30
0
11
807.604
21
8.154
31
0
0
LINE
5
73
330
C
100
AcDbEntity
8
0
100
AcDbLine
10
807.604
20
8.154
30
0
11
807.604
21
15.051
31
0
0
LINE
5
74
330
C
100
AcDbEntity
8
0
100
AcDbLine
10
807.604
20
15.051
30
0
11
802.407
21
15.051
31
0
0
LINE
5
75
330
C
100
AcDbEntity
8
0
100
AcDbLine
10
802.407
20
15.051
30
0
11
802.407
21
21.948
31
0
0
LINE
5
76
330
C
100
AcDbEntity
8
0
100
AcDbLine
10
802.407
20
21.948
30
0
11
807.604
21
21.948
31
0
0
LINE
5
77
330
C
100
AcDbEntity
8
0
100
AcDbLine
10
807.604
20
21.948
30
0
11
807.604
21
28.846
31
0
0
LINE
5
78
330
C
100
AcDbEntity
8
0
100
AcDbLine
10
807.604
20
28.846
30
0
11
802.407
21
28.846
31
0
0
LINE
5
79
330
C
100
AcDbEntity
8
0
100
AcDbLine
10
802.407
20
28.846
30
0
11
802.407
21
31
31
0
0
LINE
5
7A
330
C
100
AcDbEntity
8
0
100
AcDbLine
10
802.407
20
31
30
0
11
517.196
21
31
31
0
0
LINE
5
7B
330
C
100
AcDbEntity
8
0
100
AcDbLine
10
517.196
20
31
30
0
11
512
21
31
31
0
0
LINE
5
7C
330
C
100
AcDbEntity
8
0
100
AcDbLine
10
512
20
31
30
0
11
512
21
28.846
31
0
0
LINE
5
7D
330
C
100
AcDbEntity
8
0
100
AcDbLine
10
512
20
28.846
30
0
11
517.196
21
28.846
31
0
0
LINE
5
7E
330
C
100
AcDbEntity
8
0
100
AcDbLine
10
517.196
20
28.846
30
0
11
517.196
21
21.949
31
0
0
LINE
5
7F
330
C
100
AcDbEntity
8
0
100
AcDbLine
10
517.196
20
21.949
30
0
11
512
21
21.949
31
0
0
LINE
5
80
330
C
100
AcDbEntity
8
0
100
AcDbLine
10
512
20
21.949
30
0
11
512
21
15.052
31
0
0
LINE
5
81
330
C
100
AcDbEntity
8
0
100
AcDbLine
10
512
20
15.052
30
0
11
517.196
21
15.052
31
0
0
LINE
5
82
330
C
100
AcDbEntity
8
0
100
AcDbLine
10
517.196
20
15.052
30
0
11
517.196
21
8.154
31
0
0
LINE
5
83
330
C
100
AcDbEntity
8
0
100
AcDbLine
10
517.196
20
8.154
30
0
11
512
21
8.154
31
0
0
LINE
5
84
330
C
100
AcDbEntity
8
0
100
AcDbLine
10
512
20
8.154
30
0
11
512
21
6
31
0
0
LINE
5
85
330
C
100
AcDbEntity
8
0
100
AcDbLine
10
512
20
6
30
0
11
517.196
21
6
31
0
0
LINE
5
86
330
C
100
AcDbEntity
8
0
100
AcDbLine
10
647.814
20
14.222
30
0
11
647.814
21
14.222
31
0
0
LINE
5
87
330
C
100
AcDbEntity
8
0
100
AcDbLine
10
647.814
20
14.222
30
0
11
647.664
21
14.225
31
0
0
LINE
5
88
330
C
100
AcDbEntity
8
0
100
AcDbLine
10
647.664
20
14.225
30
0
11
647.516
21
14.233
31
0
0
LINE
5
89
330
C
100
AcDbEntity
8
0
100
AcDbLine
10
647.516
20
14.233
30
0
11
647.371
21
14.247
31
0
0
LINE
5
8A
330
C
100
AcDbEntity
8
0
100
AcDbLine
10
647.371
20
14.247
30
0
11
647.229
21
14.266
31
0
0
LINE
5
8B
330
C
100
AcDbEntity
8
0
100
AcDbLine
10
647.229
20
14.266
30
0
11
647.089
21
14.29
31
0
0
LINE
5
8C
330
C
100
AcDbEntity
8
0
100
AcDbLine
10
647.089
20
14.29
30
0
11
646.952
21
14.32
31
0
0
LINE
5
8D
330
C
100
AcDbEntity
8
0
100
AcDbLine
10
646.952
20
14.32
30
0
11
646.817
21
14.356
31
0
0
LINE
5
8E
330
C
100
AcDbEntity
8
0
100
AcDbLine
10
646.817
20
14.356
30
0
11
646.685
21
14.397
31
0
0
LINE
5
8F
330
C
100
AcDbEntity
8
0
100
AcDbLine
10
646.685
20
14.397
30
0
11
646.555
21
14.443
31
0
0
LINE
5
90
330
C
100
AcDbEntity
8
0
100
AcDbLine
10
646.555
20
14.443
30
0
11
646.428
21
14.495
31
0
0
LINE
5
91
330
C
100
AcDbEntity
8
0
100
AcDbLine
10
646.428
20
14.495
30
0
11
646.304
21
14.552
31
0
0
LINE
5
92
330
C
100
AcDbEntity
8
0
100
AcDbLine
10
646.304
20
14.552
30
0
11
646.186
21
14.615
31
0
0
LINE
5
93
330
C
100
AcDbEntity
8
0
100
AcDbLine
10
646.186
20
14.615
30
0
11
646.072
21
14.682
31
0
0
LINE
5
94
330
C
100
AcDbEntity
8
0
100
AcDbLine
10
646.072
20
14.682
30
0
11
645.963
21
14.755
31
0
0
LINE
5
95
330
C
100
AcDbEntity
8
0
100
AcDbLine
10
645.963
20
14.755
30
0
11
645.859
21
14.833
31
0
0
LINE
5
96
330
C
100
AcDbEntity
8
0
100
AcDbLine
10
645.859
20
14.833
30
0
11
645.76
21
14.917
31
0
0
LINE
5
97
330
C
100
AcDbEntity
8
0
100
AcDbLine
10
645.76
20
14.917
30
0
11
645.666
21
15.005
31
0
0
LINE
5
98
330
C
100
AcDbEntity
8
0
100
AcDbLine
10
645.666
20
15.005
30
0
11
645.577
21
15.099
31
0
0
LINE
5
99
330
C
100
AcDbEntity
8
0
100
AcDbLine
10
645.577
20
15.099
30
0
11
645.493
21
15.198
31
0
0
LINE
5
9A
330
C
100
AcDbEntity
8
0
100
AcDbLine
10
645.493
20
15.198
30
0
11
645.414
21
15.302
31
0
0
LINE
5
9B
330
C
100
AcDbEntity
8
0
100
AcDbLine
10
645.414
20
15.302
30
0
11
645.341
21
15.411
31
0
0
LINE
5
9C
330
C
100
AcDbEntity
8
0
100
AcDbLine
10
645.341
20
15.411
30
0
11
645.275
21
15.526
31
0
0
LINE
5
9D
330
C
100
AcDbEntity
8
0
100
AcDbLine
10
645.275
20
15.526
30
0
11
645.217
21
15.645
31
0
0
LINE
5
9E
330
C
100
AcDbEntity
8
0
100
AcDbLine
10
645.217
20
15.645
30
0
11
645.166
21
15.77
31
0
0
LINE
5
9F
330
C
100
AcDbEntity
8
0
100
AcDbLine
10
645.166
20
15.77
30
0
11
645.123
21
15.899
31
0
0
LINE
5
A0
330
C
100
AcDbEntity
8
0
100
AcDbLine
10
645.123
20
15.899
30
0
11
645.087
21
16.034
31
0
0
LINE
5
A1
330
C
100
AcDbEntity
8
0
100
AcDbLine
10
645.087
20
16.034
30
0
11
645.058
21
16.173
31
0
0
LINE
5
A2
330
C
100
AcDbEntity
8
0
100
AcDbLine
10
645.058
20
16.173
30
0
11
645.037
21
16.318
31
0
0
LINE
5
A3
330
C
100
AcDbEntity
8
0
100
AcDbLine
10
645.037
20
16.318
30
0
11
645.024
21
16.467
31
0
0
LINE
5
A4
330
C
100
AcDbEntity
8
0
100
AcDbLine
10
645.024
20
16.467
30
0
11
645.018
21
16.622
31
0
0
LINE
5
A5
330
C
100
AcDbEntity
8
0
100
AcDbLine
10
645.018
20
16.622
30
0
11
645.018
21
16.622
31
0
0
LINE
5
A6
330
C
100
AcDbEntity
8
0
100
AcDbLine
10
645.018
20
16.622
30
0
11
645.93
21
16.622
31
0
0
LINE
5
A7
330
C
100
AcDbEntity
8
0
100
AcDbLine
10
645.93
20
16.622
30
0
11
645.932
21
16.518
31
0
0
LINE
5
A8
330
C
100
AcDbEntity
8
0
100
AcDbLine
10
645.932
20
16.518
30
0
11
645.94
21
16.418
31
0
0
LINE
5
A9
330
C
100
AcDbEntity
8
0
100
AcDbLine
10
645.94
20
16.418
30
0
11
645.953
21
16.322
31
0
0
LINE
5
AA
330
C
100
AcDbEntity
8
0
100
AcDbLine
10
645.953
20
16.322
30
0
11
645.971
21
16.23
31
0
0
LINE
5
AB
330
C
100
AcDbEntity
8
0
100
AcDbLine
10
645.971
20
16.23
30
0
11
645.994
21
16.141
31
0
0
LINE
5
AC
330
C
100
AcDbEntity
8
0
100
AcDbLine
10
645.994
20
16.141
30
0
11
646.023
21
16.056
31
0
0
LINE
5
AD
330
C
100
AcDbEntity
8
0
100
AcDbLine
10
646.023
20
16.056
30
0
11
646.056
21
15.975
31
0
0
LINE
5
AE
330
C
100
AcDbEntity
8
0
100
AcDbLine
10
646.056
20
15.975
30
0
11
646.095
21
15.898
31
0
0
LINE
5
AF
330
C
100
AcDbEntity
8
0
100
AcDbLine
10
646.095
20
15.898
30
0
11
646.139
21
15.825
31
0
0
LINE
5
B0
330
C
100
AcDbEntity
8
0
100
AcDbLine
10
646.139
20
15.825
30
0
11
646.188
21
15.755
31
0
0
LINE
5
B1
330
C
100
AcDbEntity
8
0
100
AcDbLine
10
646.188
20
15.755
30
0
11
646.241
21
15.689
31
0
0
LINE
5
B2
330
C
100
AcDbEntity
8
0
100
AcDbLine
10
646.241
20
15.689
30
0
11
646.298
21
15.626
31
0
0
LINE
5
B3
330
C
100
AcDbEntity
8
0
100
AcDbLine
10
646.298
20
15.626
30
0
11
646.358
21
15.567
31
0
0
LINE
5
B4
330
C
100
AcDbEntity
8
0
100
AcDbLine
10
646.358
20
15.567
30
0
11
646.421
21
15.512
31
0
0
LINE
5
B5
330
C
100
AcDbEntity
8
0
100
AcDbLine
10
646.421
20
15.512
30
0
11
646.488
21
15.46
31
0
0
LINE
5
B6
330
C
100
AcDbEntity
8
0
100
AcDbLine
10
646.488
20
15.46
30
0
11
646.558
21
15.411
31
0
0
LINE
5
B7
330
C
100
AcDbEntity
8
0
100
AcDbLine
10
646.558
20
15.411
30
0
11
646.631
21
15.366
31
0
0
LINE
5
B8
330
C
100
AcDbEntity
8
0
100
AcDbLine
10
646.631
20
15.366
30
0
11
646.708
21
15.324
31
0
0
LINE
5
B9
330
C
100
AcDbEntity
8
0
100
AcDbLine
10
646.708
20
15.324
30
0
11
646.788
21
15.286
31
0
0
LINE
5
BA
330
C
100
AcDbEntity
8
0
100
AcDbLine
10
646.788
20
15.286
30
0
11
646.872
21
15.251
31
0
0
LINE
5
BB
330
C
100
AcDbEntity
8
0
100
AcDbLine
10
646.872
20
15.251
30
0
11
646.958
21
15.22
31
0
0
LINE
5
BC
330
C
100
AcDbEntity
8
0
100
AcDbLine
10
646.958
20
15.22
30
0
11
647.045
21
15.192
31
0
0
LINE
5
BD
330
C
100
AcDbEntity
8
0
100
AcDbLine
10
647.045
20
15.192
30
0
11
647.134
21
15.167
31
0
0
LINE
5
BE
330
C
100
AcDbEntity
8
0
100
AcDbLine
10
647.134
20
15.167
30
0
11
647.225
21
15.145
31
0
0
LINE
5
BF
330
C
100
AcDbEntity
8
0
100
AcDbLine
10
647.225
20
15.145
30
0
11
647.317
21
15.127
31
0
0
LINE
5
C0
330
C
100
AcDbEntity
8
0
100
AcDbLine
10
647.317
20
15.127
30
0
11
647.411
21
15.112
31
0
0
LINE
5
C1
330
C
100
AcDbEntity
8
0
100
AcDbLine
10
647.411
20
15.112
30
0
11
647.506
21
15.101
31
0
0
LINE
5
C2
330
C
100
AcDbEntity
8
0
100
AcDbLine
10
647.506
20
15.101
30
0
11
647.603
21
15.093
31
0
0
LINE
5
C3
330
C
100
AcDbEntity
8
0
100
AcDbLine
10
647.603
20
15.093
30
0
11
647.702
21
15.088
31
0
0
LINE
5
C4
330
C
100
AcDbEntity
8
0
100
AcDbLine
10
647.702
20
15.088
30
0
11
647.802
21
15.086
31
0
0
LINE
5
C5
330
C
100
AcDbEntity
8
0
100
AcDbLine
10
647.802
20
15.086
30
0
11
647.802
21
15.086
31
0
0
LINE
5
C6
330
C
100
AcDbEntity
8
0
100
AcDbLine
10
647.802
20
15.086
30
0
11
647.91
21
15.088
31
0
0
LINE
5
C7
330
C
100
AcDbEntity
8
0
100
AcDbLine
10
647.91
20
15.088
30
0
11
648.014
21
15.093
31
0
0
LINE
5
C8
330
C
100
AcDbEntity
8
0
100
AcDbLine
10
648.014
20
15.093
30
0
11
648.116
21
15.102
31
0
0
LINE
5
C9
330
C
100
AcDbEntity
8
0
100
AcDbLine
10
648.116
20
15.102
30
0
11
648.216
21
15.114
31
0
0
LINE
5
CA
330
C
100
AcDbEntity
8
0
100
AcDbLine
10
648.216
20
15.114
30
0
11
648.312
21
15.13
31
0
0
LINE
5
CB
330
C
100
AcDbEntity
8
0
100
AcDbLine
10
648.312
20
15.13
30
0
11
648.405
21
15.149
31
0
0
LINE
5
CC
330
C
100
AcDbEntity
8
0
100
AcDbLine
10
648.405
20
15.149
30
0
11
648.496
21
15.171
31
0
0
LINE
5
CD
330
C
100
AcDbEntity
8
0
100
AcDbLine
10
648.496
20
15.171
30
0
11
648.583
21
15.197
31
0
0
LINE
5
CE
330
C
100
AcDbEntity
8
0
100
AcDbLine
10
648.583
20
15.197
30
0
11
648.668
21
15.227
31
0
0
LINE
5
CF
330
C
100
AcDbEntity
8
0
100
AcDbLine
10
648.668
20
15.227
30
0
11
648.75
21
15.26
31
0
0
LINE
5
D0
330
C
100
AcDbEntity
8
0
100
AcDbLine
10
648.75
20
15.26
30
0
11
648.828
21
15.296
31
0
0
LINE
5
D1
330
C
100
AcDbEntity
8
0
100
AcDbLine
10
648.828
20
15.296
30
0
11
648.903
21
15.334
31
0
0
LINE
5
D2
330
C
100
AcDbEntity
8
0
100
AcDbLine
10
648.903
20
15.334
30
0
11
648.974
21
15.374
31
0
0
LINE
5
D3
330
C
100
AcDbEntity
8
0
100
AcDbLine
10
648.974
20
15.374
30
0
11
649.042
21
15.417
31
0
0
LINE
5
D4
330
C
100
AcDbEntity
8
0
100
AcDbLine
10
649.042
20
15.417
30
0
11
649.106
21
15.462
31
0
0
LINE
5
D5
330
C
100
AcDbEntity
8
0
100
AcDbLine
10
649.106
20
15.462
30
0
11
649.166
21
15.509
31
0
0
LINE
5
D6
330
C
100
AcDbEntity
8
0
100
AcDbLine
10
649.166
20
15.509
30
0
11
649.223
21
15.558
31
0
0
LINE
5
D7
330
C
100
AcDbEntity
8
0
100
AcDbLine
10
649.223
20
15.558
30
0
11
649.276
21
15.609
31
0
0
LINE
5
D8
330
C
100
AcDbEntity
8
0
100
AcDbLine
10
649.276
20
15.609
30
0
11
649.325
21
15.663
31
0
0
LINE
5
D9
330
C
100
AcDbEntity
8
0
100
AcDbLine
10
649.325
20
15.663
30
0
11
649.371
21
15.719
31
0
0
LINE
5
DA
330
C
100
AcDbEntity
8
0
100
AcDbLine
10
649.371
20
15.719
30
0
11
649.412
21
15.777
31
0
0
LINE
5
DB
330
C
100
AcDbEntity
8
0
100
AcDbLine
10
649.412
20
15.777
30
0
11
649.45
21
15.835
31
0
0
LINE
5
DC
330
C
100
AcDbEntity
8
0
100
AcDbLine
10
649.45
20
15.835
30
0
11
649.482
21
15.895
31
0
0
LINE
5
DD
330
C
100
AcDbEntity
8
0
100
AcDbLine
10
649.482
20
15.895
30
0
11
649.511
21
15.956
31
0
0
LINE
5
DE
330
C
100
AcDbEntity
8
0
100
AcDbLine
10
649.511
20
15.956
30
0
11
649.535
21
16.018
31
0
0
LINE
5
DF
330
C
100
AcDbEntity
8
0
100
AcDbLine
10
649.535
20
16.018
30
0
11
649.555
21
16.082
31
0
0
LINE
5
E0
330
C
100
AcDbEntity
8
0
100
AcDbLine
10
649.555
20
16.082
30
0
11
649.57
21
16.146
31
0
0
LINE
5
E1
330
C
100
AcDbEntity
8
0
100
AcDbLine
10
649.57
20
16.146
30
0
11
649.581
21
16.211
31
0
0
LINE
5
E2
330
C
100
AcDbEntity
8
0
100
AcDbLine
10
649.581
20
16.211
30
0
11
649.588
21
16.278
31
0
0
LINE
5
E3
330
C
100
AcDbEntity
8
0
100
AcDbLine
10
649.588
20
16.278
30
0
11
649.59
21
16.346
31
0
0
LINE
5
E4
330
C
100
AcDbEntity
8
0
100
AcDbLine
10
649.59
20
16.346
30
0
11
649.59
21
16.346
31
0
0
LINE
5
E5
330
C
100
AcDbEntity
8
0
100
AcDbLine
10
649.59
20
16.346
30
0
11
649.587
21
16.44
31
0
0
LINE
5
E6
330
C
100
AcDbEntity
8
0
100
AcDbLine
10
649.587
20
16.44
30
0
11
649.578
21
16.531
31
0
0
LINE
5
E7
330
C
100
AcDbEntity
8
0
100
AcDbLine
10
649.578
20
16.531
30
0
11
649.563
21
16.618
31
0
0
LINE
5
E8
330
C
100
AcDbEntity
8
0
100
AcDbLine
10
649.563
20
16.618
30
0
11
649.543
21
16.701
31
0
0
LINE
5
E9
330
C
100
AcDbEntity
8
0
100
AcDbLine
10
649.543
20
16.701
30
0
11
649.516
21
16.78
31
0
0
LINE
5
EA
330
C
100
AcDbEntity
8
0
100
AcDbLine
10
649.516
20
16.78
30
0
11
649.484
21
16.856
31
0
0
LINE
5
EB
330
C
100
AcDbEntity
8
0
100
AcDbLine
10
649.484
20
16.856
30
0
11
649.446
21
16.928
31
0
0
LINE
5
EC
330
C
100
AcDbEntity
8
0
100
AcDbLine
10
649.446
20
16.928
30
0
11
649.402
21
16.997
31
0
0
LINE
5
ED
330
C
100
AcDbEntity
8
0
100
AcDbLine
10
649.402
20
16.997
30
0
11
649.352
21
17.062
31
0
0
LINE
5
EE
330
C
100
AcDbEntity
8
0
100
AcDbLine
10
649.352
20
17.062
30
0
11
649.296
21
17.123
31
0
0
LINE
5
EF
330
C
100
AcDbEntity
8
0
100
AcDbLine
10
649.296
20
17.123
30
0
11
649.234
21
17.181
31
0
0
LINE
5
F0
330
C
100
AcDbEntity
8
0
100
AcDbLine
10
649.234
20
17.181
30
0
11
649.167
21
17.237
31
0
0
LINE
5
F1
330
C
100
AcDbEntity
8
0
100
AcDbLine
10
649.167
20
17.237
30
0
11
649.094
21
17.291
31
0
0
LINE
5
F2
330
C
100
AcDbEntity
8
0
100
AcDbLine
10
649.094
20
17.291
30
0
11
649.015
21
17.343
31
0
0
LINE
5
F3
330
C
100
AcDbEntity
8
0
100
AcDbLine
10
649.015
20
17.343
30
0
11
648.931
21
17.392
31
0
0
LINE
5
F4
330
C
100
AcDbEntity
8
0
100
AcDbLine
10
648.931
20
17.392
30
0
11
648.841
21
17.439
31
0
0
LINE
5
F5
330
C
100
AcDbEntity
8
0
100
AcDbLine
10
648.841
20
17.439
30
0
11
648.746
21
17.484
31
0
0
LINE
5
F6
330
C
100
AcDbEntity
8
0
100
AcDbLine
10
648.746
20
17.484
30
0
11
648.645
21
17.527
31
0
0
LINE
5
F7
330
C
100
AcDbEntity
8
0
100
AcDbLine
10
648.645
20
17.527
30
0
11
648.538
21
17.568
31
0
0
LINE
5
F8
330
C
100
AcDbEntity
8
0
100
AcDbLine
10
648.538
20
17.568
30
0
11
648.426
21
17.606
31
0
0
LINE
5
F9
330
C
100
AcDbEntity
8
0
100
AcDbLine
10
648.426
20
17.606
30
0
11
648.426
21
17.606
31
0
0
LINE
5
FA
330
C
100
AcDbEntity
8
0
100
AcDbLine
10
648.426
20
17.606
30
0
11
647.094
21
18.074
31
0
0
LINE
5
FB
330
C
100
AcDbEntity
8
0
100
AcDbLine
10
647.094
20
18.074
30
0
11
646.911
21
18.142
31
0
0
LINE
5
FC
330
C
100
AcDbEntity
8
0
100
AcDbLine
10
646.911
20
18.142
30
0
11
646.738
21
18.212
31
0
0
LINE
5
FD
330
C
100
AcDbEntity
8
0
100
AcDbLine
10
646.738
20
18.212
30
0
11
646.573
21
18.284
31
0
0
LINE
5
FE
330
C
100
AcDbEntity
8
0
100
AcDbLine
10
646.573
20
18.284
30
0
11
646.418
21
18.358
31
0
0
LINE
5
FF
330
C
100
AcDbEntity
8
0
100
AcDbLine
10
646.418
20
18.358
30
0
11
646.272
21
18.434
31
0
0
LINE
5
100
330
C
100
AcDbEntity
8
0
100
AcDbLine
10
646.272
20
18.434
30
0
11
646.135
21
18.512
31
0
0
LINE
5
101
330
C
100
AcDbEntity
8
0
100
AcDbLine
10
646.135
20
18.512
30
0
11
646.007
21
18.591
31
0
0
LINE
5
102
330
C
100
AcDbEntity
8
0
100
AcDbLine
10
646.007
20
18.591
30
0
11
645.888
21
18.673
31
0
0
LINE
5
103
330
C
100
AcDbEntity
8
0
100
AcDbLine
10
645.888
20
18.673
30
0
11
645.778
21
18.757
31
0
0
LINE
5
104
330
C
100
AcDbEntity
8
0
100
AcDbLine
10
645.778
20
18.757
30
0
11
645.678
21
18.842
31
0
0
LINE
5
105
330
C
100
AcDbEntity
8
0
100
AcDbLine
10
645.678
20
18.842
30
0
11
645.587
21
18.932
31
0
0
LINE
5
106
330
C
100
AcDbEntity
8
0
100
AcDbLine
10
645.587
20
18.932
30
0
11
645.505
21
19.029
31
0
0
LINE
5
107
330
C
100
AcDbEntity
8
0
100
AcDbLine
10
645.505
20
19.029
30
0
11
645.433
21
19.133
31
0
0
LINE
5
108
330
C
100
AcDbEntity
8
0
100
AcDbLine
10
645.433
20
19.133
30
0
11
645.371
21
19.243
31
0
0
LINE
5
109
330
C
100
AcDbEntity
8
0
100
AcDbLine
10
645.371
20
19.243
30
0
11
645.318
21
19.361
31
0
0
LINE
5
10A
330
C
100
AcDbEntity
8
0
100
AcDbLine
10
645.318
20
19.361
30
0
11
645.275
21
19.486
31
0
0
LINE
5
10B
330
C
100
AcDbEntity
8
0
100
AcDbLine
10
645.275
20
19.486
30
0
11
645.241
21
19.617
31
0
0
LINE
5
10C
330
C
100
AcDbEntity
8
0
100
AcDbLine
10
645.241
20
19.617
30
0
11
645.217
21
19.756
31
0
0
LINE
5
10D
330
C
100
AcDbEntity
8
0
100
AcDbLine
10
645.217
20
19.756
30
0
11
645.203
21
19.901
31
0
0
LINE
5
10E
330
C
100
AcDbEntity
8
0
100
AcDbLine
10
645.203
20
19.901
30
0
11
645.198
21
20.054
31
0
0
LINE
5
10F
330
C
100
AcDbEntity
8
0
100
AcDbLine
10
645.198
20
20.054
30
0
11
645.198
21
20.054
31
0
0
LINE
5
110
330
C
100
AcDbEntity
8
0
100
AcDbLine
10
645.198
20
20.054
30
0
11
645.205
21
20.226
31
0
0
LINE
5
111
330
C
100
AcDbEntity
8
0
100
AcDbLine
10
645.205
20
20.226
30
0
11
645.225
21
20.391
31
0
0
LINE
5
112
330
C
100
AcDbEntity
8
0
100
AcDbLine
10
645.225
20
20.391
30
0
11
645.259
21
20.55
31
0
0
LINE
5
113
330
C
100
AcDbEntity
8
0
100
AcDbLine
10
645.259
20
20.55
30
0
11
645.306
21
20.703
31
0
0
LINE
5
114
330
C
100
AcDbEntity
8
0
100
AcDbLine
10
645.306
20
20.703
30
0
11
645.367
21
20.849
31
0
0
LINE
5
115
330
C
100
AcDbEntity
8
0
100
AcDbLine
10
645.367
20
20.849
30
0
11
645.441
21
20.989
31
0
0
LINE
5
116
330
C
100
AcDbEntity
8
0
100
AcDbLine
10
645.441
20
20.989
30
0
11
645.529
21
21.122
31
0
0
LINE
5
117
330
C
100
AcDbEntity
8
0
100
AcDbLine
10
645.529
20
21.122
30
0
11
645.63
21
21.248
31
0
0
LINE
5
118
330
C
100
AcDbEntity
8
0
100
AcDbLine
10
645.63
20
21.248
30
0
11
645.745
21
21.368
31
0
0
LINE
5
119
330
C
100
AcDbEntity
8
0
100
AcDbLine
10
645.745
20
21.368
30
0
11
645.873
21
21.482
31
0
0
LINE
5
11A
330
C
100
AcDbEntity
8
0
100
AcDbLine
10
645.873
20
21.482
30
0
11
646.013
21
21.587
31
0
0
LINE
5
11B
330
C
100
AcDbEntity
8
0
100
AcDbLine
10
646.013
20
21.587
30
0
11
646.165
21
21.681
31
0
0
LINE
5
11C
330
C
100
AcDbEntity
8
0
100
AcDbLine
10
646.165
20
21.681
30
0
11
646.329
21
21.764
31
0
0
LINE
5
11D
330
C
100
AcDbEntity
8
0
100
AcDbLine
10
646.329
20
21.764
30
0
11
646.503
21
21.835
31
0
0
LINE
5
11E
330
C
100
AcDbEntity
8
0
100
AcDbLine
10
646.503
20
21.835
30
0
11
646.69
21
21.896
31
0
0
LINE
5
11F
330
C
100
AcDbEntity
8
0
100
AcDbLine
10
646.69
20
21.896
30
0
11
646.887
21
21.946
31
0
0
LINE
5
120
330
C
100
AcDbEntity
8
0
100
AcDbLine
10
646.887
20
21.946
30
0
11
647.096
21
21.984
31
0
0
LINE
5
121
330
C
100
AcDbEntity
8
0
100
AcDbLine
10
647.096
20
21.984
30
0
11
647.316
21
22.012
31
0
0
LINE
5
122
330
C
100
AcDbEntity
8
0
100
AcDbLine
10
647.316
20
22.012
30
0
11
647.547
21
22.028
31
0
0
LINE
5
123
330
C
100
AcDbEntity
8
0
100
AcDbLine
10
647.547
20
22.028
30
0
11
647.79
21
22.034
31
0
0
LINE
5
124
330
C
100
AcDbEntity
8
0
100
AcDbLine
10
647.79
20
22.034
30
0
11
647.79
21
22.034
31
0
0
LINE
5
125
330
C
100
AcDbEntity
8
0
100
AcDbLine
10
647.79
20
22.034
30
0
11
648.015
21
22.029
31
0
0
LINE
5
126
330
C
100
AcDbEntity
8
0
100
AcDbLine
10
648.015
20
22.029
30
0
11
648.23
21
22.013
31
0
0
LINE
5
127
330
C
100
AcDbEntity
8
0
100
AcDbLine
10
648.23
20
22.013
30
0
11
648.436
21
21.986
31
0
0
LINE
5
128
330
C
100
AcDbEntity
8
0
100
AcDbLine
10
648.436
20
21.986
30
0
11
648.631
21
21.949
31
0
0
LINE
5
129
330
C
100
AcDbEntity
8
0
100
AcDbLine
10
648.631
20
21.949
30
0
11
648.816
21
21.901
31
0
0
LINE
5
12A
330
C
100
AcDbEntity
8
0
100
AcDbLine
10
648.816
20
21.901
30
0
11
648.991
21
21.843
31
0
0
LINE
5
12B
330
C
100
AcDbEntity
8
0
100
AcDbLine
10
648.991
20
21.843
30
0
11
649.156
21
21.774
31
0
0
LINE
5
12C
330
C
100
AcDbEntity
8
0
100
AcDbLine
10
649.156
20
21.774
30
0
11
649.31
21
21.694
31
0
0
LINE
5
12D
330
C
100
AcDbEntity
8
0
100
AcDbLine
10
649.31
20
21.694
30
0
11
649.455
21
21.604
31
0
0
LINE
5
12E
330
C
100
AcDbEntity
8
0
100
AcDbLine
10
649.455
20
21.604
30
0
11
649.59
21
21.503
31
0
0
LINE
5
12F
330
C
100
AcDbEntity
8
0
100
AcDbLine
10
649.59
20
21.503
30
0
11
649.714
21
21.393
31
0
0
LINE
5
130
330
C
100
AcDbEntity
8
0
100
AcDbLine
10
649.714
20
21.393
30
0
11
649.827
21
21.276
31
0
0
LINE
5
131
330
C
100
AcDbEntity
8
0
100
AcDbLine
10
649.827
20
21.276
30
0
11
649.929
21
21.152
31
0
0
LINE
5
132
330
C
100
AcDbEntity
8
0
100
AcDbLine
10
649.929
20
21.152
30
0
11
650.02
21
21.02
31
0
0
LINE
5
133
330
C
100
AcDbEntity
8
0
100
AcDbLine
10
650.02
20
21.02
30
0
11
650.1
21
20.881
31
0
0
LINE
5
134
330
C
100
AcDbEntity
8
0
100
AcDbLine
10
650.1
20
20.881
30
0
11
650.169
21
20.735
31
0
0
LINE
5
135
330
C
100
AcDbEntity
8
0
100
AcDbLine
10
650.169
20
20.735
30
0
11
650.226
21
20.582
31
0
0
LINE
5
136
330
C
100
AcDbEntity
8
0
100
AcDbLine
10
650.226
20
20.582
30
0
11
650.273
21
20.421
31
0
0
LINE
5
137
330
C
100
AcDbEntity
8
0
100
AcDbLine
10
650.273
20
20.421
30
0
11
650.309
21
20.253
31
0
0
LINE
5
138
330
C
100
AcDbEntity
8
0
100
AcDbLine
10
650.309
20
20.253
30
0
11
650.334
21
20.078
31
0
0
LINE
5
139
330
C
100
AcDbEntity
8
0
100
AcDbLine
10
650.334
20
20.078
30
0
11
650.334
21
20.078
31
0
0
LINE
5
13A
330
C
100
AcDbEntity
8
0
100
AcDbLine
10
650.334
20
20.078
30
0
11
649.41
21
20.078
31
0
0
LINE
5
13B
330
C
100
AcDbEntity
8
0
100
AcDbLine
10
649.41
20
20.078
30
0
11
649.389
21
20.18
31
0
0
LINE
5
13C
330
C
100
AcDbEntity
8
0
100
AcDbLine
10
649.389
20
20.18
30
0
11
649.361
21
20.278
31
0
0
LINE
5
13D
330
C
100
AcDbEntity
8
0
100
AcDbLine
10
649.361
20
20.278
30
0
11
649.328
21
20.37
31
0
0
LINE
5
13E
330
C
100
AcDbEntity
8
0
100
AcDbLine
10
649.328
20
20.37
30
0
11
649.288
21
20.459
31
0
0
LINE
5
13F
330
C
100
AcDbEntity
8
0
100
AcDbLine
10
649.288
20
20.459
30
0
11
649.243
21
20.542
31
0
0
LINE
5
140
330
C
100
AcDbEntity
8
0
100
AcDbLine
10
649.243
20
20.542
30
0
11
649.191
21
20.621
31
0
0
LINE
5
141
330
C
100
AcDbEntity
8
0
100
AcDbLine
10
649.191
20
20.621
30
0
11
649.132
21
20.696
31
0
0
LINE
5
142
330
C
100
AcDbEntity
8
0
100
AcDbLine
10
649.132
20
20.696
30
0
11
649.068
21
20.765
31
0
0
LINE
5
143
330
C
100
AcDbEntity
8
0
100
AcDbLine
10
649.068
20
20.765
30
0
11
648.997
21
20.83
31
0
0
LINE
5
144
330
C
100
AcDbEntity
8
0
100
AcDbLine
10
648.997
20
20.83
30
0
11
648.921
21
20.891
31
0
0
LINE
5
145
330
C
100
AcDbEntity
8
0
100
AcDbLine
10
648.921
20
20.891
30
0
11
648.838
21
20.946
31
0
0
LINE
5
146
330
C
100
AcDbEntity
8
0
100
AcDbLine
10
648.838
20
20.946
30
0
11
648.748
21
20.996
31
0
0
LINE
5
147
330
C
100
AcDbEntity
8
0
100
AcDbLine
10
648.748
20
20.996
30
0
11
648.651
21
21.039
31
0
0
LINE
5
148
330
C
100
AcDbEntity
8
0
100
AcDbLine
10
648.651
20
21.039
30
0
11
648.548
21
21.077
31
0
0
LINE
5
149
330
C
100
AcDbEntity
8
0
100
AcDbLine
10
648.548
20
21.077
30
0
11
648.439
21
21.109
31
0
0
LINE
5
14A
330
C
100
AcDbEntity
8
0
100
AcDbLine
10
648.439
20
21.109
30
0
11
648.322
21
21.135
31
0
0
LINE
5
14B
330
C
100
AcDbEntity
8
0
100
AcDbLine
10
648.322
20
21.135
30
0
11
648.199
21
21.156
31
0
0
LINE
5
14C
330
C
100
AcDbEntity
8
0
100
AcDbLine
10
648.199
20
21.156
30
0
11
648.069
21
21.17
31
0
0
LINE
5
14D
330
C
100
AcDbEntity
8
0
100
AcDbLine
10
648.069
20
21.17
30
0
11
647.933
21
21.179
31
0
0
LINE
5
14E
330
C
100
AcDbEntity
8
0
100
AcDbLine
10
647.933
20
21.179
30
0
11
647.79
21
21.182
31
0
0
LINE
5
14F
330
C
100
AcDbEntity
8
0
100
AcDbLine
10
647.79
20
21.182
30
0
11
647.79
21
21.182
31
0
0
LINE
5
150
330
C
100
AcDbEntity
8
0
100
AcDbLine
10
647.79
20
21.182
30
0
11
647.644
21
21.179
31
0
0
LINE
5
151
330
C
100
AcDbEntity
8
0
100
AcDbLine
10
647.644
20
21.179
30
0
11
647.505
21
21.169
31
0
0
LINE
5
152
330
C
100
AcDbEntity
8
0
100
AcDbLine
10
647.505
20
21.169
30
0
11
647.373
21
21.152
31
0
0
LINE
5
153
330
C
100
AcDbEntity
8
0
100
AcDbLine
10
647.373
20
21.152
30
0
11
647.247
21
21.129
31
0
0
LINE
5
154
330
C
100
AcDbEntity
8
0
100
AcDbLine
10
647.247
20
21.129
30
0
11
647.128
21
21.099
31
0
0
LINE
5
155
330
C
100
AcDbEntity
8
0
100
AcDbLine
10
647.128
20
21.099
30
0
11
647.016
21
21.063
31
0
0
LINE
5
156
330
C
100
AcDbEntity
8
0
100
AcDbLine
10
647.016
20
21.063
30
0
11
646.91
21
21.02
31
0
0
LINE
5
157
330
C
100
AcDbEntity
8
0
100
AcDbLine
10
646.91
20
21.02
30
0
11
646.811
21
20.971
31
0
0
LINE
5
158
330
C
100
AcDbEntity
8
0
100
AcDbLine
10
646.811
20
20.971
30
0
11
646.718
21
20.915
31
0
0
LINE
5
159
330
C
100
AcDbEntity
8
0
100
AcDbLine
10
646.718
20
20.915
30
0
11
646.632
21
20.852
31
0
0
LINE
5
15A
330
C
100
AcDbEntity
8
0
100
AcDbLine
10
646.632
20
20.852
30
0
11
646.553
21
20.784
31
0
0
LINE
5
15B
330
C
100
AcDbEntity
8
0
100
AcDbLine
10
646.553
20
20.784
30
0
11
646.483
21
20.713
31
0
0
LINE
5
15C
330
C
100
AcDbEntity
8
0
100
AcDbLine
10
646.483
20
20.713
30
0
11
646.421
21
20.638
31
0
0
LINE
5
15D
330
C
100
AcDbEntity
8
0
100
AcDbLine
10
646.421
20
20.638
30
0
11
646.367
21
20.56
31
0
0
LINE
5
15E
330
C
100
AcDbEntity
8
0
100
AcDbLine
10
646.367
20
20.56
30
0
11
646.321
21
20.479
31
0
0
LINE
5
15F
330
C
100
AcDbEntity
8
0
100
AcDbLine
10
646.321
20
20.479
30
0
11
646.284
21
20.393
31
0
0
LINE
5
160
330
C
100
AcDbEntity
8
0
100
AcDbLine
10
646.284
20
20.393
30
0
11
646.255
21
20.305
31
0
0
LINE
5
161
330
C
100
AcDbEntity
8
0
100
AcDbLine
10
646.255
20
20.305
30
0
11
646.234
21
20.213
31
0
0
LINE
5
162
330
C
100
AcDbEntity
8
0
100
AcDbLine
10
646.234
20
20.213
30
0
11
646.222
21
20.117
31
0
0
LINE
5
163
330
C
100
AcDbEntity
8
0
100
AcDbLine
10
646.222
20
20.117
30
0
11
646.218
21
20.018
31
0
0
LINE
5
164
330
C
100
AcDbEntity
8
0
100
AcDbLine
10
646.218
20
20.018
30
0
11
646.218
21
20.018
31
0
0
LINE
5
165
330
C
100
AcDbEntity
8
0
100
AcDbLine
10
646.218
20
20.018
30
0
11
646.22
21
19.937
31
0
0
LINE
5
166
330
C
100
AcDbEntity
8
0
100
AcDbLine
10
646.22
20
19.937
30
0
11
646.228
21
19.859
31
0
0
LINE
5
167
330
C
100
AcDbEntity
8
0
100
AcDbLine
10
646.228
20
19.859
30
0
11
646.241
21
19.785
31
0
0
LINE
5
168
330
C
100
AcDbEntity
8
0
100
AcDbLine
10
646.241
20
19.785
30
0
11
646.26
21
19.714
31
0
0
LINE
5
169
330
C
100
AcDbEntity
8
0
100
AcDbLine
10
646.26
20
19.714
30
0
11
646.283
21
19.647
31
0
0
LINE
5
16A
330
C
100
AcDbEntity
8
0
100
AcDbLine
10
646.283
20
19.647
30
0
11
646.312
21
19.583
31
0
0
LINE
5
16B
330
C
100
AcDbEntity
8
0
100
AcDbLine
10
646.312
20
19.583
30
0
11
646.346
21
19.522
31
0
0
LINE
5
16C
330
C
100
AcDbEntity
8
0
100
AcDbLine
10
646.346
20
19.522
30
0
11
646.385
21
19.465
31
0
0
LINE
5
16D
330
C
100
AcDbEntity
8
0
100
AcDbLine
10
646.385
20
19.465
30
0
11
646.429
21
19.411
31
0
0
LINE
5
16E
330
C
100
AcDbEntity
8
0
100
AcDbLine
10
646.429
20
19.411
30
0
11
646.479
21
19.361
31
0
0
LINE
5
16F
330
C
100
AcDbEntity
8
0
100
AcDbLine
10
646.479
20
19.361
30
0
11
646.534
21
19.313
31
0
0
LINE
5
170
330
C
100
AcDbEntity
8
0
100
AcDbLine
10
646.534
20
19.313
30
0
11
646.595
21
19.266
31
0
0
LINE
5
171
330
C
100
AcDbEntity
8
0
100
AcDbLine
10
646.595
20
19.266
30
0
11
646.662
21
19.22
31
0
0
LINE
5
172
330
C
100
AcDbEntity
8
0
100
AcDbLine
10
646.662
20
19.22
30
0
11
646.735
21
19.175
31
0
0
LINE
5
173
330
C
100
AcDbEntity
8
0
100
AcDbLine
10
646.735
20
19.175
30
0
11
646.814
21
19.131
31
0
0
LINE
5
174
330
C
100
AcDbEntity
8
0
100
AcDbLine
10
646.814
20
19.131
30
0
11
646.899
21
19.088
31
0
0
LINE
5
175
330
C
100
AcDbEntity
8
0
100
AcDbLine
10
646.899
20
19.088
30
0
11
646.99
21
19.046
31
0
0
LINE
5
176
330
C
100
AcDbEntity
8
0
100
AcDbLine
10
646.99
20
19.046
30
0
11
647.086
21
19.005
31
0
0
LINE
5
177
330
C
100
AcDbEntity
8
0
100
AcDbLine
10
647.086
20
19.005
30
0
11
647.189
21
18.965
31
0
0
LINE
5
178
330
C
100
AcDbEntity
8
0
100
AcDbLine
10
647.189
20
18.965
30
0
11
647.298
21
18.926
31
0
0
LINE
5
179
330
C
100
AcDbEntity
8
0
100
AcDbLine
10
647.298
20
18.926
30
0
11
647.298
21
18.926
31
0
0
LINE
5
17A
330
C
100
AcDbEntity
8
0
100
AcDbLine
10
647.298
20
18.926
30
0
11
648.858
21
18.386
31
0
0
LINE
5
17B
330
C
100
AcDbEntity
8
0
100
AcDbLine
10
648.858
20
18.386
30
0
11
649.016
21
18.33
31
0
0
LINE
5
17C
330
C
100
AcDbEntity
8
0
100
AcDbLine
10
649.016
20
18.33
30
0
11
649.168
21
18.269
31
0
0
LINE
5
17D
330
C
100
AcDbEntity
8
0
100
AcDbLine
10
649.168
20
18.269
30
0
11
649.313
21
18.205
31
0
0
LINE
5
17E
330
C
100
AcDbEntity
8
0
100
AcDbLine
10
649.313
20
18.205
30
0
11
649.452
21
18.135
31
0
0
LINE
5
17F
330
C
100
AcDbEntity
8
0
100
AcDbLine
10
649.452
20
18.135
30
0
11
649.583
21
18.062
31
0
0
LINE
5
180
330
C
100
AcDbEntity
8
0
100
AcDbLine
10
649.583
20
18.062
30
0
11
649.708
21
17.984
31
0
0
LINE
5
181
330
C
100
AcDbEntity
8
0
100
AcDbLine
10
649.708
20
17.984
30
0
11
649.826
21
17.902
31
0
0
LINE
5
182
330
C
100
AcDbEntity
8
0
100
AcDbLine
10
649.826
20
17.902
30
0
11
649.937
21
17.816
31
0
0
LINE
5
183
330
C
100
AcDbEntity
8
0
100
AcDbLine
10
649.937
20
17.816
30
0
11
650.041
21
17.725
31
0
0
LINE
5
184
330
C
100
AcDbEntity
8
0
100
AcDbLine
10
650.041
20
17.725
30
0
11
650.139
21
17.63
31
0
0
LINE
5
185
330
C
100
AcDbEntity
8
0
100
AcDbLine
10
650.139
20
17.63
30
0
11
650.228
21
17.53
31
0
0
LINE
5
186
330
C
100
AcDbEntity
8
0
100
AcDbLine
10
650.228
20
17.53
30
0
11
650.308
21
17.424
31
0
0
LINE
5
187
330
C
100
AcDbEntity
8
0
100
AcDbLine
10
650.308
20
17.424
30
0
11
650.379
21
17.312
31
0
0
LINE
5
188
330
C
100
AcDbEntity
8
0
100
AcDbLine
10
650.379
20
17.312
30
0
11
650.44
21
17.195
31
0
0
LINE
5
189
330
C
100
AcDbEntity
8
0
100
AcDbLine
10
650.44
20
17.195
30
0
11
650.492
21
17.072
31
0
0
LINE
5
18A
330
C
100
AcDbEntity
8
0
100
AcDbLine
10
650.492
20
17.072
30
0
11
650.534
21
16.943
31
0
0
LINE
5
18B
330
C
100
AcDbEntity
8
0
100
AcDbLine
10
650.534
20
16.943
30
0
11
650.567
21
16.808
31
0
0
LINE
5
18C
330
C
100
AcDbEntity
8
0
100
AcDbLine
10
650.567
20
16.808
30
0
11
650.591
21
16.668
31
0
0
LINE
5
18D
330
C
100
AcDbEntity
8
0
100
AcDbLine
10
650.591
20
16.668
30
0
11
650.605
21
16.522
31
0
0
LINE
5
18E
330
C
100
AcDbEntity
8
0
100
AcDbLine
10
650.605
20
16.522
30
0
11
650.61
21
16.37
31
0
0
LINE
5
18F
330
C
100
AcDbEntity
8
0
100
AcDbLine
10
650.61
20
16.37
30
0
11
650.61
21
16.37
31
0
0
LINE
5
190
330
C
100
AcDbEntity
8
0
100
AcDbLine
10
650.61
20
16.37
30
0
11
650.607
21
16.251
31
0
0
LINE
5
191
330
C
100
AcDbEntity
8
0
100
AcDbLine
10
650.607
20
16.251
30
0
11
650.597
21
16.135
31
0
0
LINE
5
192
330
C
100
AcDbEntity
8
0
100
AcDbLine
10
650.597
20
16.135
30
0
11
650.581
21
16.02
31
0
0
LINE
5
193
330
C
100
AcDbEntity
8
0
100
AcDbLine
10
650.581
20
16.02
30
0
11
650.558
21
15.908
31
0
0
LINE
5
194
330
C
100
AcDbEntity
8
0
100
AcDbLine
10
650.558
20
15.908
30
0
11
650.53
21
15.799
31
0
0
LINE
5
195
330
C
100
AcDbEntity
8
0
100
AcDbLine
10
650.53
20
15.799
30
0
11
650.494
21
15.691
31
0
0
LINE
5
196
330
C
100
AcDbEntity
8
0
100
AcDbLine
10
650.494
20
15.691
30
0
11
650.452
21
15.586
31
0
0
LINE
5
197
330
C
100
AcDbEntity
8
0
100
AcDbLine
10
650.452
20
15.586
30
0
11
650.404
21
15.483
31
0
0
LINE
5
198
330
C
100
AcDbEntity
8
0
100
AcDbLine
10
650.404
20
15.483
30
0
11
650.35
21
15.382
31
0
0
LINE
5
199
330
C
100
AcDbEntity
8
0
100
AcDbLine
10
650.35
20
15.382
30
0
11
650.289
21
15.284
31
0
0
LINE
5
19A
330
C
100
AcDbEntity
8
0
100
AcDbLine
10
650.289
20
15.284
30
0
11
650.222
21
15.189
31
0
0
LINE
5
19B
330
C
100
AcDbEntity
8
0
100
AcDbLine
10
650.222
20
15.189
30
0
11
650.148
21
15.098
31
0
0
LINE
5
19C
330
C
100
AcDbEntity
8
0
100
AcDbLine
10
650.148
20
15.098
30
0
11
650.069
21
15.01
31
0
0
LINE
5
19D
330
C
100
AcDbEntity
8
0
100
AcDbLine
10
650.069
20
15.01
30
0
11
649.983
21
14.927
31
0
0
LINE
5
19E
330
C
100
AcDbEntity
8
0
100
AcDbLine
10
649.983
20
14.927
30
0
11
649.892
21
14.848
31
0
0
LINE
5
19F
330
C
100
AcDbEntity
8
0
100
AcDbLine
10
649.892
20
14.848
30
0
11
649.794
21
14.772
31
0
0
LINE
5
1A0
330
C
100
AcDbEntity
8
0
100
AcDbLine
10
649.794
20
14.772
30
0
11
649.691
21
14.701
31
0
0
LINE
5
1A1
330
C
100
AcDbEntity
8
0
100
AcDbLine
10
649.691
20
14.701
30
0
11
649.581
21
14.633
31
0
0
LINE
5
1A2
330
C
100
AcDbEntity
8
0
100
AcDbLine
10
649.581
20
14.633
30
0
11
649.466
21
14.57
31
0
0
LINE
5
1A3
330
C
100
AcDbEntity
8
0
100
AcDbLine
10
649.466
20
14.57
30
0
11
649.344
21
14.51
31
0
0
LINE
5
1A4
330
C
100
AcDbEntity
8
0
100
AcDbLine
10
649.344
20
14.51
30
0
11
649.216
21
14.455
31
0
0
LINE
5
1A5
330
C
100
AcDbEntity
8
0
100
AcDbLine
10
649.216
20
14.455
30
0
11
649.083
21
14.406
31
0
0
LINE
5
1A6
330
C
100
AcDbEntity
8
0
100
AcDbLine
10
649.083
20
14.406
30
0
11
648.944
21
14.363
31
0
0
LINE
5
1A7
330
C
100
AcDbEntity
8
0
100
AcDbLine
10
648.944
20
14.363
30
0
11
648.799
21
14.326
31
0
0
LINE
5
1A8
330
C
100
AcDbEntity
8
0
100
AcDbLine
10
648.799
20
14.326
30
0
11
648.649
21
14.294
31
0
0
LINE
5
1A9
330
C
100
AcDbEntity
8
0
100
AcDbLine
10
648.649
20
14.294
30
0
11
648.493
21
14.268
31
0
0
LINE
5
1AA
330
C
100
AcDbEntity
8
0
100
AcDbLine
10
648.493
20
14.268
30
0
11
648.332
21
14.248
31
0
0
LINE
5
1AB
330
C
100
AcDbEntity
8
0
100
AcDbLine
10
648.332
20
14.248
30
0
11
648.165
21
14.234
31
0
0
LINE
5
1AC
330
C
100
AcDbEntity
8
0
100
AcDbLine
10
648.165
20
14.234
30
0
11
647.992
21
14.225
31
0
0
LINE
5
1AD
330
C
100
AcDbEntity
8
0
100
AcDbLine
10
647.992
20
14.225
30
0
11
647.814
21
14.222
31
0
0
LINE
5
1AE
330
C
100
AcDbEntity
8
0
100
AcDbLine
10
647.814
20
14.222
30
0
11
647.814
21
14.222
31
0
0
LINE
5
1AF
330
C
100
AcDbEntity
8
0
100
AcDbLine
10
653.184
20
21.458
30
0
11
653.184
21
21.458
31
0
0
LINE
5
1B0
330
C
100
AcDbEntity
8
0
100
AcDbLine
10
653.184
20
21.458
30
0
11
653.127
21
21.46
31
0
0
LINE
5
1B1
330
C
100
AcDbEntity
8
0
100
AcDbLine
10
653.127
20
21.46
30
0
11
653.073
21
21.465
31
0
0
LINE
5
1B2
330
C
100
AcDbEntity
8
0
100
AcDbLine
10
653.073
20
21.465
30
0
11
653.022
21
21.473
31
0
0
LINE
5
1B3
330
C
100
AcDbEntity
8
0
100
AcDbLine
10
653.022
20
21.473
30
0
11
652.973
21
21.484
31
0
0
LINE
5
1B4
330
C
100
AcDbEntity
8
0
100
AcDbLine
10
652.973
20
21.484
30
0
11
652.926
21
21.499
31
0
0
LINE
5
1B5
330
C
100
AcDbEntity
8
0
100
AcDbLine
10
652.926
20
21.499
30
0
11
652.881
21
21.517
31
0
0
LINE
5
1B6
330
C
100
AcDbEntity
8
0
100
AcDbLine
10
652.881
20
21.517
30
0
11
652.839
21
21.539
31
0
0
LINE
5
1B7
330
C
100
AcDbEntity
8
0
100
AcDbLine
10
652.839
20
21.539
30
0
11
652.8
21
21.564
31
0
0
LINE
5
1B8
330
C
100
AcDbEntity
8
0
100
AcDbLine
10
652.8
20
21.564
30
0
11
652.763
21
21.592
31
0
0
LINE
5
1B9
330
C
100
AcDbEntity
8
0
100
AcDbLine
10
652.763
20
21.592
30
0
11
652.728
21
21.623
31
0
0
LINE
5
1BA
330
C
100
AcDbEntity
8
0
100
AcDbLine
10
652.728
20
21.623
30
0
11
652.696
21
21.657
31
0
0
LINE
5
1BB
330
C
100
AcDbEntity
8
0
100
AcDbLine
10
652.696
20
21.657
30
0
11
652.667
21
21.693
31
0
0
LINE
5
1BC
330
C
100
AcDbEntity
8
0
100
AcDbLine
10
652.667
20
21.693
30
0
11
652.642
21
21.731
31
0
0
LINE
5
1BD
330
C
100
AcDbEntity
8
0
100
AcDbLine
10
652.642
20
21.731
30
0
11
652.62
21
21.772
31
0
0
LINE
5
1BE
330
C
100
AcDbEntity
8
0
100
AcDbLine
10
652.62
20
21.772
30
0
11
652.602
21
21.814
31
0
0
LINE
5
1BF
330
C
100
AcDbEntity
8
0
100
AcDbLine
10
652.602
20
21.814
30
0
11
652.587
21
21.859
31
0
0
LINE
5
1C0
330
C
100
AcDbEntity
8
0
100
AcDbLine
10
652.587
20
21.859
30
0
11
652.575
21
21.905
31
0
0
LINE
5
1C1
330
C
100
AcDbEntity
8
0
100
AcDbLine
10
652.575
20
21.905
30
0
11
652.566
21
21.954
31
0
0
LINE
5
1C2
330
C
100
AcDbEntity
8
0
100
AcDbLine
10
652.566
20
21.954
30
0
11
652.561
21
22.005
31
0
0
LINE
5
1C3
330
C
100
AcDbEntity
8
0
100
AcDbLine
10
652.561
20
22.005
30
0
11
652.56
21
22.058
31
0
0
LINE
5
1C4
330
C
100
AcDbEntity
8
0
100
AcDbLine
10
652.56
20
22.058
30
0
11
652.56
21
22.058
31
0
0
LINE
5
1C5
330
C
100
AcDbEntity
8
0
100
AcDbLine
10
652.56
20
22.058
30
0
11
652.561
21
22.11
31
0
0
LINE
5
1C6
330
C
100
AcDbEntity
8
0
100
AcDbLine
10
652.561
20
22.11
30
0
11
652.566
21
22.159
31
0
0
LINE
5
1C7
330
C
100
AcDbEntity
8
0
100
AcDbLine
10
652.566
20
22.159
30
0
11
652.575
21
22.207
31
0
0
LINE
5
1C8
330
C
100
AcDbEntity
8
0
100
AcDbLine
10
652.575
20
22.207
30
0
11
652.587
21
22.252
31
0
0
LINE
5
1C9
330
C
100
AcDbEntity
8
0
100
AcDbLine
10
652.587
20
22.252
30
0
11
652.602
21
22.295
31
0
0
LINE
5
1CA
330
C
100
AcDbEntity
8
0
100
AcDbLine
10
652.602
20
22.295
30
0
11
652.62
21
22.336
31
0
0
LINE
5
1CB
330
C
100
AcDbEntity
8
0
100
AcDbLine
10
652.62
20
22.336
30
0
11
652.642
21
22.375
31
0
0
LINE
5
1CC
330
C
100
AcDbEntity
8
0
100
AcDbLine
10
652.642
20
22.375
30
0
11
652.667
21
22.411
31
0
0
LINE
5
1CD
330
C
100
AcDbEntity
8
0
100
AcDbLine
10
652.667
20
22.411
30
0
11
652.696
21
22.446
31
0
0
LINE
5
1CE
330
C
100
AcDbEntity
8
0
100
AcDbLine
10
652.696
20
22.446
30
0
11
652.728
21
22.478
31
0
0
LINE
5
1CF
330
C
100
AcDbEntity
8
0
100
AcDbLine
10
652.728
20
22.478
30
0
11
652.763
21
22.508
31
0
0
LINE
5
1D0
330
C
100
AcDbEntity
8
0
100
AcDbLine
10
652.763
20
22.508
30
0
11
652.8
21
22.534
31
0
0
LINE
5
1D1
330
C
100
AcDbEntity
8
0
100
AcDbLine
10
652.8
20
22.534
30
0
11
652.839
21
22.558
31
0
0
LINE
5
1D2
330
C
100
AcDbEntity
8
0
100
AcDbLine
10
652.839
20
22.558
30
0
11
652.881
21
22.578
31
0
0
LINE
5
1D3
330
C
100
AcDbEntity
8
0
100
AcDbLine
10
652.881
20
22.578
30
0
11
652.926
21
22.595
31
0
0
LINE
5
1D4
330
C
100
AcDbEntity
8
0
100
AcDbLine
10
652.926
20
22.595
30
0
11
652.973
21
22.609
31
0
0
LINE
5
1D5
330
C
100
AcDbEntity
8
0
100
AcDbLine
10
652.973
20
22.609
30
0
11
653.022
21
22.62
31
0
0
LINE
5
1D6
330
C
100
AcDbEntity
8
0
100
AcDbLine
10
653.022
20
22.62
30
0
11
653.073
21
22.628
31
0
0
LINE
5
1D7
330
C
100
AcDbEntity
8
0
100
AcDbLine
10
653.073
20
22.628
30
0
11
653.127
21
22.632
31
0
0
LINE
5
1D8
330
C
100
AcDbEntity
8
0
100
AcDbLine
10
653.127
20
22.632
30
0
11
653.184
21
22.634
31
0
0
LINE
5
1D9
330
C
100
AcDbEntity
8
0
100
AcDbLine
10
653.184
20
22.634
30
0
11
653.184
21
22.634
31
0
0
LINE
5
1DA
330
C
100
AcDbEntity
8
0
100
AcDbLine
10
653.184
20
22.634
30
0
11
653.24
21
22.632
31
0
0
LINE
5
1DB
330
C
100
AcDbEntity
8
0
100
AcDbLine
10
653.24
20
22.632
30
0
11
653.294
21
22.628
31
0
0
LINE
5
1DC
330
C
100
AcDbEntity
8
0
100
AcDbLine
10
653.294
20
22.628
30
0
11
653.346
21
22.62
31
0
0
LINE
5
1DD
330
C
100
AcDbEntity
8
0
100
AcDbLine
10
653.346
20
22.62
30
0
11
653.395
21
22.609
31
0
0
LINE
5
1DE
330
C
100
AcDbEntity
8
0
100
AcDbLine
10
653.395
20
22.609
30
0
11
653.442
21
22.595
31
0
0
LINE
5
1DF
330
C
100
AcDbEntity
8
0
100
AcDbLine
10
653.442
20
22.595
30
0
11
653.486
21
22.578
31
0
0
LINE
5
1E0
330
C
100
AcDbEntity
8
0
100
AcDbLine
10
653.486
20
22.578
30
0
11
653.528
21
22.558
31
0
0
LINE
5
1E1
330
C
100
AcDbEntity
8
0
100
AcDbLine
10
653.528
20
22.558
30
0
11
653.568
21
22.534
31
0
0
LINE
5
1E2
330
C
100
AcDbEntity
8
0
100
AcDbLine
10
653.568
20
22.534
30
0
11
653.605
21
22.508
31
0
0
LINE
5
1E3
330
C
100
AcDbEntity
8
0
100
AcDbLine
10
653.605
20
22.508
30
0
11
653.64
21
22.478
31
0
0
LINE
5
1E4
330
C
100
AcDbEntity
8
0
100
AcDbLine
10
653.64
20
22.478
30
0
11
653.672
21
22.446
31
0
0
LINE
5
1E5
330
C
100
AcDbEntity
8
0
100
AcDbLine
10
653.672
20
22.446
30
0
11
653.7
21
22.411
31
0
0
LINE
5
1E6
330
C
100
AcDbEntity
8
0
100
AcDbLine
10
653.7
20
22.411
30
0
11
653.725
21
22.375
31
0
0
LINE
5
1E7
330
C
100
AcDbEntity
8
0
100
AcDbLine
10
653.725
20
22.375
30
0
11
653.747
21
22.336
31
0
0
LINE
5
1E8
330
C
100
AcDbEntity
8
0
100
AcDbLine
10
653.747
20
22.336
30
0
11
653.766
21
22.295
31
0
0
LINE
5
1E9
330
C
100
AcDbEntity
8
0
100
AcDbLine
10
653.766
20
22.295
30
0
11
653.781
21
22.252
31
0
0
LINE
5
1EA
330
C
100
AcDbEntity
8
0
100
AcDbLine
10
653.781
20
22.252
30
0
11
653.793
21
22.207
31
0
0
LINE
5
1EB
330
C
100
AcDbEntity
8
0
100
AcDbLine
10
653.793
20
22.207
30
0
11
653.801
21
22.159
31
0
0
LINE
5
1EC
330
C
100
AcDbEntity
8
0
100
AcDbLine
10
653.801
20
22.159
30
0
11
653.806
21
22.11
31
0
0
LINE
5
1ED
330
C
100
AcDbEntity
8
0
100
AcDbLine
10
653.806
20
22.11
30
0
11
653.808
21
22.058
31
0
0
LINE
5
1EE
330
C
100
AcDbEntity
8
0
100
AcDbLine
10
653.808
20
22.058
30
0
11
653.808
21
22.058
31
0
0
LINE
5
1EF
330
C
100
AcDbEntity
8
0
100
AcDbLine
10
653.808
20
22.058
30
0
11
653.806
21
22.005
31
0
0
LINE
5
1F0
330
C
100
AcDbEntity
8
0
100
AcDbLine
10
653.806
20
22.005
30
0
11
653.801
21
21.954
31
0
0
LINE
5
1F1
330
C
100
AcDbEntity
8
0
100
AcDbLine
10
653.801
20
21.954
30
0
11
653.793
21
21.905
31
0
0
LINE
5
1F2
330
C
100
AcDbEntity
8
0
100
AcDbLine
10
653.793
20
21.905
30
0
11
653.781
21
21.859
31
0
0
LINE
5
1F3
330
C
100
AcDbEntity
8
0
100
AcDbLine
10
653.781
20
21.859
30
0
11
653.766
21
21.814
31
0
0
LINE
5
1F4
330
C
100
AcDbEntity
8
0
100
AcDbLine
10
653.766
20
21.814
30
0
11
653.747
21
21.772
31
0
0
LINE
5
1F5
330
C
100
AcDbEntity
8
0
100
AcDbLine
10
653.747
20
21.772
30
0
11
653.725
21
21.731
31
0
0
LINE
5
1F6
330
C
100
AcDbEntity
8
0
100
AcDbLine
10
653.725
20
21.731
30
0
11
653.7
21
21.693
31
0
0
LINE
5
1F7
330
C
100
AcDbEntity
8
0
100
AcDbLine
10
653.7
20
21.693
30
0
11
653.672
21
21.657
31
0
0
LINE
5
1F8
330
C
100
AcDbEntity
8
0
100
AcDbLine
10
653.672
20
21.657
30
0
11
653.64
21
21.623
31
0
0
LINE
5
1F9
330
C
100
AcDbEntity
8
0
100
AcDbLine
10
653.64
20
21.623
30
0
11
653.605
21
21.592
31
0
0
LINE
5
1FA
330
C
100
AcDbEntity
8
0
100
AcDbLine
10
653.605
20
21.592
30
0
11
653.568
21
21.564
31
0
0
LINE
5
1FB
330
C
100
AcDbEntity
8
0
100
AcDbLine
10
653.568
20
21.564
30
0
11
653.528
21
21.539
31
0
0
LINE
5
1FC
330
C
100
AcDbEntity
8
0
100
AcDbLine
10
653.528
20
21.539
30
0
11
653.486
21
21.517
31
0
0
LINE
5
1FD
330
C
100
AcDbEntity
8
0
100
AcDbLine
10
653.486
20
21.517
30
0
11
653.442
21
21.499
31
0
0
LINE
5
1FE
330
C
100
AcDbEntity
8
0
100
AcDbLine
10
653.442
20
21.499
30
0
11
653.395
21
21.484
31
0
0
LINE
5
1FF
330
C
100
AcDbEntity
8
0
100
AcDbLine
10
653.395
20
21.484
30
0
11
653.346
21
21.473
31
0
0
LINE
5
200
330
C
100
AcDbEntity
8
0
100
AcDbLine
10
653.346
20
21.473
30
0
11
653.294
21
21.465
31
0
0
LINE
5
201
330
C
100
AcDbEntity
8
0
100
AcDbLine
10
653.294
20
21.465
30
0
11
653.24
21
21.46
31
0
0
LINE
5
202
330
C
100
AcDbEntity
8
0
100
AcDbLine
10
653.24
20
21.46
30
0
11
653.184
21
21.458
31
0
0
LINE
5
203
330
C
100
AcDbEntity
8
0
100
AcDbLine
10
653.184
20
21.458
30
0
11
653.184
21
21.458
31
0
0
LINE
5
204
330
C
100
AcDbEntity
8
0
100
AcDbLine
10
653.652
20
14.366
30
0
11
652.716
21
14.366
31
0
0
LINE
5
205
330
C
100
AcDbEntity
8
0
100
AcDbLine
10
652.716
20
14.366
30
0
11
652.716
21
20.114
31
0
0
LINE
5
206
330
C
100
AcDbEntity
8
0
100
AcDbLine
10
652.716
20
20.114
30
0
11
653.652
21
20.114
31
0
0
LINE
5
207
330
C
100
AcDbEntity
8
0
100
AcDbLine
10
653.652
20
20.114
30
0
11
653.652
21
14.366
31
0
0
LINE
5
208
330
C
100
AcDbEntity
8
0
100
AcDbLine
10
653.652
20
14.366
30
0
11
653.652
21
14.366
31
0
0
LINE
5
209
330
C
100
AcDbEntity
8
0
100
AcDbLine
10
658.284
20
14.222
30
0
11
658.284
21
14.222
31
0
0
LINE
5
20A
330
C
100
AcDbEntity
8
0
100
AcDbLine
10
658.284
20
14.222
30
0
11
658.146
21
14.226
31
0
0
LINE
5
20B
330
C
100
AcDbEntity
8
0
100
AcDbLine
10
658.146
20
14.226
30
0
11
658.01
21
14.237
31
0
0
LINE
5
20C
330
C
100
AcDbEntity
8
0
100
AcDbLine
10
658.01
20
14.237
30
0
11
657.876
21
14.256
31
0
0
LINE
5
20D
330
C
100
AcDbEntity
8
0
100
AcDbLine
10
657.876
20
14.256
30
0
11
657.745
21
14.282
31
0
0
LINE
5
20E
330
C
100
AcDbEntity
8
0
100
AcDbLine
10
657.745
20
14.282
30
0
11
657.616
21
14.316
31
0
0
LINE
5
20F
330
C
100
AcDbEntity
8
0
100
AcDbLine
10
657.616
20
14.316
30
0
11
657.49
21
14.357
31
0
0
LINE
5
210
330
C
100
AcDbEntity
8
0
100
AcDbLine
10
657.49
20
14.357
30
0
11
657.365
21
14.406
31
0
0
LINE
5
211
330
C
100
AcDbEntity
8
0
100
AcDbLine
10
657.365
20
14.406
30
0
11
657.243
21
14.462
31
0
0
LINE
5
212
330
C
100
AcDbEntity
8
0
100
AcDbLine
10
657.243
20
14.462
30
0
11
657.123
21
14.526
31
0
0
LINE
5
213
330
C
100
AcDbEntity
8
0
100
AcDbLine
10
657.123
20
14.526
30
0
11
657.006
21
14.597
31
0
0
LINE
5
214
330
C
100
AcDbEntity
8
0
100
AcDbLine
10
657.006
20
14.597
30
0
11
656.892
21
14.675
31
0
0
LINE
5
215
330
C
100
AcDbEntity
8
0
100
AcDbLine
10
656.892
20
14.675
30
0
11
656.782
21
14.759
31
0
0
LINE
5
216
330
C
100
AcDbEntity
8
0
100
AcDbLine
10
656.782
20
14.759
30
0
11
656.678
21
14.85
31
0
0
LINE
5
217
330
C
100
AcDbEntity
8
0
100
AcDbLine
10
656.678
20
14.85
30
0
11
656.578
21
14.946
31
0
0
LINE
5
218
330
C
100
AcDbEntity
8
0
100
AcDbLine
10
656.578
20
14.946
30
0
11
656.482
21
15.049
31
0
0
LINE
5
219
330
C
100
AcDbEntity
8
0
100
AcDbLine
10
656.482
20
15.049
30
0
11
656.392
21
15.157
31
0
0
LINE
5
21A
330
C
100
AcDbEntity
8
0
100
AcDbLine
10
656.392
20
15.157
30
0
11
656.306
21
15.272
31
0
0
LINE
5
21B
330
C
100
AcDbEntity
8
0
100
AcDbLine
10
656.306
20
15.272
30
0
11
656.224
21
15.393
31
0
0
LINE
5
21C
330
C
100
AcDbEntity
8
0
100
AcDbLine
10
656.224
20
15.393
30
0
11
656.148
21
15.52
31
0
0
LINE
5
21D
330
C
100
AcDbEntity
8
0
100
AcDbLine
10
656.148
20
15.52
30
0
11
656.076
21
15.653
31
0
0
LINE
5
21E
330
C
100
AcDbEntity
8
0
100
AcDbLine
10
656.076
20
15.653
30
0
11
656.01
21
15.792
31
0
0
LINE
5
21F
330
C
100
AcDbEntity
8
0
100
AcDbLine
10
656.01
20
15.792
30
0
11
655.95
21
15.935
31
0
0
LINE
5
220
330
C
100
AcDbEntity
8
0
100
AcDbLine
10
655.95
20
15.935
30
0
11
655.898
21
16.083
31
0
0
LINE
5
221
330
C
100
AcDbEntity
8
0
100
AcDbLine
10
655.898
20
16.083
30
0
11
655.853
21
16.237
31
0
0
LINE
5
222
330
C
100
AcDbEntity
8
0
100
AcDbLine
10
655.853
20
16.237
30
0
11
655.815
21
16.395
31
0
0
LINE
5
223
330
C
100
AcDbEntity
8
0
100
AcDbLine
10
655.815
20
16.395
30
0
11
655.783
21
16.558
31
0
0
LINE
5
224
330
C
100
AcDbEntity
8
0
100
AcDbLine
10
655.783
20
16.558
30
0
11
655.759
21
16.725
31
0
0
LINE
5
225
330
C
100
AcDbEntity
8
0
100
AcDbLine
10
655.759
20
16.725
30
0
11
655.742
21
16.898
31
0
0
LINE
5
226
330
C
100
AcDbEntity
8
0
100
AcDbLine
10
655.742
20
16.898
30
0
11
655.731
21
17.076
31
0
0
LINE
5
227
330
C
100
AcDbEntity
8
0
100
AcDbLine
10
655.731
20
17.076
30
0
11
655.728
21
17.258
31
0
0
LINE
5
228
330
C
100
AcDbEntity
8
0
100
AcDbLine
10
655.728
20
17.258
30
0
11
655.728
21
17.258
31
0
0
LINE
5
229
330
C
100
AcDbEntity
8
0
100
AcDbLine
10
655.728
20
17.258
30
0
11
655.731
21
17.439
31
0
0
LINE
5
22A
330
C
100
AcDbEntity
8
0
100
AcDbLine
10
655.731
20
17.439
30
0
11
655.741
21
17.615
31
0
0
LINE
5
22B
330
C
100
AcDbEntity
8
0
100
AcDbLine
10
655.741
20
17.615
30
0
11
655.759
21
17.787
31
0
0
LINE
5
22C
330
C
100
AcDbEntity
8
0
100
AcDbLine
10
655.759
20
17.787
30
0
11
655.782
21
17.953
31
0
0
LINE
5
22D
330
C
100
AcDbEntity
8
0
100
AcDbLine
10
655.782
20
17.953
30
0
11
655.813
21
18.114
31
0
0
LINE
5
22E
330
C
100
AcDbEntity
8
0
100
AcDbLine
10
655.813
20
18.114
30
0
11
655.851
21
18.271
31
0
0
LINE
5
22F
330
C
100
AcDbEntity
8
0
100
AcDbLine
10
655.851
20
18.271
30
0
11
655.895
21
18.423
31
0
0
LINE
5
230
330
C
100
AcDbEntity
8
0
100
AcDbLine
10
655.895
20
18.423
30
0
11
655.947
21
18.569
31
0
0
LINE
5
231
330
C
100
AcDbEntity
8
0
100
AcDbLine
10
655.947
20
18.569
30
0
11
656.005
21
18.711
31
0
0
LINE
5
232
330
C
100
AcDbEntity
8
0
100
AcDbLine
10
656.005
20
18.711
30
0
11
656.07
21
18.848
31
0
0
LINE
5
233
330
C
100
AcDbEntity
8
0
100
AcDbLine
10
656.07
20
18.848
30
0
11
656.14
21
18.979
31
0
0
LINE
5
234
330
C
100
AcDbEntity
8
0
100
AcDbLine
10
656.14
20
18.979
30
0
11
656.216
21
19.104
31
0
0
LINE
5
235
330
C
100
AcDbEntity
8
0
100
AcDbLine
10
656.216
20
19.104
30
0
11
656.295
21
19.223
31
0
0
LINE
5
236
330
C
100
AcDbEntity
8
0
100
AcDbLine
10
656.295
20
19.223
30
0
11
656.379
21
19.336
31
0
0
LINE
5
237
330
C
100
AcDbEntity
8
0
100
AcDbLine
10
656.379
20
19.336
30
0
11
656.468
21
19.443
31
0
0
LINE
5
238
330
C
100
AcDbEntity
8
0
100
AcDbLine
10
656.468
20
19.443
30
0
11
656.561
21
19.543
31
0
0
LINE
5
239
330
C
100
AcDbEntity
8
0
100
AcDbLine
10
656.561
20
19.543
30
0
11
656.659
21
19.637
31
0
0
LINE
5
23A
330
C
100
AcDbEntity
8
0
100
AcDbLine
10
656.659
20
19.637
30
0
11
656.761
21
19.725
31
0
0
LINE
5
23B
330
C
100
AcDbEntity
8
0
100
AcDbLine
10
656.761
20
19.725
30
0
11
656.868
21
19.807
31
0
0
LINE
5
23C
330
C
100
AcDbEntity
8
0
100
AcDbLine
10
656.868
20
19.807
30
0
11
656.979
21
19.883
31
0
0
LINE
5
23D
330
C
100
AcDbEntity
8
0
100
AcDbLine
10
656.979
20
19.883
30
0
11
657.093
21
19.952
31
0
0
LINE
5
23E
330
C
100
AcDbEntity
8
0
100
AcDbLine
10
657.093
20
19.952
30
0
11
657.21
21
20.014
31
0
0
LINE
5
23F
330
C
100
AcDbEntity
8
0
100
AcDbLine
10
657.21
20
20.014
30
0
11
657.329
21
20.068
31
0
0
LINE
5
240
330
C
100
AcDbEntity
8
0
100
AcDbLine
10
657.329
20
20.068
30
0
11
657.45
21
20.115
31
0
0
LINE
5
241
330
C
100
AcDbEntity
8
0
100
AcDbLine
10
657.45
20
20.115
30
0
11
657.574
21
20.155
31
0
0
LINE
5
242
330
C
100
AcDbEntity
8
0
100
AcDbLine
10
657.574
20
20.155
30
0
11
657.699
21
20.188
31
0
0
LINE
5
243
330
C
100
AcDbEntity
8
0
100
AcDbLine
10
657.699
20
20.188
30
0
11
657.827
21
20.213
31
0
0
LINE
5
244
330
C
100
AcDbEntity
8
0
100
AcDbLine
10
657.827
20
20.213
30
0
11
657.957
21
20.231
31
0
0
LINE
5
245
330
C
100
AcDbEntity
8
0
100
AcDbLine
10
657.957
20
20.231
30
0
11
658.089
21
20.242
31
0
0
LINE
5
246
330
C
100
AcDbEntity
8
0
100
AcDbLine
10
658.089
20
20.242
30
0
11
658.224
21
20.246
31
0
0
LINE
5
247
330
C
100
AcDbEntity
8
0
100
AcDbLine
10
658.224
20
20.246
30
0
11
658.224
21
20.246
31
0
0
LINE
5
248
330
C
100
AcDbEntity
8
0
100
AcDbLine
10
658.224
20
20.246
30
0
11
658.348
21
20.243
31
0
0
LINE
5
249
330
C
100
AcDbEntity
8
0
100
AcDbLine
10
658.348
20
20.243
30
0
11
658.47
21
20.234
31
0
0
LINE
5
24A
330
C
100
AcDbEntity
8
0
100
AcDbLine
10
658.47
20
20.234
30
0
11
658.588
21
20.218
31
0
0
LINE
5
24B
330
C
100
AcDbEntity
8
0
100
AcDbLine
10
658.588
20
20.218
30
0
11
658.703
21
20.197
31
0
0
LINE
5
24C
330
C
100
AcDbEntity
8
0
100
AcDbLine
10
658.703
20
20.197
30
0
11
658.816
21
20.169
31
0
0
LINE
5
24D
330
C
100
AcDbEntity
8
0
100
AcDbLine
10
658.816
20
20.169
30
0
11
658.925
21
20.136
31
0
0
LINE
5
24E
330
C
100
AcDbEntity
8
0
100
AcDbLine
10
658.925
20
20.136
30
0
11
659.031
21
20.096
31
0
0
LINE
5
24F
330
C
100
AcDbEntity
8
0
100
AcDbLine
10
659.031
20
20.096
30
0
11
659.134
21
20.05
31
0
0
LINE
5
250
330
C
100
AcDbEntity
8
0
100
AcDbLine
10
659.134
20
20.05
30
0
11
659.234
21
19.998
31
0
0
LINE
5
251
330
C
100
AcDbEntity
8
0
100
AcDbLine
10
659.234
20
19.998
30
0
11
659.331
21
19.94
31
0
0
LINE
5
252
330
C
100
AcDbEntity
8
0
100
AcDbLine
10
659.331
20
19.94
30
0
11
659.424
21
19.876
31
0
0
LINE
5
253
330
C
100
AcDbEntity
8
0
100
AcDbLine
10
659.424
20
19.876
30
0
11
659.513
21
19.807
31
0
0
LINE
5
254
330
C
100
AcDbEntity
8
0
100
AcDbLine
10
659.513
20
19.807
30
0
11
659.598
21
19.732
31
0
0
LINE
5
255
330
C
100
AcDbEntity
8
0
100
AcDbLine
10
659.598
20
19.732
30
0
11
659.678
21
19.652
31
0
0
LINE
5
256
330
C
100
AcDbEntity
8
0
100
AcDbLine
10
659.678
20
19.652
30
0
11
659.755
21
19.566
31
0
0
LINE
5
257
330
C
100
AcDbEntity
8
0
100
AcDbLine
10
659.755
20
19.566
30
0
11
659.826
21
19.476
31
0
0
LINE
5
258
330
C
100
AcDbEntity
8
0
100
AcDbLine
10
659.826
20
19.476
30
0
11
659.894
21
19.379
31
0
0
LINE
5
259
330
C
100
AcDbEntity
8
0
100
AcDbLine
10
659.894
20
19.379
30
0
11
659.958
21
19.278
31
0
0
LINE
5
25A
330
C
100
AcDbEntity
8
0
100
AcDbLine
10
659.958
20
19.278
30
0
11
660.017
21
19.171
31
0
0
LINE
5
25B
330
C
100
AcDbEntity
8
0
100
AcDbLine
10
660.017
20
19.171
30
0
11
660.072
21
19.058
31
0
0
LINE
5
25C
330
C
100
AcDbEntity
8
0
100
AcDbLine
10
660.072
20
19.058
30
0
11
660.122
21
18.94
31
0
0
LINE
5
25D
330
C
100
AcDbEntity
8
0
100
AcDbLine
10
660.122
20
18.94
30
0
11
660.167
21
18.818
31
0
0
LINE
5
25E
330
C
100
AcDbEntity
8
0
100
AcDbLine
10
660.167
20
18.818
30
0
11
660.206
21
18.691
31
0
0
LINE
5
25F
330
C
100
AcDbEntity
8
0
100
AcDbLine
10
660.206
20
18.691
30
0
11
660.241
21
18.559
31
0
0
LINE
5
260
330
C
100
AcDbEntity
8
0
100
AcDbLine
10
660.241
20
18.559
30
0
11
660.27
21
18.422
31
0
0
LINE
5
261
330
C
100
AcDbEntity
8
0
100
AcDbLine
10
660.27
20
18.422
30
0
11
660.294
21
18.28
31
0
0
LINE
5
262
330
C
100
AcDbEntity
8
0
100
AcDbLine
10
660.294
20
18.28
30
0
11
660.312
21
18.134
31
0
0
LINE
5
263
330
C
100
AcDbEntity
8
0
100
AcDbLine
10
660.312
20
18.134
30
0
11
660.325
21
17.983
31
0
0
LINE
5
264
330
C
100
AcDbEntity
8
0
100
AcDbLine
10
660.325
20
17.983
30
0
11
660.333
21
17.827
31
0
0
LINE
5
265
330
C
100
AcDbEntity
8
0
100
AcDbLine
10
660.333
20
17.827
30
0
11
660.336
21
17.666
31
0
0
LINE
5
266
330
C
100
AcDbEntity
8
0
100
AcDbLine
10
660.336
20
17.666
30
0
11
660.336
21
17.666
31
0
0
LINE
5
267
330
C
100
AcDbEntity
8
0
100
AcDbLine
10
660.336
20
17.666
30
0
11
659.976
21
17.666
31
0
0
LINE
5
268
330
C
100
AcDbEntity
8
0
100
AcDbLine
10
659.976
20
17.666
30
0
11
659.974
21
17.778
31
0
0
LINE
5
269
330
C
100
AcDbEntity
8
0
100
AcDbLine
10
659.974
20
17.778
30
0
11
659.967
21
17.887
31
0
0
LINE
5
26A
330
C
100
AcDbEntity
8
0
100
AcDbLine
10
659.967
20
17.887
30
0
11
659.956
21
17.992
31
0
0
LINE
5
26B
330
C
100
AcDbEntity
8
0
100
AcDbLine
10
659.956
20
17.992
30
0
11
659.94
21
18.093
31
0
0
LINE
5
26C
330
C
100
AcDbEntity
8
0
100
AcDbLine
10
659.94
20
18.093
30
0
11
659.92
21
18.191
31
0
0
LINE
5
26D
330
C
100
AcDbEntity
8
0
100
AcDbLine
10
659.92
20
18.191
30
0
11
659.895
21
18.285
31
0
0
LINE
5
26E
330
C
100
AcDbEntity
8
0
100
AcDbLine
10
659.895
20
18.285
30
0
11
659.866
21
18.376
31
0
0
LINE
5
26F
330
C
100
AcDbEntity
8
0
100
AcDbLine
10
659.866
20
18.376
30
0
11
659.832
21
18.463
31
0
0
LINE
5
270
330
C
100
AcDbEntity
8
0
100
AcDbLine
10
659.832
20
18.463
30
0
11
659.794
21
18.546
31
0
0
LINE
5
271
330
C
100
AcDbEntity
8
0
100
AcDbLine
10
659.794
20
18.546
30
0
11
659.751
21
18.626
31
0
0
LINE
5
272
330
C
100
AcDbEntity
8
0
100
AcDbLine
10
659.751
20
18.626
30
0
11
659.704
21
18.702
31
0
0
LINE
5
273
330
C
100
AcDbEntity
8
0
100
AcDbLine
10
659.704
20
18.702
30
0
11
659.655
21
18.774
31
0
0
LINE
5
274
330
C
100
AcDbEntity
8
0
100
AcDbLine
10
659.655
20
18.774
30
0
11
659.604
21
18.843
31
0
0
LINE
5
275
330
C
100
AcDbEntity
8
0
100
AcDbLine
10
659.604
20
18.843
30
0
11
659.549
21
18.908
31
0
0
LINE
5
276
330
C
100
AcDbEntity
8
0
100
AcDbLine
10
659.549
20
18.908
30
0
11
659.492
21
18.969
31
0
0
LINE
5
277
330
C
100
AcDbEntity
8
0
100
AcDbLine
10
659.492
20
18.969
30
0
11
659.432
21
19.026
31
0
0
LINE
5
278
330
C
100
AcDbEntity
8
0
100
AcDbLine
10
659.432
20
19.026
30
0
11
659.37
21
19.079
31
0
0
LINE
5
279
330
C
100
AcDbEntity
8
0
100
AcDbLine
10
659.37
20
19.079
30
0
11
659.304
21
19.129
31
0
0
LINE
5
27A
330
C
100
AcDbEntity
8
0
100
AcDbLine
10
659.304
20
19.129
30
0
11
659.236
21
19.175
31
0
0
LINE
5
27B
330
C
100
AcDbEntity
8
0
100
AcDbLine
10
659.236
20
19.175
30
0
11
659.166
21
19.217
31
0
0
LINE
5
27C
330
C
100
AcDbEntity
8
0
100
AcDbLine
10
659.166
20
19.217
30
0
11
659.093
21
19.255
31
0
0
LINE
5
27D
330
C
100
AcDbEntity
8
0
100
AcDbLine
10
659.093
20
19.255
30
0
11
659.02
21
19.289
31
0
0
LINE
5
27E
330
C
100
AcDbEntity
8
0
100
AcDbLine
10
659.02
20
19.289
30
0
11
658.945
21
19.32
31
0
0
LINE
5
27F
330
C
100
AcDbEntity
8
0
100
AcDbLine
10
658.945
20
19.32
30
0
11
658.869
21
19.346
31
0
0
LINE
5
280
330
C
100
AcDbEntity
8
0
100
AcDbLine
10
658.869
20
19.346
30
0
11
658.792
21
19.368
31
0
0
LINE
5
281
330
C
100
AcDbEntity
8
0
100
AcDbLine
10
658.792
20
19.368
30
0
11
658.714
21
19.386
31
0
0
LINE
5
282
330
C
100
AcDbEntity
8
0
100
AcDbLine
10
658.714
20
19.386
30
0
11
658.635
21
19.4
31
0
0
LINE
5
283
330
C
100
AcDbEntity
8
0
100
AcDbLine
10
658.635
20
19.4
30
0
11
658.555
21
19.41
31
0
0
LINE
5
284
330
C
100
AcDbEntity
8
0
100
AcDbLine
10
658.555
20
19.41
30
0
11
658.474
21
19.416
31
0
0
LINE
5
285
330
C
100
AcDbEntity
8
0
100
AcDbLine
10
658.474
20
19.416
30
0
11
658.392
21
19.418
31
0
0
LINE
5
286
330
C
100
AcDbEntity
8
0
100
AcDbLine
10
658.392
20
19.418
30
0
11
658.392
21
19.418
31
0
0
LINE
5
287
330
C
100
AcDbEntity
8
0
100
AcDbLine
10
658.392
20
19.418
30
0
11
658.299
21
19.415
31
0
0
LINE
5
288
330
C
100
AcDbEntity
8
0
100
AcDbLine
10
658.299
20
19.415
30
0
11
658.208
21
19.408
31
0
0
LINE
5
289
330
C
100
AcDbEntity
8
0
100
AcDbLine
10
658.208
20
19.408
30
0
11
658.118
21
19.395
31
0
0
LINE
5
28A
330
C
100
AcDbEntity
8
0
100
AcDbLine
10
658.118
20
19.395
30
0
11
658.03
21
19.376
31
0
0
LINE
5
28B
330
C
100
AcDbEntity
8
0
100
AcDbLine
10
658.03
20
19.376
30
0
11
657.944
21
19.353
31
0
0
LINE
5
28C
330
C
100
AcDbEntity
8
0
100
AcDbLine
10
657.944
20
19.353
30
0
11
657.859
21
19.324
31
0
0
LINE
5
28D
330
C
100
AcDbEntity
8
0
100
AcDbLine
10
657.859
20
19.324
30
0
11
657.776
21
19.29
31
0
0
LINE
5
28E
330
C
100
AcDbEntity
8
0
100
AcDbLine
10
657.776
20
19.29
30
0
11
657.695
21
19.251
31
0
0
LINE
5
28F
330
C
100
AcDbEntity
8
0
100
AcDbLine
10
657.695
20
19.251
30
0
11
657.615
21
19.207
31
0
0
LINE
5
290
330
C
100
AcDbEntity
8
0
100
AcDbLine
10
657.615
20
19.207
30
0
11
657.537
21
19.157
31
0
0
LINE
5
291
330
C
100
AcDbEntity
8
0
100
AcDbLine
10
657.537
20
19.157
30
0
11
657.461
21
19.103
31
0
0
LINE
5
292
330
C
100
AcDbEntity
8
0
100
AcDbLine
10
657.461
20
19.103
30
0
11
657.388
21
19.044
31
0
0
LINE
5
293
330
C
100
AcDbEntity
8
0
100
AcDbLine
10
657.388
20
19.044
30
0
11
657.319
21
18.98
31
0
0
LINE
5
294
330
C
100
AcDbEntity
8
0
100
AcDbLine
10
657.319
20
18.98
30
0
11
657.252
21
18.913
31
0
0
LINE
5
295
330
C
100
AcDbEntity
8
0
100
AcDbLine
10
657.252
20
18.913
30
0
11
657.189
21
18.84
31
0
0
LINE
5
296
330
C
100
AcDbEntity
8
0
100
AcDbLine
10
657.189
20
18.84
30
0
11
657.129
21
18.764
31
0
0
LINE
5
297
330
C
100
AcDbEntity
8
0
100
AcDbLine
10
657.129
20
18.764
30
0
11
657.071
21
18.683
31
0
0
LINE
5
298
330
C
100
AcDbEntity
8
0
100
AcDbLine
10
657.071
20
18.683
30
0
11
657.017
21
18.597
31
0
0
LINE
5
299
330
C
100
AcDbEntity
8
0
100
AcDbLine
10
657.017
20
18.597
30
0
11
656.967
21
18.507
31
0
0
LINE
5
29A
330
C
100
AcDbEntity
8
0
100
AcDbLine
10
656.967
20
18.507
30
0
11
656.919
21
18.413
31
0
0
LINE
5
29B
330
C
100
AcDbEntity
8
0
100
AcDbLine
10
656.919
20
18.413
30
0
11
656.875
21
18.315
31
0
0
LINE
5
29C
330
C
100
AcDbEntity
8
0
100
AcDbLine
10
656.875
20
18.315
30
0
11
656.836
21
18.212
31
0
0
LINE
5
29D
330
C
100
AcDbEntity
8
0
100
AcDbLine
10
656.836
20
18.212
30
0
11
656.801
21
18.106
31
0
0
LINE
5
29E
330
C
100
AcDbEntity
8
0
100
AcDbLine
10
656.801
20
18.106
30
0
11
656.771
21
17.996
31
0
0
LINE
5
29F
330
C
100
AcDbEntity
8
0
100
AcDbLine
10
656.771
20
17.996
30
0
11
656.746
21
17.883
31
0
0
LINE
5
2A0
330
C
100
AcDbEntity
8
0
100
AcDbLine
10
656.746
20
17.883
30
0
11
656.725
21
17.765
31
0
0
LINE
5
2A1
330
C
100
AcDbEntity
8
0
100
AcDbLine
10
656.725
20
17.765
30
0
11
656.709
21
17.644
31
0
0
LINE
5
2A2
330
C
100
AcDbEntity
8
0
100
AcDbLine
10
656.709
20
17.644
30
0
11
656.697
21
17.519
31
0
0
LINE
5
2A3
330
C
100
AcDbEntity
8
0
100
AcDbLine
10
656.697
20
17.519
30
0
11
656.69
21
17.391
31
0
0
LINE
5
2A4
330
C
100
AcDbEntity
8
0
100
AcDbLine
10
656.69
20
17.391
30
0
11
656.688
21
17.258
31
0
0
LINE
5
2A5
330
C
100
AcDbEntity
8
0
100
AcDbLine
10
656.688
20
17.258
30
0
11
656.688
21
17.258
31
0
0
LINE
5
2A6
330
C
100
AcDbEntity
8
0
100
AcDbLine
10
656.688
20
17.258
30
0
11
656.69
21
17.123
31
0
0
LINE
5
2A7
330
C
100
AcDbEntity
8
0
100
AcDbLine
10
656.69
20
17.123
30
0
11
656.697
21
16.992
31
0
0
LINE
5
2A8
330
C
100
AcDbEntity
8
0
100
AcDbLine
10
656.697
20
16.992
30
0
11
656.709
21
16.865
31
0
0
LINE
5
2A9
330
C
100
AcDbEntity
8
0
100
AcDbLine
10
656.709
20
16.865
30
0
11
656.725
21
16.742
31
0
0
LINE
5
2AA
330
C
100
AcDbEntity
8
0
100
AcDbLine
10
656.725
20
16.742
30
0
11
656.746
21
16.622
31
0
0
LINE
5
2AB
330
C
100
AcDbEntity
8
0
100
AcDbLine
10
656.746
20
16.622
30
0
11
656.771
21
16.506
31
0
0
LINE
5
2AC
330
C
100
AcDbEntity
8
0
100
AcDbLine
10
656.771
20
16.506
30
0
11
656.801
21
16.394
31
0
0
LINE
5
2AD
330
C
100
AcDbEntity
8
0
100
AcDbLine
10
656.801
20
16.394
30
0
11
656.836
21
16.286
31
0
0
LINE
5
2AE
330
C
100
AcDbEntity
8
0
100
AcDbLine
10
656.836
20
16.286
30
0
11
656.875
21
16.182
31
0
0
LINE
5
2AF
330
C
100
AcDbEntity
8
0
100
AcDbLine
10
656.875
20
16.182
30
0
11
656.919
21
16.082
31
0
0
LINE
5
2B0
330
C
100
AcDbEntity
8
0
100
AcDbLine
10
656.919
20
16.082
30
0
11
656.967
21
15.986
31
0
0
LINE
5
2B1
330
C
100
AcDbEntity
8
0
100
AcDbLine
10
656.967
20
15.986
30
0
11
657.017
21
15.894
31
0
0
LINE
5
2B2
330
C
100
AcDbEntity
8
0
100
AcDbLine
10
657.017
20
15.894
30
0
11
657.071
21
15.807
31
0
0
LINE
5
2B3
330
C
100
AcDbEntity
8
0
100
AcDbLine
10
657.071
20
15.807
30
0
11
657.129
21
15.725
31
0
0
LINE
5
2B4
330
C
100
AcDbEntity
8
0
100
AcDbLine
10
657.129
20
15.725
30
0
11
657.189
21
15.647
31
0
0
LINE
5
2B5
330
C
100
AcDbEntity
8
0
100
AcDbLine
10
657.189
20
15.647
30
0
11
657.252
21
15.574
31
0
0
LINE
5
2B6
330
C
100
AcDbEntity
8
0
100
AcDbLine
10
657.252
20
15.574
30
0
11
657.319
21
15.505
31
0
0
LINE
5
2B7
330
C
100
AcDbEntity
8
0
100
AcDbLine
10
657.319
20
15.505
30
0
11
657.388
21
15.441
31
0
0
LINE
5
2B8
330
C
100
AcDbEntity
8
0
100
AcDbLine
10
657.388
20
15.441
30
0
11
657.461
21
15.381
31
0
0
LINE
5
2B9
330
C
100
AcDbEntity
8
0
100
AcDbLine
10
657.461
20
15.381
30
0
11
657.537
21
15.326
31
0
0
LINE
5
2BA
330
C
100
AcDbEntity
8
0
100
AcDbLine
10
657.537
20
15.326
30
0
11
657.615
21
15.276
31
0
0
LINE
5
2BB
330
C
100
AcDbEntity
8
0
100
AcDbLine
10
657.615
20
15.276
30
0
11
657.695
21
15.231
31
0
0
LINE
5
2BC
330
C
100
AcDbEntity
8
0
100
AcDbLine
10
657.695
20
15.231
30
0
11
657.776
21
15.191
31
0
0
LINE
5
2BD
330
C
100
AcDbEntity
8
0
100
AcDbLine
10
657.776
20
15.191
30
0
11
657.859
21
15.157
31
0
0
LINE
5
2BE
330
C
100
AcDbEntity
8
0
100
AcDbLine
10
657.859
20
15.157
30
0
11
657.944
21
15.128
31
0
0
LINE
5
2BF
330
C
100
AcDbEntity
8
0
100
AcDbLine
10
657.944
20
15.128
30
0
11
658.03
21
15.104
31
0
0
LINE
5
2C0
330
C
100
AcDbEntity
8
0
100
AcDbLine
10
658.03
20
15.104
30
0
11
658.118
21
15.086
31
0
0
LINE
5
2C1
330
C
100
AcDbEntity
8
0
100
AcDbLine
10
658.118
20
15.086
30
0
11
658.208
21
15.073
31
0
0
LINE
5
2C2
330
C
100
AcDbEntity
8
0
100
AcDbLine
10
658.208
20
15.073
30
0
11
658.299
21
15.065
31
0
0
LINE
5
2C3
330
C
100
AcDbEntity
8
0
100
AcDbLine
10
658.299
20
15.065
30
0
11
658.392
21
15.062
31
0
0
LINE
5
2C4
330
C
100
AcDbEntity
8
0
100
AcDbLine
10
658.392
20
15.062
30
0
11
658.392
21
15.062
31
0
0
LINE
5
2C5
330
C
100
AcDbEntity
8
0
100
AcDbLine
10
658.392
20
15.062
30
0
11
658.469
21
15.064
31
0
0
LINE
5
2C6
330
C
100
AcDbEntity
8
0
100
AcDbLine
10
658.469
20
15.064
30
0
11
658.547
21
15.07
31
0
0
LINE
5
2C7
330
C
100
AcDbEntity
8
0
100
AcDbLine
10
658.547
20
15.07
30
0
11
658.623
21
15.08
31
0
0
LINE
5
2C8
330
C
100
AcDbEntity
8
0
100
AcDbLine
10
658.623
20
15.08
30
0
11
658.699
21
15.095
31
0
0
LINE
5
2C9
330
C
100
AcDbEntity
8
0
100
AcDbLine
10
658.699
20
15.095
30
0
11
658.775
21
15.113
31
0
0
LINE
5
2CA
330
C
100
AcDbEntity
8
0
100
AcDbLine
10
658.775
20
15.113
30
0
11
658.85
21
15.135
31
0
0
LINE
5
2CB
330
C
100
AcDbEntity
8
0
100
AcDbLine
10
658.85
20
15.135
30
0
11
658.925
21
15.162
31
0
0
LINE
5
2CC
330
C
100
AcDbEntity
8
0
100
AcDbLine
10
658.925
20
15.162
30
0
11
658.998
21
15.193
31
0
0
LINE
5
2CD
330
C
100
AcDbEntity
8
0
100
AcDbLine
10
658.998
20
15.193
30
0
11
659.072
21
15.227
31
0
0
LINE
5
2CE
330
C
100
AcDbEntity
8
0
100
AcDbLine
10
659.072
20
15.227
30
0
11
659.145
21
15.266
31
0
0
LINE
5
2CF
330
C
100
AcDbEntity
8
0
100
AcDbLine
10
659.145
20
15.266
30
0
11
659.216
21
15.309
31
0
0
LINE
5
2D0
330
C
100
AcDbEntity
8
0
100
AcDbLine
10
659.216
20
15.309
30
0
11
659.285
21
15.355
31
0
0
LINE
5
2D1
330
C
100
AcDbEntity
8
0
100
AcDbLine
10
659.285
20
15.355
30
0
11
659.351
21
15.405
31
0
0
LINE
5
2D2
330
C
100
AcDbEntity
8
0
100
AcDbLine
10
659.351
20
15.405
30
0
11
659.415
21
15.459
31
0
0
LINE
5
2D3
330
C
100
AcDbEntity
8
0
100
AcDbLine
10
659.415
20
15.459
30
0
11
659.476
21
15.517
31
0
0
LINE
5
2D4
330
C
100
AcDbEntity
8
0
100
AcDbLine
10
659.476
20
15.517
30
0
11
659.534
21
15.579
31
0
0
LINE
5
2D5
330
C
100
AcDbEntity
8
0
100
AcDbLine
10
659.534
20
15.579
30
0
11
659.59
21
15.644
31
0
0
LINE
5
2D6
330
C
100
AcDbEntity
8
0
100
AcDbLine
10
659.59
20
15.644
30
0
11
659.643
21
15.713
31
0
0
LINE
5
2D7
330
C
100
AcDbEntity
8
0
100
AcDbLine
10
659.643
20
15.713
30
0
11
659.694
21
15.786
31
0
0
LINE
5
2D8
330
C
100
AcDbEntity
8
0
100
AcDbLine
10
659.694
20
15.786
30
0
11
659.742
21
15.863
31
0
0
LINE
5
2D9
330
C
100
AcDbEntity
8
0
100
AcDbLine
10
659.742
20
15.863
30
0
11
659.786
21
15.943
31
0
0
LINE
5
2DA
330
C
100
AcDbEntity
8
0
100
AcDbLine
10
659.786
20
15.943
30
0
11
659.826
21
16.027
31
0
0
LINE
5
2DB
330
C
100
AcDbEntity
8
0
100
AcDbLine
10
659.826
20
16.027
30
0
11
659.861
21
16.114
31
0
0
LINE
5
2DC
330
C
100
AcDbEntity
8
0
100
AcDbLine
10
659.861
20
16.114
30
0
11
659.892
21
16.204
31
0
0
LINE
5
2DD
330
C
100
AcDbEntity
8
0
100
AcDbLine
10
659.892
20
16.204
30
0
11
659.917
21
16.297
31
0
0
LINE
5
2DE
330
C
100
AcDbEntity
8
0
100
AcDbLine
10
659.917
20
16.297
30
0
11
659.938
21
16.394
31
0
0
LINE
5
2DF
330
C
100
AcDbEntity
8
0
100
AcDbLine
10
659.938
20
16.394
30
0
11
659.955
21
16.494
31
0
0
LINE
5
2E0
330
C
100
AcDbEntity
8
0
100
AcDbLine
10
659.955
20
16.494
30
0
11
659.966
21
16.597
31
0
0
LINE
5
2E1
330
C
100
AcDbEntity
8
0
100
AcDbLine
10
659.966
20
16.597
30
0
11
659.973
21
16.704
31
0
0
LINE
5
2E2
330
C
100
AcDbEntity
8
0
100
AcDbLine
10
659.973
20
16.704
30
0
11
659.976
21
16.814
31
0
0
LINE
5
2E3
330
C
100
AcDbEntity
8
0
100
AcDbLine
10
659.976
20
16.814
30
0
11
659.976
21
16.814
31
0
0
LINE
5
2E4
330
C
100
AcDbEntity
8
0
100
AcDbLine
10
659.976
20
16.814
30
0
11
660.336
21
16.814
31
0
0
LINE
5
2E5
330
C
100
AcDbEntity
8
0
100
AcDbLine
10
660.336
20
16.814
30
0
11
660.333
21
16.65
31
0
0
LINE
5
2E6
330
C
100
AcDbEntity
8
0
100
AcDbLine
10
660.333
20
16.65
30
0
11
660.325
21
16.491
31
0
0
LINE
5
2E7
330
C
100
AcDbEntity
8
0
100
AcDbLine
10
660.325
20
16.491
30
0
11
660.311
21
16.337
31
0
0
LINE
5
2E8
330
C
100
AcDbEntity
8
0
100
AcDbLine
10
660.311
20
16.337
30
0
11
660.292
21
16.188
31
0
0
LINE
5
2E9
330
C
100
AcDbEntity
8
0
100
AcDbLine
10
660.292
20
16.188
30
0
11
660.268
21
16.044
31
0
0
LINE
5
2EA
330
C
100
AcDbEntity
8
0
100
AcDbLine
10
660.268
20
16.044
30
0
11
660.237
21
15.905
31
0
0
LINE
5
2EB
330
C
100
AcDbEntity
8
0
100
AcDbLine
10
660.237
20
15.905
30
0
11
660.202
21
15.771
31
0
0
LINE
5
2EC
330
C
100
AcDbEntity
8
0
100
AcDbLine
10
660.202
20
15.771
30
0
11
660.161
21
15.643
31
0
0
LINE
5
2ED
330
C
100
AcDbEntity
8
0
100
AcDbLine
10
660.161
20
15.643
30
0
11
660.115
21
15.519
31
0
0
LINE
5
2EE
330
C
100
AcDbEntity
8
0
100
AcDbLine
10
660.115
20
15.519
30
0
11
660.063
21
15.401
31
0
0
LINE
5
2EF
330
C
100
AcDbEntity
8
0
100
AcDbLine
10
660.063
20
15.401
30
0
11
660.006
21
15.288
31
0
0
LINE
5
2F0
330
C
100
AcDbEntity
8
0
100
AcDbLine
10
660.006
20
15.288
30
0
11
659.946
21
15.181
31
0
0
LINE
5
2F1
330
C
100
AcDbEntity
8
0
100
AcDbLine
10
659.946
20
15.181
30
0
11
659.882
21
15.079
31
0
0
LINE
5
2F2
330
C
100
AcDbEntity
8
0
100
AcDbLine
10
659.882
20
15.079
30
0
11
659.814
21
14.982
31
0
0
LINE
5
2F3
330
C
100
AcDbEntity
8
0
100
AcDbLine
10
659.814
20
14.982
30
0
11
659.742
21
14.892
31
0
0
LINE
5
2F4
330
C
100
AcDbEntity
8
0
100
AcDbLine
10
659.742
20
14.892
30
0
11
659.666
21
14.807
31
0
0
LINE
5
2F5
330
C
100
AcDbEntity
8
0
100
AcDbLine
10
659.666
20
14.807
30
0
11
659.586
21
14.727
31
0
0
LINE
5
2F6
330
C
100
AcDbEntity
8
0
100
AcDbLine
10
659.586
20
14.727
30
0
11
659.503
21
14.653
31
0
0
LINE
5
2F7
330
C
100
AcDbEntity
8
0
100
AcDbLine
10
659.503
20
14.653
30
0
11
659.416
21
14.585
31
0
0
LINE
5
2F8
330
C
100
AcDbEntity
8
0
100
AcDbLine
10
659.416
20
14.585
30
0
11
659.325
21
14.522
31
0
0
LINE
5
2F9
330
C
100
AcDbEntity
8
0
100
AcDbLine
10
659.325
20
14.522
30
0
11
659.231
21
14.465
31
0
0
LINE
5
2FA
330
C
100
AcDbEntity
8
0
100
AcDbLine
10
659.231
20
14.465
30
0
11
659.134
21
14.414
31
0
0
LINE
5
2FB
330
C
100
AcDbEntity
8
0
100
AcDbLine
10
659.134
20
14.414
30
0
11
659.036
21
14.369
31
0
0
LINE
5
2FC
330
C
100
AcDbEntity
8
0
100
AcDbLine
10
659.036
20
14.369
30
0
11
658.935
21
14.33
31
0
0
LINE
5
2FD
330
C
100
AcDbEntity
8
0
100
AcDbLine
10
658.935
20
14.33
30
0
11
658.832
21
14.297
31
0
0
LINE
5
2FE
330
C
100
AcDbEntity
8
0
100
AcDbLine
10
658.832
20
14.297
30
0
11
658.727
21
14.27
31
0
0
LINE
5
2FF
330
C
100
AcDbEntity
8
0
100
AcDbLine
10
658.727
20
14.27
30
0
11
658.619
21
14.249
31
0
0
LINE
5
300
330
C
100
AcDbEntity
8
0
100
AcDbLine
10
658.619
20
14.249
30
0
11
658.51
21
14.234
31
0
0
LINE
5
301
330
C
100
AcDbEntity
8
0
100
AcDbLine
10
658.51
20
14.234
30
0
11
658.398
21
14.225
31
0
0
LINE
5
302
330
C
100
AcDbEntity
8
0
100
AcDbLine
10
658.398
20
14.225
30
0
11
658.284
21
14.222
31
0
0
LINE
5
303
330
C
100
AcDbEntity
8
0
100
AcDbLine
10
658.284
20
14.222
30
0
11
658.284
21
14.222
31
0
0
LINE
5
304
330
C
100
AcDbEntity
8
0
100
AcDbLine
10
660.912
20
14.366
30
0
11
660.132
21
14.366
31
0
0
LINE
5
305
330
C
100
AcDbEntity
8
0
100
AcDbLine
10
660.132
20
14.366
30
0
11
659.976
21
15.71
31
0
0
LINE
5
306
330
C
100
AcDbEntity
8
0
100
AcDbLine
10
659.976
20
15.71
30
0
11
659.976
21
22.55
31
0
0
LINE
5
307
330
C
100
AcDbEntity
8
0
100
AcDbLine
10
659.976
20
22.55
30
0
11
660.912
21
22.55
31
0
0
LINE
5
308
330
C
100
AcDbEntity
8
0
100
AcDbLine
10
660.912
20
22.55
30
0
11
660.912
21
14.366
31
0
0
LINE
5
309
330
C
100
AcDbEntity
8
0
100
AcDbLine
10
660.912
20
14.366
30
0
11
660.912
21
14.366
31
0
0
LINE
5
30A
330
C
100
AcDbEntity
8
0
100
AcDbLine
10
665.334
20
14.222
30
0
11
665.334
21
14.222
31
0
0
LINE
5
30B
330
C
100
AcDbEntity
8
0
100
AcDbLine
10
665.334
20
14.222
30
0
11
665.187
21
14.226
31
0
0
LINE
5
30C
330
C
100
AcDbEntity
8
0
100
AcDbLine
10
665.187
20
14.226
30
0
11
665.043
21
14.237
31
0
0
LINE
5
30D
330
C
100
AcDbEntity
8
0
100
AcDbLine
10
665.043
20
14.237
30
0
11
664.902
21
14.256
31
0
0
LINE
5
30E
330
C
100
AcDbEntity
8
0
100
AcDbLine
10
664.902
20
14.256
30
0
11
664.764
21
14.283
31
0
0
LINE
5
30F
330
C
100
AcDbEntity
8
0
100
AcDbLine
10
664.764
20
14.283
30
0
11
664.63
21
14.317
31
0
0
LINE
5
310
330
C
100
AcDbEntity
8
0
100
AcDbLine
10
664.63
20
14.317
30
0
11
664.498
21
14.359
31
0
0
LINE
5
311
330
C
100
AcDbEntity
8
0
100
AcDbLine
10
664.498
20
14.359
30
0
11
664.37
21
14.409
31
0
0
LINE
5
312
330
C
100
AcDbEntity
8
0
100
AcDbLine
10
664.37
20
14.409
30
0
11
664.245
21
14.466
31
0
0
LINE
5
313
330
C
100
AcDbEntity
8
0
100
AcDbLine
10
664.245
20
14.466
30
0
11
664.123
21
14.531
31
0
0
LINE
5
314
330
C
100
AcDbEntity
8
0
100
AcDbLine
10
664.123
20
14.531
30
0
11
664.005
21
14.603
31
0
0
LINE
5
315
330
C
100
AcDbEntity
8
0
100
AcDbLine
10
664.005
20
14.603
30
0
11
663.89
21
14.682
31
0
0
LINE
5
316
330
C
100
AcDbEntity
8
0
100
AcDbLine
10
663.89
20
14.682
30
0
11
663.781
21
14.767
31
0
0
LINE
5
317
330
C
100
AcDbEntity
8
0
100
AcDbLine
10
663.781
20
14.767
30
0
11
663.676
21
14.858
31
0
0
LINE
5
318
330
C
100
AcDbEntity
8
0
100
AcDbLine
10
663.676
20
14.858
30
0
11
663.576
21
14.955
31
0
0
LINE
5
319
330
C
100
AcDbEntity
8
0
100
AcDbLine
10
663.576
20
14.955
30
0
11
663.481
21
15.058
31
0
0
LINE
5
31A
330
C
100
AcDbEntity
8
0
100
AcDbLine
10
663.481
20
15.058
30
0
11
663.391
21
15.167
31
0
0
LINE
5
31B
330
C
100
AcDbEntity
8
0
100
AcDbLine
10
663.391
20
15.167
30
0
11
663.306
21
15.282
31
0
0
LINE
5
31C
330
C
100
AcDbEntity
8
0
100
AcDbLine
10
663.306
20
15.282
30
0
11
663.226
21
15.403
31
0
0
LINE
5
31D
330
C
100
AcDbEntity
8
0
100
AcDbLine
10
663.226
20
15.403
30
0
11
663.151
21
15.529
31
0
0
LINE
5
31E
330
C
100
AcDbEntity
8
0
100
AcDbLine
10
663.151
20
15.529
30
0
11
663.081
21
15.662
31
0
0
LINE
5
31F
330
C
100
AcDbEntity
8
0
100
AcDbLine
10
663.081
20
15.662
30
0
11
663.016
21
15.8
31
0
0
LINE
5
320
330
C
100
AcDbEntity
8
0
100
AcDbLine
10
663.016
20
15.8
30
0
11
662.959
21
15.941
31
0
0
LINE
5
321
330
C
100
AcDbEntity
8
0
100
AcDbLine
10
662.959
20
15.941
30
0
11
662.908
21
16.087
31
0
0
LINE
5
322
330
C
100
AcDbEntity
8
0
100
AcDbLine
10
662.908
20
16.087
30
0
11
662.864
21
16.237
31
0
0
LINE
5
323
330
C
100
AcDbEntity
8
0
100
AcDbLine
10
662.864
20
16.237
30
0
11
662.827
21
16.391
31
0
0
LINE
5
324
330
C
100
AcDbEntity
8
0
100
AcDbLine
10
662.827
20
16.391
30
0
11
662.796
21
16.549
31
0
0
LINE
5
325
330
C
100
AcDbEntity
8
0
100
AcDbLine
10
662.796
20
16.549
30
0
11
662.772
21
16.711
31
0
0
LINE
5
326
330
C
100
AcDbEntity
8
0
100
AcDbLine
10
662.772
20
16.711
30
0
11
662.755
21
16.877
31
0
0
LINE
5
327
330
C
100
AcDbEntity
8
0
100
AcDbLine
10
662.755
20
16.877
30
0
11
662.745
21
17.048
31
0
0
LINE
5
328
330
C
100
AcDbEntity
8
0
100
AcDbLine
10
662.745
20
17.048
30
0
11
662.742
21
17.222
31
0
0
LINE
5
329
330
C
100
AcDbEntity
8
0
100
AcDbLine
10
662.742
20
17.222
30
0
11
662.742
21
17.222
31
0
0
LINE
5
32A
330
C
100
AcDbEntity
8
0
100
AcDbLine
10
662.742
20
17.222
30
0
11
662.745
21
17.408
31
0
0
LINE
5
32B
330
C
100
AcDbEntity
8
0
100
AcDbLine
10
662.745
20
17.408
30
0
11
662.755
21
17.588
31
0
0
LINE
5
32C
330
C
100
AcDbEntity
8
0
100
AcDbLine
10
662.755
20
17.588
30
0
11
662.772
21
17.763
31
0
0
LINE
5
32D
330
C
100
AcDbEntity
8
0
100
AcDbLine
10
662.772
20
17.763
30
0
11
662.796
21
17.933
31
0
0
LINE
5
32E
330
C
100
AcDbEntity
8
0
100
AcDbLine
10
662.796
20
17.933
30
0
11
662.826
21
18.098
31
0
0
LINE
5
32F
330
C
100
AcDbEntity
8
0
100
AcDbLine
10
662.826
20
18.098
30
0
11
662.863
21
18.257
31
0
0
LINE
5
330
330
C
100
AcDbEntity
8
0
100
AcDbLine
10
662.863
20
18.257
30
0
11
662.906
21
18.411
31
0
0
LINE
5
331
330
C
100
AcDbEntity
8
0
100
AcDbLine
10
662.906
20
18.411
30
0
11
662.957
21
18.56
31
0
0
LINE
5
332
330
C
100
AcDbEntity
8
0
100
AcDbLine
10
662.957
20
18.56
30
0
11
663.014
21
18.704
31
0
0
LINE
5
333
330
C
100
AcDbEntity
8
0
100
AcDbLine
10
663.014
20
18.704
30
0
11
663.078
21
18.842
31
0
0
LINE
5
334
330
C
100
AcDbEntity
8
0
100
AcDbLine
10
663.078
20
18.842
30
0
11
663.147
21
18.974
31
0
0
LINE
5
335
330
C
100
AcDbEntity
8
0
100
AcDbLine
10
663.147
20
18.974
30
0
11
663.222
21
19.101
31
0
0
LINE
5
336
330
C
100
AcDbEntity
8
0
100
AcDbLine
10
663.222
20
19.101
30
0
11
663.302
21
19.22
31
0
0
LINE
5
337
330
C
100
AcDbEntity
8
0
100
AcDbLine
10
663.302
20
19.22
30
0
11
663.386
21
19.334
31
0
0
LINE
5
338
330
C
100
AcDbEntity
8
0
100
AcDbLine
10
663.386
20
19.334
30
0
11
663.476
21
19.441
31
0
0
LINE
5
339
330
C
100
AcDbEntity
8
0
100
AcDbLine
10
663.476
20
19.441
30
0
11
663.571
21
19.542
31
0
0
LINE
5
33A
330
C
100
AcDbEntity
8
0
100
AcDbLine
10
663.571
20
19.542
30
0
11
663.67
21
19.637
31
0
0
LINE
5
33B
330
C
100
AcDbEntity
8
0
100
AcDbLine
10
663.67
20
19.637
30
0
11
663.775
21
19.725
31
0
0
LINE
5
33C
330
C
100
AcDbEntity
8
0
100
AcDbLine
10
663.775
20
19.725
30
0
11
663.884
21
19.807
31
0
0
LINE
5
33D
330
C
100
AcDbEntity
8
0
100
AcDbLine
10
663.884
20
19.807
30
0
11
663.999
21
19.883
31
0
0
LINE
5
33E
330
C
100
AcDbEntity
8
0
100
AcDbLine
10
663.999
20
19.883
30
0
11
664.117
21
19.952
31
0
0
LINE
5
33F
330
C
100
AcDbEntity
8
0
100
AcDbLine
10
664.117
20
19.952
30
0
11
664.239
21
20.014
31
0
0
LINE
5
340
330
C
100
AcDbEntity
8
0
100
AcDbLine
10
664.239
20
20.014
30
0
11
664.365
21
20.068
31
0
0
LINE
5
341
330
C
100
AcDbEntity
8
0
100
AcDbLine
10
664.365
20
20.068
30
0
11
664.493
21
20.115
31
0
0
LINE
5
342
330
C
100
AcDbEntity
8
0
100
AcDbLine
10
664.493
20
20.115
30
0
11
664.625
21
20.155
31
0
0
LINE
5
343
330
C
100
AcDbEntity
8
0
100
AcDbLine
10
664.625
20
20.155
30
0
11
664.76
21
20.188
31
0
0
LINE
5
344
330
C
100
AcDbEntity
8
0
100
AcDbLine
10
664.76
20
20.188
30
0
11
664.899
21
20.213
31
0
0
LINE
5
345
330
C
100
AcDbEntity
8
0
100
AcDbLine
10
664.899
20
20.213
30
0
11
665.04
21
20.231
31
0
0
LINE
5
346
330
C
100
AcDbEntity
8
0
100
AcDbLine
10
665.04
20
20.231
30
0
11
665.185
21
20.242
31
0
0
LINE
5
347
330
C
100
AcDbEntity
8
0
100
AcDbLine
10
665.185
20
20.242
30
0
11
665.334
21
20.246
31
0
0
LINE
5
348
330
C
100
AcDbEntity
8
0
100
AcDbLine
10
665.334
20
20.246
30
0
11
665.334
21
20.246
31
0
0
LINE
5
349
330
C
100
AcDbEntity
8
0
100
AcDbLine
10
665.334
20
20.246
30
0
11
665.463
21
20.243
31
0
0
LINE
5
34A
330
C
100
AcDbEntity
8
0
100
AcDbLine
10
665.463
20
20.243
30
0
11
665.588
21
20.235
31
0
0
LINE
5
34B
330
C
100
AcDbEntity
8
0
100
AcDbLine
10
665.588
20
20.235
30
0
11
665.709
21
20.222
31
0
0
LINE
5
34C
330
C
100
AcDbEntity
8
0
100
AcDbLine
10
665.709
20
20.222
30
0
11
665.826
21
20.204
31
0
0
LINE
5
34D
330
C
100
AcDbEntity
8
0
100
AcDbLine
10
665.826
20
20.204
30
0
11
665.94
21
20.18
31
0
0
LINE
5
34E
330
C
100
AcDbEntity
8
0
100
AcDbLine
10
665.94
20
20.18
30
0
11
666.049
21
20.151
31
0
0
LINE
5
34F
330
C
100
AcDbEntity
8
0
100
AcDbLine
10
666.049
20
20.151
30
0
11
666.155
21
20.117
31
0
0
LINE
5
350
330
C
100
AcDbEntity
8
0
100
AcDbLine
10
666.155
20
20.117
30
0
11
666.257
21
20.077
31
0
0
LINE
5
351
330
C
100
AcDbEntity
8
0
100
AcDbLine
10
666.257
20
20.077
30
0
11
666.355
21
20.032
31
0
0
LINE
5
352
330
C
100
AcDbEntity
8
0
100
AcDbLine
10
666.355
20
20.032
30
0
11
666.45
21
19.982
31
0
0
LINE
5
353
330
C
100
AcDbEntity
8
0
100
AcDbLine
10
666.45
20
19.982
30
0
11
666.54
21
19.927
31
0
0
LINE
5
354
330
C
100
AcDbEntity
8
0
100
AcDbLine
10
666.54
20
19.927
30
0
11
666.627
21
19.869
31
0
0
LINE
5
355
330
C
100
AcDbEntity
8
0
100
AcDbLine
10
666.627
20
19.869
30
0
11
666.711
21
19.807
31
0
0
LINE
5
356
330
C
100
AcDbEntity
8
0
100
AcDbLine
10
666.711
20
19.807
30
0
11
666.791
21
19.741
31
0
0
LINE
5
357
330
C
100
AcDbEntity
8
0
100
AcDbLine
10
666.791
20
19.741
30
0
11
666.867
21
19.672
31
0
0
LINE
5
358
330
C
100
AcDbEntity
8
0
100
AcDbLine
10
666.867
20
19.672
30
0
11
666.939
21
19.598
31
0
0
LINE
5
359
330
C
100
AcDbEntity
8
0
100
AcDbLine
10
666.939
20
19.598
30
0
11
667.008
21
19.521
31
0
0
LINE
5
35A
330
C
100
AcDbEntity
8
0
100
AcDbLine
10
667.008
20
19.521
30
0
11
667.074
21
19.441
31
0
0
LINE
5
35B
330
C
100
AcDbEntity
8
0
100
AcDbLine
10
667.074
20
19.441
30
0
11
667.136
21
19.356
31
0
0
LINE
5
35C
330
C
100
AcDbEntity
8
0
100
AcDbLine
10
667.136
20
19.356
30
0
11
667.194
21
19.268
31
0
0
LINE
5
35D
330
C
100
AcDbEntity
8
0
100
AcDbLine
10
667.194
20
19.268
30
0
11
667.248
21
19.177
31
0
0
LINE
5
35E
330
C
100
AcDbEntity
8
0
100
AcDbLine
10
667.248
20
19.177
30
0
11
667.3
21
19.083
31
0
0
LINE
5
35F
330
C
100
AcDbEntity
8
0
100
AcDbLine
10
667.3
20
19.083
30
0
11
667.348
21
18.987
31
0
0
LINE
5
360
330
C
100
AcDbEntity
8
0
100
AcDbLine
10
667.348
20
18.987
30
0
11
667.392
21
18.889
31
0
0
LINE
5
361
330
C
100
AcDbEntity
8
0
100
AcDbLine
10
667.392
20
18.889
30
0
11
667.433
21
18.789
31
0
0
LINE
5
362
330
C
100
AcDbEntity
8
0
100
AcDbLine
10
667.433
20
18.789
30
0
11
667.471
21
18.686
31
0
0
LINE
5
363
330
C
100
AcDbEntity
8
0
100
AcDbLine
10
667.471
20
18.686
30
0
11
667.505
21
18.581
31
0
0
LINE
5
364
330
C
100
AcDbEntity
8
0
100
AcDbLine
10
667.505
20
18.581
30
0
11
667.536
21
18.473
31
0
0
LINE
5
365
330
C
100
AcDbEntity
8
0
100
AcDbLine
10
667.536
20
18.473
30
0
11
667.563
21
18.363
31
0
0
LINE
5
366
330
C
100
AcDbEntity
8
0
100
AcDbLine
10
667.563
20
18.363
30
0
11
667.587
21
18.251
31
0
0
LINE
5
367
330
C
100
AcDbEntity
8
0
100
AcDbLine
10
667.587
20
18.251
30
0
11
667.607
21
18.137
31
0
0
LINE
5
368
330
C
100
AcDbEntity
8
0
100
AcDbLine
10
667.607
20
18.137
30
0
11
667.625
21
18.023
31
0
0
LINE
5
369
330
C
100
AcDbEntity
8
0
100
AcDbLine
10
667.625
20
18.023
30
0
11
667.639
21
17.907
31
0
0
LINE
5
36A
330
C
100
AcDbEntity
8
0
100
AcDbLine
10
667.639
20
17.907
30
0
11
667.65
21
17.791
31
0
0
LINE
5
36B
330
C
100
AcDbEntity
8
0
100
AcDbLine
10
667.65
20
17.791
30
0
11
667.658
21
17.674
31
0
0
LINE
5
36C
330
C
100
AcDbEntity
8
0
100
AcDbLine
10
667.658
20
17.674
30
0
11
667.663
21
17.557
31
0
0
LINE
5
36D
330
C
100
AcDbEntity
8
0
100
AcDbLine
10
667.663
20
17.557
30
0
11
667.664
21
17.438
31
0
0
LINE
5
36E
330
C
100
AcDbEntity
8
0
100
AcDbLine
10
667.664
20
17.438
30
0
11
667.663
21
17.319
31
0
0
LINE
5
36F
330
C
100
AcDbEntity
8
0
100
AcDbLine
10
667.663
20
17.319
30
0
11
667.658
21
17.199
31
0
0
LINE
5
370
330
C
100
AcDbEntity
8
0
100
AcDbLine
10
667.658
20
17.199
30
0
11
667.65
21
17.078
31
0
0
LINE
5
371
330
C
100
AcDbEntity
8
0
100
AcDbLine
10
667.65
20
17.078
30
0
11
667.65
21
17.078
31
0
0
LINE
5
372
330
C
100
AcDbEntity
8
0
100
AcDbLine
10
667.65
20
17.078
30
0
11
663.498
21
17.078
31
0
0
LINE
5
373
330
C
100
AcDbEntity
8
0
100
AcDbLine
10
663.498
20
17.078
30
0
11
663.498
21
17.654
31
0
0
LINE
5
374
330
C
100
AcDbEntity
8
0
100
AcDbLine
10
663.498
20
17.654
30
0
11
667.032
21
17.654
31
0
0
LINE
5
375
330
C
100
AcDbEntity
8
0
100
AcDbLine
10
667.032
20
17.654
30
0
11
666.756
21
17.474
31
0
0
LINE
5
376
330
C
100
AcDbEntity
8
0
100
AcDbLine
10
666.756
20
17.474
30
0
11
666.759
21
17.545
31
0
0
LINE
5
377
330
C
100
AcDbEntity
8
0
100
AcDbLine
10
666.759
20
17.545
30
0
11
666.76
21
17.616
31
0
0
LINE
5
378
330
C
100
AcDbEntity
8
0
100
AcDbLine
10
666.76
20
17.616
30
0
11
666.76
21
17.686
31
0
0
LINE
5
379
330
C
100
AcDbEntity
8
0
100
AcDbLine
10
666.76
20
17.686
30
0
11
666.758
21
17.757
31
0
0
LINE
5
37A
330
C
100
AcDbEntity
8
0
100
AcDbLine
10
666.758
20
17.757
30
0
11
666.755
21
17.828
31
0
0
LINE
5
37B
330
C
100
AcDbEntity
8
0
100
AcDbLine
10
666.755
20
17.828
30
0
11
666.75
21
17.899
31
0
0
LINE
5
37C
330
C
100
AcDbEntity
8
0
100
AcDbLine
10
666.75
20
17.899
30
0
11
666.744
21
17.97
31
0
0
LINE
5
37D
330
C
100
AcDbEntity
8
0
100
AcDbLine
10
666.744
20
17.97
30
0
11
666.737
21
18.04
31
0
0
LINE
5
37E
330
C
100
AcDbEntity
8
0
100
AcDbLine
10
666.737
20
18.04
30
0
11
666.727
21
18.111
31
0
0
LINE
5
37F
330
C
100
AcDbEntity
8
0
100
AcDbLine
10
666.727
20
18.111
30
0
11
666.717
21
18.182
31
0
0
LINE
5
380
330
C
100
AcDbEntity
8
0
100
AcDbLine
10
666.717
20
18.182
30
0
11
666.704
21
18.252
31
0
0
LINE
5
381
330
C
100
AcDbEntity
8
0
100
AcDbLine
10
666.704
20
18.252
30
0
11
666.69
21
18.321
31
0
0
LINE
5
382
330
C
100
AcDbEntity
8
0
100
AcDbLine
10
666.69
20
18.321
30
0
11
666.674
21
18.389
31
0
0
LINE
5
383
330
C
100
AcDbEntity
8
0
100
AcDbLine
10
666.674
20
18.389
30
0
11
666.655
21
18.456
31
0
0
LINE
5
384
330
C
100
AcDbEntity
8
0
100
AcDbLine
10
666.655
20
18.456
30
0
11
666.635
21
18.522
31
0
0
LINE
5
385
330
C
100
AcDbEntity
8
0
100
AcDbLine
10
666.635
20
18.522
30
0
11
666.613
21
18.586
31
0
0
LINE
5
386
330
C
100
AcDbEntity
8
0
100
AcDbLine
10
666.613
20
18.586
30
0
11
666.588
21
18.65
31
0
0
LINE
5
387
330
C
100
AcDbEntity
8
0
100
AcDbLine
10
666.588
20
18.65
30
0
11
666.562
21
18.712
31
0
0
LINE
5
388
330
C
100
AcDbEntity
8
0
100
AcDbLine
10
666.562
20
18.712
30
0
11
666.534
21
18.773
31
0
0
LINE
5
389
330
C
100
AcDbEntity
8
0
100
AcDbLine
10
666.534
20
18.773
30
0
11
666.504
21
18.833
31
0
0
LINE
5
38A
330
C
100
AcDbEntity
8
0
100
AcDbLine
10
666.504
20
18.833
30
0
11
666.471
21
18.891
31
0
0
LINE
5
38B
330
C
100
AcDbEntity
8
0
100
AcDbLine
10
666.471
20
18.891
30
0
11
666.436
21
18.947
31
0
0
LINE
5
38C
330
C
100
AcDbEntity
8
0
100
AcDbLine
10
666.436
20
18.947
30
0
11
666.399
21
19.001
31
0
0
LINE
5
38D
330
C
100
AcDbEntity
8
0
100
AcDbLine
10
666.399
20
19.001
30
0
11
666.359
21
19.052
31
0
0
LINE
5
38E
330
C
100
AcDbEntity
8
0
100
AcDbLine
10
666.359
20
19.052
30
0
11
666.316
21
19.101
31
0
0
LINE
5
38F
330
C
100
AcDbEntity
8
0
100
AcDbLine
10
666.316
20
19.101
30
0
11
666.271
21
19.147
31
0
0
LINE
5
390
330
C
100
AcDbEntity
8
0
100
AcDbLine
10
666.271
20
19.147
30
0
11
666.224
21
19.191
31
0
0
LINE
5
391
330
C
100
AcDbEntity
8
0
100
AcDbLine
10
666.224
20
19.191
30
0
11
666.174
21
19.233
31
0
0
LINE
5
392
330
C
100
AcDbEntity
8
0
100
AcDbLine
10
666.174
20
19.233
30
0
11
666.121
21
19.273
31
0
0
LINE
5
393
330
C
100
AcDbEntity
8
0
100
AcDbLine
10
666.121
20
19.273
30
0
11
666.066
21
19.31
31
0
0
LINE
5
394
330
C
100
AcDbEntity
8
0
100
AcDbLine
10
666.066
20
19.31
30
0
11
666.008
21
19.344
31
0
0
LINE
5
395
330
C
100
AcDbEntity
8
0
100
AcDbLine
10
666.008
20
19.344
30
0
11
665.947
21
19.375
31
0
0
LINE
5
396
330
C
100
AcDbEntity
8
0
100
AcDbLine
10
665.947
20
19.375
30
0
11
665.883
21
19.402
31
0
0
LINE
5
397
330
C
100
AcDbEntity
8
0
100
AcDbLine
10
665.883
20
19.402
30
0
11
665.815
21
19.425
31
0
0
LINE
5
398
330
C
100
AcDbEntity
8
0
100
AcDbLine
10
665.815
20
19.425
30
0
11
665.745
21
19.445
31
0
0
LINE
5
399
330
C
100
AcDbEntity
8
0
100
AcDbLine
10
665.745
20
19.445
30
0
11
665.671
21
19.461
31
0
0
LINE
5
39A
330
C
100
AcDbEntity
8
0
100
AcDbLine
10
665.671
20
19.461
30
0
11
665.595
21
19.474
31
0
0
LINE
5
39B
330
C
100
AcDbEntity
8
0
100
AcDbLine
10
665.595
20
19.474
30
0
11
665.515
21
19.483
31
0
0
LINE
5
39C
330
C
100
AcDbEntity
8
0
100
AcDbLine
10
665.515
20
19.483
30
0
11
665.432
21
19.488
31
0
0
LINE
5
39D
330
C
100
AcDbEntity
8
0
100
AcDbLine
10
665.432
20
19.488
30
0
11
665.346
21
19.49
31
0
0
LINE
5
39E
330
C
100
AcDbEntity
8
0
100
AcDbLine
10
665.346
20
19.49
30
0
11
665.346
21
19.49
31
0
0
LINE
5
39F
330
C
100
AcDbEntity
8
0
100
AcDbLine
10
665.346
20
19.49
30
0
11
665.237
21
19.487
31
0
0
LINE
5
3A0
330
C
100
AcDbEntity
8
0
100
AcDbLine
10
665.237
20
19.487
30
0
11
665.132
21
19.479
31
0
0
LINE
5
3A1
330
C
100
AcDbEntity
8
0
100
AcDbLine
10
665.132
20
19.479
30
0
11
665.031
21
19.465
31
0
0
LINE
5
3A2
330
C
100
AcDbEntity
8
0
100
AcDbLine
10
665.031
20
19.465
30
0
11
664.933
21
19.445
31
0
0
LINE
5
3A3
330
C
100
AcDbEntity
8
0
100
AcDbLine
10
664.933
20
19.445
30
0
11
664.839
21
19.419
31
0
0
LINE
5
3A4
330
C
100
AcDbEntity
8
0
100
AcDbLine
10
664.839
20
19.419
30
0
11
664.748
21
19.388
31
0
0
LINE
5
3A5
330
C
100
AcDbEntity
8
0
100
AcDbLine
10
664.748
20
19.388
30
0
11
664.661
21
19.352
31
0
0
LINE
5
3A6
330
C
100
AcDbEntity
8
0
100
AcDbLine
10
664.661
20
19.352
30
0
11
664.578
21
19.31
31
0
0
LINE
5
3A7
330
C
100
AcDbEntity
8
0
100
AcDbLine
10
664.578
20
19.31
30
0
11
664.498
21
19.262
31
0
0
LINE
5
3A8
330
C
100
AcDbEntity
8
0
100
AcDbLine
10
664.498
20
19.262
30
0
11
664.422
21
19.208
31
0
0
LINE
5
3A9
330
C
100
AcDbEntity
8
0
100
AcDbLine
10
664.422
20
19.208
30
0
11
664.349
21
19.15
31
0
0
LINE
5
3AA
330
C
100
AcDbEntity
8
0
100
AcDbLine
10
664.349
20
19.15
30
0
11
664.28
21
19.088
31
0
0
LINE
5
3AB
330
C
100
AcDbEntity
8
0
100
AcDbLine
10
664.28
20
19.088
30
0
11
664.215
21
19.023
31
0
0
LINE
5
3AC
330
C
100
AcDbEntity
8
0
100
AcDbLine
10
664.215
20
19.023
30
0
11
664.154
21
18.954
31
0
0
LINE
5
3AD
330
C
100
AcDbEntity
8
0
100
AcDbLine
10
664.154
20
18.954
30
0
11
664.096
21
18.882
31
0
0
LINE
5
3AE
330
C
100
AcDbEntity
8
0
100
AcDbLine
10
664.096
20
18.882
30
0
11
664.042
21
18.806
31
0
0
LINE
5
3AF
330
C
100
AcDbEntity
8
0
100
AcDbLine
10
664.042
20
18.806
30
0
11
663.992
21
18.726
31
0
0
LINE
5
3B0
330
C
100
AcDbEntity
8
0
100
AcDbLine
10
663.992
20
18.726
30
0
11
663.946
21
18.644
31
0
0
LINE
5
3B1
330
C
100
AcDbEntity
8
0
100
AcDbLine
10
663.946
20
18.644
30
0
11
663.903
21
18.557
31
0
0
LINE
5
3B2
330
C
100
AcDbEntity
8
0
100
AcDbLine
10
663.903
20
18.557
30
0
11
663.864
21
18.467
31
0
0
LINE
5
3B3
330
C
100
AcDbEntity
8
0
100
AcDbLine
10
663.864
20
18.467
30
0
11
663.828
21
18.374
31
0
0
LINE
5
3B4
330
C
100
AcDbEntity
8
0
100
AcDbLine
10
663.828
20
18.374
30
0
11
663.797
21
18.28
31
0
0
LINE
5
3B5
330
C
100
AcDbEntity
8
0
100
AcDbLine
10
663.797
20
18.28
30
0
11
663.769
21
18.185
31
0
0
LINE
5
3B6
330
C
100
AcDbEntity
8
0
100
AcDbLine
10
663.769
20
18.185
30
0
11
663.745
21
18.088
31
0
0
LINE
5
3B7
330
C
100
AcDbEntity
8
0
100
AcDbLine
10
663.745
20
18.088
30
0
11
663.724
21
17.989
31
0
0
LINE
5
3B8
330
C
100
AcDbEntity
8
0
100
AcDbLine
10
663.724
20
17.989
30
0
11
663.708
21
17.889
31
0
0
LINE
5
3B9
330
C
100
AcDbEntity
8
0
100
AcDbLine
10
663.708
20
17.889
30
0
11
663.694
21
17.788
31
0
0
LINE
5
3BA
330
C
100
AcDbEntity
8
0
100
AcDbLine
10
663.694
20
17.788
30
0
11
663.685
21
17.685
31
0
0
LINE
5
3BB
330
C
100
AcDbEntity
8
0
100
AcDbLine
10
663.685
20
17.685
30
0
11
663.68
21
17.58
31
0
0
LINE
5
3BC
330
C
100
AcDbEntity
8
0
100
AcDbLine
10
663.68
20
17.58
30
0
11
663.678
21
17.474
31
0
0
LINE
5
3BD
330
C
100
AcDbEntity
8
0
100
AcDbLine
10
663.678
20
17.474
30
0
11
663.678
21
17.474
31
0
0
LINE
5
3BE
330
C
100
AcDbEntity
8
0
100
AcDbLine
10
663.678
20
17.474
30
0
11
663.678
21
17.09
31
0
0
LINE
5
3BF
330
C
100
AcDbEntity
8
0
100
AcDbLine
10
663.678
20
17.09
30
0
11
663.68
21
16.971
31
0
0
LINE
5
3C0
330
C
100
AcDbEntity
8
0
100
AcDbLine
10
663.68
20
16.971
30
0
11
663.685
21
16.855
31
0
0
LINE
5
3C1
330
C
100
AcDbEntity
8
0
100
AcDbLine
10
663.685
20
16.855
30
0
11
663.694
21
16.741
31
0
0
LINE
5
3C2
330
C
100
AcDbEntity
8
0
100
AcDbLine
10
663.694
20
16.741
30
0
11
663.707
21
16.63
31
0
0
LINE
5
3C3
330
C
100
AcDbEntity
8
0
100
AcDbLine
10
663.707
20
16.63
30
0
11
663.724
21
16.521
31
0
0
LINE
5
3C4
330
C
100
AcDbEntity
8
0
100
AcDbLine
10
663.724
20
16.521
30
0
11
663.744
21
16.415
31
0
0
LINE
5
3C5
330
C
100
AcDbEntity
8
0
100
AcDbLine
10
663.744
20
16.415
30
0
11
663.767
21
16.312
31
0
0
LINE
5
3C6
330
C
100
AcDbEntity
8
0
100
AcDbLine
10
663.767
20
16.312
30
0
11
663.795
21
16.211
31
0
0
LINE
5
3C7
330
C
100
AcDbEntity
8
0
100
AcDbLine
10
663.795
20
16.211
30
0
11
663.826
21
16.112
31
0
0
LINE
5
3C8
330
C
100
AcDbEntity
8
0
100
AcDbLine
10
663.826
20
16.112
30
0
11
663.861
21
16.016
31
0
0
LINE
5
3C9
330
C
100
AcDbEntity
8
0
100
AcDbLine
10
663.861
20
16.016
30
0
11
663.899
21
15.923
31
0
0
LINE
5
3CA
330
C
100
AcDbEntity
8
0
100
AcDbLine
10
663.899
20
15.923
30
0
11
663.941
21
15.834
31
0
0
LINE
5
3CB
330
C
100
AcDbEntity
8
0
100
AcDbLine
10
663.941
20
15.834
30
0
11
663.987
21
15.749
31
0
0
LINE
5
3CC
330
C
100
AcDbEntity
8
0
100
AcDbLine
10
663.987
20
15.749
30
0
11
664.036
21
15.668
31
0
0
LINE
5
3CD
330
C
100
AcDbEntity
8
0
100
AcDbLine
10
664.036
20
15.668
30
0
11
664.09
21
15.591
31
0
0
LINE
5
3CE
330
C
100
AcDbEntity
8
0
100
AcDbLine
10
664.09
20
15.591
30
0
11
664.146
21
15.518
31
0
0
LINE
5
3CF
330
C
100
AcDbEntity
8
0
100
AcDbLine
10
664.146
20
15.518
30
0
11
664.207
21
15.449
31
0
0
LINE
5
3D0
330
C
100
AcDbEntity
8
0
100
AcDbLine
10
664.207
20
15.449
30
0
11
664.271
21
15.384
31
0
0
LINE
5
3D1
330
C
100
AcDbEntity
8
0
100
AcDbLine
10
664.271
20
15.384
30
0
11
664.338
21
15.323
31
0
0
LINE
5
3D2
330
C
100
AcDbEntity
8
0
100
AcDbLine
10
664.338
20
15.323
30
0
11
664.41
21
15.266
31
0
0
LINE
5
3D3
330
C
100
AcDbEntity
8
0
100
AcDbLine
10
664.41
20
15.266
30
0
11
664.485
21
15.214
31
0
0
LINE
5
3D4
330
C
100
AcDbEntity
8
0
100
AcDbLine
10
664.485
20
15.214
30
0
11
664.564
21
15.167
31
0
0
LINE
5
3D5
330
C
100
AcDbEntity
8
0
100
AcDbLine
10
664.564
20
15.167
30
0
11
664.647
21
15.125
31
0
0
LINE
5
3D6
330
C
100
AcDbEntity
8
0
100
AcDbLine
10
664.647
20
15.125
30
0
11
664.733
21
15.089
31
0
0
LINE
5
3D7
330
C
100
AcDbEntity
8
0
100
AcDbLine
10
664.733
20
15.089
30
0
11
664.824
21
15.059
31
0
0
LINE
5
3D8
330
C
100
AcDbEntity
8
0
100
AcDbLine
10
664.824
20
15.059
30
0
11
664.918
21
15.034
31
0
0
LINE
5
3D9
330
C
100
AcDbEntity
8
0
100
AcDbLine
10
664.918
20
15.034
30
0
11
665.016
21
15.015
31
0
0
LINE
5
3DA
330
C
100
AcDbEntity
8
0
100
AcDbLine
10
665.016
20
15.015
30
0
11
665.118
21
15.001
31
0
0
LINE
5
3DB
330
C
100
AcDbEntity
8
0
100
AcDbLine
10
665.118
20
15.001
30
0
11
665.224
21
14.993
31
0
0
LINE
5
3DC
330
C
100
AcDbEntity
8
0
100
AcDbLine
10
665.224
20
14.993
30
0
11
665.334
21
14.99
31
0
0
LINE
5
3DD
330
C
100
AcDbEntity
8
0
100
AcDbLine
10
665.334
20
14.99
30
0
11
665.334
21
14.99
31
0
0
LINE
5
3DE
330
C
100
AcDbEntity
8
0
100
AcDbLine
10
665.334
20
14.99
30
0
11
665.443
21
14.993
31
0
0
LINE
5
3DF
330
C
100
AcDbEntity
8
0
100
AcDbLine
10
665.443
20
14.993
30
0
11
665.549
21
15.001
31
0
0
LINE
5
3E0
330
C
100
AcDbEntity
8
0
100
AcDbLine
10
665.549
20
15.001
30
0
11
665.651
21
15.014
31
0
0
LINE
5
3E1
330
C
100
AcDbEntity
8
0
100
AcDbLine
10
665.651
20
15.014
30
0
11
665.748
21
15.033
31
0
0
LINE
5
3E2
330
C
100
AcDbEntity
8
0
100
AcDbLine
10
665.748
20
15.033
30
0
11
665.842
21
15.057
31
0
0
LINE
5
3E3
330
C
100
AcDbEntity
8
0
100
AcDbLine
10
665.842
20
15.057
30
0
11
665.932
21
15.087
31
0
0
LINE
5
3E4
330
C
100
AcDbEntity
8
0
100
AcDbLine
10
665.932
20
15.087
30
0
11
666.018
21
15.122
31
0
0
LINE
5
3E5
330
C
100
AcDbEntity
8
0
100
AcDbLine
10
666.018
20
15.122
30
0
11
666.1
21
15.163
31
0
0
LINE
5
3E6
330
C
100
AcDbEntity
8
0
100
AcDbLine
10
666.1
20
15.163
30
0
11
666.178
21
15.209
31
0
0
LINE
5
3E7
330
C
100
AcDbEntity
8
0
100
AcDbLine
10
666.178
20
15.209
30
0
11
666.252
21
15.26
31
0
0
LINE
5
3E8
330
C
100
AcDbEntity
8
0
100
AcDbLine
10
666.252
20
15.26
30
0
11
666.321
21
15.317
31
0
0
LINE
5
3E9
330
C
100
AcDbEntity
8
0
100
AcDbLine
10
666.321
20
15.317
30
0
11
666.384
21
15.378
31
0
0
LINE
5
3EA
330
C
100
AcDbEntity
8
0
100
AcDbLine
10
666.384
20
15.378
30
0
11
666.442
21
15.445
31
0
0
LINE
5
3EB
330
C
100
AcDbEntity
8
0
100
AcDbLine
10
666.442
20
15.445
30
0
11
666.495
21
15.517
31
0
0
LINE
5
3EC
330
C
100
AcDbEntity
8
0
100
AcDbLine
10
666.495
20
15.517
30
0
11
666.541
21
15.595
31
0
0
LINE
5
3ED
330
C
100
AcDbEntity
8
0
100
AcDbLine
10
666.541
20
15.595
30
0
11
666.582
21
15.677
31
0
0
LINE
5
3EE
330
C
100
AcDbEntity
8
0
100
AcDbLine
10
666.582
20
15.677
30
0
11
666.618
21
15.764
31
0
0
LINE
5
3EF
330
C
100
AcDbEntity
8
0
100
AcDbLine
10
666.618
20
15.764
30
0
11
666.647
21
15.857
31
0
0
LINE
5
3F0
330
C
100
AcDbEntity
8
0
100
AcDbLine
10
666.647
20
15.857
30
0
11
666.671
21
15.955
31
0
0
LINE
5
3F1
330
C
100
AcDbEntity
8
0
100
AcDbLine
10
666.671
20
15.955
30
0
11
666.69
21
16.058
31
0
0
LINE
5
3F2
330
C
100
AcDbEntity
8
0
100
AcDbLine
10
666.69
20
16.058
30
0
11
666.69
21
16.058
31
0
0
LINE
5
3F3
330
C
100
AcDbEntity
8
0
100
AcDbLine
10
666.69
20
16.058
30
0
11
667.662
21
16.058
31
0
0
LINE
5
3F4
330
C
100
AcDbEntity
8
0
100
AcDbLine
10
667.662
20
16.058
30
0
11
667.641
21
15.946
31
0
0
LINE
5
3F5
330
C
100
AcDbEntity
8
0
100
AcDbLine
10
667.641
20
15.946
30
0
11
667.617
21
15.836
31
0
0
LINE
5
3F6
330
C
100
AcDbEntity
8
0
100
AcDbLine
10
667.617
20
15.836
30
0
11
667.587
21
15.73
31
0
0
LINE
5
3F7
330
C
100
AcDbEntity
8
0
100
AcDbLine
10
667.587
20
15.73
30
0
11
667.553
21
15.627
31
0
0
LINE
5
3F8
330
C
100
AcDbEntity
8
0
100
AcDbLine
10
667.553
20
15.627
30
0
11
667.515
21
15.528
31
0
0
LINE
5
3F9
330
C
100
AcDbEntity
8
0
100
AcDbLine
10
667.515
20
15.528
30
0
11
667.472
21
15.431
31
0
0
LINE
5
3FA
330
C
100
AcDbEntity
8
0
100
AcDbLine
10
667.472
20
15.431
30
0
11
667.424
21
15.338
31
0
0
LINE
5
3FB
330
C
100
AcDbEntity
8
0
100
AcDbLine
10
667.424
20
15.338
30
0
11
667.372
21
15.248
31
0
0
LINE
5
3FC
330
C
100
AcDbEntity
8
0
100
AcDbLine
10
667.372
20
15.248
30
0
11
667.315
21
15.161
31
0
0
LINE
5
3FD
330
C
100
AcDbEntity
8
0
100
AcDbLine
10
667.315
20
15.161
30
0
11
667.254
21
15.077
31
0
0
LINE
5
3FE
330
C
100
AcDbEntity
8
0
100
AcDbLine
10
667.254
20
15.077
30
0
11
667.188
21
14.997
31
0
0
LINE
5
3FF
330
C
100
AcDbEntity
8
0
100
AcDbLine
10
667.188
20
14.997
30
0
11
667.12
21
14.92
31
0
0
LINE
5
400
330
C
100
AcDbEntity
8
0
100
AcDbLine
10
667.12
20
14.92
30
0
11
667.047
21
14.847
31
0
0
LINE
5
401
330
C
100
AcDbEntity
8
0
100
AcDbLine
10
667.047
20
14.847
30
0
11
666.972
21
14.778
31
0
0
LINE
5
402
330
C
100
AcDbEntity
8
0
100
AcDbLine
10
666.972
20
14.778
30
0
11
666.892
21
14.713
31
0
0
LINE
5
403
330
C
100
AcDbEntity
8
0
100
AcDbLine
10
666.892
20
14.713
30
0
11
666.81
21
14.652
31
0
0
LINE
5
404
330
C
100
AcDbEntity
8
0
100
AcDbLine
10
666.81
20
14.652
30
0
11
666.723
21
14.594
31
0
0
LINE
5
405
330
C
100
AcDbEntity
8
0
100
AcDbLine
10
666.723
20
14.594
30
0
11
666.634
21
14.54
31
0
0
LINE
5
406
330
C
100
AcDbEntity
8
0
100
AcDbLine
10
666.634
20
14.54
30
0
11
666.54
21
14.49
31
0
0
LINE
5
407
330
C
100
AcDbEntity
8
0
100
AcDbLine
10
666.54
20
14.49
30
0
11
666.444
21
14.444
31
0
0
LINE
5
408
330
C
100
AcDbEntity
8
0
100
AcDbLine
10
666.444
20
14.444
30
0
11
666.344
21
14.402
31
0
0
LINE
5
409
330
C
100
AcDbEntity
8
0
100
AcDbLine
10
666.344
20
14.402
30
0
11
666.242
21
14.364
31
0
0
LINE
5
40A
330
C
100
AcDbEntity
8
0
100
AcDbLine
10
666.242
20
14.364
30
0
11
666.137
21
14.331
31
0
0
LINE
5
40B
330
C
100
AcDbEntity
8
0
100
AcDbLine
10
666.137
20
14.331
30
0
11
666.03
21
14.302
31
0
0
LINE
5
40C
330
C
100
AcDbEntity
8
0
100
AcDbLine
10
666.03
20
14.302
30
0
11
665.92
21
14.277
31
0
0
LINE
5
40D
330
C
100
AcDbEntity
8
0
100
AcDbLine
10
665.92
20
14.277
30
0
11
665.808
21
14.258
31
0
0
LINE
5
40E
330
C
100
AcDbEntity
8
0
100
AcDbLine
10
665.808
20
14.258
30
0
11
665.693
21
14.242
31
0
0
LINE
5
40F
330
C
100
AcDbEntity
8
0
100
AcDbLine
10
665.693
20
14.242
30
0
11
665.576
21
14.231
31
0
0
LINE
5
410
330
C
100
AcDbEntity
8
0
100
AcDbLine
10
665.576
20
14.231
30
0
11
665.456
21
14.224
31
0
0
LINE
5
411
330
C
100
AcDbEntity
8
0
100
AcDbLine
10
665.456
20
14.224
30
0
11
665.334
21
14.222
31
0
0
LINE
5
412
330
C
100
AcDbEntity
8
0
100
AcDbLine
10
665.334
20
14.222
30
0
11
665.334
21
14.222
31
0
0
LINE
5
413
330
C
100
AcDbEntity
8
0
100
AcDbLine
10
671.856
20
14.222
30
0
11
671.856
21
14.222
31
0
0
LINE
5
414
330
C
100
AcDbEntity
8
0
100
AcDbLine
10
671.856
20
14.222
30
0
11
671.68
21
14.226
31
0
0
LINE
5
415
330
C
100
AcDbEntity
8
0
100
AcDbLine
10
671.68
20
14.226
30
0
11
671.51
21
14.239
31
0
0
LINE
5
416
330
C
100
AcDbEntity
8
0
100
AcDbLine
10
671.51
20
14.239
30
0
11
671.343
21
14.261
31
0
0
LINE
5
417
330
C
100
AcDbEntity
8
0
100
AcDbLine
10
671.343
20
14.261
30
0
11
671.181
21
14.291
31
0
0
LINE
5
418
330
C
100
AcDbEntity
8
0
100
AcDbLine
10
671.181
20
14.291
30
0
11
671.024
21
14.33
31
0
0
LINE
5
419
330
C
100
AcDbEntity
8
0
100
AcDbLine
10
671.024
20
14.33
30
0
11
670.871
21
14.378
31
0
0
LINE
5
41A
330
C
100
AcDbEntity
8
0
100
AcDbLine
10
670.871
20
14.378
30
0
11
670.723
21
14.434
31
0
0
LINE
5
41B
330
C
100
AcDbEntity
8
0
100
AcDbLine
10
670.723
20
14.434
30
0
11
670.579
21
14.498
31
0
0
LINE
5
41C
330
C
100
AcDbEntity
8
0
100
AcDbLine
10
670.579
20
14.498
30
0
11
670.44
21
14.572
31
0
0
LINE
5
41D
330
C
100
AcDbEntity
8
0
100
AcDbLine
10
670.44
20
14.572
30
0
11
670.305
21
14.654
31
0
0
LINE
5
41E
330
C
100
AcDbEntity
8
0
100
AcDbLine
10
670.305
20
14.654
30
0
11
670.175
21
14.745
31
0
0
LINE
5
41F
330
C
100
AcDbEntity
8
0
100
AcDbLine
10
670.175
20
14.745
30
0
11
670.051
21
14.844
31
0
0
LINE
5
420
330
C
100
AcDbEntity
8
0
100
AcDbLine
10
670.051
20
14.844
30
0
11
669.933
21
14.953
31
0
0
LINE
5
421
330
C
100
AcDbEntity
8
0
100
AcDbLine
10
669.933
20
14.953
30
0
11
669.821
21
15.07
31
0
0
LINE
5
422
330
C
100
AcDbEntity
8
0
100
AcDbLine
10
669.821
20
15.07
30
0
11
669.715
21
15.195
31
0
0
LINE
5
423
330
C
100
AcDbEntity
8
0
100
AcDbLine
10
669.715
20
15.195
30
0
11
669.615
21
15.33
31
0
0
LINE
5
424
330
C
100
AcDbEntity
8
0
100
AcDbLine
10
669.615
20
15.33
30
0
11
669.521
21
15.473
31
0
0
LINE
5
425
330
C
100
AcDbEntity
8
0
100
AcDbLine
10
669.521
20
15.473
30
0
11
669.432
21
15.626
31
0
0
LINE
5
426
330
C
100
AcDbEntity
8
0
100
AcDbLine
10
669.432
20
15.626
30
0
11
669.349
21
15.786
31
0
0
LINE
5
427
330
C
100
AcDbEntity
8
0
100
AcDbLine
10
669.349
20
15.786
30
0
11
669.273
21
15.956
31
0
0
LINE
5
428
330
C
100
AcDbEntity
8
0
100
AcDbLine
10
669.273
20
15.956
30
0
11
669.203
21
16.134
31
0
0
LINE
5
429
330
C
100
AcDbEntity
8
0
100
AcDbLine
10
669.203
20
16.134
30
0
11
669.14
21
16.322
31
0
0
LINE
5
42A
330
C
100
AcDbEntity
8
0
100
AcDbLine
10
669.14
20
16.322
30
0
11
669.085
21
16.517
31
0
0
LINE
5
42B
330
C
100
AcDbEntity
8
0
100
AcDbLine
10
669.085
20
16.517
30
0
11
669.037
21
16.722
31
0
0
LINE
5
42C
330
C
100
AcDbEntity
8
0
100
AcDbLine
10
669.037
20
16.722
30
0
11
668.996
21
16.936
31
0
0
LINE
5
42D
330
C
100
AcDbEntity
8
0
100
AcDbLine
10
668.996
20
16.936
30
0
11
668.963
21
17.158
31
0
0
LINE
5
42E
330
C
100
AcDbEntity
8
0
100
AcDbLine
10
668.963
20
17.158
30
0
11
668.937
21
17.389
31
0
0
LINE
5
42F
330
C
100
AcDbEntity
8
0
100
AcDbLine
10
668.937
20
17.389
30
0
11
668.919
21
17.628
31
0
0
LINE
5
430
330
C
100
AcDbEntity
8
0
100
AcDbLine
10
668.919
20
17.628
30
0
11
668.907
21
17.877
31
0
0
LINE
5
431
330
C
100
AcDbEntity
8
0
100
AcDbLine
10
668.907
20
17.877
30
0
11
668.904
21
18.134
31
0
0
LINE
5
432
330
C
100
AcDbEntity
8
0
100
AcDbLine
10
668.904
20
18.134
30
0
11
668.904
21
18.134
31
0
0
LINE
5
433
330
C
100
AcDbEntity
8
0
100
AcDbLine
10
668.904
20
18.134
30
0
11
668.907
21
18.391
31
0
0
LINE
5
434
330
C
100
AcDbEntity
8
0
100
AcDbLine
10
668.907
20
18.391
30
0
11
668.919
21
18.64
31
0
0
LINE
5
435
330
C
100
AcDbEntity
8
0
100
AcDbLine
10
668.919
20
18.64
30
0
11
668.937
21
18.879
31
0
0
LINE
5
436
330
C
100
AcDbEntity
8
0
100
AcDbLine
10
668.937
20
18.879
30
0
11
668.963
21
19.11
31
0
0
LINE
5
437
330
C
100
AcDbEntity
8
0
100
AcDbLine
10
668.963
20
19.11
30
0
11
668.996
21
19.332
31
0
0
LINE
5
438
330
C
100
AcDbEntity
8
0
100
AcDbLine
10
668.996
20
19.332
30
0
11
669.037
21
19.545
31
0
0
LINE
5
439
330
C
100
AcDbEntity
8
0
100
AcDbLine
10
669.037
20
19.545
30
0
11
669.085
21
19.749
31
0
0
LINE
5
43A
330
C
100
AcDbEntity
8
0
100
AcDbLine
10
669.085
20
19.749
30
0
11
669.14
21
19.945
31
0
0
LINE
5
43B
330
C
100
AcDbEntity
8
0
100
AcDbLine
10
669.14
20
19.945
30
0
11
669.203
21
20.131
31
0
0
LINE
5
43C
330
C
100
AcDbEntity
8
0
100
AcDbLine
10
669.203
20
20.131
30
0
11
669.273
21
20.309
31
0
0
LINE
5
43D
330
C
100
AcDbEntity
8
0
100
AcDbLine
10
669.273
20
20.309
30
0
11
669.349
21
20.478
31
0
0
LINE
5
43E
330
C
100
AcDbEntity
8
0
100
AcDbLine
10
669.349
20
20.478
30
0
11
669.432
21
20.638
31
0
0
LINE
5
43F
330
C
100
AcDbEntity
8
0
100
AcDbLine
10
669.432
20
20.638
30
0
11
669.521
21
20.79
31
0
0
LINE
5
440
330
C
100
AcDbEntity
8
0
100
AcDbLine
10
669.521
20
20.79
30
0
11
669.615
21
20.933
31
0
0
LINE
5
441
330
C
100
AcDbEntity
8
0
100
AcDbLine
10
669.615
20
20.933
30
0
11
669.715
21
21.067
31
0
0
LINE
5
442
330
C
100
AcDbEntity
8
0
100
AcDbLine
10
669.715
20
21.067
30
0
11
669.821
21
21.192
31
0
0
LINE
5
443
330
C
100
AcDbEntity
8
0
100
AcDbLine
10
669.821
20
21.192
30
0
11
669.933
21
21.308
31
0
0
LINE
5
444
330
C
100
AcDbEntity
8
0
100
AcDbLine
10
669.933
20
21.308
30
0
11
670.051
21
21.416
31
0
0
LINE
5
445
330
C
100
AcDbEntity
8
0
100
AcDbLine
10
670.051
20
21.416
30
0
11
670.175
21
21.515
31
0
0
LINE
5
446
330
C
100
AcDbEntity
8
0
100
AcDbLine
10
670.175
20
21.515
30
0
11
670.305
21
21.605
31
0
0
LINE
5
447
330
C
100
AcDbEntity
8
0
100
AcDbLine
10
670.305
20
21.605
30
0
11
670.44
21
21.687
31
0
0
LINE
5
448
330
C
100
AcDbEntity
8
0
100
AcDbLine
10
670.44
20
21.687
30
0
11
670.579
21
21.759
31
0
0
LINE
5
449
330
C
100
AcDbEntity
8
0
100
AcDbLine
10
670.579
20
21.759
30
0
11
670.723
21
21.824
31
0
0
LINE
5
44A
330
C
100
AcDbEntity
8
0
100
AcDbLine
10
670.723
20
21.824
30
0
11
670.871
21
21.88
31
0
0
LINE
5
44B
330
C
100
AcDbEntity
8
0
100
AcDbLine
10
670.871
20
21.88
30
0
11
671.024
21
21.927
31
0
0
LINE
5
44C
330
C
100
AcDbEntity
8
0
100
AcDbLine
10
671.024
20
21.927
30
0
11
671.181
21
21.965
31
0
0
LINE
5
44D
330
C
100
AcDbEntity
8
0
100
AcDbLine
10
671.181
20
21.965
30
0
11
671.343
21
21.995
31
0
0
LINE
5
44E
330
C
100
AcDbEntity
8
0
100
AcDbLine
10
671.343
20
21.995
30
0
11
671.51
21
22.017
31
0
0
LINE
5
44F
330
C
100
AcDbEntity
8
0
100
AcDbLine
10
671.51
20
22.017
30
0
11
671.68
21
22.03
31
0
0
LINE
5
450
330
C
100
AcDbEntity
8
0
100
AcDbLine
10
671.68
20
22.03
30
0
11
671.856
21
22.034
31
0
0
LINE
5
451
330
C
100
AcDbEntity
8
0
100
AcDbLine
10
671.856
20
22.034
30
0
11
671.856
21
22.034
31
0
0
LINE
5
452
330
C
100
AcDbEntity
8
0
100
AcDbLine
10
671.856
20
22.034
30
0
11
672.03
21
22.03
31
0
0
LINE
5
453
330
C
100
AcDbEntity
8
0
100
AcDbLine
10
672.03
20
22.03
30
0
11
672.2
21
22.017
31
0
0
LINE
5
454
330
C
100
AcDbEntity
8
0
100
AcDbLine
10
672.2
20
22.017
30
0
11
672.366
21
21.995
31
0
0
LINE
5
455
330
C
100
AcDbEntity
8
0
100
AcDbLine
10
672.366
20
21.995
30
0
11
672.527
21
21.965
31
0
0
LINE
5
456
330
C
100
AcDbEntity
8
0
100
AcDbLine
10
672.527
20
21.965
30
0
11
672.684
21
21.927
31
0
0
LINE
5
457
330
C
100
AcDbEntity
8
0
100
AcDbLine
10
672.684
20
21.927
30
0
11
672.836
21
21.88
31
0
0
LINE
5
458
330
C
100
AcDbEntity
8
0
100
AcDbLine
10
672.836
20
21.88
30
0
11
672.985
21
21.824
31
0
0
LINE
5
459
330
C
100
AcDbEntity
8
0
100
AcDbLine
10
672.985
20
21.824
30
0
11
673.129
21
21.759
31
0
0
LINE
5
45A
330
C
100
AcDbEntity
8
0
100
AcDbLine
10
673.129
20
21.759
30
0
11
673.268
21
21.687
31
0
0
LINE
5
45B
330
C
100
AcDbEntity
8
0
100
AcDbLine
10
673.268
20
21.687
30
0
11
673.404
21
21.605
31
0
0
LINE
5
45C
330
C
100
AcDbEntity
8
0
100
AcDbLine
10
673.404
20
21.605
30
0
11
673.534
21
21.515
31
0
0
LINE
5
45D
330
C
100
AcDbEntity
8
0
100
AcDbLine
10
673.534
20
21.515
30
0
11
673.658
21
21.416
31
0
0
LINE
5
45E
330
C
100
AcDbEntity
8
0
100
AcDbLine
10
673.658
20
21.416
30
0
11
673.777
21
21.308
31
0
0
LINE
5
45F
330
C
100
AcDbEntity
8
0
100
AcDbLine
10
673.777
20
21.308
30
0
11
673.889
21
21.192
31
0
0
LINE
5
460
330
C
100
AcDbEntity
8
0
100
AcDbLine
10
673.889
20
21.192
30
0
11
673.996
21
21.067
31
0
0
LINE
5
461
330
C
100
AcDbEntity
8
0
100
AcDbLine
10
673.996
20
21.067
30
0
11
674.096
21
20.933
31
0
0
LINE
5
462
330
C
100
AcDbEntity
8
0
100
AcDbLine
10
674.096
20
20.933
30
0
11
674.191
21
20.79
31
0
0
LINE
5
463
330
C
100
AcDbEntity
8
0
100
AcDbLine
10
674.191
20
20.79
30
0
11
674.279
21
20.638
31
0
0
LINE
5
464
330
C
100
AcDbEntity
8
0
100
AcDbLine
10
674.279
20
20.638
30
0
11
674.362
21
20.478
31
0
0
LINE
5
465
330
C
100
AcDbEntity
8
0
100
AcDbLine
10
674.362
20
20.478
30
0
11
674.439
21
20.309
31
0
0
LINE
5
466
330
C
100
AcDbEntity
8
0
100
AcDbLine
10
674.439
20
20.309
30
0
11
674.509
21
20.131
31
0
0
LINE
5
467
330
C
100
AcDbEntity
8
0
100
AcDbLine
10
674.509
20
20.131
30
0
11
674.572
21
19.945
31
0
0
LINE
5
468
330
C
100
AcDbEntity
8
0
100
AcDbLine
10
674.572
20
19.945
30
0
11
674.627
21
19.749
31
0
0
LINE
5
469
330
C
100
AcDbEntity
8
0
100
AcDbLine
10
674.627
20
19.749
30
0
11
674.675
21
19.545
31
0
0
LINE
5
46A
330
C
100
AcDbEntity
8
0
100
AcDbLine
10
674.675
20
19.545
30
0
11
674.716
21
19.332
31
0
0
LINE
5
46B
330
C
100
AcDbEntity
8
0
100
AcDbLine
10
674.716
20
19.332
30
0
11
674.749
21
19.11
31
0
0
LINE
5
46C
330
C
100
AcDbEntity
8
0
100
AcDbLine
10
674.749
20
19.11
30
0
11
674.775
21
18.879
31
0
0
LINE
5
46D
330
C
100
AcDbEntity
8
0
100
AcDbLine
10
674.775
20
18.879
30
0
11
674.793
21
18.64
31
0
0
LINE
5
46E
330
C
100
AcDbEntity
8
0
100
AcDbLine
10
674.793
20
18.64
30
0
11
674.804
21
18.391
31
0
0
LINE
5
46F
330
C
100
AcDbEntity
8
0
100
AcDbLine
10
674.804
20
18.391
30
0
11
674.808
21
18.134
31
0
0
LINE
5
470
330
C
100
AcDbEntity
8
0
100
AcDbLine
10
674.808
20
18.134
30
0
11
674.808
21
18.134
31
0
0
LINE
5
471
330
C
100
AcDbEntity
8
0
100
AcDbLine
10
674.808
20
18.134
30
0
11
674.804
21
17.877
31
0
0
LINE
5
472
330
C
100
AcDbEntity
8
0
100
AcDbLine
10
674.804
20
17.877
30
0
11
674.793
21
17.628
31
0
0
LINE
5
473
330
C
100
AcDbEntity
8
0
100
AcDbLine
10
674.793
20
17.628
30
0
11
674.775
21
17.389
31
0
0
LINE
5
474
330
C
100
AcDbEntity
8
0
100
AcDbLine
10
674.775
20
17.389
30
0
11
674.749
21
17.158
31
0
0
LINE
5
475
330
C
100
AcDbEntity
8
0
100
AcDbLine
10
674.749
20
17.158
30
0
11
674.716
21
16.936
31
0
0
LINE
5
476
330
C
100
AcDbEntity
8
0
100
AcDbLine
10
674.716
20
16.936
30
0
11
674.675
21
16.722
31
0
0
LINE
5
477
330
C
100
AcDbEntity
8
0
100
AcDbLine
10
674.675
20
16.722
30
0
11
674.627
21
16.517
31
0
0
LINE
5
478
330
C
100
AcDbEntity
8
0
100
AcDbLine
10
674.627
20
16.517
30
0
11
674.572
21
16.322
31
0
0
LINE
5
479
330
C
100
AcDbEntity
8
0
100
AcDbLine
10
674.572
20
16.322
30
0
11
674.509
21
16.134
31
0
0
LINE
5
47A
330
C
100
AcDbEntity
8
0
100
AcDbLine
10
674.509
20
16.134
30
0
11
674.439
21
15.956
31
0
0
LINE
5
47B
330
C
100
AcDbEntity
8
0
100
AcDbLine
10
674.439
20
15.956
30
0
11
674.362
21
15.786
31
0
0
LINE
5
47C
330
C
100
AcDbEntity
8
0
100
AcDbLine
10
674.362
20
15.786
30
0
11
674.279
21
15.626
31
0
0
LINE
5
47D
330
C
100
AcDbEntity
8
0
100
AcDbLine
10
674.279
20
15.626
30
0
11
674.191
21
15.473
31
0
0
LINE
5
47E
330
C
100
AcDbEntity
8
0
100
AcDbLine
10
674.191
20
15.473
30
0
11
674.096
21
15.33
31
0
0
LINE
5
47F
330
C
100
AcDbEntity
8
0
100
AcDbLine
10
674.096
20
15.33
30
0
11
673.996
21
15.195
31
0
0
LINE
5
480
330
C
100
AcDbEntity
8
0
100
AcDbLine
10
673.996
20
15.195
30
0
11
673.889
21
15.07
31
0
0
LINE
5
481
330
C
100
AcDbEntity
8
0
100
AcDbLine
10
673.889
20
15.07
30
0
11
673.777
21
14.953
31
0
0
LINE
5
482
330
C
100
AcDbEntity
8
0
100
AcDbLine
10
673.777
20
14.953
30
0
11
673.658
21
14.844
31
0
0
LINE
5
483
330
C
100
AcDbEntity
8
0
100
AcDbLine
10
673.658
20
14.844
30
0
11
673.534
21
14.745
31
0
0
LINE
5
484
330
C
100
AcDbEntity
8
0
100
AcDbLine
10
673.534
20
14.745
30
0
11
673.404
21
14.654
31
0
0
LINE
5
485
330
C
100
AcDbEntity
8
0
100
AcDbLine
10
673.404
20
14.654
30
0
11
673.268
21
14.572
31
0
0
LINE
5
486
330
C
100
AcDbEntity
8
0
100
AcDbLine
10
673.268
20
14.572
30
0
11
673.129
21
14.498
31
0
0
LINE
5
487
330
C
100
AcDbEntity
8
0
100
AcDbLine
10
673.129
20
14.498
30
0
11
672.985
21
14.434
31
0
0
LINE
5
488
330
C
100
AcDbEntity
8
0
100
AcDbLine
10
672.985
20
14.434
30
0
11
672.836
21
14.378
31
0
0
LINE
5
489
330
C
100
AcDbEntity
8
0
100
AcDbLine
10
672.836
20
14.378
30
0
11
672.684
21
14.33
31
0
0
LINE
5
48A
330
C
100
AcDbEntity
8
0
100
AcDbLine
10
672.684
20
14.33
30
0
11
672.527
21
14.291
31
0
0
LINE
5
48B
330
C
100
AcDbEntity
8
0
100
AcDbLine
10
672.527
20
14.291
30
0
11
672.366
21
14.261
31
0
0
LINE
5
48C
330
C
100
AcDbEntity
8
0
100
AcDbLine
10
672.366
20
14.261
30
0
11
672.2
21
14.239
31
0
0
LINE
5
48D
330
C
100
AcDbEntity
8
0
100
AcDbLine
10
672.2
20
14.239
30
0
11
672.03
21
14.226
31
0
0
LINE
5
48E
330
C
100
AcDbEntity
8
0
100
AcDbLine
10
672.03
20
14.226
30
0
11
671.856
21
14.222
31
0
0
LINE
5
48F
330
C
100
AcDbEntity
8
0
100
AcDbLine
10
671.856
20
14.222
30
0
11
671.856
21
14.222
31
0
0
LINE
5
490
330
C
100
AcDbEntity
8
0
100
AcDbLine
10
671.856
20
15.086
30
0
11
671.856
21
15.086
31
0
0
LINE
5
491
330
C
100
AcDbEntity
8
0
100
AcDbLine
10
671.856
20
15.086
30
0
11
672.045
21
15.094
31
0
0
LINE
5
492
330
C
100
AcDbEntity
8
0
100
AcDbLine
10
672.045
20
15.094
30
0
11
672.226
21
15.118
31
0
0
LINE
5
493
330
C
100
AcDbEntity
8
0
100
AcDbLine
10
672.226
20
15.118
30
0
11
672.397
21
15.158
31
0
0
LINE
5
494
330
C
100
AcDbEntity
8
0
100
AcDbLine
10
672.397
20
15.158
30
0
11
672.558
21
15.213
31
0
0
LINE
5
495
330
C
100
AcDbEntity
8
0
100
AcDbLine
10
672.558
20
15.213
30
0
11
672.711
21
15.285
31
0
0
LINE
5
496
330
C
100
AcDbEntity
8
0
100
AcDbLine
10
672.711
20
15.285
30
0
11
672.854
21
15.372
31
0
0
LINE
5
497
330
C
100
AcDbEntity
8
0
100
AcDbLine
10
672.854
20
15.372
30
0
11
672.987
21
15.476
31
0
0
LINE
5
498
330
C
100
AcDbEntity
8
0
100
AcDbLine
10
672.987
20
15.476
30
0
11
673.111
21
15.595
31
0
0
LINE
5
499
330
C
100
AcDbEntity
8
0
100
AcDbLine
10
673.111
20
15.595
30
0
11
673.226
21
15.73
31
0
0
LINE
5
49A
330
C
100
AcDbEntity
8
0
100
AcDbLine
10
673.226
20
15.73
30
0
11
673.332
21
15.881
31
0
0
LINE
5
49B
330
C
100
AcDbEntity
8
0
100
AcDbLine
10
673.332
20
15.881
30
0
11
673.428
21
16.047
31
0
0
LINE
5
49C
330
C
100
AcDbEntity
8
0
100
AcDbLine
10
673.428
20
16.047
30
0
11
673.513
21
16.226
31
0
0
LINE
5
49D
330
C
100
AcDbEntity
8
0
100
AcDbLine
10
673.513
20
16.226
30
0
11
673.589
21
16.418
31
0
0
LINE
5
49E
330
C
100
AcDbEntity
8
0
100
AcDbLine
10
673.589
20
16.418
30
0
11
673.654
21
16.623
31
0
0
LINE
5
49F
330
C
100
AcDbEntity
8
0
100
AcDbLine
10
673.654
20
16.623
30
0
11
673.71
21
16.842
31
0
0
LINE
5
4A0
330
C
100
AcDbEntity
8
0
100
AcDbLine
10
673.71
20
16.842
30
0
11
673.755
21
17.074
31
0
0
LINE
5
4A1
330
C
100
AcDbEntity
8
0
100
AcDbLine
10
673.755
20
17.074
30
0
11
673.79
21
17.319
31
0
0
LINE
5
4A2
330
C
100
AcDbEntity
8
0
100
AcDbLine
10
673.79
20
17.319
30
0
11
673.816
21
17.577
31
0
0
LINE
5
4A3
330
C
100
AcDbEntity
8
0
100
AcDbLine
10
673.816
20
17.577
30
0
11
673.831
21
17.849
31
0
0
LINE
5
4A4
330
C
100
AcDbEntity
8
0
100
AcDbLine
10
673.831
20
17.849
30
0
11
673.836
21
18.134
31
0
0
LINE
5
4A5
330
C
100
AcDbEntity
8
0
100
AcDbLine
10
673.836
20
18.134
30
0
11
673.836
21
18.134
31
0
0
LINE
5
4A6
330
C
100
AcDbEntity
8
0
100
AcDbLine
10
673.836
20
18.134
30
0
11
673.831
21
18.419
31
0
0
LINE
5
4A7
330
C
100
AcDbEntity
8
0
100
AcDbLine
10
673.831
20
18.419
30
0
11
673.816
21
18.691
31
0
0
LINE
5
4A8
330
C
100
AcDbEntity
8
0
100
AcDbLine
10
673.816
20
18.691
30
0
11
673.79
21
18.949
31
0
0
LINE
5
4A9
330
C
100
AcDbEntity
8
0
100
AcDbLine
10
673.79
20
18.949
30
0
11
673.755
21
19.194
31
0
0
LINE
5
4AA
330
C
100
AcDbEntity
8
0
100
AcDbLine
10
673.755
20
19.194
30
0
11
673.71
21
19.426
31
0
0
LINE
5
4AB
330
C
100
AcDbEntity
8
0
100
AcDbLine
10
673.71
20
19.426
30
0
11
673.654
21
19.645
31
0
0
LINE
5
4AC
330
C
100
AcDbEntity
8
0
100
AcDbLine
10
673.654
20
19.645
30
0
11
673.589
21
19.85
31
0
0
LINE
5
4AD
330
C
100
AcDbEntity
8
0
100
AcDbLine
10
673.589
20
19.85
30
0
11
673.513
21
20.042
31
0
0
LINE
5
4AE
330
C
100
AcDbEntity
8
0
100
AcDbLine
10
673.513
20
20.042
30
0
11
673.428
21
20.221
31
0
0
LINE
5
4AF
330
C
100
AcDbEntity
8
0
100
AcDbLine
10
673.428
20
20.221
30
0
11
673.332
21
20.387
31
0
0
LINE
5
4B0
330
C
100
AcDbEntity
8
0
100
AcDbLine
10
673.332
20
20.387
30
0
11
673.226
21
20.538
31
0
0
LINE
5
4B1
330
C
100
AcDbEntity
8
0
100
AcDbLine
10
673.226
20
20.538
30
0
11
673.111
21
20.673
31
0
0
LINE
5
4B2
330
C
100
AcDbEntity
8
0
100
AcDbLine
10
673.111
20
20.673
30
0
11
672.987
21
20.792
31
0
0
LINE
5
4B3
330
C
100
AcDbEntity
8
0
100
AcDbLine
10
672.987
20
20.792
30
0
11
672.854
21
20.896
31
0
0
LINE
5
4B4
330
C
100
AcDbEntity
8
0
100
AcDbLine
10
672.854
20
20.896
30
0
11
672.711
21
20.983
31
0
0
LINE
5
4B5
330
C
100
AcDbEntity
8
0
100
AcDbLine
10
672.711
20
20.983
30
0
11
672.558
21
21.055
31
0
0
LINE
5
4B6
330
C
100
AcDbEntity
8
0
100
AcDbLine
10
672.558
20
21.055
30
0
11
672.397
21
21.11
31
0
0
LINE
5
4B7
330
C
100
AcDbEntity
8
0
100
AcDbLine
10
672.397
20
21.11
30
0
11
672.226
21
21.15
31
0
0
LINE
5
4B8
330
C
100
AcDbEntity
8
0
100
AcDbLine
10
672.226
20
21.15
30
0
11
672.045
21
21.174
31
0
0
LINE
5
4B9
330
C
100
AcDbEntity
8
0
100
AcDbLine
10
672.045
20
21.174
30
0
11
671.856
21
21.182
31
0
0
LINE
5
4BA
330
C
100
AcDbEntity
8
0
100
AcDbLine
10
671.856
20
21.182
30
0
11
671.856
21
21.182
31
0
0
LINE
5
4BB
330
C
100
AcDbEntity
8
0
100
AcDbLine
10
671.856
20
21.182
30
0
11
671.668
21
21.174
31
0
0
LINE
5
4BC
330
C
100
AcDbEntity
8
0
100
AcDbLine
10
671.668
20
21.174
30
0
11
671.49
21
21.15
31
0
0
LINE
5
4BD
330
C
100
AcDbEntity
8
0
100
AcDbLine
10
671.49
20
21.15
30
0
11
671.32
21
21.11
31
0
0
LINE
5
4BE
330
C
100
AcDbEntity
8
0
100
AcDbLine
10
671.32
20
21.11
30
0
11
671.16
21
21.055
31
0
0
LINE
5
4BF
330
C
100
AcDbEntity
8
0
100
AcDbLine
10
671.16
20
21.055
30
0
11
671.008
21
20.983
31
0
0
LINE
5
4C0
330
C
100
AcDbEntity
8
0
100
AcDbLine
10
671.008
20
20.983
30
0
11
670.866
21
20.896
31
0
0
LINE
5
4C1
330
C
100
AcDbEntity
8
0
100
AcDbLine
10
670.866
20
20.896
30
0
11
670.732
21
20.792
31
0
0
LINE
5
4C2
330
C
100
AcDbEntity
8
0
100
AcDbLine
10
670.732
20
20.792
30
0
11
670.608
21
20.673
31
0
0
LINE
5
4C3
330
C
100
AcDbEntity
8
0
100
AcDbLine
10
670.608
20
20.673
30
0
11
670.492
21
20.538
31
0
0
LINE
5
4C4
330
C
100
AcDbEntity
8
0
100
AcDbLine
10
670.492
20
20.538
30
0
11
670.386
21
20.387
31
0
0
LINE
5
4C5
330
C
100
AcDbEntity
8
0
100
AcDbLine
10
670.386
20
20.387
30
0
11
670.289
21
20.221
31
0
0
LINE
5
4C6
330
C
100
AcDbEntity
8
0
100
AcDbLine
10
670.289
20
20.221
30
0
11
670.202
21
20.042
31
0
0
LINE
5
4C7
330
C
100
AcDbEntity
8
0
100
AcDbLine
10
670.202
20
20.042
30
0
11
670.126
21
19.85
31
0
0
LINE
5
4C8
330
C
100
AcDbEntity
8
0
100
AcDbLine
10
670.126
20
19.85
30
0
11
670.059
21
19.645
31
0
0
LINE
5
4C9
330
C
100
AcDbEntity
8
0
100
AcDbLine
10
670.059
20
19.645
30
0
11
670.003
21
19.426
31
0
0
LINE
5
4CA
330
C
100
AcDbEntity
8
0
100
AcDbLine
10
670.003
20
19.426
30
0
11
669.957
21
19.194
31
0
0
LINE
5
4CB
330
C
100
AcDbEntity
8
0
100
AcDbLine
10
669.957
20
19.194
30
0
11
669.922
21
18.949
31
0
0
LINE
5
4CC
330
C
100
AcDbEntity
8
0
100
AcDbLine
10
669.922
20
18.949
30
0
11
669.896
21
18.691
31
0
0
LINE
5
4CD
330
C
100
AcDbEntity
8
0
100
AcDbLine
10
669.896
20
18.691
30
0
11
669.881
21
18.419
31
0
0
LINE
5
4CE
330
C
100
AcDbEntity
8
0
100
AcDbLine
10
669.881
20
18.419
30
0
11
669.876
21
18.134
31
0
0
LINE
5
4CF
330
C
100
AcDbEntity
8
0
100
AcDbLine
10
669.876
20
18.134
30
0
11
669.876
21
18.134
31
0
0
LINE
5
4D0
330
C
100
AcDbEntity
8
0
100
AcDbLine
10
669.876
20
18.134
30
0
11
669.881
21
17.849
31
0
0
LINE
5
4D1
330
C
100
AcDbEntity
8
0
100
AcDbLine
10
669.881
20
17.849
30
0
11
669.896
21
17.577
31
0
0
LINE
5
4D2
330
C
100
AcDbEntity
8
0
100
AcDbLine
10
669.896
20
17.577
30
0
11
669.922
21
17.319
31
0
0
LINE
5
4D3
330
C
100
AcDbEntity
8
0
100
AcDbLine
10
669.922
20
17.319
30
0
11
669.957
21
17.074
31
0
0
LINE
5
4D4
330
C
100
AcDbEntity
8
0
100
AcDbLine
10
669.957
20
17.074
30
0
11
670.003
21
16.842
31
0
0
LINE
5
4D5
330
C
100
AcDbEntity
8
0
100
AcDbLine
10
670.003
20
16.842
30
0
11
670.059
21
16.623
31
0
0
LINE
5
4D6
330
C
100
AcDbEntity
8
0
100
AcDbLine
10
670.059
20
16.623
30
0
11
670.126
21
16.418
31
0
0
LINE
5
4D7
330
C
100
AcDbEntity
8
0
100
AcDbLine
10
670.126
20
16.418
30
0
11
670.202
21
16.226
31
0
0
LINE
5
4D8
330
C
100
AcDbEntity
8
0
100
AcDbLine
10
670.202
20
16.226
30
0
11
670.289
21
16.047
31
0
0
LINE
5
4D9
330
C
100
AcDbEntity
8
0
100
AcDbLine
10
670.289
20
16.047
30
0
11
670.386
21
15.881
31
0
0
LINE
5
4DA
330
C
100
AcDbEntity
8
0
100
AcDbLine
10
670.386
20
15.881
30
0
11
670.492
21
15.73
31
0
0
LINE
5
4DB
330
C
100
AcDbEntity
8
0
100
AcDbLine
10
670.492
20
15.73
30
0
11
670.608
21
15.595
31
0
0
LINE
5
4DC
330
C
100
AcDbEntity
8
0
100
AcDbLine
10
670.608
20
15.595
30
0
11
670.732
21
15.476
31
0
0
LINE
5
4DD
330
C
100
AcDbEntity
8
0
100
AcDbLine
10
670.732
20
15.476
30
0
11
670.866
21
15.372
31
0
0
LINE
5
4DE
330
C
100
AcDbEntity
8
0
100
AcDbLine
10
670.866
20
15.372
30
0
11
671.008
21
15.285
31
0
0
LINE
5
4DF
330
C
100
AcDbEntity
8
0
100
AcDbLine
10
671.008
20
15.285
30
0
11
671.16
21
15.213
31
0
0
LINE
5
4E0
330
C
100
AcDbEntity
8
0
100
AcDbLine
10
671.16
20
15.213
30
0
11
671.32
21
15.158
31
0
0
LINE
5
4E1
330
C
100
AcDbEntity
8
0
100
AcDbLine
10
671.32
20
15.158
30
0
11
671.49
21
15.118
31
0
0
LINE
5
4E2
330
C
100
AcDbEntity
8
0
100
AcDbLine
10
671.49
20
15.118
30
0
11
671.668
21
15.094
31
0
0
LINE
5
4E3
330
C
100
AcDbEntity
8
0
100
AcDbLine
10
671.668
20
15.094
30
0
11
671.856
21
15.086
31
0
0
LINE
5
4E4
330
C
100
AcDbEntity
8
0
100
AcDbLine
10
671.856
20
15.086
30
0
11
671.856
21
15.086
31
0
0
LINE
5
4E5
330
C
100
AcDbEntity
8
0
100
AcDbLine
10
517.196
20
37
30
0
11
517.196
21
34
31
0
0
LINE
5
4E6
330
C
100
AcDbEntity
8
0
100
AcDbLine
10
517.196
20
34
30
0
11
518.411
21
34
31
0
0
LINE
5
4E7
330
C
100
AcDbEntity
8
0
100
AcDbLine
10
518.411
20
34
30
0
11
518.411
21
37
31
0
0
LINE
5
4E8
330
C
100
AcDbEntity
8
0
100
AcDbLine
10
518.411
20
37
30
0
11
525.309
21
37
31
0
0
LINE
5
4E9
330
C
100
AcDbEntity
8
0
100
AcDbLine
10
525.309
20
37
30
0
11
525.309
21
34
31
0
0
LINE
5
4EA
330
C
100
AcDbEntity
8
0
100
AcDbLine
10
525.309
20
34
30
0
11
532.205
21
34
31
0
0
LINE
5
4EB
330
C
100
AcDbEntity
8
0
100
AcDbLine
10
532.205
20
34
30
0
11
532.205
21
37
31
0
0
LINE
5
4EC
330
C
100
AcDbEntity
8
0
100
AcDbLine
10
532.205
20
37
30
0
11
539.103
21
37
31
0
0
LINE
5
4ED
330
C
100
AcDbEntity
8
0
100
AcDbLine
10
539.103
20
37
30
0
11
539.103
21
34
31
0
0
LINE
5
4EE
330
C
100
AcDbEntity
8
0
100
AcDbLine
10
539.103
20
34
30
0
11
546
21
34
31
0
0
LINE
5
4EF
330
C
100
AcDbEntity
8
0
100
AcDbLine
10
546
20
34
30
0
11
546
21
37
31
0
0
LINE
5
4F0
330
C
100
AcDbEntity
8
0
100
AcDbLine
10
546
20
37
30
0
11
552.896
21
37
31
0
0
LINE
5
4F1
330
C
100
AcDbEntity
8
0
100
AcDbLine
10
552.896
20
37
30
0
11
552.896
21
34
31
0
0
LINE
5
4F2
330
C
100
AcDbEntity
8
0
100
AcDbLine
10
552.896
20
34
30
0
11
559.794
21
34
31
0
0
LINE
5
4F3
330
C
100
AcDbEntity
8
0
100
AcDbLine
10
559.794
20
34
30
0
11
559.794
21
37
31
0
0
LINE
5
4F4
330
C
100
AcDbEntity
8
0
100
AcDbLine
10
559.794
20
37
30
0
11
566.691
21
37
31
0
0
LINE
5
4F5
330
C
100
AcDbEntity
8
0
100
AcDbLine
10
566.691
20
37
30
0
11
566.691
21
34
31
0
0
LINE
5
4F6
330
C
100
AcDbEntity
8
0
100
AcDbLine
10
566.691
20
34
30
0
11
573.588
21
34
31
0
0
LINE
5
4F7
330
C
100
AcDbEntity
8
0
100
AcDbLine
10
573.588
20
34
30
0
11
573.588
21
37
31
0
0
LINE
5
4F8
330
C
100
AcDbEntity
8
0
100
AcDbLine
10
573.588
20
37
30
0
11
580.485
21
37
31
0
0
LINE
5
4F9
330
C
100
AcDbEntity
8
0
100
AcDbLine
10
580.485
20
37
30
0
11
580.485
21
34
31
0
0
LINE
5
4FA
330
C
100
AcDbEntity
8
0
100
AcDbLine
10
580.485
20
34
30
0
11
587.383
21
34
31
0
0
LINE
5
4FB
330
C
100
AcDbEntity
8
0
100
AcDbLine
10
587.383
20
34
30
0
11
587.383
21
37
31
0
0
LINE
5
4FC
330
C
100
AcDbEntity
8
0
100
AcDbLine
10
587.383
20
37
30
0
11
594.279
21
37
31
0
0
LINE
5
4FD
330
C
100
AcDbEntity
8
0
100
AcDbLine
10
594.279
20
37
30
0
11
594.279
21
34
31
0
0
LINE
5
4FE
330
C
100
AcDbEntity
8
0
100
AcDbLine
10
594.279
20
34
30
0
11
601.177
21
34
31
0
0
LINE
5
4FF
330
C
100
AcDbEntity
8
0
100
AcDbLine
10
601.177
20
34
30
0
11
601.177
21
37
31
0
0
LINE
5
500
330
C
100
AcDbEntity
8
0
100
AcDbLine
10
601.177
20
37
30
0
11
608.073
21
37
31
0
0
LINE
5
501
330
C
100
AcDbEntity
8
0
100
AcDbLine
10
608.073
20
37
30
0
11
608.073
21
34
31
0
0
LINE
5
502
330
C
100
AcDbEntity
8
0
100
AcDbLine
10
608.073
20
34
30
0
11
614.971
21
34
31
0
0
LINE
5
503
330
C
100
AcDbEntity
8
0
100
AcDbLine
10
614.971
20
34
30
0
11
614.971
21
37
31
0
0
LINE
5
504
330
C
100
AcDbEntity
8
0
100
AcDbLine
10
614.971
20
37
30
0
11
621.868
21
37
31
0
0
LINE
5
505
330
C
100
AcDbEntity
8
0
100
AcDbLine
10
621.868
20
37
30
0
11
621.868
21
34
31
0
0
LINE
5
506
330
C
100
AcDbEntity
8
0
100
AcDbLine
10
621.868
20
34
30
0
11
628.765
21
34
31
0
0
LINE
5
507
330
C
100
AcDbEntity
8
0
100
AcDbLine
10
628.765
20
34
30
0
11
628.765
21
37
31
0
0
LINE
5
508
330
C
100
AcDbEntity
8
0
100
AcDbLine
10
628.765
20
37
30
0
11
635.662
21
37
31
0
0
LINE
5
509
330
C
100
AcDbEntity
8
0
100
AcDbLine
10
635.662
20
37
30
0
11
635.662
21
34
31
0
0
LINE
5
50A
330
C
100
AcDbEntity
8
0
100
AcDbLine
10
635.662
20
34
30
0
11
642.56
21
34
31
0
0
LINE
5
50B
330
C
100
AcDbEntity
8
0
100
AcDbLine
10
642.56
20
34
30
0
11
642.56
21
37
31
0
0
LINE
5
50C
330
C
100
AcDbEntity
8
0
100
AcDbLine
10
642.56
20
37
30
0
11
649.456
21
37
31
0
0
LINE
5
50D
330
C
100
AcDbEntity
8
0
100
AcDbLine
10
649.456
20
37
30
0
11
649.456
21
34
31
0
0
LINE
5
50E
330
C
100
AcDbEntity
8
0
100
AcDbLine
10
649.456
20
34
30
0
11
656.354
21
34
31
0
0
LINE
5
50F
330
C
100
AcDbEntity
8
0
100
AcDbLine
10
656.354
20
34
30
0
11
656.354
21
37
31
0
0
LINE
5
510
330
C
100
AcDbEntity
8
0
100
AcDbLine
10
656.354
20
37
30
0
11
663.251
21
37
31
0
0
LINE
5
511
330
C
100
AcDbEntity
8
0
100
AcDbLine
10
663.251
20
37
30
0
11
663.251
21
34
31
0
0
LINE
5
512
330
C
100
AcDbEntity
8
0
100
AcDbLine
10
663.251
20
34
30
0
11
670.147
21
34
31
0
0
LINE
5
513
330
C
100
AcDbEntity
8
0
100
AcDbLine
10
670.147
20
34
30
0
11
670.147
21
37
31
0
0
LINE
5
514
330
C
100
AcDbEntity
8
0
100
AcDbLine
10
670.147
20
37
30
0
11
677.045
21
37
31
0
0
LINE
5
515
330
C
100
AcDbEntity
8
0
100
AcDbLine
10
677.045
20
37
30
0
11
677.045
21
34
31
0
0
LINE
5
516
330
C
100
AcDbEntity
8
0
100
AcDbLine
10
677.045
20
34
30
0
11
683.942
21
34
31
0
0
LINE
5
517
330
C
100
AcDbEntity
8
0
100
AcDbLine
10
683.942
20
34
30
0
11
683.942
21
37
31
0
0
LINE
5
518
330
C
100
AcDbEntity
8
0
100
AcDbLine
10
683.942
20
37
30
0
11
690.839
21
37
31
0
0
LINE
5
519
330
C
100
AcDbEntity
8
0
100
AcDbLine
10
690.839
20
37
30
0
11
690.839
21
34
31
0
0
LINE
5
51A
330
C
100
AcDbEntity
8
0
100
AcDbLine
10
690.839
20
34
30
0
11
697.736
21
34
31
0
0
LINE
5
51B
330
C
100
AcDbEntity
8
0
100
AcDbLine
10
697.736
20
34
30
0
11
697.736
21
37
31
0
0
LINE
5
51C
330
C
100
AcDbEntity
8
0
100
AcDbLine
10
697.736
20
37
30
0
11
704.634
21
37
31
0
0
LINE
5
51D
330
C
100
AcDbEntity
8
0
100
AcDbLine
10
704.634
20
37
30
0
11
704.634
21
34
31
0
0
LINE
5
51E
330
C
100
AcDbEntity
8
0
100
AcDbLine
10
704.634
20
34
30
0
11
711.53
21
34
31
0
0
LINE
5
51F
330
C
100
AcDbEntity
8
0
100
AcDbLine
10
711.53
20
34
30
0
11
711.53
21
37
31
0
0
LINE
5
520
330
C
100
AcDbEntity
8
0
100
AcDbLine
10
711.53
20
37
30
0
11
718.428
21
37
31
0
0
LINE
5
521
330
C
100
AcDbEntity
8
0
100
AcDbLine
10
718.428
20
37
30
0
11
718.428
21
34
31
0
0
LINE
5
522
330
C
100
AcDbEntity
8
0
100
AcDbLine
10
718.428
20
34
30
0
11
725.324
21
34
31
0
0
LINE
5
523
330
C
100
AcDbEntity
8
0
100
AcDbLine
10
725.324
20
34
30
0
11
725.324
21
37
31
0
0
LINE
5
524
330
C
100
AcDbEntity
8
0
100
AcDbLine
10
725.324
20
37
30
0
11
732.222
21
37
31
0
0
LINE
5
525
330
C
100
AcDbEntity
8
0
100
AcDbLine
10
732.222
20
37
30
0
11
732.222
21
34
31
0
0
LINE
5
526
330
C
100
AcDbEntity
8
0
100
AcDbLine
10
732.222
20
34
30
0
11
739.119
21
34
31
0
0
LINE
5
527
330
C
100
AcDbEntity
8
0
100
AcDbLine
10
739.119
20
34
30
0
11
739.119
21
37
31
0
0
LINE
5
528
330
C
100
AcDbEntity
8
0
100
AcDbLine
10
739.119
20
37
30
0
11
746.016
21
37
31
0
0
LINE
5
529
330
C
100
AcDbEntity
8
0
100
AcDbLine
10
746.016
20
37
30
0
11
746.016
21
34
31
0
0
LINE
5
52A
330
C
100
AcDbEntity
8
0
100
AcDbLine
10
746.016
20
34
30
0
11
752.913
21
34
31
0
0
LINE
5
52B
330
C
100
AcDbEntity
8
0
100
AcDbLine
10
752.913
20
34
30
0
11
752.913
21
37
31
0
0
LINE
5
52C
330
C
100
AcDbEntity
8
0
100
AcDbLine
10
752.913
20
37
30
0
11
759.811
21
37
31
0
0
LINE
5
52D
330
C
100
AcDbEntity
8
0
100
AcDbLine
10
759.811
20
37
30
0
11
759.811
21
34
31
0
0
LINE
5
52E
330
C
100
AcDbEntity
8
0
100
AcDbLine
10
759.811
20
34
30
0
11
766.707
21
34
31
0
0
LINE
5
52F
330
C
100
AcDbEntity
8
0
100
AcDbLine
10
766.707
20
34
30
0
11
766.707
21
37
31
0
0
LINE
5
530
330
C
100
AcDbEntity
8
0
100
AcDbLine
10
766.707
20
37
30
0
11
773.604
21
37
31
0
0
LINE
5
531
330
C
100
AcDbEntity
8
0
100
AcDbLine
10
773.604
20
37
30
0
11
773.604
21
34
31
0
0
LINE
5
532
330
C
100
AcDbEntity
8
0
100
AcDbLine
10
773.604
20
34
30
0
11
780.502
21
34
31
0
0
LINE
5
533
330
C
100
AcDbEntity
8
0
100
AcDbLine
10
780.502
20
34
30
0
11
780.502
21
37
31
0
0
LINE
5
534
330
C
100
AcDbEntity
8
0
100
AcDbLine
10
780.502
20
37
30
0
11
787.398
21
37
31
0
0
LINE
5
535
330
C
100
AcDbEntity
8
0
100
AcDbLine
10
787.398
20
37
30
0
11
787.398
21
34
31
0
0
LINE
5
536
330
C
100
AcDbEntity
8
0
100
AcDbLine
10
787.398
20
34
30
0
11
794.296
21
34
31
0
0
LINE
5
537
330
C
100
AcDbEntity
8
0
100
AcDbLine
10
794.296
20
34
30
0
11
794.296
21
37
31
0
0
LINE
5
538
330
C
100
AcDbEntity
8
0
100
AcDbLine
10
794.296
20
37
30
0
11
801.192
21
37
31
0
0
LINE
5
539
330
C
100
AcDbEntity
8
0
100
AcDbLine
10
801.192
20
37
30
0
11
801.192
21
34
31
0
0
LINE
5
53A
330
C
100
AcDbEntity
8
0
100
AcDbLine
10
801.192
20
34
30
0
11
802.407
21
34
31
0
0
LINE
5
53B
330
C
100
AcDbEntity
8
0
100
AcDbLine
10
802.407
20
34
30
0
11
802.407
21
37
31
0
0
LINE
5
53C
330
C
100
AcDbEntity
8
0
100
AcDbLine
10
802.407
20
37
30
0
11
802.407
21
39.154
31
0
0
LINE
5
53D
330
C
100
AcDbEntity
8
0
100
AcDbLine
10
802.407
20
39.154
30
0
11
807.604
21
39.154
31
0
0
LINE
5
53E
330
C
100
AcDbEntity
8
0
100
AcDbLine
10
807.604
20
39.154
30
0
11
807.604
21
46.051
31
0
0
LINE
5
53F
330
C
100
AcDbEntity
8
0
100
AcDbLine
10
807.604
20
46.051
30
0
11
802.407
21
46.051
31
0
0
LINE
5
540
330
C
100
AcDbEntity
8
0
100
AcDbLine
10
802.407
20
46.051
30
0
11
802.407
21
52.948
31
0
0
LINE
5
541
330
C
100
AcDbEntity
8
0
100
AcDbLine
10
802.407
20
52.948
30
0
11
807.604
21
52.948
31
0
0
LINE
5
542
330
C
100
AcDbEntity
8
0
100
AcDbLine
10
807.604
20
52.948
30
0
11
807.604
21
59.846
31
0
0
LINE
5
543
330
C
100
AcDbEntity
8
0
100
AcDbLine
10
807.604
20
59.846
30
0
11
802.407
21
59.846
31
0
0
LINE
5
544
330
C
100
AcDbEntity
8
0
100
AcDbLine
10
802.407
20
59.846
30
0
11
802.407
21
62
31
0
0
LINE
5
545
330
C
100
AcDbEntity
8
0
100
AcDbLine
10
802.407
20
62
30
0
11
517.196
21
62
31
0
0
LINE
5
546
330
C
100
AcDbEntity
8
0
100
AcDbLine
10
517.196
20
62
30
0
11
512
21
62
31
0
0
LINE
5
547
330
C
100
AcDbEntity
8
0
100
AcDbLine
10
512
20
62
30
0
11
512
21
59.846
31
0
0
LINE
5
548
330
C
100
AcDbEntity
8
0
100
AcDbLine
10
512
20
59.846
30
0
11
517.196
21
59.846
31
0
0
LINE
5
549
330
C
100
AcDbEntity
8
0
100
AcDbLine
10
517.196
20
59.846
30
0
11
517.196
21
52.949
31
0
0
LINE
5
54A
330
C
100
AcDbEntity
8
0
100
AcDbLine
10
517.196
20
52.949
30
0
11
512
21
52.949
31
0
0
LINE
5
54B
330
C
100
AcDbEntity
8
0
100
AcDbLine
10
512
20
52.949
30
0
11
512
21
46.052
31
0
0
LINE
5
54C
330
C
100
AcDbEntity
8
0
100
AcDbLine
10
512
20
46.052
30
0
11
517.196
21
46.052
31
0
0
LINE
5
54D
330
C
100
AcDbEntity
8
0
100
AcDbLine
10
517.196
20
46.052
30
0
11
517.196
21
39.154
31
0
0
LINE
5
54E
330
C
100
AcDbEntity
8
0
100
AcDbLine
10
517.196
20
39.154
30
0
11
512
21
39.154
31
0
0
LINE
5
54F
330
C
100
AcDbEntity
8
0
100
AcDbLine
10
512
20
39.154
30
0
11
512
21
37
31
0
0
LINE
5
550
330
C
100
AcDbEntity
8
0
100
AcDbLine
10
512
20
37
30
0
11
517.196
21
37
31
0
0
LINE
5
551
330
C
100
AcDbEntity
8
0
100
AcDbLine
10
649.392
20
45.222
30
0
11
649.392
21
45.222
31
0
0
LINE
5
552
330
C
100
AcDbEntity
8
0
100
AcDbLine
10
649.392
20
45.222
30
0
11
649.242
21
45.225
31
0
0
LINE
5
553
330
C
100
AcDbEntity
8
0
100
AcDbLine
10
649.242
20
45.225
30
0
11
649.094
21
45.233
31
0
0
LINE
5
554
330
C
100
AcDbEntity
8
0
100
AcDbLine
10
649.094
20
45.233
30
0
11
648.949
21
45.247
31
0
0
LINE
5
555
330
C
100
AcDbEntity
8
0
100
AcDbLine
10
648.949
20
45.247
30
0
11
648.807
21
45.266
31
0
0
LINE
5
556
330
C
100
AcDbEntity
8
0
100
AcDbLine
10
648.807
20
45.266
30
0
11
648.667
21
45.29
31
0
0
LINE
5
557
330
C
100
AcDbEntity
8
0
100
AcDbLine
10
648.667
20
45.29
30
0
11
648.53
21
45.32
31
0
0
LINE
5
558
330
C
100
AcDbEntity
8
0
100
AcDbLine
10
648.53
20
45.32
30
0
11
648.395
21
45.356
31
0
0
LINE
5
559
330
C
100
AcDbEntity
8
0
100
AcDbLine
10
648.395
20
45.356
30
0
11
648.263
21
45.397
31
0
0
LINE
5
55A
330
C
100
AcDbEntity
8
0
100
AcDbLine
10
648.263
20
45.397
30
0
11
648.133
21
45.443
31
0
0
LINE
5
55B
330
C
100
AcDbEntity
8
0
100
AcDbLine
10
648.133
20
45.443
30
0
11
648.006
21
45.495
31
0
0
LINE
5
55C
330
C
100
AcDbEntity
8
0
100
AcDbLine
10
648.006
20
45.495
30
0
11
647.882
21
45.552
31
0
0
LINE
5
55D
330
C
100
AcDbEntity
8
0
100
AcDbLine
10
647.882
20
45.552
30
0
11
647.764
21
45.615
31
0
0
LINE
5
55E
330
C
100
AcDbEntity
8
0
100
AcDbLine
10
647.764
20
45.615
30
0
11
647.65
21
45.682
31
0
0
LINE
5
55F
330
C
100
AcDbEntity
8
0
100
AcDbLine
10
647.65
20
45.682
30
0
11
647.541
21
45.755
31
0
0
LINE
5
560
330
C
100
AcDbEntity
8
0
100
AcDbLine
10
647.541
20
45.755
30
0
11
647.437
21
45.833
31
0
0
LINE
5
561
330
C
100
AcDbEntity
8
0
100
AcDbLine
10
647.437
20
45.833
30
0
11
647.338
21
45.917
31
0
0
LINE
5
562
330
C
100
AcDbEntity
8
0
100
AcDbLine
10
647.338
20
45.917
30
0
11
647.244
21
46.005
31
0
0
LINE
5
563
330
C
100
AcDbEntity
8
0
100
AcDbLine
10
647.244
20
46.005
30
0
11
647.155
21
46.099
31
0
0
LINE
5
564
330
C
100
AcDbEntity
8
0
100
AcDbLine
10
647.155
20
46.099
30
0
11
647.071
21
46.198
31
0
0
LINE
5
565
330
C
100
AcDbEntity
8
0
100
AcDbLine
10
647.071
20
46.198
30
0
11
646.992
21
46.302
31
0
0
LINE
5
566
330
C
100
AcDbEntity
8
0
100
AcDbLine
10
646.992
20
46.302
30
0
11
646.919
21
46.411
31
0
0
LINE
5
567
330
C
100
AcDbEntity
8
0
100
AcDbLine
10
646.919
20
46.411
30
0
11
646.853
21
46.526
31
0
0
LINE
5
568
330
C
100
AcDbEntity
8
0
100
AcDbLine
10
646.853
20
46.526
30
0
11
646.795
21
46.645
31
0
0
LINE
5
569
330
C
100
AcDbEntity
8
0
100
AcDbLine
10
646.795
20
46.645
30
0
11
646.744
21
46.77
31
0
0
LINE
5
56A
330
C
100
AcDbEntity
8
0
100
AcDbLine
10
646.744
20
46.77
30
0
11
646.701
21
46.899
31
0
0
LINE
5
56B
330
C
100
AcDbEntity
8
0
100
AcDbLine
10
646.701
20
46.899
30
0
11
646.665
21
47.034
31
0
0
LINE
5
56C
330
C
100
AcDbEntity
8
0
100
AcDbLine
10
646.665
20
47.034
30
0
11
646.636
21
47.173
31
0
0
LINE
5
56D
330
C
100
AcDbEntity
8
0
100
AcDbLine
10
646.636
20
47.173
30
0
11
646.615
21
47.318
31
0
0
LINE
5
56E
330
C
100
AcDbEntity
8
0
100
AcDbLine
10
646.615
20
47.318
30
0
11
646.602
21
47.467
31
0
0
LINE
5
56F
330
C
100
AcDbEntity
8
0
100
AcDbLine
10
646.602
20
47.467
30
0
11
646.596
21
47.622
31
0
0
LINE
5
570
330
C
100
AcDbEntity
8
0
100
AcDbLine
10
646.596
20
47.622
30
0
11
646.596
21
47.622
31
0
0
LINE
5
571
330
C
100
AcDbEntity
8
0
100
AcDbLine
10
646.596
20
47.622
30
0
11
647.508
21
47.622
31
0
0
LINE
5
572
330
C
100
AcDbEntity
8
0
100
AcDbLine
10
647.508
20
47.622
30
0
11
647.51
21
47.518
31
0
0
LINE
5
573
330
C
100
AcDbEntity
8
0
100
AcDbLine
10
647.51
20
47.518
30
0
11
647.518
21
47.418
31
0
0
LINE
5
574
330
C
100
AcDbEntity
8
0
100
AcDbLine
10
647.518
20
47.418
30
0
11
647.531
21
47.322
31
0
0
LINE
5
575
330
C
100
AcDbEntity
8
0
100
AcDbLine
10
647.531
20
47.322
30
0
11
647.549
21
47.23
31
0
0
LINE
5
576
330
C
100
AcDbEntity
8
0
100
AcDbLine
10
647.549
20
47.23
30
0
11
647.572
21
47.141
31
0
0
LINE
5
577
330
C
100
AcDbEntity
8
0
100
AcDbLine
10
647.572
20
47.141
30
0
11
647.601
21
47.056
31
0
0
LINE
5
578
330
C
100
AcDbEntity
8
0
100
AcDbLine
10
647.601
20
47.056
30
0
11
647.634
21
46.975
31
0
0
LINE
5
579
330
C
100
AcDbEntity
8
0
100
AcDbLine
10
647.634
20
46.975
30
0
11
647.673
21
46.898
31
0
0
LINE
5
57A
330
C
100
AcDbEntity
8
0
100
AcDbLine
10
647.673
20
46.898
30
0
11
647.717
21
46.825
31
0
0
LINE
5
57B
330
C
100
AcDbEntity
8
0
100
AcDbLine
10
647.717
20
46.825
30
0
11
647.766
21
46.755
31
0
0
LINE
5
57C
330
C
100
AcDbEntity
8
0
100
AcDbLine
10
647.766
20
46.755
30
0
11
647.819
21
46.689
31
0
0
LINE
5
57D
330
C
100
AcDbEntity
8
0
100
AcDbLine
10
647.819
20
46.689
30
0
11
647.876
21
46.626
31
0
0
LINE
5
57E
330
C
100
AcDbEntity
8
0
100
AcDbLine
10
647.876
20
46.626
30
0
11
647.936
21
46.567
31
0
0
LINE
5
57F
330
C
100
AcDbEntity
8
0
100
AcDbLine
10
647.936
20
46.567
30
0
11
647.999
21
46.512
31
0
0
LINE
5
580
330
C
100
AcDbEntity
8
0
100
AcDbLine
10
647.999
20
46.512
30
0
11
648.066
21
46.459
31
0
0
LINE
5
581
330
C
100
AcDbEntity
8
0
100
AcDbLine
10
648.066
20
46.459
30
0
11
648.136
21
46.411
31
0
0
LINE
5
582
330
C
100
AcDbEntity
8
0
100
AcDbLine
10
648.136
20
46.411
30
0
11
648.209
21
46.366
31
0
0
LINE
5
583
330
C
100
AcDbEntity
8
0
100
AcDbLine
10
648.209
20
46.366
30
0
11
648.286
21
46.324
31
0
0
LINE
5
584
330
C
100
AcDbEntity
8
0
100
AcDbLine
10
648.286
20
46.324
30
0
11
648.366
21
46.286
31
0
0
LINE
5
585
330
C
100
AcDbEntity
8
0
100
AcDbLine
10
648.366
20
46.286
30
0
11
648.45
21
46.251
31
0
0
LINE
5
586
330
C
100
AcDbEntity
8
0
100
AcDbLine
10
648.45
20
46.251
30
0
11
648.536
21
46.22
31
0
0
LINE
5
587
330
C
100
AcDbEntity
8
0
100
AcDbLine
10
648.536
20
46.22
30
0
11
648.623
21
46.192
31
0
0
LINE
5
588
330
C
100
AcDbEntity
8
0
100
AcDbLine
10
648.623
20
46.192
30
0
11
648.712
21
46.167
31
0
0
LINE
5
589
330
C
100
AcDbEntity
8
0
100
AcDbLine
10
648.712
20
46.167
30
0
11
648.803
21
46.145
31
0
0
LINE
5
58A
330
C
100
AcDbEntity
8
0
100
AcDbLine
10
648.803
20
46.145
30
0
11
648.895
21
46.127
31
0
0
LINE
5
58B
330
C
100
AcDbEntity
8
0
100
AcDbLine
10
648.895
20
46.127
30
0
11
648.989
21
46.112
31
0
0
LINE
5
58C
330
C
100
AcDbEntity
8
0
100
AcDbLine
10
648.989
20
46.112
30
0
11
649.084
21
46.101
31
0
0
LINE
5
58D
330
C
100
AcDbEntity
8
0
100
AcDbLine
10
649.084
20
46.101
30
0
11
649.181
21
46.093
31
0
0
LINE
5
58E
330
C
100
AcDbEntity
8
0
100
AcDbLine
10
649.181
20
46.093
30
0
11
649.28
21
46.088
31
0
0
LINE
5
58F
330
C
100
AcDbEntity
8
0
100
AcDbLine
10
649.28
20
46.088
30
0
11
649.38
21
46.086
31
0
0
LINE
5
590
330
C
100
AcDbEntity
8
0
100
AcDbLine
10
649.38
20
46.086
30
0
11
649.38
21
46.086
31
0
0
LINE
5
591
330
C
100
AcDbEntity
8
0
100
AcDbLine
10
649.38
20
46.086
30
0
11
649.488
21
46.088
31
0
0
LINE
5
592
330
C
100
AcDbEntity
8
0
100
AcDbLine
10
649.488
20
46.088
30
0
11
649.592
21
46.093
31
0
0
LINE
5
593
330
C
100
AcDbEntity
8
0
100
AcDbLine
10
649.592
20
46.093
30
0
11
649.694
21
46.102
31
0
0
LINE
5
594
330
C
100
AcDbEntity
8
0
100
AcDbLine
10
649.694
20
46.102
30
0
11
649.794
21
46.114
31
0
0
LINE
5
595
330
C
100
AcDbEntity
8
0
100
AcDbLine
10
649.794
20
46.114
30
0
11
649.89
21
46.13
31
0
0
LINE
5
596
330
C
100
AcDbEntity
8
0
100
AcDbLine
10
649.89
20
46.13
30
0
11
649.983
21
46.149
31
0
0
LINE
5
597
330
C
100
AcDbEntity
8
0
100
AcDbLine
10
649.983
20
46.149
30
0
11
650.074
21
46.171
31
0
0
LINE
5
598
330
C
100
AcDbEntity
8
0
100
AcDbLine
10
650.074
20
46.171
30
0
11
650.161
21
46.197
31
0
0
LINE
5
599
330
C
100
AcDbEntity
8
0
100
AcDbLine
10
650.161
20
46.197
30
0
11
650.246
21
46.227
31
0
0
LINE
5
59A
330
C
100
AcDbEntity
8
0
100
AcDbLine
10
650.246
20
46.227
30
0
11
650.328
21
46.26
31
0
0
LINE
5
59B
330
C
100
AcDbEntity
8
0
100
AcDbLine
10
650.328
20
46.26
30
0
11
650.406
21
46.296
31
0
0
LINE
5
59C
330
C
100
AcDbEntity
8
0
100
AcDbLine
10
650.406
20
46.296
30
0
11
650.481
21
46.334
31
0
0
LINE
5
59D
330
C
100
AcDbEntity
8
0
100
AcDbLine
10
650.481
20
46.334
30
0
11
650.552
21
46.374
31
0
0
LINE
5
59E
330
C
100
AcDbEntity
8
0
100
AcDbLine
10
650.552
20
46.374
30
0
11
650.62
21
46.417
31
0
0
LINE
5
59F
330
C
100
AcDbEntity
8
0
100
AcDbLine
10
650.62
20
46.417
30
0
11
650.684
21
46.462
31
0
0
LINE
5
5A0
330
C
100
AcDbEntity
8
0
100
AcDbLine
10
650.684
20
46.462
30
0
11
650.744
21
46.509
31
0
0
LINE
5
5A1
330
C
100
AcDbEntity
8
0
100
AcDbLine
10
650.744
20
46.509
30
0
11
650.801
21
46.558
31
0
0
LINE
5
5A2
330
C
100
AcDbEntity
8
0
100
AcDbLine
10
650.801
20
46.558
30
0
11
650.854
21
46.609
31
0
0
LINE
5
5A3
330
C
100
AcDbEntity
8
0
100
AcDbLine
10
650.854
20
46.609
30
0
11
650.903
21
46.663
31
0
0
LINE
5
5A4
330
C
100
AcDbEntity
8
0
100
AcDbLine
10
650.903
20
46.663
30
0
11
650.949
21
46.719
31
0
0
LINE
5
5A5
330
C
100
AcDbEntity
8
0
100
AcDbLine
10
650.949
20
46.719
30
0
11
650.99
21
46.777
31
0
0
LINE
5
5A6
330
C
100
AcDbEntity
8
0
100
AcDbLine
10
650.99
20
46.777
30
0
11
651.028
21
46.835
31
0
0
LINE
5
5A7
330
C
100
AcDbEntity
8
0
100
AcDbLine
10
651.028
20
46.835
30
0
11
651.06
21
46.895
31
0
0
LINE
5
5A8
330
C
100
AcDbEntity
8
0
100
AcDbLine
10
651.06
20
46.895
30
0
11
651.089
21
46.956
31
0
0
LINE
5
5A9
330
C
100
AcDbEntity
8
0
100
AcDbLine
10
651.089
20
46.956
30
0
11
651.113
21
47.018
31
0
0
LINE
5
5AA
330
C
100
AcDbEntity
8
0
100
AcDbLine
10
651.113
20
47.018
30
0
11
651.133
21
47.082
31
0
0
LINE
5
5AB
330
C
100
AcDbEntity
8
0
100
AcDbLine
10
651.133
20
47.082
30
0
11
651.148
21
47.146
31
0
0
LINE
5
5AC
330
C
100
AcDbEntity
8
0
100
AcDbLine
10
651.148
20
47.146
30
0
11
651.159
21
47.211
31
0
0
LINE
5
5AD
330
C
100
AcDbEntity
8
0
100
AcDbLine
10
651.159
20
47.211
30
0
11
651.166
21
47.278
31
0
0
LINE
5
5AE
330
C
100
AcDbEntity
8
0
100
AcDbLine
10
651.166
20
47.278
30
0
11
651.168
21
47.346
31
0
0
LINE
5
5AF
330
C
100
AcDbEntity
8
0
100
AcDbLine
10
651.168
20
47.346
30
0
11
651.168
21
47.346
31
0
0
LINE
5
5B0
330
C
100
AcDbEntity
8
0
100
AcDbLine
10
651.168
20
47.346
30
0
11
651.165
21
47.44
31
0
0
LINE
5
5B1
330
C
100
AcDbEntity
8
0
100
AcDbLine
10
651.165
20
47.44
30
0
11
651.156
21
47.531
31
0
0
LINE
5
5B2
330
C
100
AcDbEntity
8
0
100
AcDbLine
10
651.156
20
47.531
30
0
11
651.141
21
47.618
31
0
0
LINE
5
5B3
330
C
100
AcDbEntity
8
0
100
AcDbLine
10
651.141
20
47.618
30
0
11
651.121
21
47.701
31
0
0
LINE
5
5B4
330
C
100
AcDbEntity
8
0
100
AcDbLine
10
651.121
20
47.701
30
0
11
651.094
21
47.78
31
0
0
LINE
5
5B5
330
C
100
AcDbEntity
8
0
100
AcDbLine
10
651.094
20
47.78
30
0
11
651.062
21
47.856
31
0
0
LINE
5
5B6
330
C
100
AcDbEntity
8
0
100
AcDbLine
10
651.062
20
47.856
30
0
11
651.024
21
47.928
31
0
0
LINE
5
5B7
330
C
100
AcDbEntity
8
0
100
AcDbLine
10
651.024
20
47.928
30
0
11
650.98
21
47.997
31
0
0
LINE
5
5B8
330
C
100
AcDbEntity
8
0
100
AcDbLine
10
650.98
20
47.997
30
0
11
650.93
21
48.062
31
0
0
LINE
5
5B9
330
C
100
AcDbEntity
8
0
100
AcDbLine
10
650.93
20
48.062
30
0
11
650.874
21
48.123
31
0
0
LINE
5
5BA
330
C
100
AcDbEntity
8
0
100
AcDbLine
10
650.874
20
48.123
30
0
11
650.812
21
48.181
31
0
0
LINE
5
5BB
330
C
100
AcDbEntity
8
0
100
AcDbLine
10
650.812
20
48.181
30
0
11
650.745
21
48.237
31
0
0
LINE
5
5BC
330
C
100
AcDbEntity
8
0
100
AcDbLine
10
650.745
20
48.237
30
0
11
650.672
21
48.291
31
0
0
LINE
5
5BD
330
C
100
AcDbEntity
8
0
100
AcDbLine
10
650.672
20
48.291
30
0
11
650.593
21
48.343
31
0
0
LINE
5
5BE
330
C
100
AcDbEntity
8
0
100
AcDbLine
10
650.593
20
48.343
30
0
11
650.509
21
48.392
31
0
0
LINE
5
5BF
330
C
100
AcDbEntity
8
0
100
AcDbLine
10
650.509
20
48.392
30
0
11
650.419
21
48.439
31
0
0
LINE
5
5C0
330
C
100
AcDbEntity
8
0
100
AcDbLine
10
650.419
20
48.439
30
0
11
650.324
21
48.484
31
0
0
LINE
5
5C1
330
C
100
AcDbEntity
8
0
100
AcDbLine
10
650.324
20
48.484
30
0
11
650.223
21
48.527
31
0
0
LINE
5
5C2
330
C
100
AcDbEntity
8
0
100
AcDbLine
10
650.223
20
48.527
30
0
11
650.116
21
48.568
31
0
0
LINE
5
5C3
330
C
100
AcDbEntity
8
0
100
AcDbLine
10
650.116
20
48.568
30
0
11
650.004
21
48.606
31
0
0
LINE
5
5C4
330
C
100
AcDbEntity
8
0
100
AcDbLine
10
650.004
20
48.606
30
0
11
650.004
21
48.606
31
0
0
LINE
5
5C5
330
C
100
AcDbEntity
8
0
100
AcDbLine
10
650.004
20
48.606
30
0
11
648.672
21
49.074
31
0
0
LINE
5
5C6
330
C
100
AcDbEntity
8
0
100
AcDbLine
10
648.672
20
49.074
30
0
11
648.489
21
49.142
31
0
0
LINE
5
5C7
330
C
100
AcDbEntity
8
0
100
AcDbLine
10
648.489
20
49.142
30
0
11
648.316
21
49.212
31
0
0
LINE
5
5C8
330
C
100
AcDbEntity
8
0
100
AcDbLine
10
648.316
20
49.212
30
0
11
648.151
21
49.284
31
0
0
LINE
5
5C9
330
C
100
AcDbEntity
8
0
100
AcDbLine
10
648.151
20
49.284
30
0
11
647.996
21
49.358
31
0
0
LINE
5
5CA
330
C
100
AcDbEntity
8
0
100
AcDbLine
10
647.996
20
49.358
30
0
11
647.85
21
49.434
31
0
0
LINE
5
5CB
330
C
100
AcDbEntity
8
0
100
AcDbLine
10
647.85
20
49.434
30
0
11
647.713
21
49.512
31
0
0
LINE
5
5CC
330
C
100
AcDbEntity
8
0
100
AcDbLine
10
647.713
20
49.512
30
0
11
647.585
21
49.591
31
0
0
LINE
5
5CD
330
C
100
AcDbEntity
8
0
100
AcDbLine
10
647.585
20
49.591
30
0
11
647.466
21
49.673
31
0
0
LINE
5
5CE
330
C
100
AcDbEntity
8
0
100
AcDbLine
10
647.466
20
49.673
30
0
11
647.356
21
49.757
31
0
0
LINE
5
5CF
330
C
100
AcDbEntity
8
0
100
AcDbLine
10
647.356
20
49.757
30
0
11
647.256
21
49.842
31
0
0
LINE
5
5D0
330
C
100
AcDbEntity
8
0
100
AcDbLine
10
647.256
20
49.842
30
0
11
647.165
21
49.932
31
0
0
LINE
5
5D1
330
C
100
AcDbEntity
8
0
100
AcDbLine
10
647.165
20
49.932
30
0
11
647.083
21
50.029
31
0
0
LINE
5
5D2
330
C
100
AcDbEntity
8
0
100
AcDbLine
10
647.083
20
50.029
30
0
11
647.011
21
50.133
31
0
0
LINE
5
5D3
330
C
100
AcDbEntity
8
0
100
AcDbLine
10
647.011
20
50.133
30
0
11
646.949
21
50.243
31
0
0
LINE
5
5D4
330
C
100
AcDbEntity
8
0
100
AcDbLine
10
646.949
20
50.243
30
0
11
646.896
21
50.361
31
0
0
LINE
5
5D5
330
C
100
AcDbEntity
8
0
100
AcDbLine
10
646.896
20
50.361
30
0
11
646.853
21
50.486
31
0
0
LINE
5
5D6
330
C
100
AcDbEntity
8
0
100
AcDbLine
10
646.853
20
50.486
30
0
11
646.819
21
50.617
31
0
0
LINE
5
5D7
330
C
100
AcDbEntity
8
0
100
AcDbLine
10
646.819
20
50.617
30
0
11
646.795
21
50.756
31
0
0
LINE
5
5D8
330
C
100
AcDbEntity
8
0
100
AcDbLine
10
646.795
20
50.756
30
0
11
646.781
21
50.901
31
0
0
LINE
5
5D9
330
C
100
AcDbEntity
8
0
100
AcDbLine
10
646.781
20
50.901
30
0
11
646.776
21
51.054
31
0
0
LINE
5
5DA
330
C
100
AcDbEntity
8
0
100
AcDbLine
10
646.776
20
51.054
30
0
11
646.776
21
51.054
31
0
0
LINE
5
5DB
330
C
100
AcDbEntity
8
0
100
AcDbLine
10
646.776
20
51.054
30
0
11
646.783
21
51.226
31
0
0
LINE
5
5DC
330
C
100
AcDbEntity
8
0
100
AcDbLine
10
646.783
20
51.226
30
0
11
646.803
21
51.391
31
0
0
LINE
5
5DD
330
C
100
AcDbEntity
8
0
100
AcDbLine
10
646.803
20
51.391
30
0
11
646.837
21
51.55
31
0
0
LINE
5
5DE
330
C
100
AcDbEntity
8
0
100
AcDbLine
10
646.837
20
51.55
30
0
11
646.884
21
51.703
31
0
0
LINE
5
5DF
330
C
100
AcDbEntity
8
0
100
AcDbLine
10
646.884
20
51.703
30
0
11
646.945
21
51.849
31
0
0
LINE
5
5E0
330
C
100
AcDbEntity
8
0
100
AcDbLine
10
646.945
20
51.849
30
0
11
647.019
21
51.989
31
0
0
LINE
5
5E1
330
C
100
AcDbEntity
8
0
100
AcDbLine
10
647.019
20
51.989
30
0
11
647.107
21
52.122
31
0
0
LINE
5
5E2
330
C
100
AcDbEntity
8
0
100
AcDbLine
10
647.107
20
52.122
30
0
11
647.208
21
52.248
31
0
0
LINE
5
5E3
330
C
100
AcDbEntity
8
0
100
AcDbLine
10
647.208
20
52.248
30
0
11
647.323
21
52.368
31
0
0
LINE
5
5E4
330
C
100
AcDbEntity
8
0
100
AcDbLine
10
647.323
20
52.368
30
0
11
647.451
21
52.482
31
0
0
LINE
5
5E5
330
C
100
AcDbEntity
8
0
100
AcDbLine
10
647.451
20
52.482
30
0
11
647.591
21
52.587
31
0
0
LINE
5
5E6
330
C
100
AcDbEntity
8
0
100
AcDbLine
10
647.591
20
52.587
30
0
11
647.743
21
52.681
31
0
0
LINE
5
5E7
330
C
100
AcDbEntity
8
0
100
AcDbLine
10
647.743
20
52.681
30
0
11
647.907
21
52.764
31
0
0
LINE
5
5E8
330
C
100
AcDbEntity
8
0
100
AcDbLine
10
647.907
20
52.764
30
0
11
648.081
21
52.835
31
0
0
LINE
5
5E9
330
C
100
AcDbEntity
8
0
100
AcDbLine
10
648.081
20
52.835
30
0
11
648.268
21
52.896
31
0
0
LINE
5
5EA
330
C
100
AcDbEntity
8
0
100
AcDbLine
10
648.268
20
52.896
30
0
11
648.465
21
52.946
31
0
0
LINE
5
5EB
330
C
100
AcDbEntity
8
0
100
AcDbLine
10
648.465
20
52.946
30
0
11
648.674
21
52.984
31
0
0
LINE
5
5EC
330
C
100
AcDbEntity
8
0
100
AcDbLine
10
648.674
20
52.984
30
0
11
648.894
21
53.012
31
0
0
LINE
5
5ED
330
C
100
AcDbEntity
8
0
100
AcDbLine
10
648.894
20
53.012
30
0
11
649.125
21
53.028
31
0
0
LINE
5
5EE
330
C
100
AcDbEntity
8
0
100
AcDbLine
10
649.125
20
53.028
30
0
11
649.368
21
53.034
31
0
0
LINE
5
5EF
330
C
100
AcDbEntity
8
0
100
AcDbLine
10
649.368
20
53.034
30
0
11
649.368
21
53.034
31
0
0
LINE
5
5F0
330
C
100
AcDbEntity
8
0
100
AcDbLine
10
649.368
20
53.034
30
0
11
649.593
21
53.029
31
0
0
LINE
5
5F1
330
C
100
AcDbEntity
8
0
100
AcDbLine
10
649.593
20
53.029
30
0
11
649.808
21
53.013
31
0
0
LINE
5
5F2
330
C
100
AcDbEntity
8
0
100
AcDbLine
10
649.808
20
53.013
30
0
11
650.014
21
52.986
31
0
0
LINE
5
5F3
330
C
100
AcDbEntity
8
0
100
AcDbLine
10
650.014
20
52.986
30
0
11
650.209
21
52.949
31
0
0
LINE
5
5F4
330
C
100
AcDbEntity
8
0
100
AcDbLine
10
650.209
20
52.949
30
0
11
650.394
21
52.901
31
0
0
LINE
5
5F5
330
C
100
AcDbEntity
8
0
100
AcDbLine
10
650.394
20
52.901
30
0
11
650.569
21
52.843
31
0
0
LINE
5
5F6
330
C
100
AcDbEntity
8
0
100
AcDbLine
10
650.569
20
52.843
30
0
11
650.734
21
52.774
31
0
0
LINE
5
5F7
330
C
100
AcDbEntity
8
0
100
AcDbLine
10
650.734
20
52.774
30
0
11
650.888
21
52.694
31
0
0
LINE
5
5F8
330
C
100
AcDbEntity
8
0
100
AcDbLine
10
650.888
20
52.694
30
0
11
651.033
21
52.604
31
0
0
LINE
5
5F9
330
C
100
AcDbEntity
8
0
100
AcDbLine
10
651.033
20
52.604
30
0
11
651.168
21
52.503
31
0
0
LINE
5
5FA
330
C
100
AcDbEntity
8
0
100
AcDbLine
10
651.168
20
52.503
30
0
11
651.292
21
52.393
31
0
0
LINE
5
5FB
330
C
100
AcDbEntity
8
0
100
AcDbLine
10
651.292
20
52.393
30
0
11
651.405
21
52.276
31
0
0
LINE
5
5FC
330
C
100
AcDbEntity
8
0
100
AcDbLine
10
651.405
20
52.276
30
0
11
651.507
21
52.152
31
0
0
LINE
5
5FD
330
C
100
AcDbEntity
8
0
100
AcDbLine
10
651.507
20
52.152
30
0
11
651.598
21
52.02
31
0
0
LINE
5
5FE
330
C
100
AcDbEntity
8
0
100
AcDbLine
10
651.598
20
52.02
30
0
11
651.678
21
51.881
31
0
0
LINE
5
5FF
330
C
100
AcDbEntity
8
0
100
AcDbLine
10
651.678
20
51.881
30
0
11
651.747
21
51.735
31
0
0
LINE
5
600
330
C
100
AcDbEntity
8
0
100
AcDbLine
10
651.747
20
51.735
30
0
11
651.804
21
51.582
31
0
0
LINE
5
601
330
C
100
AcDbEntity
8
0
100
AcDbLine
10
651.804
20
51.582
30
0
11
651.851
21
51.421
31
0
0
LINE
5
602
330
C
100
AcDbEntity
8
0
100
AcDbLine
10
651.851
20
51.421
30
0
11
651.887
21
51.253
31
0
0
LINE
5
603
330
C
100
AcDbEntity
8
0
100
AcDbLine
10
651.887
20
51.253
30
0
11
651.912
21
51.078
31
0
0
LINE
5
604
330
C
100
AcDbEntity
8
0
100
AcDbLine
10
651.912
20
51.078
30
0
11
651.912
21
51.078
31
0
0
LINE
5
605
330
C
100
AcDbEntity
8
0
100
AcDbLine
10
651.912
20
51.078
30
0
11
650.988
21
51.078
31
0
0
LINE
5
606
330
C
100
AcDbEntity
8
0
100
AcDbLine
10
650.988
20
51.078
30
0
11
650.967
21
51.18
31
0
0
LINE
5
607
330
C
100
AcDbEntity
8
0
100
AcDbLine
10
650.967
20
51.18
30
0
11
650.939
21
51.278
31
0
0
LINE
5
608
330
C
100
AcDbEntity
8
0
100
AcDbLine
10
650.939
20
51.278
30
0
11
650.906
21
51.37
31
0
0
LINE
5
609
330
C
100
AcDbEntity
8
0
100
AcDbLine
10
650.906
20
51.37
30
0
11
650.866
21
51.459
31
0
0
LINE
5
60A
330
C
100
AcDbEntity
8
0
100
AcDbLine
10
650.866
20
51.459
30
0
11
650.821
21
51.542
31
0
0
LINE
5
60B
330
C
100
AcDbEntity
8
0
100
AcDbLine
10
650.821
20
51.542
30
0
11
650.769
21
51.621
31
0
0
LINE
5
60C
330
C
100
AcDbEntity
8
0
100
AcDbLine
10
650.769
20
51.621
30
0
11
650.71
21
51.696
31
0
0
LINE
5
60D
330
C
100
AcDbEntity
8
0
100
AcDbLine
10
650.71
20
51.696
30
0
11
650.646
21
51.765
31
0
0
LINE
5
60E
330
C
100
AcDbEntity
8
0
100
AcDbLine
10
650.646
20
51.765
30
0
11
650.575
21
51.83
31
0
0
LINE
5
60F
330
C
100
AcDbEntity
8
0
100
AcDbLine
10
650.575
20
51.83
30
0
11
650.499
21
51.891
31
0
0
LINE
5
610
330
C
100
AcDbEntity
8
0
100
AcDbLine
10
650.499
20
51.891
30
0
11
650.416
21
51.946
31
0
0
LINE
5
611
330
C
100
AcDbEntity
8
0
100
AcDbLine
10
650.416
20
51.946
30
0
11
650.326
21
51.996
31
0
0
LINE
5
612
330
C
100
AcDbEntity
8
0
100
AcDbLine
10
650.326
20
51.996
30
0
11
650.229
21
52.039
31
0
0
LINE
5
613
330
C
100
AcDbEntity
8
0
100
AcDbLine
10
650.229
20
52.039
30
0
11
650.126
21
52.077
31
0
0
LINE
5
614
330
C
100
AcDbEntity
8
0
100
AcDbLine
10
650.126
20
52.077
30
0
11
650.017
21
52.109
31
0
0
LINE
5
615
330
C
100
AcDbEntity
8
0
100
AcDbLine
10
650.017
20
52.109
30
0
11
649.9
21
52.135
31
0
0
LINE
5
616
330
C
100
AcDbEntity
8
0
100
AcDbLine
10
649.9
20
52.135
30
0
11
649.777
21
52.156
31
0
0
LINE
5
617
330
C
100
AcDbEntity
8
0
100
AcDbLine
10
649.777
20
52.156
30
0
11
649.647
21
52.17
31
0
0
LINE
5
618
330
C
100
AcDbEntity
8
0
100
AcDbLine
10
649.647
20
52.17
30
0
11
649.511
21
52.179
31
0
0
LINE
5
619
330
C
100
AcDbEntity
8
0
100
AcDbLine
10
649.511
20
52.179
30
0
11
649.368
21
52.182
31
0
0
LINE
5
61A
330
C
100
AcDbEntity
8
0
100
AcDbLine
10
649.368
20
52.182
30
0
11
649.368
21
52.182
31
0
0
LINE
5
61B
330
C
100
AcDbEntity
8
0
100
AcDbLine
10
649.368
20
52.182
30
0
11
649.222
21
52.179
31
0
0
LINE
5
61C
330
C
100
AcDbEntity
8
0
100
AcDbLine
10
649.222
20
52.179
30
0
11
649.083
21
52.169
31
0
0
LINE
5
61D
330
C
100
AcDbEntity
8
0
100
AcDbLine
10
649.083
20
52.169
30
0
11
648.951
21
52.152
31
0
0
LINE
5
61E
330
C
100
AcDbEntity
8
0
100
AcDbLine
10
648.951
20
52.152
30
0
11
648.825
21
52.129
31
0
0
LINE
5
61F
330
C
100
AcDbEntity
8
0
100
AcDbLine
10
648.825
20
52.129
30
0
11
648.706
21
52.099
31
0
0
LINE
5
620
330
C
100
AcDbEntity
8
0
100
AcDbLine
10
648.706
20
52.099
30
0
11
648.594
21
52.063
31
0
0
LINE
5
621
330
C
100
AcDbEntity
8
0
100
AcDbLine
10
648.594
20
52.063
30
0
11
648.488
21
52.02
31
0
0
LINE
5
622
330
C
100
AcDbEntity
8
0
100
AcDbLine
10
648.488
20
52.02
30
0
11
648.389
21
51.971
31
0
0
LINE
5
623
330
C
100
AcDbEntity
8
0
100
AcDbLine
10
648.389
20
51.971
30
0
11
648.296
21
51.915
31
0
0
LINE
5
624
330
C
100
AcDbEntity
8
0
100
AcDbLine
10
648.296
20
51.915
30
0
11
648.21
21
51.852
31
0
0
LINE
5
625
330
C
100
AcDbEntity
8
0
100
AcDbLine
10
648.21
20
51.852
30
0
11
648.131
21
51.784
31
0
0
LINE
5
626
330
C
100
AcDbEntity
8
0
100
AcDbLine
10
648.131
20
51.784
30
0
11
648.061
21
51.713
31
0
0
LINE
5
627
330
C
100
AcDbEntity
8
0
100
AcDbLine
10
648.061
20
51.713
30
0
11
647.999
21
51.638
31
0
0
LINE
5
628
330
C
100
AcDbEntity
8
0
100
AcDbLine
10
647.999
20
51.638
30
0
11
647.945
21
51.56
31
0
0
LINE
5
629
330
C
100
AcDbEntity
8
0
100
AcDbLine
10
647.945
20
51.56
30
0
11
647.899
21
51.478
31
0
0
LINE
5
62A
330
C
100
AcDbEntity
8
0
100
AcDbLine
10
647.899
20
51.478
30
0
11
647.862
21
51.393
31
0
0
LINE
5
62B
330
C
100
AcDbEntity
8
0
100
AcDbLine
10
647.862
20
51.393
30
0
11
647.833
21
51.305
31
0
0
LINE
5
62C
330
C
100
AcDbEntity
8
0
100
AcDbLine
10
647.833
20
51.305
30
0
11
647.812
21
51.213
31
0
0
LINE
5
62D
330
C
100
AcDbEntity
8
0
100
AcDbLine
10
647.812
20
51.213
30
0
11
647.8
21
51.117
31
0
0
LINE
5
62E
330
C
100
AcDbEntity
8
0
100
AcDbLine
10
647.8
20
51.117
30
0
11
647.796
21
51.018
31
0
0
LINE
5
62F
330
C
100
AcDbEntity
8
0
100
AcDbLine
10
647.796
20
51.018
30
0
11
647.796
21
51.018
31
0
0
LINE
5
630
330
C
100
AcDbEntity
8
0
100
AcDbLine
10
647.796
20
51.018
30
0
11
647.798
21
50.937
31
0
0
LINE
5
631
330
C
100
AcDbEntity
8
0
100
AcDbLine
10
647.798
20
50.937
30
0
11
647.806
21
50.859
31
0
0
LINE
5
632
330
C
100
AcDbEntity
8
0
100
AcDbLine
10
647.806
20
50.859
30
0
11
647.819
21
50.785
31
0
0
LINE
5
633
330
C
100
AcDbEntity
8
0
100
AcDbLine
10
647.819
20
50.785
30
0
11
647.838
21
50.714
31
0
0
LINE
5
634
330
C
100
AcDbEntity
8
0
100
AcDbLine
10
647.838
20
50.714
30
0
11
647.861
21
50.647
31
0
0
LINE
5
635
330
C
100
AcDbEntity
8
0
100
AcDbLine
10
647.861
20
50.647
30
0
11
647.89
21
50.583
31
0
0
LINE
5
636
330
C
100
AcDbEntity
8
0
100
AcDbLine
10
647.89
20
50.583
30
0
11
647.924
21
50.522
31
0
0
LINE
5
637
330
C
100
AcDbEntity
8
0
100
AcDbLine
10
647.924
20
50.522
30
0
11
647.963
21
50.465
31
0
0
LINE
5
638
330
C
100
AcDbEntity
8
0
100
AcDbLine
10
647.963
20
50.465
30
0
11
648.007
21
50.411
31
0
0
LINE
5
639
330
C
100
AcDbEntity
8
0
100
AcDbLine
10
648.007
20
50.411
30
0
11
648.057
21
50.361
31
0
0
LINE
5
63A
330
C
100
AcDbEntity
8
0
100
AcDbLine
10
648.057
20
50.361
30
0
11
648.112
21
50.313
31
0
0
LINE
5
63B
330
C
100
AcDbEntity
8
0
100
AcDbLine
10
648.112
20
50.313
30
0
11
648.173
21
50.266
31
0
0
LINE
5
63C
330
C
100
AcDbEntity
8
0
100
AcDbLine
10
648.173
20
50.266
30
0
11
648.24
21
50.22
31
0
0
LINE
5
63D
330
C
100
AcDbEntity
8
0
100
AcDbLine
10
648.24
20
50.22
30
0
11
648.313
21
50.175
31
0
0
LINE
5
63E
330
C
100
AcDbEntity
8
0
100
AcDbLine
10
648.313
20
50.175
30
0
11
648.392
21
50.131
31
0
0
LINE
5
63F
330
C
100
AcDbEntity
8
0
100
AcDbLine
10
648.392
20
50.131
30
0
11
648.477
21
50.088
31
0
0
LINE
5
640
330
C
100
AcDbEntity
8
0
100
AcDbLine
10
648.477
20
50.088
30
0
11
648.568
21
50.046
31
0
0
LINE
5
641
330
C
100
AcDbEntity
8
0
100
AcDbLine
10
648.568
20
50.046
30
0
11
648.664
21
50.005
31
0
0
LINE
5
642
330
C
100
AcDbEntity
8
0
100
AcDbLine
10
648.664
20
50.005
30
0
11
648.767
21
49.965
31
0
0
LINE
5
643
330
C
100
AcDbEntity
8
0
100
AcDbLine
10
648.767
20
49.965
30
0
11
648.876
21
49.926
31
0
0
LINE
5
644
330
C
100
AcDbEntity
8
0
100
AcDbLine
10
648.876
20
49.926
30
0
11
648.876
21
49.926
31
0
0
LINE
5
645
330
C
100
AcDbEntity
8
0
100
AcDbLine
10
648.876
20
49.926
30
0
11
650.436
21
49.386
31
0
0
LINE
5
646
330
C
100
AcDbEntity
8
0
100
AcDbLine
10
650.436
20
49.386
30
0
11
650.594
21
49.33
31
0
0
LINE
5
647
330
C
100
AcDbEntity
8
0
100
AcDbLine
10
650.594
20
49.33
30
0
11
650.746
21
49.269
31
0
0
LINE
5
648
330
C
100
AcDbEntity
8
0
100
AcDbLine
10
650.746
20
49.269
30
0
11
650.891
21
49.205
31
0
0
LINE
5
649
330
C
100
AcDbEntity
8
0
100
AcDbLine
10
650.891
20
49.205
30
0
11
651.03
21
49.135
31
0
0
LINE
5
64A
330
C
100
AcDbEntity
8
0
100
AcDbLine
10
651.03
20
49.135
30
0
11
651.161
21
49.062
31
0
0
LINE
5
64B
330
C
100
AcDbEntity
8
0
100
AcDbLine
10
651.161
20
49.062
30
0
11
651.286
21
48.984
31
0
0
LINE
5
64C
330
C
100
AcDbEntity
8
0
100
AcDbLine
10
651.286
20
48.984
30
0
11
651.404
21
48.902
31
0
0
LINE
5
64D
330
C
100
AcDbEntity
8
0
100
AcDbLine
10
651.404
20
48.902
30
0
11
651.515
21
48.816
31
0
0
LINE
5
64E
330
C
100
AcDbEntity
8
0
100
AcDbLine
10
651.515
20
48.816
30
0
11
651.619
21
48.725
31
0
0
LINE
5
64F
330
C
100
AcDbEntity
8
0
100
AcDbLine
10
651.619
20
48.725
30
0
11
651.717
21
48.63
31
0
0
LINE
5
650
330
C
100
AcDbEntity
8
0
100
AcDbLine
10
651.717
20
48.63
30
0
11
651.806
21
48.53
31
0
0
LINE
5
651
330
C
100
AcDbEntity
8
0
100
AcDbLine
10
651.806
20
48.53
30
0
11
651.886
21
48.424
31
0
0
LINE
5
652
330
C
100
AcDbEntity
8
0
100
AcDbLine
10
651.886
20
48.424
30
0
11
651.957
21
48.312
31
0
0
LINE
5
653
330
C
100
AcDbEntity
8
0
100
AcDbLine
10
651.957
20
48.312
30
0
11
652.018
21
48.195
31
0
0
LINE
5
654
330
C
100
AcDbEntity
8
0
100
AcDbLine
10
652.018
20
48.195
30
0
11
652.07
21
48.072
31
0
0
LINE
5
655
330
C
100
AcDbEntity
8
0
100
AcDbLine
10
652.07
20
48.072
30
0
11
652.112
21
47.943
31
0
0
LINE
5
656
330
C
100
AcDbEntity
8
0
100
AcDbLine
10
652.112
20
47.943
30
0
11
652.145
21
47.808
31
0
0
LINE
5
657
330
C
100
AcDbEntity
8
0
100
AcDbLine
10
652.145
20
47.808
30
0
11
652.169
21
47.668
31
0
0
LINE
5
658
330
C
100
AcDbEntity
8
0
100
AcDbLine
10
652.169
20
47.668
30
0
11
652.183
21
47.522
31
0
0
LINE
5
659
330
C
100
AcDbEntity
8
0
100
AcDbLine
10
652.183
20
47.522
30
0
11
652.188
21
47.37
31
0
0
LINE
5
65A
330
C
100
AcDbEntity
8
0
100
AcDbLine
10
652.188
20
47.37
30
0
11
652.188
21
47.37
31
0
0
LINE
5
65B
330
C
100
AcDbEntity
8
0
100
AcDbLine
10
652.188
20
47.37
30
0
11
652.185
21
47.251
31
0
0
LINE
5
65C
330
C
100
AcDbEntity
8
0
100
AcDbLine
10
652.185
20
47.251
30
0
11
652.175
21
47.135
31
0
0
LINE
5
65D
330
C
100
AcDbEntity
8
0
100
AcDbLine
10
652.175
20
47.135
30
0
11
652.159
21
47.02
31
0
0
LINE
5
65E
330
C
100
AcDbEntity
8
0
100
AcDbLine
10
652.159
20
47.02
30
0
11
652.136
21
46.908
31
0
0
LINE
5
65F
330
C
100
AcDbEntity
8
0
100
AcDbLine
10
652.136
20
46.908
30
0
11
652.108
21
46.798
31
0
0
LINE
5
660
330
C
100
AcDbEntity
8
0
100
AcDbLine
10
652.108
20
46.798
30
0
11
652.072
21
46.691
31
0
0
LINE
5
661
330
C
100
AcDbEntity
8
0
100
AcDbLine
10
652.072
20
46.691
30
0
11
652.03
21
46.586
31
0
0
LINE
5
662
330
C
100
AcDbEntity
8
0
100
AcDbLine
10
652.03
20
46.586
30
0
11
651.982
21
46.483
31
0
0
LINE
5
663
330
C
100
AcDbEntity
8
0
100
AcDbLine
10
651.982
20
46.483
30
0
11
651.928
21
46.382
31
0
0
LINE
5
664
330
C
100
AcDbEntity
8
0
100
AcDbLine
10
651.928
20
46.382
30
0
11
651.867
21
46.284
31
0
0
LINE
5
665
330
C
100
AcDbEntity
8
0
100
AcDbLine
10
651.867
20
46.284
30
0
11
651.8
21
46.189
31
0
0
LINE
5
666
330
C
100
AcDbEntity
8
0
100
AcDbLine
10
651.8
20
46.189
30
0
11
651.726
21
46.098
31
0
0
LINE
5
667
330
C
100
AcDbEntity
8
0
100
AcDbLine
10
651.726
20
46.098
30
0
11
651.647
21
46.01
31
0
0
LINE
5
668
330
C
100
AcDbEntity
8
0
100
AcDbLine
10
651.647
20
46.01
30
0
11
651.561
21
45.927
31
0
0
LINE
5
669
330
C
100
AcDbEntity
8
0
100
AcDbLine
10
651.561
20
45.927
30
0
11
651.47
21
45.847
31
0
0
LINE
5
66A
330
C
100
AcDbEntity
8
0
100
AcDbLine
10
651.47
20
45.847
30
0
11
651.372
21
45.772
31
0
0
LINE
5
66B
330
C
100
AcDbEntity
8
0
100
AcDbLine
10
651.372
20
45.772
30
0
11
651.269
21
45.701
31
0
0
LINE
5
66C
330
C
100
AcDbEntity
8
0
100
AcDbLine
10
651.269
20
45.701
30
0
11
651.159
21
45.633
31
0
0
LINE
5
66D
330
C
100
AcDbEntity
8
0
100
AcDbLine
10
651.159
20
45.633
30
0
11
651.044
21
45.57
31
0
0
LINE
5
66E
330
C
100
AcDbEntity
8
0
100
AcDbLine
10
651.044
20
45.57
30
0
11
650.922
21
45.51
31
0
0
LINE
5
66F
330
C
100
AcDbEntity
8
0
100
AcDbLine
10
650.922
20
45.51
30
0
11
650.794
21
45.455
31
0
0
LINE
5
670
330
C
100
AcDbEntity
8
0
100
AcDbLine
10
650.794
20
45.455
30
0
11
650.661
21
45.406
31
0
0
LINE
5
671
330
C
100
AcDbEntity
8
0
100
AcDbLine
10
650.661
20
45.406
30
0
11
650.522
21
45.363
31
0
0
LINE
5
672
330
C
100
AcDbEntity
8
0
100
AcDbLine
10
650.522
20
45.363
30
0
11
650.377
21
45.326
31
0
0
LINE
5
673
330
C
100
AcDbEntity
8
0
100
AcDbLine
10
650.377
20
45.326
30
0
11
650.227
21
45.294
31
0
0
LINE
5
674
330
C
100
AcDbEntity
8
0
100
AcDbLine
10
650.227
20
45.294
30
0
11
650.071
21
45.268
31
0
0
LINE
5
675
330
C
100
AcDbEntity
8
0
100
AcDbLine
10
650.071
20
45.268
30
0
11
649.91
21
45.248
31
0
0
LINE
5
676
330
C
100
AcDbEntity
8
0
100
AcDbLine
10
649.91
20
45.248
30
0
11
649.743
21
45.234
31
0
0
LINE
5
677
330
C
100
AcDbEntity
8
0
100
AcDbLine
10
649.743
20
45.234
30
0
11
649.57
21
45.225
31
0
0
LINE
5
678
330
C
100
AcDbEntity
8
0
100
AcDbLine
10
649.57
20
45.225
30
0
11
649.392
21
45.222
31
0
0
LINE
5
679
330
C
100
AcDbEntity
8
0
100
AcDbLine
10
649.392
20
45.222
30
0
11
649.392
21
45.222
31
0
0
LINE
5
67A
330
C
100
AcDbEntity
8
0
100
AcDbLine
10
654.762
20
52.458
30
0
11
654.762
21
52.458
31
0
0
LINE
5
67B
330
C
100
AcDbEntity
8
0
100
AcDbLine
10
654.762
20
52.458
30
0
11
654.705
21
52.46
31
0
0
LINE
5
67C
330
C
100
AcDbEntity
8
0
100
AcDbLine
10
654.705
20
52.46
30
0
11
654.651
21
52.465
31
0
0
LINE
5
67D
330
C
100
AcDbEntity
8
0
100
AcDbLine
10
654.651
20
52.465
30
0
11
654.6
21
52.473
31
0
0
LINE
5
67E
330
C
100
AcDbEntity
8
0
100
AcDbLine
10
654.6
20
52.473
30
0
11
654.551
21
52.484
31
0
0
LINE
5
67F
330
C
100
AcDbEntity
8
0
100
AcDbLine
10
654.551
20
52.484
30
0
11
654.504
21
52.499
31
0
0
LINE
5
680
330
C
100
AcDbEntity
8
0
100
AcDbLine
10
654.504
20
52.499
30
0
11
654.459
21
52.517
31
0
0
LINE
5
681
330
C
100
AcDbEntity
8
0
100
AcDbLine
10
654.459
20
52.517
30
0
11
654.417
21
52.539
31
0
0
LINE
5
682
330
C
100
AcDbEntity
8
0
100
AcDbLine
10
654.417
20
52.539
30
0
11
654.378
21
52.564
31
0
0
LINE
5
683
330
C
100
AcDbEntity
8
0
100
AcDbLine
10
654.378
20
52.564
30
0
11
654.341
21
52.592
31
0
0
LINE
5
684
330
C
100
AcDbEntity
8
0
100
AcDbLine
10
654.341
20
52.592
30
0
11
654.306
21
52.623
31
0
0
LINE
5
685
330
C
100
AcDbEntity
8
0
100
AcDbLine
10
654.306
20
52.623
30
0
11
654.274
21
52.657
31
0
0
LINE
5
686
330
C
100
AcDbEntity
8
0
100
AcDbLine
10
654.274
20
52.657
30
0
11
654.245
21
52.693
31
0
0
LINE
5
687
330
C
100
AcDbEntity
8
0
100
AcDbLine
10
654.245
20
52.693
30
0
11
654.22
21
52.731
31
0
0
LINE
5
688
330
C
100
AcDbEntity
8
0
100
AcDbLine
10
654.22
20
52.731
30
0
11
654.198
21
52.772
31
0
0
LINE
5
689
330
C
100
AcDbEntity
8
0
100
AcDbLine
10
654.198
20
52.772
30
0
11
654.18
21
52.814
31
0
0
LINE
5
68A
330
C
100
AcDbEntity
8
0
100
AcDbLine
10
654.18
20
52.814
30
0
11
654.165
21
52.859
31
0
0
LINE
5
68B
330
C
100
AcDbEntity
8
0
100
AcDbLine
10
654.165
20
52.859
30
0
11
654.153
21
52.905
31
0
0
LINE
5
68C
330
C
100
AcDbEntity
8
0
100
AcDbLine
10
654.153
20
52.905
30
0
11
654.144
21
52.954
31
0
0
LINE
5
68D
330
C
100
AcDbEntity
8
0
100
AcDbLine
10
654.144
20
52.954
30
0
11
654.139
21
53.005
31
0
0
LINE
5
68E
330
C
100
AcDbEntity
8
0
100
AcDbLine
10
654.139
20
53.005
30
0
11
654.138
21
53.058
31
0
0
LINE
5
68F
330
C
100
AcDbEntity
8
0
100
AcDbLine
10
654.138
20
53.058
30
0
11
654.138
21
53.058
31
0
0
LINE
5
690
330
C
100
AcDbEntity
8
0
100
AcDbLine
10
654.138
20
53.058
30
0
11
654.139
21
53.11
31
0
0
LINE
5
691
330
C
100
AcDbEntity
8
0
100
AcDbLine
10
654.139
20
53.11
30
0
11
654.144
21
53.159
31
0
0
LINE
5
692
330
C
100
AcDbEntity
8
0
100
AcDbLine
10
654.144
20
53.159
30
0
11
654.153
21
53.207
31
0
0
LINE
5
693
330
C
100
AcDbEntity
8
0
100
AcDbLine
10
654.153
20
53.207
30
0
11
654.165
21
53.252
31
0
0
LINE
5
694
330
C
100
AcDbEntity
8
0
100
AcDbLine
10
654.165
20
53.252
30
0
11
654.18
21
53.295
31
0
0
LINE
5
695
330
C
100
AcDbEntity
8
0
100
AcDbLine
10
654.18
20
53.295
30
0
11
654.198
21
53.336
31
0
0
LINE
5
696
330
C
100
AcDbEntity
8
0
100
AcDbLine
10
654.198
20
53.336
30
0
11
654.22
21
53.375
31
0
0
LINE
5
697
330
C
100
AcDbEntity
8
0
100
AcDbLine
10
654.22
20
53.375
30
0
11
654.245
21
53.411
31
0
0
LINE
5
698
330
C
100
AcDbEntity
8
0
100
AcDbLine
10
654.245
20
53.411
30
0
11
654.274
21
53.446
31
0
0
LINE
5
699
330
C
100
AcDbEntity
8
0
100
AcDbLine
10
654.274
20
53.446
30
0
11
654.306
21
53.478
31
0
0
LINE
5
69A
330
C
100
AcDbEntity
8
0
100
AcDbLine
10
654.306
20
53.478
30
0
11
654.341
21
53.508
31
0
0
LINE
5
69B
330
C
100
AcDbEntity
8
0
100
AcDbLine
10
654.341
20
53.508
30
0
11
654.378
21
53.534
31
0
0
LINE
5
69C
330
C
100
AcDbEntity
8
0
100
AcDbLine
10
654.378
20
53.534
30
0
11
654.417
21
53.558
31
0
0
LINE
5
69D
330
C
100
AcDbEntity
8
0
100
AcDbLine
10
654.417
20
53.558
30
0
11
654.459
21
53.578
31
0
0
LINE
5
69E
330
C
100
AcDbEntity
8
0
100
AcDbLine
10
654.459
20
53.578
30
0
11
654.504
21
53.595
31
0
0
LINE
5
69F
330
C
100
AcDbEntity
8
0
100
AcDbLine
10
654.504
20
53.595
30
0
11
654.551
21
53.609
31
0
0
LINE
5
6A0
330
C
100
AcDbEntity
8
0
100
AcDbLine
10
654.551
20
53.609
30
0
11
654.6
21
53.62
31
0
0
LINE
5
6A1
330
C
100
AcDbEntity
8
0
100
AcDbLine
10
654.6
20
53.62
30
0
11
654.651
21
53.628
31
0
0
LINE
5
6A2
330
C
100
AcDbEntity
8
0
100
AcDbLine
10
654.651
20
53.628
30
0
11
654.705
21
53.632
31
0
0
LINE
5
6A3
330
C
100
AcDbEntity
8
0
100
AcDbLine
10
654.705
20
53.632
30
0
11
654.762
21
53.634
31
0
0
LINE
5
6A4
330
C
100
AcDbEntity
8
0
100
AcDbLine
10
654.762
20
53.634
30
0
11
654.762
21
53.634
31
0
0
LINE
5
6A5
330
C
100
AcDbEntity
8
0
100
AcDbLine
10
654.762
20
53.634
30
0
11
654.818
21
53.632
31
0
0
LINE
5
6A6
330
C
100
AcDbEntity
8
0
100
AcDbLine
10
654.818
20
53.632
30
0
11
654.872
21
53.628
31
0
0
LINE
5
6A7
330
C
100
AcDbEntity
8
0
100
AcDbLine
10
654.872
20
53.628
30
0
11
654.924
21
53.62
31
0
0
LINE
5
6A8
330
C
100
AcDbEntity
8
0
100
AcDbLine
10
654.924
20
53.62
30
0
11
654.973
21
53.609
31
0
0
LINE
5
6A9
330
C
100
AcDbEntity
8
0
100
AcDbLine
10
654.973
20
53.609
30
0
11
655.02
21
53.595
31
0
0
LINE
5
6AA
330
C
100
AcDbEntity
8
0
100
AcDbLine
10
655.02
20
53.595
30
0
11
655.064
21
53.578
31
0
0
LINE
5
6AB
330
C
100
AcDbEntity
8
0
100
AcDbLine
10
655.064
20
53.578
30
0
11
655.106
21
53.558
31
0
0
LINE
5
6AC
330
C
100
AcDbEntity
8
0
100
AcDbLine
10
655.106
20
53.558
30
0
11
655.146
21
53.534
31
0
0
LINE
5
6AD
330
C
100
AcDbEntity
8
0
100
AcDbLine
10
655.146
20
53.534
30
0
11
655.183
21
53.508
31
0
0
LINE
5
6AE
330
C
100
AcDbEntity
8
0
100
AcDbLine
10
655.183
20
53.508
30
0
11
655.218
21
53.478
31
0
0
LINE
5
6AF
330
C
100
AcDbEntity
8
0
100
AcDbLine
10
655.218
20
53.478
30
0
11
655.25
21
53.446
31
0
0
LINE
5
6B0
330
C
100
AcDbEntity
8
0
100
AcDbLine
10
655.25
20
53.446
30
0
11
655.278
21
53.411
31
0
0
LINE
5
6B1
330
C
100
AcDbEntity
8
0
100
AcDbLine
10
655.278
20
53.411
30
0
11
655.303
21
53.375
31
0
0
LINE
5
6B2
330
C
100
AcDbEntity
8
0
100
AcDbLine
10
655.303
20
53.375
30
0
11
655.325
21
53.336
31
0
0
LINE
5
6B3
330
C
100
AcDbEntity
8
0
100
AcDbLine
10
655.325
20
53.336
30
0
11
655.344
21
53.295
31
0
0
LINE
5
6B4
330
C
100
AcDbEntity
8
0
100
AcDbLine
10
655.344
20
53.295
30
0
11
655.359
21
53.252
31
0
0
LINE
5
6B5
330
C
100
AcDbEntity
8
0
100
AcDbLine
10
655.359
20
53.252
30
0
11
655.371
21
53.207
31
0
0
LINE
5
6B6
330
C
100
AcDbEntity
8
0
100
AcDbLine
10
655.371
20
53.207
30
0
11
655.379
21
53.159
31
0
0
LINE
5
6B7
330
C
100
AcDbEntity
8
0
100
AcDbLine
10
655.379
20
53.159
30
0
11
655.384
21
53.11
31
0
0
LINE
5
6B8
330
C
100
AcDbEntity
8
0
100
AcDbLine
10
655.384
20
53.11
30
0
11
655.386
21
53.058
31
0
0
LINE
5
6B9
330
C
100
AcDbEntity
8
0
100
AcDbLine
10
655.386
20
53.058
30
0
11
655.386
21
53.058
31
0
0
LINE
5
6BA
330
C
100
AcDbEntity
8
0
100
AcDbLine
10
655.386
20
53.058
30
0
11
655.384
21
53.005
31
0
0
LINE
5
6BB
330
C
100
AcDbEntity
8
0
100
AcDbLine
10
655.384
20
53.005
30
0
11
655.379
21
52.954
31
0
0
LINE
5
6BC
330
C
100
AcDbEntity
8
0
100
AcDbLine
10
655.379
20
52.954
30
0
11
655.371
21
52.905
31
0
0
LINE
5
6BD
330
C
100
AcDbEntity
8
0
100
AcDbLine
10
655.371
20
52.905
30
0
11
655.359
21
52.859
31
0
0
LINE
5
6BE
330
C
100
AcDbEntity
8
0
100
AcDbLine
10
655.359
20
52.859
30
0
11
655.344
21
52.814
31
0
0
LINE
5
6BF
330
C
100
AcDbEntity
8
0
100
AcDbLine
10
655.344
20
52.814
30
0
11
655.325
21
52.772
31
0
0
LINE
5
6C0
330
C
100
AcDbEntity
8
0
100
AcDbLine
10
655.325
20
52.772
30
0
11
655.303
21
52.731
31
0
0
LINE
5
6C1
330
C
100
AcDbEntity
8
0
100
AcDbLine
10
655.303
20
52.731
30
0
11
655.278
21
52.693
31
0
0
LINE
5
6C2
330
C
100
AcDbEntity
8
0
100
AcDbLine
10
655.278
20
52.693
30
0
11
655.25
21
52.657
31
0
0
LINE
5
6C3
330
C
100
AcDbEntity
8
0
100
AcDbLine
10
655.25
20
52.657
30
0
11
655.218
21
52.623
31
0
0
LINE
5
6C4
330
C
100
AcDbEntity
8
0
100
AcDbLine
10
655.218
20
52.623
30
0
11
655.183
21
52.592
31
0
0
LINE
5
6C5
330
C
100
AcDbEntity
8
0
100
AcDbLine
10
655.183
20
52.592
30
0
11
655.146
21
52.564
31
0
0
LINE
5
6C6
330
C
100
AcDbEntity
8
0
100
AcDbLine
10
655.146
20
52.564
30
0
11
655.106
21
52.539
31
0
0
LINE
5
6C7
330
C
100
AcDbEntity
8
0
100
AcDbLine
10
655.106
20
52.539
30
0
11
655.064
21
52.517
31
0
0
LINE
5
6C8
330
C
100
AcDbEntity
8
0
100
AcDbLine
10
655.064
20
52.517
30
0
11
655.02
21
52.499
31
0
0
LINE
5
6C9
330
C
100
AcDbEntity
8
0
100
AcDbLine
10
655.02
20
52.499
30
0
11
654.973
21
52.484
31
0
0
LINE
5
6CA
330
C
100
AcDbEntity
8
0
100
AcDbLine
10
654.973
20
52.484
30
0
11
654.924
21
52.473
31
0
0
LINE
5
6CB
330
C
100
AcDbEntity
8
0
100
AcDbLine
10
654.924
20
52.473
30
0
11
654.872
21
52.465
31
0
0
LINE
5
6CC
330
C
100
AcDbEntity
8
0
100
AcDbLine
10
654.872
20
52.465
30
0
11
654.818
21
52.46
31
0
0
LINE
5
6CD
330
C
100
AcDbEntity
8
0
100
AcDbLine
10
654.818
20
52.46
30
0
11
654.762
21
52.458
31
0
0
LINE
5
6CE
330
C
100
AcDbEntity
8
0
100
AcDbLine
10
654.762
20
52.458
30
0
11
654.762
21
52.458
31
0
0
LINE
5
6CF
330
C
100
AcDbEntity
8
0
100
AcDbLine
10
655.23
20
45.366
30
0
11
654.294
21
45.366
31
0
0
LINE
5
6D0
330
C
100
AcDbEntity
8
0
100
AcDbLine
10
654.294
20
45.366
30
0
11
654.294
21
51.114
31
0
0
LINE
5
6D1
330
C
100
AcDbEntity
8
0
100
AcDbLine
10
654.294
20
51.114
30
0
11
655.23
21
51.114
31
0
0
LINE
5
6D2
330
C
100
AcDbEntity
8
0
100
AcDbLine
10
655.23
20
51.114
30
0
11
655.23
21
45.366
31
0
0
LINE
5
6D3
330
C
100
AcDbEntity
8
0
100
AcDbLine
10
655.23
20
45.366
30
0
11
655.23
21
45.366
31
0
0
LINE
5
6D4
330
C
100
AcDbEntity
8
0
100
AcDbLine
10
659.862
20
45.222
30
0
11
659.862
21
45.222
31
0
0
LINE
5
6D5
330
C
100
AcDbEntity
8
0
100
AcDbLine
10
659.862
20
45.222
30
0
11
659.724
21
45.226
31
0
0
LINE
5
6D6
330
C
100
AcDbEntity
8
0
100
AcDbLine
10
659.724
20
45.226
30
0
11
659.588
21
45.237
31
0
0
LINE
5
6D7
330
C
100
AcDbEntity
8
0
100
AcDbLine
10
659.588
20
45.237
30
0
11
659.454
21
45.256
31
0
0
LINE
5
6D8
330
C
100
AcDbEntity
8
0
100
AcDbLine
10
659.454
20
45.256
30
0
11
659.323
21
45.282
31
0
0
LINE
5
6D9
330
C
100
AcDbEntity
8
0
100
AcDbLine
10
659.323
20
45.282
30
0
11
659.194
21
45.316
31
0
0
LINE
5
6DA
330
C
100
AcDbEntity
8
0
100
AcDbLine
10
659.194
20
45.316
30
0
11
659.068
21
45.357
31
0
0
LINE
5
6DB
330
C
100
AcDbEntity
8
0
100
AcDbLine
10
659.068
20
45.357
30
0
11
658.943
21
45.406
31
0
0
LINE
5
6DC
330
C
100
AcDbEntity
8
0
100
AcDbLine
10
658.943
20
45.406
30
0
11
658.821
21
45.462
31
0
0
LINE
5
6DD
330
C
100
AcDbEntity
8
0
100
AcDbLine
10
658.821
20
45.462
30
0
11
658.701
21
45.526
31
0
0
LINE
5
6DE
330
C
100
AcDbEntity
8
0
100
AcDbLine
10
658.701
20
45.526
30
0
11
658.584
21
45.597
31
0
0
LINE
5
6DF
330
C
100
AcDbEntity
8
0
100
AcDbLine
10
658.584
20
45.597
30
0
11
658.47
21
45.675
31
0
0
LINE
5
6E0
330
C
100
AcDbEntity
8
0
100
AcDbLine
10
658.47
20
45.675
30
0
11
658.36
21
45.759
31
0
0
LINE
5
6E1
330
C
100
AcDbEntity
8
0
100
AcDbLine
10
658.36
20
45.759
30
0
11
658.256
21
45.85
31
0
0
LINE
5
6E2
330
C
100
AcDbEntity
8
0
100
AcDbLine
10
658.256
20
45.85
30
0
11
658.156
21
45.946
31
0
0
LINE
5
6E3
330
C
100
AcDbEntity
8
0
100
AcDbLine
10
658.156
20
45.946
30
0
11
658.06
21
46.048
31
0
0
LINE
5
6E4
330
C
100
AcDbEntity
8
0
100
AcDbLine
10
658.06
20
46.048
30
0
11
657.97
21
46.157
31
0
0
LINE
5
6E5
330
C
100
AcDbEntity
8
0
100
AcDbLine
10
657.97
20
46.157
30
0
11
657.884
21
46.272
31
0
0
LINE
5
6E6
330
C
100
AcDbEntity
8
0
100
AcDbLine
10
657.884
20
46.272
30
0
11
657.802
21
46.393
31
0
0
LINE
5
6E7
330
C
100
AcDbEntity
8
0
100
AcDbLine
10
657.802
20
46.393
30
0
11
657.726
21
46.52
31
0
0
LINE
5
6E8
330
C
100
AcDbEntity
8
0
100
AcDbLine
10
657.726
20
46.52
30
0
11
657.654
21
46.653
31
0
0
LINE
5
6E9
330
C
100
AcDbEntity
8
0
100
AcDbLine
10
657.654
20
46.653
30
0
11
657.588
21
46.792
31
0
0
LINE
5
6EA
330
C
100
AcDbEntity
8
0
100
AcDbLine
10
657.588
20
46.792
30
0
11
657.528
21
46.935
31
0
0
LINE
5
6EB
330
C
100
AcDbEntity
8
0
100
AcDbLine
10
657.528
20
46.935
30
0
11
657.476
21
47.083
31
0
0
LINE
5
6EC
330
C
100
AcDbEntity
8
0
100
AcDbLine
10
657.476
20
47.083
30
0
11
657.431
21
47.237
31
0
0
LINE
5
6ED
330
C
100
AcDbEntity
8
0
100
AcDbLine
10
657.431
20
47.237
30
0
11
657.393
21
47.395
31
0
0
LINE
5
6EE
330
C
100
AcDbEntity
8
0
100
AcDbLine
10
657.393
20
47.395
30
0
11
657.361
21
47.558
31
0
0
LINE
5
6EF
330
C
100
AcDbEntity
8
0
100
AcDbLine
10
657.361
20
47.558
30
0
11
657.337
21
47.725
31
0
0
LINE
5
6F0
330
C
100
AcDbEntity
8
0
100
AcDbLine
10
657.337
20
47.725
30
0
11
657.32
21
47.898
31
0
0
LINE
5
6F1
330
C
100
AcDbEntity
8
0
100
AcDbLine
10
657.32
20
47.898
30
0
11
657.309
21
48.076
31
0
0
LINE
5
6F2
330
C
100
AcDbEntity
8
0
100
AcDbLine
10
657.309
20
48.076
30
0
11
657.306
21
48.258
31
0
0
LINE
5
6F3
330
C
100
AcDbEntity
8
0
100
AcDbLine
10
657.306
20
48.258
30
0
11
657.306
21
48.258
31
0
0
LINE
5
6F4
330
C
100
AcDbEntity
8
0
100
AcDbLine
10
657.306
20
48.258
30
0
11
657.309
21
48.439
31
0
0
LINE
5
6F5
330
C
100
AcDbEntity
8
0
100
AcDbLine
10
657.309
20
48.439
30
0
11
657.319
21
48.615
31
0
0
LINE
5
6F6
330
C
100
AcDbEntity
8
0
100
AcDbLine
10
657.319
20
48.615
30
0
11
657.337
21
48.787
31
0
0
LINE
5
6F7
330
C
100
AcDbEntity
8
0
100
AcDbLine
10
657.337
20
48.787
30
0
11
657.36
21
48.953
31
0
0
LINE
5
6F8
330
C
100
AcDbEntity
8
0
100
AcDbLine
10
657.36
20
48.953
30
0
11
657.391
21
49.114
31
0
0
LINE
5
6F9
330
C
100
AcDbEntity
8
0
100
AcDbLine
10
657.391
20
49.114
30
0
11
657.429
21
49.271
31
0
0
LINE
5
6FA
330
C
100
AcDbEntity
8
0
100
AcDbLine
10
657.429
20
49.271
30
0
11
657.473
21
49.423
31
0
0
LINE
5
6FB
330
C
100
AcDbEntity
8
0
100
AcDbLine
10
657.473
20
49.423
30
0
11
657.525
21
49.569
31
0
0
LINE
5
6FC
330
C
100
AcDbEntity
8
0
100
AcDbLine
10
657.525
20
49.569
30
0
11
657.583
21
49.711
31
0
0
LINE
5
6FD
330
C
100
AcDbEntity
8
0
100
AcDbLine
10
657.583
20
49.711
30
0
11
657.648
21
49.848
31
0
0
LINE
5
6FE
330
C
100
AcDbEntity
8
0
100
AcDbLine
10
657.648
20
49.848
30
0
11
657.718
21
49.979
31
0
0
LINE
5
6FF
330
C
100
AcDbEntity
8
0
100
AcDbLine
10
657.718
20
49.979
30
0
11
657.794
21
50.104
31
0
0
LINE
5
700
330
C
100
AcDbEntity
8
0
100
AcDbLine
10
657.794
20
50.104
30
0
11
657.873
21
50.223
31
0
0
LINE
5
701
330
C
100
AcDbEntity
8
0
100
AcDbLine
10
657.873
20
50.223
30
0
11
657.957
21
50.336
31
0
0
LINE
5
702
330
C
100
AcDbEntity
8
0
100
AcDbLine
10
657.957
20
50.336
30
0
11
658.046
21
50.443
31
0
0
LINE
5
703
330
C
100
AcDbEntity
8
0
100
AcDbLine
10
658.046
20
50.443
30
0
11
658.139
21
50.543
31
0
0
LINE
5
704
330
C
100
AcDbEntity
8
0
100
AcDbLine
10
658.139
20
50.543
30
0
11
658.237
21
50.637
31
0
0
LINE
5
705
330
C
100
AcDbEntity
8
0
100
AcDbLine
10
658.237
20
50.637
30
0
11
658.339
21
50.725
31
0
0
LINE
5
706
330
C
100
AcDbEntity
8
0
100
AcDbLine
10
658.339
20
50.725
30
0
11
658.446
21
50.807
31
0
0
LINE
5
707
330
C
100
AcDbEntity
8
0
100
AcDbLine
10
658.446
20
50.807
30
0
11
658.557
21
50.883
31
0
0
LINE
5
708
330
C
100
AcDbEntity
8
0
100
AcDbLine
10
658.557
20
50.883
30
0
11
658.671
21
50.952
31
0
0
LINE
5
709
330
C
100
AcDbEntity
8
0
100
AcDbLine
10
658.671
20
50.952
30
0
11
658.788
21
51.014
31
0
0
LINE
5
70A
330
C
100
AcDbEntity
8
0
100
AcDbLine
10
658.788
20
51.014
30
0
11
658.907
21
51.068
31
0
0
LINE
5
70B
330
C
100
AcDbEntity
8
0
100
AcDbLine
10
658.907
20
51.068
30
0
11
659.028
21
51.115
31
0
0
LINE
5
70C
330
C
100
AcDbEntity
8
0
100
AcDbLine
10
659.028
20
51.115
30
0
11
659.152
21
51.155
31
0
0
LINE
5
70D
330
C
100
AcDbEntity
8
0
100
AcDbLine
10
659.152
20
51.155
30
0
11
659.277
21
51.188
31
0
0
LINE
5
70E
330
C
100
AcDbEntity
8
0
100
AcDbLine
10
659.277
20
51.188
30
0
11
659.405
21
51.213
31
0
0
LINE
5
70F
330
C
100
AcDbEntity
8
0
100
AcDbLine
10
659.405
20
51.213
30
0
11
659.535
21
51.231
31
0
0
LINE
5
710
330
C
100
AcDbEntity
8
0
100
AcDbLine
10
659.535
20
51.231
30
0
11
659.667
21
51.242
31
0
0
LINE
5
711
330
C
100
AcDbEntity
8
0
100
AcDbLine
10
659.667
20
51.242
30
0
11
659.802
21
51.246
31
0
0
LINE
5
712
330
C
100
AcDbEntity
8
0
100
AcDbLine
10
659.802
20
51.246
30
0
11
659.802
21
51.246
31
0
0
LINE
5
713
330
C
100
AcDbEntity
8
0
100
AcDbLine
10
659.802
20
51.246
30
0
11
659.926
21
51.243
31
0
0
LINE
5
714
330
C
100
AcDbEntity
8
0
100
AcDbLine
10
659.926
20
51.243
30
0
11
660.048
21
51.234
31
0
0
LINE
5
715
330
C
100
AcDbEntity
8
0
100
AcDbLine
10
660.048
20
51.234
30
0
11
660.166
21
51.218
31
0
0
LINE
5
716
330
C
100
AcDbEntity
8
0
100
AcDbLine
10
660.166
20
51.218
30
0
11
660.281
21
51.197
31
0
0
LINE
5
717
330
C
100
AcDbEntity
8
0
100
AcDbLine
10
660.281
20
51.197
30
0
11
660.394
21
51.169
31
0
0
LINE
5
718
330
C
100
AcDbEntity
8
0
100
AcDbLine
10
660.394
20
51.169
30
0
11
660.503
21
51.136
31
0
0
LINE
5
719
330
C
100
AcDbEntity
8
0
100
AcDbLine
10
660.503
20
51.136
30
0
11
660.609
21
51.096
31
0
0
LINE
5
71A
330
C
100
AcDbEntity
8
0
100
AcDbLine
10
660.609
20
51.096
30
0
11
660.712
21
51.05
31
0
0
LINE
5
71B
330
C
100
AcDbEntity
8
0
100
AcDbLine
10
660.712
20
51.05
30
0
11
660.812
21
50.998
31
0
0
LINE
5
71C
330
C
100
AcDbEntity
8
0
100
AcDbLine
10
660.812
20
50.998
30
0
11
660.909
21
50.94
31
0
0
LINE
5
71D
330
C
100
AcDbEntity
8
0
100
AcDbLine
10
660.909
20
50.94
30
0
11
661.002
21
50.876
31
0
0
LINE
5
71E
330
C
100
AcDbEntity
8
0
100
AcDbLine
10
661.002
20
50.876
30
0
11
661.091
21
50.807
31
0
0
LINE
5
71F
330
C
100
AcDbEntity
8
0
100
AcDbLine
10
661.091
20
50.807
30
0
11
661.176
21
50.732
31
0
0
LINE
5
720
330
C
100
AcDbEntity
8
0
100
AcDbLine
10
661.176
20
50.732
30
0
11
661.256
21
50.652
31
0
0
LINE
5
721
330
C
100
AcDbEntity
8
0
100
AcDbLine
10
661.256
20
50.652
30
0
11
661.333
21
50.566
31
0
0
LINE
5
722
330
C
100
AcDbEntity
8
0
100
AcDbLine
10
661.333
20
50.566
30
0
11
661.404
21
50.476
31
0
0
LINE
5
723
330
C
100
AcDbEntity
8
0
100
AcDbLine
10
661.404
20
50.476
30
0
11
661.472
21
50.379
31
0
0
LINE
5
724
330
C
100
AcDbEntity
8
0
100
AcDbLine
10
661.472
20
50.379
30
0
11
661.536
21
50.278
31
0
0
LINE
5
725
330
C
100
AcDbEntity
8
0
100
AcDbLine
10
661.536
20
50.278
30
0
11
661.595
21
50.17
31
0
0
LINE
5
726
330
C
100
AcDbEntity
8
0
100
AcDbLine
10
661.595
20
50.17
30
0
11
661.65
21
50.058
31
0
0
LINE
5
727
330
C
100
AcDbEntity
8
0
100
AcDbLine
10
661.65
20
50.058
30
0
11
661.7
21
49.94
31
0
0
LINE
5
728
330
C
100
AcDbEntity
8
0
100
AcDbLine
10
661.7
20
49.94
30
0
11
661.745
21
49.818
31
0
0
LINE
5
729
330
C
100
AcDbEntity
8
0
100
AcDbLine
10
661.745
20
49.818
30
0
11
661.784
21
49.691
31
0
0
LINE
5
72A
330
C
100
AcDbEntity
8
0
100
AcDbLine
10
661.784
20
49.691
30
0
11
661.819
21
49.559
31
0
0
LINE
5
72B
330
C
100
AcDbEntity
8
0
100
AcDbLine
10
661.819
20
49.559
30
0
11
661.848
21
49.422
31
0
0
LINE
5
72C
330
C
100
AcDbEntity
8
0
100
AcDbLine
10
661.848
20
49.422
30
0
11
661.872
21
49.28
31
0
0
LINE
5
72D
330
C
100
AcDbEntity
8
0
100
AcDbLine
10
661.872
20
49.28
30
0
11
661.89
21
49.134
31
0
0
LINE
5
72E
330
C
100
AcDbEntity
8
0
100
AcDbLine
10
661.89
20
49.134
30
0
11
661.903
21
48.983
31
0
0
LINE
5
72F
330
C
100
AcDbEntity
8
0
100
AcDbLine
10
661.903
20
48.983
30
0
11
661.911
21
48.827
31
0
0
LINE
5
730
330
C
100
AcDbEntity
8
0
100
AcDbLine
10
661.911
20
48.827
30
0
11
661.914
21
48.666
31
0
0
LINE
5
731
330
C
100
AcDbEntity
8
0
100
AcDbLine
10
661.914
20
48.666
30
0
11
661.914
21
48.666
31
0
0
LINE
5
732
330
C
100
AcDbEntity
8
0
100
AcDbLine
10
661.914
20
48.666
30
0
11
661.554
21
48.666
31
0
0
LINE
5
733
330
C
100
AcDbEntity
8
0
100
AcDbLine
10
661.554
20
48.666
30
0
11
661.552
21
48.778
31
0
0
LINE
5
734
330
C
100
AcDbEntity
8
0
100
AcDbLine
10
661.552
20
48.778
30
0
11
661.545
21
48.887
31
0
0
LINE
5
735
330
C
100
AcDbEntity
8
0
100
AcDbLine
10
661.545
20
48.887
30
0
11
661.534
21
48.992
31
0
0
LINE
5
736
330
C
100
AcDbEntity
8
0
100
AcDbLine
10
661.534
20
48.992
30
0
11
661.518
21
49.093
31
0
0
LINE
5
737
330
C
100
AcDbEntity
8
0
100
AcDbLine
10
661.518
20
49.093
30
0
11
661.498
21
49.191
31
0
0
LINE
5
738
330
C
100
AcDbEntity
8
0
100
AcDbLine
10
661.498
20
49.191
30
0
11
661.473
21
49.285
31
0
0
LINE
5
739
330
C
100
AcDbEntity
8
0
100
AcDbLine
10
661.473
20
49.285
30
0
11
661.444
21
49.376
31
0
0
LINE
5
73A
330
C
100
AcDbEntity
8
0
100
AcDbLine
10
661.444
20
49.376
30
0
11
661.41
21
49.463
31
0
0
LINE
5
73B
330
C
100
AcDbEntity
8
0
100
AcDbLine
10
661.41
20
49.463
30
0
11
661.372
21
49.546
31
0
0
LINE
5
73C
330
C
100
AcDbEntity
8
0
100
AcDbLine
10
661.372
20
49.546
30
0
11
661.329
21
49.626
31
0
0
LINE
5
73D
330
C
100
AcDbEntity
8
0
100
AcDbLine
10
661.329
20
49.626
30
0
11
661.282
21
49.702
31
0
0
LINE
5
73E
330
C
100
AcDbEntity
8
0
100
AcDbLine
10
661.282
20
49.702
30
0
11
661.233
21
49.774
31
0
0
LINE
5
73F
330
C
100
AcDbEntity
8
0
100
AcDbLine
10
661.233
20
49.774
30
0
11
661.182
21
49.843
31
0
0
LINE
5
740
330
C
100
AcDbEntity
8
0
100
AcDbLine
10
661.182
20
49.843
30
0
11
661.127
21
49.908
31
0
0
LINE
5
741
330
C
100
AcDbEntity
8
0
100
AcDbLine
10
661.127
20
49.908
30
0
11
661.07
21
49.969
31
0
0
LINE
5
742
330
C
100
AcDbEntity
8
0
100
AcDbLine
10
661.07
20
49.969
30
0
11
661.01
21
50.026
31
0
0
LINE
5
743
330
C
100
AcDbEntity
8
0
100
AcDbLine
10
661.01
20
50.026
30
0
11
660.948
21
50.079
31
0
0
LINE
5
744
330
C
100
AcDbEntity
8
0
100
AcDbLine
10
660.948
20
50.079
30
0
11
660.882
21
50.129
31
0
0
LINE
5
745
330
C
100
AcDbEntity
8
0
100
AcDbLine
10
660.882
20
50.129
30
0
11
660.814
21
50.175
31
0
0
LINE
5
746
330
C
100
AcDbEntity
8
0
100
AcDbLine
10
660.814
20
50.175
30
0
11
660.744
21
50.217
31
0
0
LINE
5
747
330
C
100
AcDbEntity
8
0
100
AcDbLine
10
660.744
20
50.217
30
0
11
660.671
21
50.255
31
0
0
LINE
5
748
330
C
100
AcDbEntity
8
0
100
AcDbLine
10
660.671
20
50.255
30
0
11
660.598
21
50.289
31
0
0
LINE
5
749
330
C
100
AcDbEntity
8
0
100
AcDbLine
10
660.598
20
50.289
30
0
11
660.523
21
50.32
31
0
0
LINE
5
74A
330
C
100
AcDbEntity
8
0
100
AcDbLine
10
660.523
20
50.32
30
0
11
660.447
21
50.346
31
0
0
LINE
5
74B
330
C
100
AcDbEntity
8
0
100
AcDbLine
10
660.447
20
50.346
30
0
11
660.37
21
50.368
31
0
0
LINE
5
74C
330
C
100
AcDbEntity
8
0
100
AcDbLine
10
660.37
20
50.368
30
0
11
660.292
21
50.386
31
0
0
LINE
5
74D
330
C
100
AcDbEntity
8
0
100
AcDbLine
10
660.292
20
50.386
30
0
11
660.213
21
50.4
31
0
0
LINE
5
74E
330
C
100
AcDbEntity
8
0
100
AcDbLine
10
660.213
20
50.4
30
0
11
660.133
21
50.41
31
0
0
LINE
5
74F
330
C
100
AcDbEntity
8
0
100
AcDbLine
10
660.133
20
50.41
30
0
11
660.052
21
50.416
31
0
0
LINE
5
750
330
C
100
AcDbEntity
8
0
100
AcDbLine
10
660.052
20
50.416
30
0
11
659.97
21
50.418
31
0
0
LINE
5
751
330
C
100
AcDbEntity
8
0
100
AcDbLine
10
659.97
20
50.418
30
0
11
659.97
21
50.418
31
0
0
LINE
5
752
330
C
100
AcDbEntity
8
0
100
AcDbLine
10
659.97
20
50.418
30
0
11
659.877
21
50.415
31
0
0
LINE
5
753
330
C
100
AcDbEntity
8
0
100
AcDbLine
10
659.877
20
50.415
30
0
11
659.786
21
50.408
31
0
0
LINE
5
754
330
C
100
AcDbEntity
8
0
100
AcDbLine
10
659.786
20
50.408
30
0
11
659.696
21
50.395
31
0
0
LINE
5
755
330
C
100
AcDbEntity
8
0
100
AcDbLine
10
659.696
20
50.395
30
0
11
659.608
21
50.376
31
0
0
LINE
5
756
330
C
100
AcDbEntity
8
0
100
AcDbLine
10
659.608
20
50.376
30
0
11
659.522
21
50.353
31
0
0
LINE
5
757
330
C
100
AcDbEntity
8
0
100
AcDbLine
10
659.522
20
50.353
30
0
11
659.437
21
50.324
31
0
0
LINE
5
758
330
C
100
AcDbEntity
8
0
100
AcDbLine
10
659.437
20
50.324
30
0
11
659.354
21
50.29
31
0
0
LINE
5
759
330
C
100
AcDbEntity
8
0
100
AcDbLine
10
659.354
20
50.29
30
0
11
659.273
21
50.251
31
0
0
LINE
5
75A
330
C
100
AcDbEntity
8
0
100
AcDbLine
10
659.273
20
50.251
30
0
11
659.193
21
50.207
31
0
0
LINE
5
75B
330
C
100
AcDbEntity
8
0
100
AcDbLine
10
659.193
20
50.207
30
0
11
659.115
21
50.157
31
0
0
LINE
5
75C
330
C
100
AcDbEntity
8
0
100
AcDbLine
10
659.115
20
50.157
30
0
11
659.039
21
50.103
31
0
0
LINE
5
75D
330
C
100
AcDbEntity
8
0
100
AcDbLine
10
659.039
20
50.103
30
0
11
658.966
21
50.044
31
0
0
LINE
5
75E
330
C
100
AcDbEntity
8
0
100
AcDbLine
10
658.966
20
50.044
30
0
11
658.897
21
49.98
31
0
0
LINE
5
75F
330
C
100
AcDbEntity
8
0
100
AcDbLine
10
658.897
20
49.98
30
0
11
658.83
21
49.913
31
0
0
LINE
5
760
330
C
100
AcDbEntity
8
0
100
AcDbLine
10
658.83
20
49.913
30
0
11
658.767
21
49.84
31
0
0
LINE
5
761
330
C
100
AcDbEntity
8
0
100
AcDbLine
10
658.767
20
49.84
30
0
11
658.707
21
49.764
31
0
0
LINE
5
762
330
C
100
AcDbEntity
8
0
100
AcDbLine
10
658.707
20
49.764
30
0
11
658.649
21
49.683
31
0
0
LINE
5
763
330
C
100
AcDbEntity
8
0
100
AcDbLine
10
658.649
20
49.683
30
0
11
658.595
21
49.597
31
0
0
LINE
5
764
330
C
100
AcDbEntity
8
0
100
AcDbLine
10
658.595
20
49.597
30
0
11
658.545
21
49.507
31
0
0
LINE
5
765
330
C
100
AcDbEntity
8
0
100
AcDbLine
10
658.545
20
49.507
30
0
11
658.497
21
49.413
31
0
0
LINE
5
766
330
C
100
AcDbEntity
8
0
100
AcDbLine
10
658.497
20
49.413
30
0
11
658.453
21
49.315
31
0
0
LINE
5
767
330
C
100
AcDbEntity
8
0
100
AcDbLine
10
658.453
20
49.315
30
0
11
658.414
21
49.212
31
0
0
LINE
5
768
330
C
100
AcDbEntity
8
0
100
AcDbLine
10
658.414
20
49.212
30
0
11
658.379
21
49.106
31
0
0
LINE
5
769
330
C
100
AcDbEntity
8
0
100
AcDbLine
10
658.379
20
49.106
30
0
11
658.349
21
48.996
31
0
0
LINE
5
76A
330
C
100
AcDbEntity
8
0
100
AcDbLine
10
658.349
20
48.996
30
0
11
658.324
21
48.883
31
0
0
LINE
5
76B
330
C
100
AcDbEntity
8
0
100
AcDbLine
10
658.324
20
48.883
30
0
11
658.303
21
48.765
31
0
0
LINE
5
76C
330
C
100
AcDbEntity
8
0
100
AcDbLine
10
658.303
20
48.765
30
0
11
658.287
21
48.644
31
0
0
LINE
5
76D
330
C
100
AcDbEntity
8
0
100
AcDbLine
10
658.287
20
48.644
30
0
11
658.275
21
48.519
31
0
0
LINE
5
76E
330
C
100
AcDbEntity
8
0
100
AcDbLine
10
658.275
20
48.519
30
0
11
658.268
21
48.391
31
0
0
LINE
5
76F
330
C
100
AcDbEntity
8
0
100
AcDbLine
10
658.268
20
48.391
30
0
11
658.266
21
48.258
31
0
0
LINE
5
770
330
C
100
AcDbEntity
8
0
100
AcDbLine
10
658.266
20
48.258
30
0
11
658.266
21
48.258
31
0
0
LINE
5
771
330
C
100
AcDbEntity
8
0
100
AcDbLine
10
658.266
20
48.258
30
0
11
658.268
21
48.123
31
0
0
LINE
5
772
330
C
100
AcDbEntity
8
0
100
AcDbLine
10
658.268
20
48.123
30
0
11
658.275
21
47.992
31
0
0
LINE
5
773
330
C
100
AcDbEntity
8
0
100
AcDbLine
10
658.275
20
47.992
30
0
11
658.287
21
47.865
31
0
0
LINE
5
774
330
C
100
AcDbEntity
8
0
100
AcDbLine
10
658.287
20
47.865
30
0
11
658.303
21
47.742
31
0
0
LINE
5
775
330
C
100
AcDbEntity
8
0
100
AcDbLine
10
658.303
20
47.742
30
0
11
658.324
21
47.622
31
0
0
LINE
5
776
330
C
100
AcDbEntity
8
0
100
AcDbLine
10
658.324
20
47.622
30
0
11
658.349
21
47.506
31
0
0
LINE
5
777
330
C
100
AcDbEntity
8
0
100
AcDbLine
10
658.349
20
47.506
30
0
11
658.379
21
47.394
31
0
0
LINE
5
778
330
C
100
AcDbEntity
8
0
100
AcDbLine
10
658.379
20
47.394
30
0
11
658.414
21
47.286
31
0
0
LINE
5
779
330
C
100
AcDbEntity
8
0
100
AcDbLine
10
658.414
20
47.286
30
0
11
658.453
21
47.182
31
0
0
LINE
5
77A
330
C
100
AcDbEntity
8
0
100
AcDbLine
10
658.453
20
47.182
30
0
11
658.497
21
47.082
31
0
0
LINE
5
77B
330
C
100
AcDbEntity
8
0
100
AcDbLine
10
658.497
20
47.082
30
0
11
658.545
21
46.986
31
0
0
LINE
5
77C
330
C
100
AcDbEntity
8
0
100
AcDbLine
10
658.545
20
46.986
30
0
11
658.595
21
46.894
31
0
0
LINE
5
77D
330
C
100
AcDbEntity
8
0
100
AcDbLine
10
658.595
20
46.894
30
0
11
658.649
21
46.807
31
0
0
LINE
5
77E
330
C
100
AcDbEntity
8
0
100
AcDbLine
10
658.649
20
46.807
30
0
11
658.707
21
46.725
31
0
0
LINE
5
77F
330
C
100
AcDbEntity
8
0
100
AcDbLine
10
658.707
20
46.725
30
0
11
658.767
21
46.647
31
0
0
LINE
5
780
330
C
100
AcDbEntity
8
0
100
AcDbLine
10
658.767
20
46.647
30
0
11
658.83
21
46.574
31
0
0
LINE
5
781
330
C
100
AcDbEntity
8
0
100
AcDbLine
10
658.83
20
46.574
30
0
11
658.897
21
46.505
31
0
0
LINE
5
782
330
C
100
AcDbEntity
8
0
100
AcDbLine
10
658.897
20
46.505
30
0
11
658.966
21
46.441
31
0
0
LINE
5
783
330
C
100
AcDbEntity
8
0
100
AcDbLine
10
658.966
20
46.441
30
0
11
659.039
21
46.381
31
0
0
LINE
5
784
330
C
100
AcDbEntity
8
0
100
AcDbLine
10
659.039
20
46.381
30
0
11
659.115
21
46.326
31
0
0
LINE
5
785
330
C
100
AcDbEntity
8
0
100
AcDbLine
10
659.115
20
46.326
30
0
11
659.193
21
46.276
31
0
0
LINE
5
786
330
C
100
AcDbEntity
8
0
100
AcDbLine
10
659.193
20
46.276
30
0
11
659.273
21
46.231
31
0
0
LINE
5
787
330
C
100
AcDbEntity
8
0
100
AcDbLine
10
659.273
20
46.231
30
0
11
659.354
21
46.191
31
0
0
LINE
5
788
330
C
100
AcDbEntity
8
0
100
AcDbLine
10
659.354
20
46.191
30
0
11
659.437
21
46.157
31
0
0
LINE
5
789
330
C
100
AcDbEntity
8
0
100
AcDbLine
10
659.437
20
46.157
30
0
11
659.522
21
46.128
31
0
0
LINE
5
78A
330
C
100
AcDbEntity
8
0
100
AcDbLine
10
659.522
20
46.128
30
0
11
659.608
21
46.104
31
0
0
LINE
5
78B
330
C
100
AcDbEntity
8
0
100
AcDbLine
10
659.608
20
46.104
30
0
11
659.696
21
46.086
31
0
0
LINE
5
78C
330
C
100
AcDbEntity
8
0
100
AcDbLine
10
659.696
20
46.086
30
0
11
659.786
21
46.073
31
0
0
LINE
5
78D
330
C
100
AcDbEntity
8
0
100
AcDbLine
10
659.786
20
46.073
30
0
11
659.877
21
46.065
31
0
0
LINE
5
78E
330
C
100
AcDbEntity
8
0
100
AcDbLine
10
659.877
20
46.065
30
0
11
659.97
21
46.062
31
0
0
LINE
5
78F
330
C
100
AcDbEntity
8
0
100
AcDbLine
10
659.97
20
46.062
30
0
11
659.97
21
46.062
31
0
0
LINE
5
790
330
C
100
AcDbEntity
8
0
100
AcDbLine
10
659.97
20
46.062
30
0
11
660.047
21
46.064
31
0
0
LINE
5
791
330
C
100
AcDbEntity
8
0
100
AcDbLine
10
660.047
20
46.064
30
0
11
660.125
21
46.07
31
0
0
LINE
5
792
330
C
100
AcDbEntity
8
0
100
AcDbLine
10
660.125
20
46.07
30
0
11
660.201
21
46.08
31
0
0
LINE
5
793
330
C
100
AcDbEntity
8
0
100
AcDbLine
10
660.201
20
46.08
30
0
11
660.277
21
46.095
31
0
0
LINE
5
794
330
C
100
AcDbEntity
8
0
100
AcDbLine
10
660.277
20
46.095
30
0
11
660.353
21
46.113
31
0
0
LINE
5
795
330
C
100
AcDbEntity
8
0
100
AcDbLine
10
660.353
20
46.113
30
0
11
660.428
21
46.135
31
0
0
LINE
5
796
330
C
100
AcDbEntity
8
0
100
AcDbLine
10
660.428
20
46.135
30
0
11
660.503
21
46.162
31
0
0
LINE
5
797
330
C
100
AcDbEntity
8
0
100
AcDbLine
10
660.503
20
46.162
30
0
11
660.576
21
46.193
31
0
0
LINE
5
798
330
C
100
AcDbEntity
8
0
100
AcDbLine
10
660.576
20
46.193
30
0
11
660.65
21
46.227
31
0
0
LINE
5
799
330
C
100
AcDbEntity
8
0
100
AcDbLine
10
660.65
20
46.227
30
0
11
660.723
21
46.266
31
0
0
LINE
5
79A
330
C
100
AcDbEntity
8
0
100
AcDbLine
10
660.723
20
46.266
30
0
11
660.794
21
46.309
31
0
0
LINE
5
79B
330
C
100
AcDbEntity
8
0
100
AcDbLine
10
660.794
20
46.309
30
0
11
660.863
21
46.355
31
0
0
LINE
5
79C
330
C
100
AcDbEntity
8
0
100
AcDbLine
10
660.863
20
46.355
30
0
11
660.929
21
46.405
31
0
0
LINE
5
79D
330
C
100
AcDbEntity
8
0
100
AcDbLine
10
660.929
20
46.405
30
0
11
660.993
21
46.459
31
0
0
LINE
5
79E
330
C
100
AcDbEntity
8
0
100
AcDbLine
10
660.993
20
46.459
30
0
11
661.054
21
46.517
31
0
0
LINE
5
79F
330
C
100
AcDbEntity
8
0
100
AcDbLine
10
661.054
20
46.517
30
0
11
661.112
21
46.579
31
0
0
LINE
5
7A0
330
C
100
AcDbEntity
8
0
100
AcDbLine
10
661.112
20
46.579
30
0
11
661.168
21
46.644
31
0
0
LINE
5
7A1
330
C
100
AcDbEntity
8
0
100
AcDbLine
10
661.168
20
46.644
30
0
11
661.221
21
46.713
31
0
0
LINE
5
7A2
330
C
100
AcDbEntity
8
0
100
AcDbLine
10
661.221
20
46.713
30
0
11
661.272
21
46.786
31
0
0
LINE
5
7A3
330
C
100
AcDbEntity
8
0
100
AcDbLine
10
661.272
20
46.786
30
0
11
661.32
21
46.863
31
0
0
LINE
5
7A4
330
C
100
AcDbEntity
8
0
100
AcDbLine
10
661.32
20
46.863
30
0
11
661.364
21
46.943
31
0
0
LINE
5
7A5
330
C
100
AcDbEntity
8
0
100
AcDbLine
10
661.364
20
46.943
30
0
11
661.404
21
47.027
31
0
0
LINE
5
7A6
330
C
100
AcDbEntity
8
0
100
AcDbLine
10
661.404
20
47.027
30
0
11
661.439
21
47.114
31
0
0
LINE
5
7A7
330
C
100
AcDbEntity
8
0
100
AcDbLine
10
661.439
20
47.114
30
0
11
661.47
21
47.204
31
0
0
LINE
5
7A8
330
C
100
AcDbEntity
8
0
100
AcDbLine
10
661.47
20
47.204
30
0
11
661.495
21
47.297
31
0
0
LINE
5
7A9
330
C
100
AcDbEntity
8
0
100
AcDbLine
10
661.495
20
47.297
30
0
11
661.516
21
47.394
31
0
0
LINE
5
7AA
330
C
100
AcDbEntity
8
0
100
AcDbLine
10
661.516
20
47.394
30
0
11
661.533
21
47.494
31
0
0
LINE
5
7AB
330
C
100
AcDbEntity
8
0
100
AcDbLine
10
661.533
20
47.494
30
0
11
661.544
21
47.597
31
0
0
LINE
5
7AC
330
C
100
AcDbEntity
8
0
100
AcDbLine
10
661.544
20
47.597
30
0
11
661.551
21
47.704
31
0
0
LINE
5
7AD
330
C
100
AcDbEntity
8
0
100
AcDbLine
10
661.551
20
47.704
30
0
11
661.554
21
47.814
31
0
0
LINE
5
7AE
330
C
100
AcDbEntity
8
0
100
AcDbLine
10
661.554
20
47.814
30
0
11
661.554
21
47.814
31
0
0
LINE
5
7AF
330
C
100
AcDbEntity
8
0
100
AcDbLine
10
661.554
20
47.814
30
0
11
661.914
21
47.814
31
0
0
LINE
5
7B0
330
C
100
AcDbEntity
8
0
100
AcDbLine
10
661.914
20
47.814
30
0
11
661.911
21
47.65
31
0
0
LINE
5
7B1
330
C
100
AcDbEntity
8
0
100
AcDbLine
10
661.911
20
47.65
30
0
11
661.903
21
47.491
31
0
0
LINE
5
7B2
330
C
100
AcDbEntity
8
0
100
AcDbLine
10
661.903
20
47.491
30
0
11
661.889
21
47.337
31
0
0
LINE
5
7B3
330
C
100
AcDbEntity
8
0
100
AcDbLine
10
661.889
20
47.337
30
0
11
661.87
21
47.188
31
0
0
LINE
5
7B4
330
C
100
AcDbEntity
8
0
100
AcDbLine
10
661.87
20
47.188
30
0
11
661.846
21
47.044
31
0
0
LINE
5
7B5
330
C
100
AcDbEntity
8
0
100
AcDbLine
10
661.846
20
47.044
30
0
11
661.815
21
46.905
31
0
0
LINE
5
7B6
330
C
100
AcDbEntity
8
0
100
AcDbLine
10
661.815
20
46.905
30
0
11
661.78
21
46.771
31
0
0
LINE
5
7B7
330
C
100
AcDbEntity
8
0
100
AcDbLine
10
661.78
20
46.771
30
0
11
661.739
21
46.643
31
0
0
LINE
5
7B8
330
C
100
AcDbEntity
8
0
100
AcDbLine
10
661.739
20
46.643
30
0
11
661.693
21
46.519
31
0
0
LINE
5
7B9
330
C
100
AcDbEntity
8
0
100
AcDbLine
10
661.693
20
46.519
30
0
11
661.641
21
46.401
31
0
0
LINE
5
7BA
330
C
100
AcDbEntity
8
0
100
AcDbLine
10
661.641
20
46.401
30
0
11
661.584
21
46.288
31
0
0
LINE
5
7BB
330
C
100
AcDbEntity
8
0
100
AcDbLine
10
661.584
20
46.288
30
0
11
661.524
21
46.181
31
0
0
LINE
5
7BC
330
C
100
AcDbEntity
8
0
100
AcDbLine
10
661.524
20
46.181
30
0
11
661.46
21
46.079
31
0
0
LINE
5
7BD
330
C
100
AcDbEntity
8
0
100
AcDbLine
10
661.46
20
46.079
30
0
11
661.392
21
45.982
31
0
0
LINE
5
7BE
330
C
100
AcDbEntity
8
0
100
AcDbLine
10
661.392
20
45.982
30
0
11
661.32
21
45.892
31
0
0
LINE
5
7BF
330
C
100
AcDbEntity
8
0
100
AcDbLine
10
661.32
20
45.892
30
0
11
661.244
21
45.807
31
0
0
LINE
5
7C0
330
C
100
AcDbEntity
8
0
100
AcDbLine
10
661.244
20
45.807
30
0
11
661.164
21
45.727
31
0
0
LINE
5
7C1
330
C
100
AcDbEntity
8
0
100
AcDbLine
10
661.164
20
45.727
30
0
11
661.081
21
45.653
31
0
0
LINE
5
7C2
330
C
100
AcDbEntity
8
0
100
AcDbLine
10
661.081
20
45.653
30
0
11
660.994
21
45.585
31
0
0
LINE
5
7C3
330
C
100
AcDbEntity
8
0
100
AcDbLine
10
660.994
20
45.585
30
0
11
660.903
21
45.522
31
0
0
LINE
5
7C4
330
C
100
AcDbEntity
8
0
100
AcDbLine
10
660.903
20
45.522
30
0
11
660.809
21
45.465
31
0
0
LINE
5
7C5
330
C
100
AcDbEntity
8
0
100
AcDbLine
10
660.809
20
45.465
30
0
11
660.712
21
45.414
31
0
0
LINE
5
7C6
330
C
100
AcDbEntity
8
0
100
AcDbLine
10
660.712
20
45.414
30
0
11
660.614
21
45.369
31
0
0
LINE
5
7C7
330
C
100
AcDbEntity
8
0
100
AcDbLine
10
660.614
20
45.369
30
0
11
660.513
21
45.33
31
0
0
LINE
5
7C8
330
C
100
AcDbEntity
8
0
100
AcDbLine
10
660.513
20
45.33
30
0
11
660.41
21
45.297
31
0
0
LINE
5
7C9
330
C
100
AcDbEntity
8
0
100
AcDbLine
10
660.41
20
45.297
30
0
11
660.305
21
45.27
31
0
0
LINE
5
7CA
330
C
100
AcDbEntity
8
0
100
AcDbLine
10
660.305
20
45.27
30
0
11
660.197
21
45.249
31
0
0
LINE
5
7CB
330
C
100
AcDbEntity
8
0
100
AcDbLine
10
660.197
20
45.249
30
0
11
660.088
21
45.234
31
0
0
LINE
5
7CC
330
C
100
AcDbEntity
8
0
100
AcDbLine
10
660.088
20
45.234
30
0
11
659.976
21
45.225
31
0
0
LINE
5
7CD
330
C
100
AcDbEntity
8
0
100
AcDbLine
10
659.976
20
45.225
30
0
11
659.862
21
45.222
31
0
0
LINE
5
7CE
330
C
100
AcDbEntity
8
0
100
AcDbLine
10
659.862
20
45.222
30
0
11
659.862
21
45.222
31
0
0
LINE
5
7CF
330
C
100
AcDbEntity
8
0
100
AcDbLine
10
662.49
20
45.366
30
0
11
661.71
21
45.366
31
0
0
LINE
5
7D0
330
C
100
AcDbEntity
8
0
100
AcDbLine
10
661.71
20
45.366
30
0
11
661.554
21
46.71
31
0
0
LINE
5
7D1
330
C
100
AcDbEntity
8
0
100
AcDbLine
10
661.554
20
46.71
30
0
11
661.554
21
53.55
31
0
0
LINE
5
7D2
330
C
100
AcDbEntity
8
0
100
AcDbLine
10
661.554
20
53.55
30
0
11
662.49
21
53.55
31
0
0
LINE
5
7D3
330
C
100
AcDbEntity
8
0
100
AcDbLine
10
662.49
20
53.55
30
0
11
662.49
21
45.366
31
0
0
LINE
5
7D4
330
C
100
AcDbEntity
8
0
100
AcDbLine
10
662.49
20
45.366
30
0
11
662.49
21
45.366
31
0
0
LINE
5
7D5
330
C
100
AcDbEntity
8
0
100
AcDbLine
10
666.912
20
45.222
30
0
11
666.912
21
45.222
31
0
0
LINE
5
7D6
330
C
100
AcDbEntity
8
0
100
AcDbLine
10
666.912
20
45.222
30
0
11
666.765
21
45.226
31
0
0
LINE
5
7D7
330
C
100
AcDbEntity
8
0
100
AcDbLine
10
666.765
20
45.226
30
0
11
666.621
21
45.237
31
0
0
LINE
5
7D8
330
C
100
AcDbEntity
8
0
100
AcDbLine
10
666.621
20
45.237
30
0
11
666.48
21
45.256
31
0
0
LINE
5
7D9
330
C
100
AcDbEntity
8
0
100
AcDbLine
10
666.48
20
45.256
30
0
11
666.342
21
45.283
31
0
0
LINE
5
7DA
330
C
100
AcDbEntity
8
0
100
AcDbLine
10
666.342
20
45.283
30
0
11
666.208
21
45.317
31
0
0
LINE
5
7DB
330
C
100
AcDbEntity
8
0
100
AcDbLine
10
666.208
20
45.317
30
0
11
666.076
21
45.359
31
0
0
LINE
5
7DC
330
C
100
AcDbEntity
8
0
100
AcDbLine
10
666.076
20
45.359
30
0
11
665.948
21
45.409
31
0
0
LINE
5
7DD
330
C
100
AcDbEntity
8
0
100
AcDbLine
10
665.948
20
45.409
30
0
11
665.823
21
45.466
31
0
0
LINE
5
7DE
330
C
100
AcDbEntity
8
0
100
AcDbLine
10
665.823
20
45.466
30
0
11
665.701
21
45.531
31
0
0
LINE
5
7DF
330
C
100
AcDbEntity
8
0
100
AcDbLine
10
665.701
20
45.531
30
0
11
665.583
21
45.603
31
0
0
LINE
5
7E0
330
C
100
AcDbEntity
8
0
100
AcDbLine
10
665.583
20
45.603
30
0
11
665.468
21
45.682
31
0
0
LINE
5
7E1
330
C
100
AcDbEntity
8
0
100
AcDbLine
10
665.468
20
45.682
30
0
11
665.359
21
45.767
31
0
0
LINE
5
7E2
330
C
100
AcDbEntity
8
0
100
AcDbLine
10
665.359
20
45.767
30
0
11
665.254
21
45.858
31
0
0
LINE
5
7E3
330
C
100
AcDbEntity
8
0
100
AcDbLine
10
665.254
20
45.858
30
0
11
665.154
21
45.955
31
0
0
LINE
5
7E4
330
C
100
AcDbEntity
8
0
100
AcDbLine
10
665.154
20
45.955
30
0
11
665.059
21
46.058
31
0
0
LINE
5
7E5
330
C
100
AcDbEntity
8
0
100
AcDbLine
10
665.059
20
46.058
30
0
11
664.969
21
46.167
31
0
0
LINE
5
7E6
330
C
100
AcDbEntity
8
0
100
AcDbLine
10
664.969
20
46.167
30
0
11
664.884
21
46.282
31
0
0
LINE
5
7E7
330
C
100
AcDbEntity
8
0
100
AcDbLine
10
664.884
20
46.282
30
0
11
664.804
21
46.403
31
0
0
LINE
5
7E8
330
C
100
AcDbEntity
8
0
100
AcDbLine
10
664.804
20
46.403
30
0
11
664.729
21
46.529
31
0
0
LINE
5
7E9
330
C
100
AcDbEntity
8
0
100
AcDbLine
10
664.729
20
46.529
30
0
11
664.659
21
46.662
31
0
0
LINE
5
7EA
330
C
100
AcDbEntity
8
0
100
AcDbLine
10
664.659
20
46.662
30
0
11
664.594
21
46.8
31
0
0
LINE
5
7EB
330
C
100
AcDbEntity
8
0
100
AcDbLine
10
664.594
20
46.8
30
0
11
664.537
21
46.941
31
0
0
LINE
5
7EC
330
C
100
AcDbEntity
8
0
100
AcDbLine
10
664.537
20
46.941
30
0
11
664.486
21
47.087
31
0
0
LINE
5
7ED
330
C
100
AcDbEntity
8
0
100
AcDbLine
10
664.486
20
47.087
30
0
11
664.442
21
47.237
31
0
0
LINE
5
7EE
330
C
100
AcDbEntity
8
0
100
AcDbLine
10
664.442
20
47.237
30
0
11
664.405
21
47.391
31
0
0
LINE
5
7EF
330
C
100
AcDbEntity
8
0
100
AcDbLine
10
664.405
20
47.391
30
0
11
664.374
21
47.549
31
0
0
LINE
5
7F0
330
C
100
AcDbEntity
8
0
100
AcDbLine
10
664.374
20
47.549
30
0
11
664.35
21
47.711
31
0
0
LINE
5
7F1
330
C
100
AcDbEntity
8
0
100
AcDbLine
10
664.35
20
47.711
30
0
11
664.333
21
47.877
31
0
0
LINE
5
7F2
330
C
100
AcDbEntity
8
0
100
AcDbLine
10
664.333
20
47.877
30
0
11
664.323
21
48.048
31
0
0
LINE
5
7F3
330
C
100
AcDbEntity
8
0
100
AcDbLine
10
664.323
20
48.048
30
0
11
664.32
21
48.222
31
0
0
LINE
5
7F4
330
C
100
AcDbEntity
8
0
100
AcDbLine
10
664.32
20
48.222
30
0
11
664.32
21
48.222
31
0
0
LINE
5
7F5
330
C
100
AcDbEntity
8
0
100
AcDbLine
10
664.32
20
48.222
30
0
11
664.323
21
48.408
31
0
0
LINE
5
7F6
330
C
100
AcDbEntity
8
0
100
AcDbLine
10
664.323
20
48.408
30
0
11
664.333
21
48.588
31
0
0
LINE
5
7F7
330
C
100
AcDbEntity
8
0
100
AcDbLine
10
664.333
20
48.588
30
0
11
664.35
21
48.763
31
0
0
LINE
5
7F8
330
C
100
AcDbEntity
8
0
100
AcDbLine
10
664.35
20
48.763
30
0
11
664.374
21
48.933
31
0
0
LINE
5
7F9
330
C
100
AcDbEntity
8
0
100
AcDbLine
10
664.374
20
48.933
30
0
11
664.404
21
49.098
31
0
0
LINE
5
7FA
330
C
100
AcDbEntity
8
0
100
AcDbLine
10
664.404
20
49.098
30
0
11
664.441
21
49.257
31
0
0
LINE
5
7FB
330
C
100
AcDbEntity
8
0
100
AcDbLine
10
664.441
20
49.257
30
0
11
664.484
21
49.411
31
0
0
LINE
5
7FC
330
C
100
AcDbEntity
8
0
100
AcDbLine
10
664.484
20
49.411
30
0
11
664.535
21
49.56
31
0
0
LINE
5
7FD
330
C
100
AcDbEntity
8
0
100
AcDbLine
10
664.535
20
49.56
30
0
11
664.592
21
49.704
31
0
0
LINE
5
7FE
330
C
100
AcDbEntity
8
0
100
AcDbLine
10
664.592
20
49.704
30
0
11
664.656
21
49.842
31
0
0
LINE
5
7FF
330
C
100
AcDbEntity
8
0
100
AcDbLine
10
664.656
20
49.842
30
0
11
664.725
21
49.974
31
0
0
LINE
5
800
330
C
100
AcDbEntity
8
0
100
AcDbLine
10
664.725
20
49.974
30
0
11
664.8
21
50.101
31
0
0
LINE
5
801
330
C
100
AcDbEntity
8
0
100
AcDbLine
10
664.8
20
50.101
30
0
11
664.88
21
50.22
31
0
0
LINE
5
802
330
C
100
AcDbEntity
8
0
100
AcDbLine
10
664.88
20
50.22
30
0
11
664.964
21
50.334
31
0
0
LINE
5
803
330
C
100
AcDbEntity
8
0
100
AcDbLine
10
664.964
20
50.334
30
0
11
665.054
21
50.441
31
0
0
LINE
5
804
330
C
100
AcDbEntity
8
0
100
AcDbLine
10
665.054
20
50.441
30
0
11
665.149
21
50.542
31
0
0
LINE
5
805
330
C
100
AcDbEntity
8
0
100
AcDbLine
10
665.149
20
50.542
30
0
11
665.248
21
50.637
31
0
0
LINE
5
806
330
C
100
AcDbEntity
8
0
100
AcDbLine
10
665.248
20
50.637
30
0
11
665.353
21
50.725
31
0
0
LINE
5
807
330
C
100
AcDbEntity
8
0
100
AcDbLine
10
665.353
20
50.725
30
0
11
665.462
21
50.807
31
0
0
LINE
5
808
330
C
100
AcDbEntity
8
0
100
AcDbLine
10
665.462
20
50.807
30
0
11
665.577
21
50.883
31
0
0
LINE
5
809
330
C
100
AcDbEntity
8
0
100
AcDbLine
10
665.577
20
50.883
30
0
11
665.695
21
50.952
31
0
0
LINE
5
80A
330
C
100
AcDbEntity
8
0
100
AcDbLine
10
665.695
20
50.952
30
0
11
665.817
21
51.014
31
0
0
LINE
5
80B
330
C
100
AcDbEntity
8
0
100
AcDbLine
10
665.817
20
51.014
30
0
11
665.943
21
51.068
31
0
0
LINE
5
80C
330
C
100
AcDbEntity
8
0
100
AcDbLine
10
665.943
20
51.068
30
0
11
666.071
21
51.115
31
0
0
LINE
5
80D
330
C
100
AcDbEntity
8
0
100
AcDbLine
10
666.071
20
51.115
30
0
11
666.203
21
51.155
31
0
0
LINE
5
80E
330
C
100
AcDbEntity
8
0
100
AcDbLine
10
666.203
20
51.155
30
0
11
666.338
21
51.188
31
0
0
LINE
5
80F
330
C
100
AcDbEntity
8
0
100
AcDbLine
10
666.338
20
51.188
30
0
11
666.477
21
51.213
31
0
0
LINE
5
810
330
C
100
AcDbEntity
8
0
100
AcDbLine
10
666.477
20
51.213
30
0
11
666.618
21
51.231
31
0
0
LINE
5
811
330
C
100
AcDbEntity
8
0
100
AcDbLine
10
666.618
20
51.231
30
0
11
666.763
21
51.242
31
0
0
LINE
5
812
330
C
100
AcDbEntity
8
0
100
AcDbLine
10
666.763
20
51.242
30
0
11
666.912
21
51.246
31
0
0
LINE
5
813
330
C
100
AcDbEntity
8
0
100
AcDbLine
10
666.912
20
51.246
30
0
11
666.912
21
51.246
31
0
0
LINE
5
814
330
C
100
AcDbEntity
8
0
100
AcDbLine
10
666.912
20
51.246
30
0
11
667.041
21
51.243
31
0
0
LINE
5
815
330
C
100
AcDbEntity
8
0
100
AcDbLine
10
667.041
20
51.243
30
0
11
667.166
21
51.235
31
0
0
LINE
5
816
330
C
100
AcDbEntity
8
0
100
AcDbLine
10
667.166
20
51.235
30
0
11
667.287
21
51.222
31
0
0
LINE
5
817
330
C
100
AcDbEntity
8
0
100
AcDbLine
10
667.287
20
51.222
30
0
11
667.404
21
51.204
31
0
0
LINE
5
818
330
C
100
AcDbEntity
8
0
100
AcDbLine
10
667.404
20
51.204
30
0
11
667.518
21
51.18
31
0
0
LINE
5
819
330
C
100
AcDbEntity
8
0
100
AcDbLine
10
667.518
20
51.18
30
0
11
667.627
21
51.151
31
0
0
LINE
5
81A
330
C
100
AcDbEntity
8
0
100
AcDbLine
10
667.627
20
51.151
30
0
11
667.733
21
51.117
31
0
0
LINE
5
81B
330
C
100
AcDbEntity
8
0
100
AcDbLine
10
667.733
20
51.117
30
0
11
667.835
21
51.077
31
0
0
LINE
5
81C
330
C
100
AcDbEntity
8
0
100
AcDbLine
10
667.835
20
51.077
30
0
11
667.933
21
51.032
31
0
0
LINE
5
81D
330
C
100
AcDbEntity
8
0
100
AcDbLine
10
667.933
20
51.032
30
0
11
668.028
21
50.982
31
0
0
LINE
5
81E
330
C
100
AcDbEntity
8
0
100
AcDbLine
10
668.028
20
50.982
30
0
11
668.118
21
50.927
31
0
0
LINE
5
81F
330
C
100
AcDbEntity
8
0
100
AcDbLine
10
668.118
20
50.927
30
0
11
668.205
21
50.869
31
0
0
LINE
5
820
330
C
100
AcDbEntity
8
0
100
AcDbLine
10
668.205
20
50.869
30
0
11
668.289
21
50.807
31
0
0
LINE
5
821
330
C
100
AcDbEntity
8
0
100
AcDbLine
10
668.289
20
50.807
30
0
11
668.369
21
50.741
31
0
0
LINE
5
822
330
C
100
AcDbEntity
8
0
100
AcDbLine
10
668.369
20
50.741
30
0
11
668.445
21
50.672
31
0
0
LINE
5
823
330
C
100
AcDbEntity
8
0
100
AcDbLine
10
668.445
20
50.672
30
0
11
668.517
21
50.598
31
0
0
LINE
5
824
330
C
100
AcDbEntity
8
0
100
AcDbLine
10
668.517
20
50.598
30
0
11
668.586
21
50.521
31
0
0
LINE
5
825
330
C
100
AcDbEntity
8
0
100
AcDbLine
10
668.586
20
50.521
30
0
11
668.652
21
50.441
31
0
0
LINE
5
826
330
C
100
AcDbEntity
8
0
100
AcDbLine
10
668.652
20
50.441
30
0
11
668.714
21
50.356
31
0
0
LINE
5
827
330
C
100
AcDbEntity
8
0
100
AcDbLine
10
668.714
20
50.356
30
0
11
668.772
21
50.268
31
0
0
LINE
5
828
330
C
100
AcDbEntity
8
0
100
AcDbLine
10
668.772
20
50.268
30
0
11
668.826
21
50.177
31
0
0
LINE
5
829
330
C
100
AcDbEntity
8
0
100
AcDbLine
10
668.826
20
50.177
30
0
11
668.878
21
50.083
31
0
0
LINE
5
82A
330
C
100
AcDbEntity
8
0
100
AcDbLine
10
668.878
20
50.083
30
0
11
668.926
21
49.987
31
0
0
LINE
5
82B
330
C
100
AcDbEntity
8
0
100
AcDbLine
10
668.926
20
49.987
30
0
11
668.97
21
49.889
31
0
0
LINE
5
82C
330
C
100
AcDbEntity
8
0
100
AcDbLine
10
668.97
20
49.889
30
0
11
669.011
21
49.789
31
0
0
LINE
5
82D
330
C
100
AcDbEntity
8
0
100
AcDbLine
10
669.011
20
49.789
30
0
11
669.049
21
49.686
31
0
0
LINE
5
82E
330
C
100
AcDbEntity
8
0
100
AcDbLine
10
669.049
20
49.686
30
0
11
669.083
21
49.581
31
0
0
LINE
5
82F
330
C
100
AcDbEntity
8
0
100
AcDbLine
10
669.083
20
49.581
30
0
11
669.114
21
49.473
31
0
0
LINE
5
830
330
C
100
AcDbEntity
8
0
100
AcDbLine
10
669.114
20
49.473
30
0
11
669.141
21
49.363
31
0
0
LINE
5
831
330
C
100
AcDbEntity
8
0
100
AcDbLine
10
669.141
20
49.363
30
0
11
669.165
21
49.251
31
0
0
LINE
5
832
330
C
100
AcDbEntity
8
0
100
AcDbLine
10
669.165
20
49.251
30
0
11
669.185
21
49.137
31
0
0
LINE
5
833
330
C
100
AcDbEntity
8
0
100
AcDbLine
10
669.185
20
49.137
30
0
11
669.203
21
49.023
31
0
0
LINE
5
834
330
C
100
AcDbEntity
8
0
100
AcDbLine
10
669.203
20
49.023
30
0
11
669.217
21
48.907
31
0
0
LINE
5
835
330
C
100
AcDbEntity
8
0
100
AcDbLine
10
669.217
20
48.907
30
0
11
669.228
21
48.791
31
0
0
LINE
5
836
330
C
100
AcDbEntity
8
0
100
AcDbLine
10
669.228
20
48.791
30
0
11
669.236
21
48.674
31
0
0
LINE
5
837
330
C
100
AcDbEntity
8
0
100
AcDbLine
10
669.236
20
48.674
30
0
11
669.241
21
48.557
31
0
0
LINE
5
838
330
C
100
AcDbEntity
8
0
100
AcDbLine
10
669.241
20
48.557
30
0
11
669.242
21
48.438
31
0
0
LINE
5
839
330
C
100
AcDbEntity
8
0
100
AcDbLine
10
669.242
20
48.438
30
0
11
669.241
21
48.319
31
0
0
LINE
5
83A
330
C
100
AcDbEntity
8
0
100
AcDbLine
10
669.241
20
48.319
30
0
11
669.236
21
48.199
31
0
0
LINE
5
83B
330
C
100
AcDbEntity
8
0
100
AcDbLine
10
669.236
20
48.199
30
0
11
669.228
21
48.078
31
0
0
LINE
5
83C
330
C
100
AcDbEntity
8
0
100
AcDbLine
10
669.228
20
48.078
30
0
11
669.228
21
48.078
31
0
0
LINE
5
83D
330
C
100
AcDbEntity
8
0
100
AcDbLine
10
669.228
20
48.078
30
0
11
665.076
21
48.078
31
0
0
LINE
5
83E
330
C
100
AcDbEntity
8
0
100
AcDbLine
10
665.076
20
48.078
30
0
11
665.076
21
48.654
31
0
0
LINE
5
83F
330
C
100
AcDbEntity
8
0
100
AcDbLine
10
665.076
20
48.654
30
0
11
668.61
21
48.654
31
0
0
LINE
5
840
330
C
100
AcDbEntity
8
0
100
AcDbLine
10
668.61
20
48.654
30
0
11
668.334
21
48.474
31
0
0
LINE
5
841
330
C
100
AcDbEntity
8
0
100
AcDbLine
10
668.334
20
48.474
30
0
11
668.337
21
48.545
31
0
0
LINE
5
842
330
C
100
AcDbEntity
8
0
100
AcDbLine
10
668.337
20
48.545
30
0
11
668.338
21
48.616
31
0
0
LINE
5
843
330
C
100
AcDbEntity
8
0
100
AcDbLine
10
668.338
20
48.616
30
0
11
668.338
21
48.686
31
0
0
LINE
5
844
330
C
100
AcDbEntity
8
0
100
AcDbLine
10
668.338
20
48.686
30
0
11
668.336
21
48.757
31
0
0
LINE
5
845
330
C
100
AcDbEntity
8
0
100
AcDbLine
10
668.336
20
48.757
30
0
11
668.333
21
48.828
31
0
0
LINE
5
846
330
C
100
AcDbEntity
8
0
100
AcDbLine
10
668.333
20
48.828
30
0
11
668.328
21
48.899
31
0
0
LINE
5
847
330
C
100
AcDbEntity
8
0
100
AcDbLine
10
668.328
20
48.899
30
0
11
668.322
21
48.97
31
0
0
LINE
5
848
330
C
100
AcDbEntity
8
0
100
AcDbLine
10
668.322
20
48.97
30
0
11
668.315
21
49.04
31
0
0
LINE
5
849
330
C
100
AcDbEntity
8
0
100
AcDbLine
10
668.315
20
49.04
30
0
11
668.305
21
49.111
31
0
0
LINE
5
84A
330
C
100
AcDbEntity
8
0
100
AcDbLine
10
668.305
20
49.111
30
0
11
668.295
21
49.182
31
0
0
LINE
5
84B
330
C
100
AcDbEntity
8
0
100
AcDbLine
10
668.295
20
49.182
30
0
11
668.282
21
49.252
31
0
0
LINE
5
84C
330
C
100
AcDbEntity
8
0
100
AcDbLine
10
668.282
20
49.252
30
0
11
668.268
21
49.321
31
0
0
LINE
5
84D
330
C
100
AcDbEntity
8
0
100
AcDbLine
10
668.268
20
49.321
30
0
11
668.252
21
49.389
31
0
0
LINE
5
84E
330
C
100
AcDbEntity
8
0
100
AcDbLine
10
668.252
20
49.389
30
0
11
668.233
21
49.456
31
0
0
LINE
5
84F
330
C
100
AcDbEntity
8
0
100
AcDbLine
10
668.233
20
49.456
30
0
11
668.213
21
49.522
31
0
0
LINE
5
850
330
C
100
AcDbEntity
8
0
100
AcDbLine
10
668.213
20
49.522
30
0
11
668.191
21
49.586
31
0
0
LINE
5
851
330
C
100
AcDbEntity
8
0
100
AcDbLine
10
668.191
20
49.586
30
0
11
668.166
21
49.65
31
0
0
LINE
5
852
330
C
100
AcDbEntity
8
0
100
AcDbLine
10
668.166
20
49.65
30
0
11
668.14
21
49.712
31
0
0
LINE
5
853
330
C
100
AcDbEntity
8
0
100
AcDbLine
10
668.14
20
49.712
30
0
11
668.112
21
49.773
31
0
0
LINE
5
854
330
C
100
AcDbEntity
8
0
100
AcDbLine
10
668.112
20
49.773
30
0
11
668.082
21
49.833
31
0
0
LINE
5
855
330
C
100
AcDbEntity
8
0
100
AcDbLine
10
668.082
20
49.833
30
0
11
668.049
21
49.891
31
0
0
LINE
5
856
330
C
100
AcDbEntity
8
0
100
AcDbLine
10
668.049
20
49.891
30
0
11
668.014
21
49.947
31
0
0
LINE
5
857
330
C
100
AcDbEntity
8
0
100
AcDbLine
10
668.014
20
49.947
30
0
11
667.977
21
50.001
31
0
0
LINE
5
858
330
C
100
AcDbEntity
8
0
100
AcDbLine
10
667.977
20
50.001
30
0
11
667.937
21
50.052
31
0
0
LINE
5
859
330
C
100
AcDbEntity
8
0
100
AcDbLine
10
667.937
20
50.052
30
0
11
667.894
21
50.101
31
0
0
LINE
5
85A
330
C
100
AcDbEntity
8
0
100
AcDbLine
10
667.894
20
50.101
30
0
11
667.849
21
50.147
31
0
0
LINE
5
85B
330
C
100
AcDbEntity
8
0
100
AcDbLine
10
667.849
20
50.147
30
0
11
667.802
21
50.191
31
0
0
LINE
5
85C
330
C
100
AcDbEntity
8
0
100
AcDbLine
10
667.802
20
50.191
30
0
11
667.752
21
50.233
31
0
0
LINE
5
85D
330
C
100
AcDbEntity
8
0
100
AcDbLine
10
667.752
20
50.233
30
0
11
667.699
21
50.273
31
0
0
LINE
5
85E
330
C
100
AcDbEntity
8
0
100
AcDbLine
10
667.699
20
50.273
30
0
11
667.644
21
50.31
31
0
0
LINE
5
85F
330
C
100
AcDbEntity
8
0
100
AcDbLine
10
667.644
20
50.31
30
0
11
667.586
21
50.344
31
0
0
LINE
5
860
330
C
100
AcDbEntity
8
0
100
AcDbLine
10
667.586
20
50.344
30
0
11
667.525
21
50.375
31
0
0
LINE
5
861
330
C
100
AcDbEntity
8
0
100
AcDbLine
10
667.525
20
50.375
30
0
11
667.461
21
50.402
31
0
0
LINE
5
862
330
C
100
AcDbEntity
8
0
100
AcDbLine
10
667.461
20
50.402
30
0
11
667.393
21
50.425
31
0
0
LINE
5
863
330
C
100
AcDbEntity
8
0
100
AcDbLine
10
667.393
20
50.425
30
0
11
667.323
21
50.445
31
0
0
LINE
5
864
330
C
100
AcDbEntity
8
0
100
AcDbLine
10
667.323
20
50.445
30
0
11
667.249
21
50.461
31
0
0
LINE
5
865
330
C
100
AcDbEntity
8
0
100
AcDbLine
10
667.249
20
50.461
30
0
11
667.173
21
50.474
31
0
0
LINE
5
866
330
C
100
AcDbEntity
8
0
100
AcDbLine
10
667.173
20
50.474
30
0
11
667.093
21
50.483
31
0
0
LINE
5
867
330
C
100
AcDbEntity
8
0
100
AcDbLine
10
667.093
20
50.483
30
0
11
667.01
21
50.488
31
0
0
LINE
5
868
330
C
100
AcDbEntity
8
0
100
AcDbLine
10
667.01
20
50.488
30
0
11
666.924
21
50.49
31
0
0
LINE
5
869
330
C
100
AcDbEntity
8
0
100
AcDbLine
10
666.924
20
50.49
30
0
11
666.924
21
50.49
31
0
0
LINE
5
86A
330
C
100
AcDbEntity
8
0
100
AcDbLine
10
666.924
20
50.49
30
0
11
666.815
21
50.487
31
0
0
LINE
5
86B
330
C
100
AcDbEntity
8
0
100
AcDbLine
10
666.815
20
50.487
30
0
11
666.71
21
50.479
31
0
0
LINE
5
86C
330
C
100
AcDbEntity
8
0
100
AcDbLine
10
666.71
20
50.479
30
0
11
666.609
21
50.465
31
0
0
LINE
5
86D
330
C
100
AcDbEntity
8
0
100
AcDbLine
10
666.609
20
50.465
30
0
11
666.511
21
50.445
31
0
0
LINE
5
86E
330
C
100
AcDbEntity
8
0
100
AcDbLine
10
666.511
20
50.445
30
0
11
666.417
21
50.419
31
0
0
LINE
5
86F
330
C
100
AcDbEntity
8
0
100
AcDbLine
10
666.417
20
50.419
30
0
11
666.326
21
50.388
31
0
0
LINE
5
870
330
C
100
AcDbEntity
8
0
100
AcDbLine
10
666.326
20
50.388
30
0
11
666.239
21
50.352
31
0
0
LINE
5
871
330
C
100
AcDbEntity
8
0
100
AcDbLine
10
666.239
20
50.352
30
0
11
666.156
21
50.31
31
0
0
LINE
5
872
330
C
100
AcDbEntity
8
0
100
AcDbLine
10
666.156
20
50.31
30
0
11
666.076
21
50.262
31
0
0
LINE
5
873
330
C
100
AcDbEntity
8
0
100
AcDbLine
10
666.076
20
50.262
30
0
11
666
21
50.208
31
0
0
LINE
5
874
330
C
100
AcDbEntity
8
0
100
AcDbLine
10
666
20
50.208
30
0
11
665.927
21
50.15
31
0
0
LINE
5
875
330
C
100
AcDbEntity
8
0
100
AcDbLine
10
665.927
20
50.15
30
0
11
665.858
21
50.088
31
0
0
LINE
5
876
330
C
100
AcDbEntity
8
0
100
AcDbLine
10
665.858
20
50.088
30
0
11
665.793
21
50.023
31
0
0
LINE
5
877
330
C
100
AcDbEntity
8
0
100
AcDbLine
10
665.793
20
50.023
30
0
11
665.732
21
49.954
31
0
0
LINE
5
878
330
C
100
AcDbEntity
8
0
100
AcDbLine
10
665.732
20
49.954
30
0
11
665.674
21
49.882
31
0
0
LINE
5
879
330
C
100
AcDbEntity
8
0
100
AcDbLine
10
665.674
20
49.882
30
0
11
665.62
21
49.806
31
0
0
LINE
5
87A
330
C
100
AcDbEntity
8
0
100
AcDbLine
10
665.62
20
49.806
30
0
11
665.57
21
49.726
31
0
0
LINE
5
87B
330
C
100
AcDbEntity
8
0
100
AcDbLine
10
665.57
20
49.726
30
0
11
665.524
21
49.644
31
0
0
LINE
5
87C
330
C
100
AcDbEntity
8
0
100
AcDbLine
10
665.524
20
49.644
30
0
11
665.481
21
49.557
31
0
0
LINE
5
87D
330
C
100
AcDbEntity
8
0
100
AcDbLine
10
665.481
20
49.557
30
0
11
665.442
21
49.467
31
0
0
LINE
5
87E
330
C
100
AcDbEntity
8
0
100
AcDbLine
10
665.442
20
49.467
30
0
11
665.406
21
49.374
31
0
0
LINE
5
87F
330
C
100
AcDbEntity
8
0
100
AcDbLine
10
665.406
20
49.374
30
0
11
665.375
21
49.28
31
0
0
LINE
5
880
330
C
100
AcDbEntity
8
0
100
AcDbLine
10
665.375
20
49.28
30
0
11
665.347
21
49.185
31
0
0
LINE
5
881
330
C
100
AcDbEntity
8
0
100
AcDbLine
10
665.347
20
49.185
30
0
11
665.323
21
49.088
31
0
0
LINE
5
882
330
C
100
AcDbEntity
8
0
100
AcDbLine
10
665.323
20
49.088
30
0
11
665.302
21
48.989
31
0
0
LINE
5
883
330
C
100
AcDbEntity
8
0
100
AcDbLine
10
665.302
20
48.989
30
0
11
665.286
21
48.889
31
0
0
LINE
5
884
330
C
100
AcDbEntity
8
0
100
AcDbLine
10
665.286
20
48.889
30
0
11
665.272
21
48.788
31
0
0
LINE
5
885
330
C
100
AcDbEntity
8
0
100
AcDbLine
10
665.272
20
48.788
30
0
11
665.263
21
48.685
31
0
0
LINE
5
886
330
C
100
AcDbEntity
8
0
100
AcDbLine
10
665.263
20
48.685
30
0
11
665.258
21
48.58
31
0
0
LINE
5
887
330
C
100
AcDbEntity
8
0
100
AcDbLine
10
665.258
20
48.58
30
0
11
665.256
21
48.474
31
0
0
LINE
5
888
330
C
100
AcDbEntity
8
0
100
AcDbLine
10
665.256
20
48.474
30
0
11
665.256
21
48.474
31
0
0
LINE
5
889
330
C
100
AcDbEntity
8
0
100
AcDbLine
10
665.256
20
48.474
30
0
11
665.256
21
48.09
31
0
0
LINE
5
88A
330
C
100
AcDbEntity
8
0
100
AcDbLine
10
665.256
20
48.09
30
0
11
665.258
21
47.971
31
0
0
LINE
5
88B
330
C
100
AcDbEntity
8
0
100
AcDbLine
10
665.258
20
47.971
30
0
11
665.263
21
47.855
31
0
0
LINE
5
88C
330
C
100
AcDbEntity
8
0
100
AcDbLine
10
665.263
20
47.855
30
0
11
665.272
21
47.741
31
0
0
LINE
5
88D
330
C
100
AcDbEntity
8
0
100
AcDbLine
10
665.272
20
47.741
30
0
11
665.285
21
47.63
31
0
0
LINE
5
88E
330
C
100
AcDbEntity
8
0
100
AcDbLine
10
665.285
20
47.63
30
0
11
665.302
21
47.522
31
0
0
LINE
5
88F
330
C
100
AcDbEntity
8
0
100
AcDbLine
10
665.302
20
47.522
30
0
11
665.322
21
47.415
31
0
0
LINE
5
890
330
C
100
AcDbEntity
8
0
100
AcDbLine
10
665.322
20
47.415
30
0
11
665.345
21
47.312
31
0
0
LINE
5
891
330
C
100
AcDbEntity
8
0
100
AcDbLine
10
665.345
20
47.312
30
0
11
665.373
21
47.211
31
0
0
LINE
5
892
330
C
100
AcDbEntity
8
0
100
AcDbLine
10
665.373
20
47.211
30
0
11
665.404
21
47.112
31
0
0
LINE
5
893
330
C
100
AcDbEntity
8
0
100
AcDbLine
10
665.404
20
47.112
30
0
11
665.439
21
47.016
31
0
0
LINE
5
894
330
C
100
AcDbEntity
8
0
100
AcDbLine
10
665.439
20
47.016
30
0
11
665.477
21
46.923
31
0
0
LINE
5
895
330
C
100
AcDbEntity
8
0
100
AcDbLine
10
665.477
20
46.923
30
0
11
665.519
21
46.834
31
0
0
LINE
5
896
330
C
100
AcDbEntity
8
0
100
AcDbLine
10
665.519
20
46.834
30
0
11
665.565
21
46.749
31
0
0
LINE
5
897
330
C
100
AcDbEntity
8
0
100
AcDbLine
10
665.565
20
46.749
30
0
11
665.614
21
46.668
31
0
0
LINE
5
898
330
C
100
AcDbEntity
8
0
100
AcDbLine
10
665.614
20
46.668
30
0
11
665.668
21
46.591
31
0
0
LINE
5
899
330
C
100
AcDbEntity
8
0
100
AcDbLine
10
665.668
20
46.591
30
0
11
665.724
21
46.518
31
0
0
LINE
5
89A
330
C
100
AcDbEntity
8
0
100
AcDbLine
10
665.724
20
46.518
30
0
11
665.785
21
46.449
31
0
0
LINE
5
89B
330
C
100
AcDbEntity
8
0
100
AcDbLine
10
665.785
20
46.449
30
0
11
665.849
21
46.384
31
0
0
LINE
5
89C
330
C
100
AcDbEntity
8
0
100
AcDbLine
10
665.849
20
46.384
30
0
11
665.916
21
46.323
31
0
0
LINE
5
89D
330
C
100
AcDbEntity
8
0
100
AcDbLine
10
665.916
20
46.323
30
0
11
665.988
21
46.266
31
0
0
LINE
5
89E
330
C
100
AcDbEntity
8
0
100
AcDbLine
10
665.988
20
46.266
30
0
11
666.063
21
46.214
31
0
0
LINE
5
89F
330
C
100
AcDbEntity
8
0
100
AcDbLine
10
666.063
20
46.214
30
0
11
666.142
21
46.167
31
0
0
LINE
5
8A0
330
C
100
AcDbEntity
8
0
100
AcDbLine
10
666.142
20
46.167
30
0
11
666.225
21
46.125
31
0
0
LINE
5
8A1
330
C
100
AcDbEntity
8
0
100
AcDbLine
10
666.225
20
46.125
30
0
11
666.311
21
46.089
31
0
0
LINE
5
8A2
330
C
100
AcDbEntity
8
0
100
AcDbLine
10
666.311
20
46.089
30
0
11
666.402
21
46.059
31
0
0
LINE
5
8A3
330
C
100
AcDbEntity
8
0
100
AcDbLine
10
666.402
20
46.059
30
0
11
666.496
21
46.034
31
0
0
LINE
5
8A4
330
C
100
AcDbEntity
8
0
100
AcDbLine
10
666.496
20
46.034
30
0
11
666.594
21
46.015
31
0
0
LINE
5
8A5
330
C
100
AcDbEntity
8
0
100
AcDbLine
10
666.594
20
46.015
30
0
11
666.696
21
46.001
31
0
0
LINE
5
8A6
330
C
100
AcDbEntity
8
0
100
AcDbLine
10
666.696
20
46.001
30
0
11
666.802
21
45.993
31
0
0
LINE
5
8A7
330
C
100
AcDbEntity
8
0
100
AcDbLine
10
666.802
20
45.993
30
0
11
666.912
21
45.99
31
0
0
LINE
5
8A8
330
C
100
AcDbEntity
8
0
100
AcDbLine
10
666.912
20
45.99
30
0
11
666.912
21
45.99
31
0
0
LINE
5
8A9
330
C
100
AcDbEntity
8
0
100
AcDbLine
10
666.912
20
45.99
30
0
11
667.021
21
45.993
31
0
0
LINE
5
8AA
330
C
100
AcDbEntity
8
0
100
AcDbLine
10
667.021
20
45.993
30
0
11
667.127
21
46.001
31
0
0
LINE
5
8AB
330
C
100
AcDbEntity
8
0
100
AcDbLine
10
667.127
20
46.001
30
0
11
667.229
21
46.014
31
0
0
LINE
5
8AC
330
C
100
AcDbEntity
8
0
100
AcDbLine
10
667.229
20
46.014
30
0
11
667.326
21
46.033
31
0
0
LINE
5
8AD
330
C
100
AcDbEntity
8
0
100
AcDbLine
10
667.326
20
46.033
30
0
11
667.42
21
46.057
31
0
0
LINE
5
8AE
330
C
100
AcDbEntity
8
0
100
AcDbLine
10
667.42
20
46.057
30
0
11
667.51
21
46.087
31
0
0
LINE
5
8AF
330
C
100
AcDbEntity
8
0
100
AcDbLine
10
667.51
20
46.087
30
0
11
667.596
21
46.122
31
0
0
LINE
5
8B0
330
C
100
AcDbEntity
8
0
100
AcDbLine
10
667.596
20
46.122
30
0
11
667.678
21
46.163
31
0
0
LINE
5
8B1
330
C
100
AcDbEntity
8
0
100
AcDbLine
10
667.678
20
46.163
30
0
11
667.756
21
46.209
31
0
0
LINE
5
8B2
330
C
100
AcDbEntity
8
0
100
AcDbLine
10
667.756
20
46.209
30
0
11
667.83
21
46.26
31
0
0
LINE
5
8B3
330
C
100
AcDbEntity
8
0
100
AcDbLine
10
667.83
20
46.26
30
0
11
667.899
21
46.317
31
0
0
LINE
5
8B4
330
C
100
AcDbEntity
8
0
100
AcDbLine
10
667.899
20
46.317
30
0
11
667.962
21
46.378
31
0
0
LINE
5
8B5
330
C
100
AcDbEntity
8
0
100
AcDbLine
10
667.962
20
46.378
30
0
11
668.02
21
46.445
31
0
0
LINE
5
8B6
330
C
100
AcDbEntity
8
0
100
AcDbLine
10
668.02
20
46.445
30
0
11
668.073
21
46.517
31
0
0
LINE
5
8B7
330
C
100
AcDbEntity
8
0
100
AcDbLine
10
668.073
20
46.517
30
0
11
668.119
21
46.594
31
0
0
LINE
5
8B8
330
C
100
AcDbEntity
8
0
100
AcDbLine
10
668.119
20
46.594
30
0
11
668.16
21
46.677
31
0
0
LINE
5
8B9
330
C
100
AcDbEntity
8
0
100
AcDbLine
10
668.16
20
46.677
30
0
11
668.196
21
46.764
31
0
0
LINE
5
8BA
330
C
100
AcDbEntity
8
0
100
AcDbLine
10
668.196
20
46.764
30
0
11
668.225
21
46.857
31
0
0
LINE
5
8BB
330
C
100
AcDbEntity
8
0
100
AcDbLine
10
668.225
20
46.857
30
0
11
668.249
21
46.955
31
0
0
LINE
5
8BC
330
C
100
AcDbEntity
8
0
100
AcDbLine
10
668.249
20
46.955
30
0
11
668.268
21
47.058
31
0
0
LINE
5
8BD
330
C
100
AcDbEntity
8
0
100
AcDbLine
10
668.268
20
47.058
30
0
11
668.268
21
47.058
31
0
0
LINE
5
8BE
330
C
100
AcDbEntity
8
0
100
AcDbLine
10
668.268
20
47.058
30
0
11
669.24
21
47.058
31
0
0
LINE
5
8BF
330
C
100
AcDbEntity
8
0
100
AcDbLine
10
669.24
20
47.058
30
0
11
669.219
21
46.946
31
0
0
LINE
5
8C0
330
C
100
AcDbEntity
8
0
100
AcDbLine
10
669.219
20
46.946
30
0
11
669.195
21
46.836
31
0
0
LINE
5
8C1
330
C
100
AcDbEntity
8
0
100
AcDbLine
10
669.195
20
46.836
30
0
11
669.165
21
46.73
31
0
0
LINE
5
8C2
330
C
100
AcDbEntity
8
0
100
AcDbLine
10
669.165
20
46.73
30
0
11
669.131
21
46.627
31
0
0
LINE
5
8C3
330
C
100
AcDbEntity
8
0
100
AcDbLine
10
669.131
20
46.627
30
0
11
669.093
21
46.528
31
0
0
LINE
5
8C4
330
C
100
AcDbEntity
8
0
100
AcDbLine
10
669.093
20
46.528
30
0
11
669.05
21
46.431
31
0
0
LINE
5
8C5
330
C
100
AcDbEntity
8
0
100
AcDbLine
10
669.05
20
46.431
30
0
11
669.002
21
46.338
31
0
0
LINE
5
8C6
330
C
100
AcDbEntity
8
0
100
AcDbLine
10
669.002
20
46.338
30
0
11
668.95
21
46.248
31
0
0
LINE
5
8C7
330
C
100
AcDbEntity
8
0
100
AcDbLine
10
668.95
20
46.248
30
0
11
668.893
21
46.161
31
0
0
LINE
5
8C8
330
C
100
AcDbEntity
8
0
100
AcDbLine
10
668.893
20
46.161
30
0
11
668.832
21
46.077
31
0
0
LINE
5
8C9
330
C
100
AcDbEntity
8
0
100
AcDbLine
10
668.832
20
46.077
30
0
11
668.766
21
45.997
31
0
0
LINE
5
8CA
330
C
100
AcDbEntity
8
0
100
AcDbLine
10
668.766
20
45.997
30
0
11
668.698
21
45.92
31
0
0
LINE
5
8CB
330
C
100
AcDbEntity
8
0
100
AcDbLine
10
668.698
20
45.92
30
0
11
668.625
21
45.847
31
0
0
LINE
5
8CC
330
C
100
AcDbEntity
8
0
100
AcDbLine
10
668.625
20
45.847
30
0
11
668.55
21
45.778
31
0
0
LINE
5
8CD
330
C
100
AcDbEntity
8
0
100
AcDbLine
10
668.55
20
45.778
30
0
11
668.47
21
45.713
31
0
0
LINE
5
8CE
330
C
100
AcDbEntity
8
0
100
AcDbLine
10
668.47
20
45.713
30
0
11
668.388
21
45.652
31
0
0
LINE
5
8CF
330
C
100
AcDbEntity
8
0
100
AcDbLine
10
668.388
20
45.652
30
0
11
668.301
21
45.594
31
0
0
LINE
5
8D0
330
C
100
AcDbEntity
8
0
100
AcDbLine
10
668.301
20
45.594
30
0
11
668.212
21
45.54
31
0
0
LINE
5
8D1
330
C
100
AcDbEntity
8
0
100
AcDbLine
10
668.212
20
45.54
30
0
11
668.118
21
45.49
31
0
0
LINE
5
8D2
330
C
100
AcDbEntity
8
0
100
AcDbLine
10
668.118
20
45.49
30
0
11
668.022
21
45.444
31
0
0
LINE
5
8D3
330
C
100
AcDbEntity
8
0
100
AcDbLine
10
668.022
20
45.444
30
0
11
667.922
21
45.402
31
0
0
LINE
5
8D4
330
C
100
AcDbEntity
8
0
100
AcDbLine
10
667.922
20
45.402
30
0
11
667.82
21
45.364
31
0
0
LINE
5
8D5
330
C
100
AcDbEntity
8
0
100
AcDbLine
10
667.82
20
45.364
30
0
11
667.715
21
45.331
31
0
0
LINE
5
8D6
330
C
100
AcDbEntity
8
0
100
AcDbLine
10
667.715
20
45.331
30
0
11
667.608
21
45.302
31
0
0
LINE
5
8D7
330
C
100
AcDbEntity
8
0
100
AcDbLine
10
667.608
20
45.302
30
0
11
667.498
21
45.278
31
0
0
LINE
5
8D8
330
C
100
AcDbEntity
8
0
100
AcDbLine
10
667.498
20
45.278
30
0
11
667.386
21
45.258
31
0
0
LINE
5
8D9
330
C
100
AcDbEntity
8
0
100
AcDbLine
10
667.386
20
45.258
30
0
11
667.271
21
45.242
31
0
0
LINE
5
8DA
330
C
100
AcDbEntity
8
0
100
AcDbLine
10
667.271
20
45.242
30
0
11
667.154
21
45.231
31
0
0
LINE
5
8DB
330
C
100
AcDbEntity
8
0
100
AcDbLine
10
667.154
20
45.231
30
0
11
667.034
21
45.224
31
0
0
LINE
5
8DC
330
C
100
AcDbEntity
8
0
100
AcDbLine
10
667.034
20
45.224
30
0
11
666.912
21
45.222
31
0
0
LINE
5
8DD
330
C
100
AcDbEntity
8
0
100
AcDbLine
10
666.912
20
45.222
30
0
11
666.912
21
45.222
31
0
0
LINE
5
8DE
330
C
100
AcDbEntity
8
0
100
AcDbLine
10
671.862
20
52.926
30
0
11
671.862
21
52.926
31
0
0
LINE
5
8DF
330
C
100
AcDbEntity
8
0
100
AcDbLine
10
671.862
20
52.926
30
0
11
672.618
21
52.926
31
0
0
LINE
5
8E0
330
C
100
AcDbEntity
8
0
100
AcDbLine
10
672.618
20
52.926
30
0
11
672.618
21
45.366
31
0
0
LINE
5
8E1
330
C
100
AcDbEntity
8
0
100
AcDbLine
10
672.618
20
45.366
30
0
11
671.682
21
45.366
31
0
0
LINE
5
8E2
330
C
100
AcDbEntity
8
0
100
AcDbLine
10
671.682
20
45.366
30
0
11
671.682
21
51.822
31
0
0
LINE
5
8E3
330
C
100
AcDbEntity
8
0
100
AcDbLine
10
671.682
20
51.822
30
0
11
671.624
21
51.783
31
0
0
LINE
5
8E4
330
C
100
AcDbEntity
8
0
100
AcDbLine
10
671.624
20
51.783
30
0
11
671.565
21
51.747
31
0
0
LINE
5
8E5
330
C
100
AcDbEntity
8
0
100
AcDbLine
10
671.565
20
51.747
30
0
11
671.507
21
51.712
31
0
0
LINE
5
8E6
330
C
100
AcDbEntity
8
0
100
AcDbLine
10
671.507
20
51.712
30
0
11
671.447
21
51.678
31
0
0
LINE
5
8E7
330
C
100
AcDbEntity
8
0
100
AcDbLine
10
671.447
20
51.678
30
0
11
671.387
21
51.647
31
0
0
LINE
5
8E8
330
C
100
AcDbEntity
8
0
100
AcDbLine
10
671.387
20
51.647
30
0
11
671.326
21
51.618
31
0
0
LINE
5
8E9
330
C
100
AcDbEntity
8
0
100
AcDbLine
10
671.326
20
51.618
30
0
11
671.265
21
51.59
31
0
0
LINE
5
8EA
330
C
100
AcDbEntity
8
0
100
AcDbLine
10
671.265
20
51.59
30
0
11
671.204
21
51.565
31
0
0
LINE
5
8EB
330
C
100
AcDbEntity
8
0
100
AcDbLine
10
671.204
20
51.565
30
0
11
671.141
21
51.541
31
0
0
LINE
5
8EC
330
C
100
AcDbEntity
8
0
100
AcDbLine
10
671.141
20
51.541
30
0
11
671.079
21
51.519
31
0
0
LINE
5
8ED
330
C
100
AcDbEntity
8
0
100
AcDbLine
10
671.079
20
51.519
30
0
11
671.016
21
51.499
31
0
0
LINE
5
8EE
330
C
100
AcDbEntity
8
0
100
AcDbLine
10
671.016
20
51.499
30
0
11
670.953
21
51.481
31
0
0
LINE
5
8EF
330
C
100
AcDbEntity
8
0
100
AcDbLine
10
670.953
20
51.481
30
0
11
670.889
21
51.464
31
0
0
LINE
5
8F0
330
C
100
AcDbEntity
8
0
100
AcDbLine
10
670.889
20
51.464
30
0
11
670.826
21
51.45
31
0
0
LINE
5
8F1
330
C
100
AcDbEntity
8
0
100
AcDbLine
10
670.826
20
51.45
30
0
11
670.763
21
51.437
31
0
0
LINE
5
8F2
330
C
100
AcDbEntity
8
0
100
AcDbLine
10
670.763
20
51.437
30
0
11
670.7
21
51.426
31
0
0
LINE
5
8F3
330
C
100
AcDbEntity
8
0
100
AcDbLine
10
670.7
20
51.426
30
0
11
670.636
21
51.418
31
0
0
LINE
5
8F4
330
C
100
AcDbEntity
8
0
100
AcDbLine
10
670.636
20
51.418
30
0
11
670.573
21
51.411
31
0
0
LINE
5
8F5
330
C
100
AcDbEntity
8
0
100
AcDbLine
10
670.573
20
51.411
30
0
11
670.509
21
51.405
31
0
0
LINE
5
8F6
330
C
100
AcDbEntity
8
0
100
AcDbLine
10
670.509
20
51.405
30
0
11
670.446
21
51.402
31
0
0
LINE
5
8F7
330
C
100
AcDbEntity
8
0
100
AcDbLine
10
670.446
20
51.402
30
0
11
670.446
21
51.402
31
0
0
LINE
5
8F8
330
C
100
AcDbEntity
8
0
100
AcDbLine
10
670.446
20
51.402
30
0
11
670.446
21
52.314
31
0
0
LINE
5
8F9
330
C
100
AcDbEntity
8
0
100
AcDbLine
10
670.446
20
52.314
30
0
11
670.521
21
52.326
31
0
0
LINE
5
8FA
330
C
100
AcDbEntity
8
0
100
AcDbLine
10
670.521
20
52.326
30
0
11
670.596
21
52.339
31
0
0
LINE
5
8FB
330
C
100
AcDbEntity
8
0
100
AcDbLine
10
670.596
20
52.339
30
0
11
670.671
21
52.355
31
0
0
LINE
5
8FC
330
C
100
AcDbEntity
8
0
100
AcDbLine
10
670.671
20
52.355
30
0
11
670.745
21
52.372
31
0
0
LINE
5
8FD
330
C
100
AcDbEntity
8
0
100
AcDbLine
10
670.745
20
52.372
30
0
11
670.819
21
52.391
31
0
0
LINE
5
8FE
330
C
100
AcDbEntity
8
0
100
AcDbLine
10
670.819
20
52.391
30
0
11
670.892
21
52.411
31
0
0
LINE
5
8FF
330
C
100
AcDbEntity
8
0
100
AcDbLine
10
670.892
20
52.411
30
0
11
670.965
21
52.434
31
0
0
LINE
5
900
330
C
100
AcDbEntity
8
0
100
AcDbLine
10
670.965
20
52.434
30
0
11
671.037
21
52.458
31
0
0
LINE
5
901
330
C
100
AcDbEntity
8
0
100
AcDbLine
10
671.037
20
52.458
30
0
11
671.109
21
52.484
31
0
0
LINE
5
902
330
C
100
AcDbEntity
8
0
100
AcDbLine
10
671.109
20
52.484
30
0
11
671.181
21
52.512
31
0
0
LINE
5
903
330
C
100
AcDbEntity
8
0
100
AcDbLine
10
671.181
20
52.512
30
0
11
671.252
21
52.542
31
0
0
LINE
5
904
330
C
100
AcDbEntity
8
0
100
AcDbLine
10
671.252
20
52.542
30
0
11
671.322
21
52.575
31
0
0
LINE
5
905
330
C
100
AcDbEntity
8
0
100
AcDbLine
10
671.322
20
52.575
30
0
11
671.392
21
52.61
31
0
0
LINE
5
906
330
C
100
AcDbEntity
8
0
100
AcDbLine
10
671.392
20
52.61
30
0
11
671.461
21
52.647
31
0
0
LINE
5
907
330
C
100
AcDbEntity
8
0
100
AcDbLine
10
671.461
20
52.647
30
0
11
671.53
21
52.688
31
0
0
LINE
5
908
330
C
100
AcDbEntity
8
0
100
AcDbLine
10
671.53
20
52.688
30
0
11
671.597
21
52.73
31
0
0
LINE
5
909
330
C
100
AcDbEntity
8
0
100
AcDbLine
10
671.597
20
52.73
30
0
11
671.664
21
52.775
31
0
0
LINE
5
90A
330
C
100
AcDbEntity
8
0
100
AcDbLine
10
671.664
20
52.775
30
0
11
671.731
21
52.823
31
0
0
LINE
5
90B
330
C
100
AcDbEntity
8
0
100
AcDbLine
10
671.731
20
52.823
30
0
11
671.797
21
52.873
31
0
0
LINE
5
90C
330
C
100
AcDbEntity
8
0
100
AcDbLine
10
671.797
20
52.873
30
0
11
671.862
21
52.926
31
0
0
LINE
5
90D
330
C
100
AcDbEntity
8
0
100
AcDbLine
10
671.862
20
52.926
30
0
11
671.862
21
52.926
31
0
0
LINE
5
90E
330
C
100
AcDbEntity
8
0
100
AcDbLine
10
517.196
20
68
30
0
11
517.196
21
65
31
0
0
LINE
5
90F
330
C
100
AcDbEntity
8
0
100
AcDbLine
10
517.196
20
65
30
0
11
518.411
21
65
31
0
0
LINE
5
910
330
C
100
AcDbEntity
8
0
100
AcDbLine
10
518.411
20
65
30
0
11
518.411
21
68
31
0
0
LINE
5
911
330
C
100
AcDbEntity
8
0
100
AcDbLine
10
518.411
20
68
30
0
11
525.309
21
68
31
0
0
LINE
5
912
330
C
100
AcDbEntity
8
0
100
AcDbLine
10
525.309
20
68
30
0
11
525.309
21
65
31
0
0
LINE
5
913
330
C
100
AcDbEntity
8
0
100
AcDbLine
10
525.309
20
65
30
0
11
532.205
21
65
31
0
0
LINE
5
914
330
C
100
AcDbEntity
8
0
100
AcDbLine
10
532.205
20
65
30
0
11
532.205
21
68
31
0
0
LINE
5
915
330
C
100
AcDbEntity
8
0
100
AcDbLine
10
532.205
20
68
30
0
11
539.103
21
68
31
0
0
LINE
5
916
330
C
100
AcDbEntity
8
0
100
AcDbLine
10
539.103
20
68
30
0
11
539.103
21
65
31
0
0
LINE
5
917
330
C
100
AcDbEntity
8
0
100
AcDbLine
10
539.103
20
65
30
0
11
546
21
65
31
0
0
LINE
5
918
330
C
100
AcDbEntity
8
0
100
AcDbLine
10
546
20
65
30
0
11
546
21
68
31
0
0
LINE
5
919
330
C
100
AcDbEntity
8
0
100
AcDbLine
10
546
20
68
30
0
11
552.896
21
68
31
0
0
LINE
5
91A
330
C
100
AcDbEntity
8
0
100
AcDbLine
10
552.896
20
68
30
0
11
552.896
21
65
31
0
0
LINE
5
91B
330
C
100
AcDbEntity
8
0
100
AcDbLine
10
552.896
20
65
30
0
11
559.794
21
65
31
0
0
LINE
5
91C
330
C
100
AcDbEntity
8
0
100
AcDbLine
10
559.794
20
65
30
0
11
559.794
21
68
31
0
0
LINE
5
91D
330
C
100
AcDbEntity
8
0
100
AcDbLine
10
559.794
20
68
30
0
11
566.691
21
68
31
0
0
LINE
5
91E
330
C
100
AcDbEntity
8
0
100
AcDbLine
10
566.691
20
68
30
0
11
566.691
21
65
31
0
0
LINE
5
91F
330
C
100
AcDbEntity
8
0
100
AcDbLine
10
566.691
20
65
30
0
11
573.588
21
65
31
0
0
LINE
5
920
330
C
100
AcDbEntity
8
0
100
AcDbLine
10
573.588
20
65
30
0
11
573.588
21
68
31
0
0
LINE
5
921
330
C
100
AcDbEntity
8
0
100
AcDbLine
10
573.588
20
68
30
0
11
580.485
21
68
31
0
0
LINE
5
922
330
C
100
AcDbEntity
8
0
100
AcDbLine
10
580.485
20
68
30
0
11
580.485
21
65
31
0
0
LINE
5
923
330
C
100
AcDbEntity
8
0
100
AcDbLine
10
580.485
20
65
30
0
11
587.383
21
65
31
0
0
LINE
5
924
330
C
100
AcDbEntity
8
0
100
AcDbLine
10
587.383
20
65
30
0
11
587.383
21
68
31
0
0
LINE
5
925
330
C
100
AcDbEntity
8
0
100
AcDbLine
10
587.383
20
68
30
0
11
594.279
21
68
31
0
0
LINE
5
926
330
C
100
AcDbEntity
8
0
100
AcDbLine
10
594.279
20
68
30
0
11
594.279
21
65
31
0
0
LINE
5
927
330
C
100
AcDbEntity
8
0
100
AcDbLine
10
594.279
20
65
30
0
11
601.177
21
65
31
0
0
LINE
5
928
330
C
100
AcDbEntity
8
0
100
AcDbLine
10
601.177
20
65
30
0
11
601.177
21
68
31
0
0
LINE
5
929
330
C
100
AcDbEntity
8
0
100
AcDbLine
10
601.177
20
68
30
0
11
608.073
21
68
31
0
0
LINE
5
92A
330
C
100
AcDbEntity
8
0
100
AcDbLine
10
608.073
20
68
30
0
11
608.073
21
65
31
0
0
LINE
5
92B
330
C
100
AcDbEntity
8
0
100
AcDbLine
10
608.073
20
65
30
0
11
614.971
21
65
31
0
0
LINE
5
92C
330
C
100
AcDbEntity
8
0
100
AcDbLine
10
614.971
20
65
30
0
11
614.971
21
68
31
0
0
LINE
5
92D
330
C
100
AcDbEntity
8
0
100
AcDbLine
10
614.971
20
68
30
0
11
621.868
21
68
31
0
0
LINE
5
92E
330
C
100
AcDbEntity
8
0
100
AcDbLine
10
621.868
20
68
30
0
11
621.868
21
65
31
0
0
LINE
5
92F
330
C
100
AcDbEntity
8
0
100
AcDbLine
10
621.868
20
65
30
0
11
628.765
21
65
31
0
0
LINE
5
930
330
C
100
AcDbEntity
8
0
100
AcDbLine
10
628.765
20
65
30
0
11
628.765
21
68
31
0
0
LINE
5
931
330
C
100
AcDbEntity
8
0
100
AcDbLine
10
628.765
20
68
30
0
11
635.662
21
68
31
0
0
LINE
5
932
330
C
100
AcDbEntity
8
0
100
AcDbLine
10
635.662
20
68
30
0
11
635.662
21
65
31
0
0
LINE
5
933
330
C
100
AcDbEntity
8
0
100
AcDbLine
10
635.662
20
65
30
0
11
642.56
21
65
31
0
0
LINE
5
934
330
C
100
AcDbEntity
8
0
100
AcDbLine
10
642.56
20
65
30
0
11
642.56
21
68
31
0
0
LINE
5
935
330
C
100
AcDbEntity
8
0
100
AcDbLine
10
642.56
20
68
30
0
11
649.456
21
68
31
0
0
LINE
5
936
330
C
100
AcDbEntity
8
0
100
AcDbLine
10
649.456
20
68
30
0
11
649.456
21
65
31
0
0
LINE
5
937
330
C
100
AcDbEntity
8
0
100
AcDbLine
10
649.456
20
65
30
0
11
656.354
21
65
31
0
0
LINE
5
938
330
C
100
AcDbEntity
8
0
100
AcDbLine
10
656.354
20
65
30
0
11
656.354
21
68
31
0
0
LINE
5
939
330
C
100
AcDbEntity
8
0
100
AcDbLine
10
656.354
20
68
30
0
11
663.251
21
68
31
0
0
LINE
5
93A
330
C
100
AcDbEntity
8
0
100
AcDbLine
10
663.251
20
68
30
0
11
663.251
21
65
31
0
0
LINE
5
93B
330
C
100
AcDbEntity
8
0
100
AcDbLine
10
663.251
20
65
30
0
11
670.147
21
65
31
0
0
LINE
5
93C
330
C
100
AcDbEntity
8
0
100
AcDbLine
10
670.147
20
65
30
0
11
670.147
21
68
31
0
0
LINE
5
93D
330
C
100
AcDbEntity
8
0
100
AcDbLine
10
670.147
20
68
30
0
11
677.045
21
68
31
0
0
LINE
5
93E
330
C
100
AcDbEntity
8
0
100
AcDbLine
10
677.045
20
68
30
0
11
677.045
21
65
31
0
0
LINE
5
93F
330
C
100
AcDbEntity
8
0
100
AcDbLine
10
677.045
20
65
30
0
11
683.942
21
65
31
0
0
LINE
5
940
330
C
100
AcDbEntity
8
0
100
AcDbLine
10
683.942
20
65
30
0
11
683.942
21
68
31
0
0
LINE
5
941
330
C
100
AcDbEntity
8
0
100
AcDbLine
10
683.942
20
68
30
0
11
690.839
21
68
31
0
0
LINE
5
942
330
C
100
AcDbEntity
8
0
100
AcDbLine
10
690.839
20
68
30
0
11
690.839
21
65
31
0
0
LINE
5
943
330
C
100
AcDbEntity
8
0
100
AcDbLine
10
690.839
20
65
30
0
11
697.736
21
65
31
0
0
LINE
5
944
330
C
100
AcDbEntity
8
0
100
AcDbLine
10
697.736
20
65
30
0
11
697.736
21
68
31
0
0
LINE
5
945
330
C
100
AcDbEntity
8
0
100
AcDbLine
10
697.736
20
68
30
0
11
704.634
21
68
31
0
0
LINE
5
946
330
C
100
AcDbEntity
8
0
100
AcDbLine
10
704.634
20
68
30
0
11
704.634
21
65
31
0
0
LINE
5
947
330
C
100
AcDbEntity
8
0
100
AcDbLine
10
704.634
20
65
30
0
11
711.53
21
65
31
0
0
LINE
5
948
330
C
100
AcDbEntity
8
0
100
AcDbLine
10
711.53
20
65
30
0
11
711.53
21
68
31
0
0
LINE
5
949
330
C
100
AcDbEntity
8
0
100
AcDbLine
10
711.53
20
68
30
0
11
718.428
21
68
31
0
0
LINE
5
94A
330
C
100
AcDbEntity
8
0
100
AcDbLine
10
718.428
20
68
30
0
11
718.428
21
65
31
0
0
LINE
5
94B
330
C
100
AcDbEntity
8
0
100
AcDbLine
10
718.428
20
65
30
0
11
725.324
21
65
31
0
0
LINE
5
94C
330
C
100
AcDbEntity
8
0
100
AcDbLine
10
725.324
20
65
30
0
11
725.324
21
68
31
0
0
LINE
5
94D
330
C
100
AcDbEntity
8
0
100
AcDbLine
10
725.324
20
68
30
0
11
732.222
21
68
31
0
0
LINE
5
94E
330
C
100
AcDbEntity
8
0
100
AcDbLine
10
732.222
20
68
30
0
11
732.222
21
65
31
0
0
LINE
5
94F
330
C
100
AcDbEntity
8
0
100
AcDbLine
10
732.222
20
65
30
0
11
739.119
21
65
31
0
0
LINE
5
950
330
C
100
AcDbEntity
8
0
100
AcDbLine
10
739.119
20
65
30
0
11
739.119
21
68
31
0
0
LINE
5
951
330
C
100
AcDbEntity
8
0
100
AcDbLine
10
739.119
20
68
30
0
11
746.016
21
68
31
0
0
LINE
5
952
330
C
100
AcDbEntity
8
0
100
AcDbLine
10
746.016
20
68
30
0
11
746.016
21
65
31
0
0
LINE
5
953
330
C
100
AcDbEntity
8
0
100
AcDbLine
10
746.016
20
65
30
0
11
752.913
21
65
31
0
0
LINE
5
954
330
C
100
AcDbEntity
8
0
100
AcDbLine
10
752.913
20
65
30
0
11
752.913
21
68
31
0
0
LINE
5
955
330
C
100
AcDbEntity
8
0
100
AcDbLine
10
752.913
20
68
30
0
11
759.811
21
68
31
0
0
LINE
5
956
330
C
100
AcDbEntity
8
0
100
AcDbLine
10
759.811
20
68
30
0
11
759.811
21
65
31
0
0
LINE
5
957
330
C
100
AcDbEntity
8
0
100
AcDbLine
10
759.811
20
65
30
0
11
766.707
21
65
31
0
0
LINE
5
958
330
C
100
AcDbEntity
8
0
100
AcDbLine
10
766.707
20
65
30
0
11
766.707
21
68
31
0
0
LINE
5
959
330
C
100
AcDbEntity
8
0
100
AcDbLine
10
766.707
20
68
30
0
11
773.604
21
68
31
0
0
LINE
5
95A
330
C
100
AcDbEntity
8
0
100
AcDbLine
10
773.604
20
68
30
0
11
773.604
21
65
31
0
0
LINE
5
95B
330
C
100
AcDbEntity
8
0
100
AcDbLine
10
773.604
20
65
30
0
11
780.502
21
65
31
0
0
LINE
5
95C
330
C
100
AcDbEntity
8
0
100
AcDbLine
10
780.502
20
65
30
0
11
780.502
21
68
31
0
0
LINE
5
95D
330
C
100
AcDbEntity
8
0
100
AcDbLine
10
780.502
20
68
30
0
11
787.398
21
68
31
0
0
LINE
5
95E
330
C
100
AcDbEntity
8
0
100
AcDbLine
10
787.398
20
68
30
0
11
787.398
21
65
31
0
0
LINE
5
95F
330
C
100
AcDbEntity
8
0
100
AcDbLine
10
787.398
20
65
30
0
11
794.296
21
65
31
0
0
LINE
5
960
330
C
100
AcDbEntity
8
0
100
AcDbLine
10
794.296
20
65
30
0
11
794.296
21
68
31
0
0
LINE
5
961
330
C
100
AcDbEntity
8
0
100
AcDbLine
10
794.296
20
68
30
0
11
801.192
21
68
31
0
0
LINE
5
962
330
C
100
AcDbEntity
8
0
100
AcDbLine
10
801.192
20
68
30
0
11
801.192
21
65
31
0
0
LINE
5
963
330
C
100
AcDbEntity
8
0
100
AcDbLine
10
801.192
20
65
30
0
11
802.407
21
65
31
0
0
LINE
5
964
330
C
100
AcDbEntity
8
0
100
AcDbLine
10
802.407
20
65
30
0
11
802.407
21
68
31
0
0
LINE
5
965
330
C
100
AcDbEntity
8
0
100
AcDbLine
10
802.407
20
68
30
0
11
802.407
21
70.154
31
0
0
LINE
5
966
330
C
100
AcDbEntity
8
0
100
AcDbLine
10
802.407
20
70.154
30
0
11
807.604
21
70.154
31
0
0
LINE
5
967
330
C
100
AcDbEntity
8
0
100
AcDbLine
10
807.604
20
70.154
30
0
11
807.604
21
77.051
31
0
0
LINE
5
968
330
C
100
AcDbEntity
8
0
100
AcDbLine
10
807.604
20
77.051
30
0
11
802.407
21
77.051
31
0
0
LINE
5
969
330
C
100
AcDbEntity
8
0
100
AcDbLine
10
802.407
20
77.051
30
0
11
802.407
21
83.948
31
0
0
LINE
5
96A
330
C
100
AcDbEntity
8
0
100
AcDbLine
10
802.407
20
83.948
30
0
11
807.604
21
83.948
31
0
0
LINE
5
96B
330
C
100
AcDbEntity
8
0
100
AcDbLine
10
807.604
20
83.948
30
0
11
807.604
21
90.846
31
0
0
LINE
5
96C
330
C
100
AcDbEntity
8
0
100
AcDbLine
10
807.604
20
90.846
30
0
11
802.407
21
90.846
31
0
0
LINE
5
96D
330
C
100
AcDbEntity
8
0
100
AcDbLine
10
802.407
20
90.846
30
0
11
802.407
21
93
31
0
0
LINE
5
96E
330
C
100
AcDbEntity
8
0
100
AcDbLine
10
802.407
20
93
30
0
11
517.196
21
93
31
0
0
LINE
5
96F
330
C
100
AcDbEntity
8
0
100
AcDbLine
10
517.196
20
93
30
0
11
512
21
93
31
0
0
LINE
5
970
330
C
100
AcDbEntity
8
0
100
AcDbLine
10
512
20
93
30
0
11
512
21
90.846
31
0
0
LINE
5
971
330
C
100
AcDbEntity
8
0
100
AcDbLine
10
512
20
90.846
30
0
11
517.196
21
90.846
31
0
0
LINE
5
972
330
C
100
AcDbEntity
8
0
100
AcDbLine
10
517.196
20
90.846
30
0
11
517.196
21
83.949
31
0
0
LINE
5
973
330
C
100
AcDbEntity
8
0
100
AcDbLine
10
517.196
20
83.949
30
0
11
512
21
83.949
31
0
0
LINE
5
974
330
C
100
AcDbEntity
8
0
100
AcDbLine
10
512
20
83.949
30
0
11
512
21
77.052
31
0
0
LINE
5
975
330
C
100
AcDbEntity
8
0
100
AcDbLine
10
512
20
77.052
30
0
11
517.196
21
77.052
31
0
0
LINE
5
976
330
C
100
AcDbEntity
8
0
100
AcDbLine
10
517.196
20
77.052
30
0
11
517.196
21
70.154
31
0
0
LINE
5
977
330
C
100
AcDbEntity
8
0
100
AcDbLine
10
517.196
20
70.154
30
0
11
512
21
70.154
31
0
0
LINE
5
978
330
C
100
AcDbEntity
8
0
100
AcDbLine
10
512
20
70.154
30
0
11
512
21
68
31
0
0
LINE
5
979
330
C
100
AcDbEntity
8
0
100
AcDbLine
10
512
20
68
30
0
11
517.196
21
68
31
0
0
LINE
5
97A
330
C
100
AcDbEntity
8
0
100
AcDbLine
10
647.898
20
76.222
30
0
11
647.898
21
76.222
31
0
0
LINE
5
97B
330
C
100
AcDbEntity
8
0
100
AcDbLine
10
647.898
20
76.222
30
0
11
647.748
21
76.225
31
0
0
LINE
5
97C
330
C
100
AcDbEntity
8
0
100
AcDbLine
10
647.748
20
76.225
30
0
11
647.6
21
76.233
31
0
0
LINE
5
97D
330
C
100
AcDbEntity
8
0
100
AcDbLine
10
647.6
20
76.233
30
0
11
647.455
21
76.247
31
0
0
LINE
5
97E
330
C
100
AcDbEntity
8
0
100
AcDbLine
10
647.455
20
76.247
30
0
11
647.313
21
76.266
31
0
0
LINE
5
97F
330
C
100
AcDbEntity
8
0
100
AcDbLine
10
647.313
20
76.266
30
0
11
647.173
21
76.29
31
0
0
LINE
5
980
330
C
100
AcDbEntity
8
0
100
AcDbLine
10
647.173
20
76.29
30
0
11
647.036
21
76.32
31
0
0
LINE
5
981
330
C
100
AcDbEntity
8
0
100
AcDbLine
10
647.036
20
76.32
30
0
11
646.901
21
76.356
31
0
0
LINE
5
982
330
C
100
AcDbEntity
8
0
100
AcDbLine
10
646.901
20
76.356
30
0
11
646.769
21
76.397
31
0
0
LINE
5
983
330
C
100
AcDbEntity
8
0
100
AcDbLine
10
646.769
20
76.397
30
0
11
646.639
21
76.443
31
0
0
LINE
5
984
330
C
100
AcDbEntity
8
0
100
AcDbLine
10
646.639
20
76.443
30
0
11
646.512
21
76.495
31
0
0
LINE
5
985
330
C
100
AcDbEntity
8
0
100
AcDbLine
10
646.512
20
76.495
30
0
11
646.388
21
76.552
31
0
0
LINE
5
986
330
C
100
AcDbEntity
8
0
100
AcDbLine
10
646.388
20
76.552
30
0
11
646.27
21
76.615
31
0
0
LINE
5
987
330
C
100
AcDbEntity
8
0
100
AcDbLine
10
646.27
20
76.615
30
0
11
646.156
21
76.682
31
0
0
LINE
5
988
330
C
100
AcDbEntity
8
0
100
AcDbLine
10
646.156
20
76.682
30
0
11
646.047
21
76.755
31
0
0
LINE
5
989
330
C
100
AcDbEntity
8
0
100
AcDbLine
10
646.047
20
76.755
30
0
11
645.943
21
76.833
31
0
0
LINE
5
98A
330
C
100
AcDbEntity
8
0
100
AcDbLine
10
645.943
20
76.833
30
0
11
645.844
21
76.917
31
0
0
LINE
5
98B
330
C
100
AcDbEntity
8
0
100
AcDbLine
10
645.844
20
76.917
30
0
11
645.75
21
77.005
31
0
0
LINE
5
98C
330
C
100
AcDbEntity
8
0
100
AcDbLine
10
645.75
20
77.005
30
0
11
645.661
21
77.099
31
0
0
LINE
5
98D
330
C
100
AcDbEntity
8
0
100
AcDbLine
10
645.661
20
77.099
30
0
11
645.577
21
77.198
31
0
0
LINE
5
98E
330
C
100
AcDbEntity
8
0
100
AcDbLine
10
645.577
20
77.198
30
0
11
645.498
21
77.302
31
0
0
LINE
5
98F
330
C
100
AcDbEntity
8
0
100
AcDbLine
10
645.498
20
77.302
30
0
11
645.425
21
77.411
31
0
0
LINE
5
990
330
C
100
AcDbEntity
8
0
100
AcDbLine
10
645.425
20
77.411
30
0
11
645.359
21
77.526
31
0
0
LINE
5
991
330
C
100
AcDbEntity
8
0
100
AcDbLine
10
645.359
20
77.526
30
0
11
645.301
21
77.645
31
0
0
LINE
5
992
330
C
100
AcDbEntity
8
0
100
AcDbLine
10
645.301
20
77.645
30
0
11
645.25
21
77.77
31
0
0
LINE
5
993
330
C
100
AcDbEntity
8
0
100
AcDbLine
10
645.25
20
77.77
30
0
11
645.207
21
77.899
31
0
0
LINE
5
994
330
C
100
AcDbEntity
8
0
100
AcDbLine
10
645.207
20
77.899
30
0
11
645.171
21
78.034
31
0
0
LINE
5
995
330
C
100
AcDbEntity
8
0
100
AcDbLine
10
645.171
20
78.034
30
0
11
645.142
21
78.173
31
0
0
LINE
5
996
330
C
100
AcDbEntity
8
0
100
AcDbLine
10
645.142
20
78.173
30
0
11
645.121
21
78.318
31
0
0
LINE
5
997
330
C
100
AcDbEntity
8
0
100
AcDbLine
10
645.121
20
78.318
30
0
11
645.108
21
78.467
31
0
0
LINE
5
998
330
C
100
AcDbEntity
8
0
100
AcDbLine
10
645.108
20
78.467
30
0
11
645.102
21
78.622
31
0
0
LINE
5
999
330
C
100
AcDbEntity
8
0
100
AcDbLine
10
645.102
20
78.622
30
0
11
645.102
21
78.622
31
0
0
LINE
5
99A
330
C
100
AcDbEntity
8
0
100
AcDbLine
10
645.102
20
78.622
30
0
11
646.014
21
78.622
31
0
0
LINE
5
99B
330
C
100
AcDbEntity
8
0
100
AcDbLine
10
646.014
20
78.622
30
0
11
646.016
21
78.518
31
0
0
LINE
5
99C
330
C
100
AcDbEntity
8
0
100
AcDbLine
10
646.016
20
78.518
30
0
11
646.024
21
78.418
31
0
0
LINE
5
99D
330
C
100
AcDbEntity
8
0
100
AcDbLine
10
646.024
20
78.418
30
0
11
646.037
21
78.322
31
0
0
LINE
5
99E
330
C
100
AcDbEntity
8
0
100
AcDbLine
10
646.037
20
78.322
30
0
11
646.055
21
78.23
31
0
0
LINE
5
99F
330
C
100
AcDbEntity
8
0
100
AcDbLine
10
646.055
20
78.23
30
0
11
646.078
21
78.141
31
0
0
LINE
5
9A0
330
C
100
AcDbEntity
8
0
100
AcDbLine
10
646.078
20
78.141
30
0
11
646.107
21
78.056
31
0
0
LINE
5
9A1
330
C
100
AcDbEntity
8
0
100
AcDbLine
10
646.107
20
78.056
30
0
11
646.14
21
77.975
31
0
0
LINE
5
9A2
330
C
100
AcDbEntity
8
0
100
AcDbLine
10
646.14
20
77.975
30
0
11
646.179
21
77.898
31
0
0
LINE
5
9A3
330
C
100
AcDbEntity
8
0
100
AcDbLine
10
646.179
20
77.898
30
0
11
646.223
21
77.825
31
0
0
LINE
5
9A4
330
C
100
AcDbEntity
8
0
100
AcDbLine
10
646.223
20
77.825
30
0
11
646.272
21
77.755
31
0
0
LINE
5
9A5
330
C
100
AcDbEntity
8
0
100
AcDbLine
10
646.272
20
77.755
30
0
11
646.325
21
77.689
31
0
0
LINE
5
9A6
330
C
100
AcDbEntity
8
0
100
AcDbLine
10
646.325
20
77.689
30
0
11
646.382
21
77.626
31
0
0
LINE
5
9A7
330
C
100
AcDbEntity
8
0
100
AcDbLine
10
646.382
20
77.626
30
0
11
646.442
21
77.567
31
0
0
LINE
5
9A8
330
C
100
AcDbEntity
8
0
100
AcDbLine
10
646.442
20
77.567
30
0
11
646.505
21
77.512
31
0
0
LINE
5
9A9
330
C
100
AcDbEntity
8
0
100
AcDbLine
10
646.505
20
77.512
30
0
11
646.572
21
77.46
31
0
0
LINE
5
9AA
330
C
100
AcDbEntity
8
0
100
AcDbLine
10
646.572
20
77.46
30
0
11
646.642
21
77.411
31
0
0
LINE
5
9AB
330
C
100
AcDbEntity
8
0
100
AcDbLine
10
646.642
20
77.411
30
0
11
646.715
21
77.366
31
0
0
LINE
5
9AC
330
C
100
AcDbEntity
8
0
100
AcDbLine
10
646.715
20
77.366
30
0
11
646.792
21
77.324
31
0
0
LINE
5
9AD
330
C
100
AcDbEntity
8
0
100
AcDbLine
10
646.792
20
77.324
30
0
11
646.872
21
77.286
31
0
0
LINE
5
9AE
330
C
100
AcDbEntity
8
0
100
AcDbLine
10
646.872
20
77.286
30
0
11
646.956
21
77.251
31
0
0
LINE
5
9AF
330
C
100
AcDbEntity
8
0
100
AcDbLine
10
646.956
20
77.251
30
0
11
647.042
21
77.22
31
0
0
LINE
5
9B0
330
C
100
AcDbEntity
8
0
100
AcDbLine
10
647.042
20
77.22
30
0
11
647.129
21
77.192
31
0
0
LINE
5
9B1
330
C
100
AcDbEntity
8
0
100
AcDbLine
10
647.129
20
77.192
30
0
11
647.218
21
77.167
31
0
0
LINE
5
9B2
330
C
100
AcDbEntity
8
0
100
AcDbLine
10
647.218
20
77.167
30
0
11
647.309
21
77.145
31
0
0
LINE
5
9B3
330
C
100
AcDbEntity
8
0
100
AcDbLine
10
647.309
20
77.145
30
0
11
647.401
21
77.127
31
0
0
LINE
5
9B4
330
C
100
AcDbEntity
8
0
100
AcDbLine
10
647.401
20
77.127
30
0
11
647.495
21
77.112
31
0
0
LINE
5
9B5
330
C
100
AcDbEntity
8
0
100
AcDbLine
10
647.495
20
77.112
30
0
11
647.59
21
77.101
31
0
0
LINE
5
9B6
330
C
100
AcDbEntity
8
0
100
AcDbLine
10
647.59
20
77.101
30
0
11
647.687
21
77.093
31
0
0
LINE
5
9B7
330
C
100
AcDbEntity
8
0
100
AcDbLine
10
647.687
20
77.093
30
0
11
647.786
21
77.088
31
0
0
LINE
5
9B8
330
C
100
AcDbEntity
8
0
100
AcDbLine
10
647.786
20
77.088
30
0
11
647.886
21
77.086
31
0
0
LINE
5
9B9
330
C
100
AcDbEntity
8
0
100
AcDbLine
10
647.886
20
77.086
30
0
11
647.886
21
77.086
31
0
0
LINE
5
9BA
330
C
100
AcDbEntity
8
0
100
AcDbLine
10
647.886
20
77.086
30
0
11
647.994
21
77.088
31
0
0
LINE
5
9BB
330
C
100
AcDbEntity
8
0
100
AcDbLine
10
647.994
20
77.088
30
0
11
648.098
21
77.093
31
0
0
LINE
5
9BC
330
C
100
AcDbEntity
8
0
100
AcDbLine
10
648.098
20
77.093
30
0
11
648.2
21
77.102
31
0
0
LINE
5
9BD
330
C
100
AcDbEntity
8
0
100
AcDbLine
10
648.2
20
77.102
30
0
11
648.3
21
77.114
31
0
0
LINE
5
9BE
330
C
100
AcDbEntity
8
0
100
AcDbLine
10
648.3
20
77.114
30
0
11
648.396
21
77.129
31
0
0
LINE
5
9BF
330
C
100
AcDbEntity
8
0
100
AcDbLine
10
648.396
20
77.129
30
0
11
648.489
21
77.149
31
0
0
LINE
5
9C0
330
C
100
AcDbEntity
8
0
100
AcDbLine
10
648.489
20
77.149
30
0
11
648.58
21
77.171
31
0
0
LINE
5
9C1
330
C
100
AcDbEntity
8
0
100
AcDbLine
10
648.58
20
77.171
30
0
11
648.667
21
77.197
31
0
0
LINE
5
9C2
330
C
100
AcDbEntity
8
0
100
AcDbLine
10
648.667
20
77.197
30
0
11
648.752
21
77.227
31
0
0
LINE
5
9C3
330
C
100
AcDbEntity
8
0
100
AcDbLine
10
648.752
20
77.227
30
0
11
648.834
21
77.26
31
0
0
LINE
5
9C4
330
C
100
AcDbEntity
8
0
100
AcDbLine
10
648.834
20
77.26
30
0
11
648.912
21
77.296
31
0
0
LINE
5
9C5
330
C
100
AcDbEntity
8
0
100
AcDbLine
10
648.912
20
77.296
30
0
11
648.987
21
77.334
31
0
0
LINE
5
9C6
330
C
100
AcDbEntity
8
0
100
AcDbLine
10
648.987
20
77.334
30
0
11
649.058
21
77.374
31
0
0
LINE
5
9C7
330
C
100
AcDbEntity
8
0
100
AcDbLine
10
649.058
20
77.374
30
0
11
649.126
21
77.417
31
0
0
LINE
5
9C8
330
C
100
AcDbEntity
8
0
100
AcDbLine
10
649.126
20
77.417
30
0
11
649.19
21
77.462
31
0
0
LINE
5
9C9
330
C
100
AcDbEntity
8
0
100
AcDbLine
10
649.19
20
77.462
30
0
11
649.25
21
77.509
31
0
0
LINE
5
9CA
330
C
100
AcDbEntity
8
0
100
AcDbLine
10
649.25
20
77.509
30
0
11
649.307
21
77.558
31
0
0
LINE
5
9CB
330
C
100
AcDbEntity
8
0
100
AcDbLine
10
649.307
20
77.558
30
0
11
649.36
21
77.609
31
0
0
LINE
5
9CC
330
C
100
AcDbEntity
8
0
100
AcDbLine
10
649.36
20
77.609
30
0
11
649.409
21
77.663
31
0
0
LINE
5
9CD
330
C
100
AcDbEntity
8
0
100
AcDbLine
10
649.409
20
77.663
30
0
11
649.455
21
77.719
31
0
0
LINE
5
9CE
330
C
100
AcDbEntity
8
0
100
AcDbLine
10
649.455
20
77.719
30
0
11
649.496
21
77.777
31
0
0
LINE
5
9CF
330
C
100
AcDbEntity
8
0
100
AcDbLine
10
649.496
20
77.777
30
0
11
649.534
21
77.835
31
0
0
LINE
5
9D0
330
C
100
AcDbEntity
8
0
100
AcDbLine
10
649.534
20
77.835
30
0
11
649.566
21
77.895
31
0
0
LINE
5
9D1
330
C
100
AcDbEntity
8
0
100
AcDbLine
10
649.566
20
77.895
30
0
11
649.595
21
77.956
31
0
0
LINE
5
9D2
330
C
100
AcDbEntity
8
0
100
AcDbLine
10
649.595
20
77.956
30
0
11
649.619
21
78.018
31
0
0
LINE
5
9D3
330
C
100
AcDbEntity
8
0
100
AcDbLine
10
649.619
20
78.018
30
0
11
649.639
21
78.082
31
0
0
LINE
5
9D4
330
C
100
AcDbEntity
8
0
100
AcDbLine
10
649.639
20
78.082
30
0
11
649.654
21
78.146
31
0
0
LINE
5
9D5
330
C
100
AcDbEntity
8
0
100
AcDbLine
10
649.654
20
78.146
30
0
11
649.665
21
78.211
31
0
0
LINE
5
9D6
330
C
100
AcDbEntity
8
0
100
AcDbLine
10
649.665
20
78.211
30
0
11
649.672
21
78.278
31
0
0
LINE
5
9D7
330
C
100
AcDbEntity
8
0
100
AcDbLine
10
649.672
20
78.278
30
0
11
649.674
21
78.346
31
0
0
LINE
5
9D8
330
C
100
AcDbEntity
8
0
100
AcDbLine
10
649.674
20
78.346
30
0
11
649.674
21
78.346
31
0
0
LINE
5
9D9
330
C
100
AcDbEntity
8
0
100
AcDbLine
10
649.674
20
78.346
30
0
11
649.671
21
78.44
31
0
0
LINE
5
9DA
330
C
100
AcDbEntity
8
0
100
AcDbLine
10
649.671
20
78.44
30
0
11
649.662
21
78.531
31
0
0
LINE
5
9DB
330
C
100
AcDbEntity
8
0
100
AcDbLine
10
649.662
20
78.531
30
0
11
649.647
21
78.618
31
0
0
LINE
5
9DC
330
C
100
AcDbEntity
8
0
100
AcDbLine
10
649.647
20
78.618
30
0
11
649.627
21
78.701
31
0
0
LINE
5
9DD
330
C
100
AcDbEntity
8
0
100
AcDbLine
10
649.627
20
78.701
30
0
11
649.6
21
78.78
31
0
0
LINE
5
9DE
330
C
100
AcDbEntity
8
0
100
AcDbLine
10
649.6
20
78.78
30
0
11
649.568
21
78.856
31
0
0
LINE
5
9DF
330
C
100
AcDbEntity
8
0
100
AcDbLine
10
649.568
20
78.856
30
0
11
649.53
21
78.928
31
0
0
LINE
5
9E0
330
C
100
AcDbEntity
8
0
100
AcDbLine
10
649.53
20
78.928
30
0
11
649.486
21
78.997
31
0
0
LINE
5
9E1
330
C
100
AcDbEntity
8
0
100
AcDbLine
10
649.486
20
78.997
30
0
11
649.436
21
79.062
31
0
0
LINE
5
9E2
330
C
100
AcDbEntity
8
0
100
AcDbLine
10
649.436
20
79.062
30
0
11
649.38
21
79.123
31
0
0
LINE
5
9E3
330
C
100
AcDbEntity
8
0
100
AcDbLine
10
649.38
20
79.123
30
0
11
649.318
21
79.181
31
0
0
LINE
5
9E4
330
C
100
AcDbEntity
8
0
100
AcDbLine
10
649.318
20
79.181
30
0
11
649.251
21
79.237
31
0
0
LINE
5
9E5
330
C
100
AcDbEntity
8
0
100
AcDbLine
10
649.251
20
79.237
30
0
11
649.178
21
79.291
31
0
0
LINE
5
9E6
330
C
100
AcDbEntity
8
0
100
AcDbLine
10
649.178
20
79.291
30
0
11
649.099
21
79.343
31
0
0
LINE
5
9E7
330
C
100
AcDbEntity
8
0
100
AcDbLine
10
649.099
20
79.343
30
0
11
649.015
21
79.392
31
0
0
LINE
5
9E8
330
C
100
AcDbEntity
8
0
100
AcDbLine
10
649.015
20
79.392
30
0
11
648.925
21
79.439
31
0
0
LINE
5
9E9
330
C
100
AcDbEntity
8
0
100
AcDbLine
10
648.925
20
79.439
30
0
11
648.83
21
79.484
31
0
0
LINE
5
9EA
330
C
100
AcDbEntity
8
0
100
AcDbLine
10
648.83
20
79.484
30
0
11
648.729
21
79.527
31
0
0
LINE
5
9EB
330
C
100
AcDbEntity
8
0
100
AcDbLine
10
648.729
20
79.527
30
0
11
648.622
21
79.568
31
0
0
LINE
5
9EC
330
C
100
AcDbEntity
8
0
100
AcDbLine
10
648.622
20
79.568
30
0
11
648.51
21
79.606
31
0
0
LINE
5
9ED
330
C
100
AcDbEntity
8
0
100
AcDbLine
10
648.51
20
79.606
30
0
11
648.51
21
79.606
31
0
0
LINE
5
9EE
330
C
100
AcDbEntity
8
0
100
AcDbLine
10
648.51
20
79.606
30
0
11
647.178
21
80.074
31
0
0
LINE
5
9EF
330
C
100
AcDbEntity
8
0
100
AcDbLine
10
647.178
20
80.074
30
0
11
646.995
21
80.142
31
0
0
LINE
5
9F0
330
C
100
AcDbEntity
8
0
100
AcDbLine
10
646.995
20
80.142
30
0
11
646.822
21
80.212
31
0
0
LINE
5
9F1
330
C
100
AcDbEntity
8
0
100
AcDbLine
10
646.822
20
80.212
30
0
11
646.657
21
80.284
31
0
0
LINE
5
9F2
330
C
100
AcDbEntity
8
0
100
AcDbLine
10
646.657
20
80.284
30
0
11
646.502
21
80.358
31
0
0
LINE
5
9F3
330
C
100
AcDbEntity
8
0
100
AcDbLine
10
646.502
20
80.358
30
0
11
646.356
21
80.434
31
0
0
LINE
5
9F4
330
C
100
AcDbEntity
8
0
100
AcDbLine
10
646.356
20
80.434
30
0
11
646.219
21
80.512
31
0
0
LINE
5
9F5
330
C
100
AcDbEntity
8
0
100
AcDbLine
10
646.219
20
80.512
30
0
11
646.091
21
80.591
31
0
0
LINE
5
9F6
330
C
100
AcDbEntity
8
0
100
AcDbLine
10
646.091
20
80.591
30
0
11
645.972
21
80.673
31
0
0
LINE
5
9F7
330
C
100
AcDbEntity
8
0
100
AcDbLine
10
645.972
20
80.673
30
0
11
645.862
21
80.757
31
0
0
LINE
5
9F8
330
C
100
AcDbEntity
8
0
100
AcDbLine
10
645.862
20
80.757
30
0
11
645.762
21
80.842
31
0
0
LINE
5
9F9
330
C
100
AcDbEntity
8
0
100
AcDbLine
10
645.762
20
80.842
30
0
11
645.671
21
80.932
31
0
0
LINE
5
9FA
330
C
100
AcDbEntity
8
0
100
AcDbLine
10
645.671
20
80.932
30
0
11
645.589
21
81.029
31
0
0
LINE
5
9FB
330
C
100
AcDbEntity
8
0
100
AcDbLine
10
645.589
20
81.029
30
0
11
645.517
21
81.133
31
0
0
LINE
5
9FC
330
C
100
AcDbEntity
8
0
100
AcDbLine
10
645.517
20
81.133
30
0
11
645.455
21
81.243
31
0
0
LINE
5
9FD
330
C
100
AcDbEntity
8
0
100
AcDbLine
10
645.455
20
81.243
30
0
11
645.402
21
81.361
31
0
0
LINE
5
9FE
330
C
100
AcDbEntity
8
0
100
AcDbLine
10
645.402
20
81.361
30
0
11
645.359
21
81.486
31
0
0
LINE
5
9FF
330
C
100
AcDbEntity
8
0
100
AcDbLine
10
645.359
20
81.486
30
0
11
645.325
21
81.617
31
0
0
LINE
5
A00
330
C
100
AcDbEntity
8
0
100
AcDbLine
10
645.325
20
81.617
30
0
11
645.301
21
81.756
31
0
0
LINE
5
A01
330
C
100
AcDbEntity
8
0
100
AcDbLine
10
645.301
20
81.756
30
0
11
645.287
21
81.901
31
0
0
LINE
5
A02
330
C
100
AcDbEntity
8
0
100
AcDbLine
10
645.287
20
81.901
30
0
11
645.282
21
82.054
31
0
0
LINE
5
A03
330
C
100
AcDbEntity
8
0
100
AcDbLine
10
645.282
20
82.054
30
0
11
645.282
21
82.054
31
0
0
LINE
5
A04
330
C
100
AcDbEntity
8
0
100
AcDbLine
10
645.282
20
82.054
30
0
11
645.289
21
82.226
31
0
0
LINE
5
A05
330
C
100
AcDbEntity
8
0
100
AcDbLine
10
645.289
20
82.226
30
0
11
645.309
21
82.391
31
0
0
LINE
5
A06
330
C
100
AcDbEntity
8
0
100
AcDbLine
10
645.309
20
82.391
30
0
11
645.343
21
82.55
31
0
0
LINE
5
A07
330
C
100
AcDbEntity
8
0
100
AcDbLine
10
645.343
20
82.55
30
0
11
645.39
21
82.703
31
0
0
LINE
5
A08
330
C
100
AcDbEntity
8
0
100
AcDbLine
10
645.39
20
82.703
30
0
11
645.451
21
82.849
31
0
0
LINE
5
A09
330
C
100
AcDbEntity
8
0
100
AcDbLine
10
645.451
20
82.849
30
0
11
645.525
21
82.989
31
0
0
LINE
5
A0A
330
C
100
AcDbEntity
8
0
100
AcDbLine
10
645.525
20
82.989
30
0
11
645.613
21
83.122
31
0
0
LINE
5
A0B
330
C
100
AcDbEntity
8
0
100
AcDbLine
10
645.613
20
83.122
30
0
11
645.714
21
83.248
31
0
0
LINE
5
A0C
330
C
100
AcDbEntity
8
0
100
AcDbLine
10
645.714
20
83.248
30
0
11
645.829
21
83.368
31
0
0
LINE
5
A0D
330
C
100
AcDbEntity
8
0
100
AcDbLine
10
645.829
20
83.368
30
0
11
645.957
21
83.482
31
0
0
LINE
5
A0E
330
C
100
AcDbEntity
8
0
100
AcDbLine
10
645.957
20
83.482
30
0
11
646.097
21
83.587
31
0
0
LINE
5
A0F
330
C
100
AcDbEntity
8
0
100
AcDbLine
10
646.097
20
83.587
30
0
11
646.249
21
83.681
31
0
0
LINE
5
A10
330
C
100
AcDbEntity
8
0
100
AcDbLine
10
646.249
20
83.681
30
0
11
646.413
21
83.764
31
0
0
LINE
5
A11
330
C
100
AcDbEntity
8
0
100
AcDbLine
10
646.413
20
83.764
30
0
11
646.587
21
83.835
31
0
0
LINE
5
A12
330
C
100
AcDbEntity
8
0
100
AcDbLine
10
646.587
20
83.835
30
0
11
646.774
21
83.896
31
0
0
LINE
5
A13
330
C
100
AcDbEntity
8
0
100
AcDbLine
10
646.774
20
83.896
30
0
11
646.971
21
83.946
31
0
0
LINE
5
A14
330
C
100
AcDbEntity
8
0
100
AcDbLine
10
646.971
20
83.946
30
0
11
647.18
21
83.984
31
0
0
LINE
5
A15
330
C
100
AcDbEntity
8
0
100
AcDbLine
10
647.18
20
83.984
30
0
11
647.4
21
84.012
31
0
0
LINE
5
A16
330
C
100
AcDbEntity
8
0
100
AcDbLine
10
647.4
20
84.012
30
0
11
647.631
21
84.028
31
0
0
LINE
5
A17
330
C
100
AcDbEntity
8
0
100
AcDbLine
10
647.631
20
84.028
30
0
11
647.874
21
84.034
31
0
0
LINE
5
A18
330
C
100
AcDbEntity
8
0
100
AcDbLine
10
647.874
20
84.034
30
0
11
647.874
21
84.034
31
0
0
LINE
5
A19
330
C
100
AcDbEntity
8
0
100
AcDbLine
10
647.874
20
84.034
30
0
11
648.099
21
84.029
31
0
0
LINE
5
A1A
330
C
100
AcDbEntity
8
0
100
AcDbLine
10
648.099
20
84.029
30
0
11
648.314
21
84.013
31
0
0
LINE
5
A1B
330
C
100
AcDbEntity
8
0
100
AcDbLine
10
648.314
20
84.013
30
0
11
648.52
21
83.986
31
0
0
LINE
5
A1C
330
C
100
AcDbEntity
8
0
100
AcDbLine
10
648.52
20
83.986
30
0
11
648.715
21
83.949
31
0
0
LINE
5
A1D
330
C
100
AcDbEntity
8
0
100
AcDbLine
10
648.715
20
83.949
30
0
11
648.9
21
83.901
31
0
0
LINE
5
A1E
330
C
100
AcDbEntity
8
0
100
AcDbLine
10
648.9
20
83.901
30
0
11
649.075
21
83.843
31
0
0
LINE
5
A1F
330
C
100
AcDbEntity
8
0
100
AcDbLine
10
649.075
20
83.843
30
0
11
649.24
21
83.774
31
0
0
LINE
5
A20
330
C
100
AcDbEntity
8
0
100
AcDbLine
10
649.24
20
83.774
30
0
11
649.394
21
83.694
31
0
0
LINE
5
A21
330
C
100
AcDbEntity
8
0
100
AcDbLine
10
649.394
20
83.694
30
0
11
649.539
21
83.604
31
0
0
LINE
5
A22
330
C
100
AcDbEntity
8
0
100
AcDbLine
10
649.539
20
83.604
30
0
11
649.674
21
83.503
31
0
0
LINE
5
A23
330
C
100
AcDbEntity
8
0
100
AcDbLine
10
649.674
20
83.503
30
0
11
649.798
21
83.393
31
0
0
LINE
5
A24
330
C
100
AcDbEntity
8
0
100
AcDbLine
10
649.798
20
83.393
30
0
11
649.911
21
83.276
31
0
0
LINE
5
A25
330
C
100
AcDbEntity
8
0
100
AcDbLine
10
649.911
20
83.276
30
0
11
650.013
21
83.152
31
0
0
LINE
5
A26
330
C
100
AcDbEntity
8
0
100
AcDbLine
10
650.013
20
83.152
30
0
11
650.104
21
83.02
31
0
0
LINE
5
A27
330
C
100
AcDbEntity
8
0
100
AcDbLine
10
650.104
20
83.02
30
0
11
650.184
21
82.881
31
0
0
LINE
5
A28
330
C
100
AcDbEntity
8
0
100
AcDbLine
10
650.184
20
82.881
30
0
11
650.253
21
82.735
31
0
0
LINE
5
A29
330
C
100
AcDbEntity
8
0
100
AcDbLine
10
650.253
20
82.735
30
0
11
650.31
21
82.582
31
0
0
LINE
5
A2A
330
C
100
AcDbEntity
8
0
100
AcDbLine
10
650.31
20
82.582
30
0
11
650.357
21
82.421
31
0
0
LINE
5
A2B
330
C
100
AcDbEntity
8
0
100
AcDbLine
10
650.357
20
82.421
30
0
11
650.393
21
82.253
31
0
0
LINE
5
A2C
330
C
100
AcDbEntity
8
0
100
AcDbLine
10
650.393
20
82.253
30
0
11
650.418
21
82.078
31
0
0
LINE
5
A2D
330
C
100
AcDbEntity
8
0
100
AcDbLine
10
650.418
20
82.078
30
0
11
650.418
21
82.078
31
0
0
LINE
5
A2E
330
C
100
AcDbEntity
8
0
100
AcDbLine
10
650.418
20
82.078
30
0
11
649.494
21
82.078
31
0
0
LINE
5
A2F
330
C
100
AcDbEntity
8
0
100
AcDbLine
10
649.494
20
82.078
30
0
11
649.473
21
82.18
31
0
0
LINE
5
A30
330
C
100
AcDbEntity
8
0
100
AcDbLine
10
649.473
20
82.18
30
0
11
649.445
21
82.278
31
0
0
LINE
5
A31
330
C
100
AcDbEntity
8
0
100
AcDbLine
10
649.445
20
82.278
30
0
11
649.412
21
82.37
31
0
0
LINE
5
A32
330
C
100
AcDbEntity
8
0
100
AcDbLine
10
649.412
20
82.37
30
0
11
649.372
21
82.459
31
0
0
LINE
5
A33
330
C
100
AcDbEntity
8
0
100
AcDbLine
10
649.372
20
82.459
30
0
11
649.327
21
82.542
31
0
0
LINE
5
A34
330
C
100
AcDbEntity
8
0
100
AcDbLine
10
649.327
20
82.542
30
0
11
649.275
21
82.621
31
0
0
LINE
5
A35
330
C
100
AcDbEntity
8
0
100
AcDbLine
10
649.275
20
82.621
30
0
11
649.216
21
82.696
31
0
0
LINE
5
A36
330
C
100
AcDbEntity
8
0
100
AcDbLine
10
649.216
20
82.696
30
0
11
649.152
21
82.765
31
0
0
LINE
5
A37
330
C
100
AcDbEntity
8
0
100
AcDbLine
10
649.152
20
82.765
30
0
11
649.081
21
82.83
31
0
0
LINE
5
A38
330
C
100
AcDbEntity
8
0
100
AcDbLine
10
649.081
20
82.83
30
0
11
649.005
21
82.891
31
0
0
LINE
5
A39
330
C
100
AcDbEntity
8
0
100
AcDbLine
10
649.005
20
82.891
30
0
11
648.922
21
82.946
31
0
0
LINE
5
A3A
330
C
100
AcDbEntity
8
0
100
AcDbLine
10
648.922
20
82.946
30
0
11
648.832
21
82.996
31
0
0
LINE
5
A3B
330
C
100
AcDbEntity
8
0
100
AcDbLine
10
648.832
20
82.996
30
0
11
648.735
21
83.039
31
0
0
LINE
5
A3C
330
C
100
AcDbEntity
8
0
100
AcDbLine
10
648.735
20
83.039
30
0
11
648.632
21
83.077
31
0
0
LINE
5
A3D
330
C
100
AcDbEntity
8
0
100
AcDbLine
10
648.632
20
83.077
30
0
11
648.523
21
83.109
31
0
0
LINE
5
A3E
330
C
100
AcDbEntity
8
0
100
AcDbLine
10
648.523
20
83.109
30
0
11
648.406
21
83.135
31
0
0
LINE
5
A3F
330
C
100
AcDbEntity
8
0
100
AcDbLine
10
648.406
20
83.135
30
0
11
648.283
21
83.156
31
0
0
LINE
5
A40
330
C
100
AcDbEntity
8
0
100
AcDbLine
10
648.283
20
83.156
30
0
11
648.153
21
83.17
31
0
0
LINE
5
A41
330
C
100
AcDbEntity
8
0
100
AcDbLine
10
648.153
20
83.17
30
0
11
648.017
21
83.179
31
0
0
LINE
5
A42
330
C
100
AcDbEntity
8
0
100
AcDbLine
10
648.017
20
83.179
30
0
11
647.874
21
83.182
31
0
0
LINE
5
A43
330
C
100
AcDbEntity
8
0
100
AcDbLine
10
647.874
20
83.182
30
0
11
647.874
21
83.182
31
0
0
LINE
5
A44
330
C
100
AcDbEntity
8
0
100
AcDbLine
10
647.874
20
83.182
30
0
11
647.728
21
83.179
31
0
0
LINE
5
A45
330
C
100
AcDbEntity
8
0
100
AcDbLine
10
647.728
20
83.179
30
0
11
647.589
21
83.169
31
0
0
LINE
5
A46
330
C
100
AcDbEntity
8
0
100
AcDbLine
10
647.589
20
83.169
30
0
11
647.457
21
83.152
31
0
0
LINE
5
A47
330
C
100
AcDbEntity
8
0
100
AcDbLine
10
647.457
20
83.152
30
0
11
647.331
21
83.129
31
0
0
LINE
5
A48
330
C
100
AcDbEntity
8
0
100
AcDbLine
10
647.331
20
83.129
30
0
11
647.212
21
83.1
31
0
0
LINE
5
A49
330
C
100
AcDbEntity
8
0
100
AcDbLine
10
647.212
20
83.1
30
0
11
647.1
21
83.063
31
0
0
LINE
5
A4A
330
C
100
AcDbEntity
8
0
100
AcDbLine
10
647.1
20
83.063
30
0
11
646.994
21
83.02
31
0
0
LINE
5
A4B
330
C
100
AcDbEntity
8
0
100
AcDbLine
10
646.994
20
83.02
30
0
11
646.895
21
82.971
31
0
0
LINE
5
A4C
330
C
100
AcDbEntity
8
0
100
AcDbLine
10
646.895
20
82.971
30
0
11
646.802
21
82.915
31
0
0
LINE
5
A4D
330
C
100
AcDbEntity
8
0
100
AcDbLine
10
646.802
20
82.915
30
0
11
646.716
21
82.852
31
0
0
LINE
5
A4E
330
C
100
AcDbEntity
8
0
100
AcDbLine
10
646.716
20
82.852
30
0
11
646.637
21
82.784
31
0
0
LINE
5
A4F
330
C
100
AcDbEntity
8
0
100
AcDbLine
10
646.637
20
82.784
30
0
11
646.567
21
82.713
31
0
0
LINE
5
A50
330
C
100
AcDbEntity
8
0
100
AcDbLine
10
646.567
20
82.713
30
0
11
646.505
21
82.638
31
0
0
LINE
5
A51
330
C
100
AcDbEntity
8
0
100
AcDbLine
10
646.505
20
82.638
30
0
11
646.451
21
82.56
31
0
0
LINE
5
A52
330
C
100
AcDbEntity
8
0
100
AcDbLine
10
646.451
20
82.56
30
0
11
646.405
21
82.478
31
0
0
LINE
5
A53
330
C
100
AcDbEntity
8
0
100
AcDbLine
10
646.405
20
82.478
30
0
11
646.368
21
82.393
31
0
0
LINE
5
A54
330
C
100
AcDbEntity
8
0
100
AcDbLine
10
646.368
20
82.393
30
0
11
646.339
21
82.305
31
0
0
LINE
5
A55
330
C
100
AcDbEntity
8
0
100
AcDbLine
10
646.339
20
82.305
30
0
11
646.318
21
82.213
31
0
0
LINE
5
A56
330
C
100
AcDbEntity
8
0
100
AcDbLine
10
646.318
20
82.213
30
0
11
646.306
21
82.117
31
0
0
LINE
5
A57
330
C
100
AcDbEntity
8
0
100
AcDbLine
10
646.306
20
82.117
30
0
11
646.302
21
82.018
31
0
0
LINE
5
A58
330
C
100
AcDbEntity
8
0
100
AcDbLine
10
646.302
20
82.018
30
0
11
646.302
21
82.018
31
0
0
LINE
5
A59
330
C
100
AcDbEntity
8
0
100
AcDbLine
10
646.302
20
82.018
30
0
11
646.304
21
81.937
31
0
0
LINE
5
A5A
330
C
100
AcDbEntity
8
0
100
AcDbLine
10
646.304
20
81.937
30
0
11
646.312
21
81.859
31
0
0
LINE
5
A5B
330
C
100
AcDbEntity
8
0
100
AcDbLine
10
646.312
20
81.859
30
0
11
646.325
21
81.785
31
0
0
LINE
5
A5C
330
C
100
AcDbEntity
8
0
100
AcDbLine
10
646.325
20
81.785
30
0
11
646.344
21
81.714
31
0
0
LINE
5
A5D
330
C
100
AcDbEntity
8
0
100
AcDbLine
10
646.344
20
81.714
30
0
11
646.367
21
81.647
31
0
0
LINE
5
A5E
330
C
100
AcDbEntity
8
0
100
AcDbLine
10
646.367
20
81.647
30
0
11
646.396
21
81.583
31
0
0
LINE
5
A5F
330
C
100
AcDbEntity
8
0
100
AcDbLine
10
646.396
20
81.583
30
0
11
646.43
21
81.522
31
0
0
LINE
5
A60
330
C
100
AcDbEntity
8
0
100
AcDbLine
10
646.43
20
81.522
30
0
11
646.469
21
81.465
31
0
0
LINE
5
A61
330
C
100
AcDbEntity
8
0
100
AcDbLine
10
646.469
20
81.465
30
0
11
646.513
21
81.411
31
0
0
LINE
5
A62
330
C
100
AcDbEntity
8
0
100
AcDbLine
10
646.513
20
81.411
30
0
11
646.563
21
81.361
31
0
0
LINE
5
A63
330
C
100
AcDbEntity
8
0
100
AcDbLine
10
646.563
20
81.361
30
0
11
646.618
21
81.313
31
0
0
LINE
5
A64
330
C
100
AcDbEntity
8
0
100
AcDbLine
10
646.618
20
81.313
30
0
11
646.679
21
81.266
31
0
0
LINE
5
A65
330
C
100
AcDbEntity
8
0
100
AcDbLine
10
646.679
20
81.266
30
0
11
646.746
21
81.22
31
0
0
LINE
5
A66
330
C
100
AcDbEntity
8
0
100
AcDbLine
10
646.746
20
81.22
30
0
11
646.819
21
81.175
31
0
0
LINE
5
A67
330
C
100
AcDbEntity
8
0
100
AcDbLine
10
646.819
20
81.175
30
0
11
646.898
21
81.131
31
0
0
LINE
5
A68
330
C
100
AcDbEntity
8
0
100
AcDbLine
10
646.898
20
81.131
30
0
11
646.983
21
81.088
31
0
0
LINE
5
A69
330
C
100
AcDbEntity
8
0
100
AcDbLine
10
646.983
20
81.088
30
0
11
647.074
21
81.046
31
0
0
LINE
5
A6A
330
C
100
AcDbEntity
8
0
100
AcDbLine
10
647.074
20
81.046
30
0
11
647.17
21
81.005
31
0
0
LINE
5
A6B
330
C
100
AcDbEntity
8
0
100
AcDbLine
10
647.17
20
81.005
30
0
11
647.273
21
80.965
31
0
0
LINE
5
A6C
330
C
100
AcDbEntity
8
0
100
AcDbLine
10
647.273
20
80.965
30
0
11
647.382
21
80.926
31
0
0
LINE
5
A6D
330
C
100
AcDbEntity
8
0
100
AcDbLine
10
647.382
20
80.926
30
0
11
647.382
21
80.926
31
0
0
LINE
5
A6E
330
C
100
AcDbEntity
8
0
100
AcDbLine
10
647.382
20
80.926
30
0
11
648.942
21
80.386
31
0
0
LINE
5
A6F
330
C
100
AcDbEntity
8
0
100
AcDbLine
10
648.942
20
80.386
30
0
11
649.1
21
80.33
31
0
0
LINE
5
A70
330
C
100
AcDbEntity
8
0
100
AcDbLine
10
649.1
20
80.33
30
0
11
649.252
21
80.269
31
0
0
LINE
5
A71
330
C
100
AcDbEntity
8
0
100
AcDbLine
10
649.252
20
80.269
30
0
11
649.397
21
80.205
31
0
0
LINE
5
A72
330
C
100
AcDbEntity
8
0
100
AcDbLine
10
649.397
20
80.205
30
0
11
649.536
21
80.135
31
0
0
LINE
5
A73
330
C
100
AcDbEntity
8
0
100
AcDbLine
10
649.536
20
80.135
30
0
11
649.667
21
80.062
31
0
0
LINE
5
A74
330
C
100
AcDbEntity
8
0
100
AcDbLine
10
649.667
20
80.062
30
0
11
649.792
21
79.984
31
0
0
LINE
5
A75
330
C
100
AcDbEntity
8
0
100
AcDbLine
10
649.792
20
79.984
30
0
11
649.91
21
79.902
31
0
0
LINE
5
A76
330
C
100
AcDbEntity
8
0
100
AcDbLine
10
649.91
20
79.902
30
0
11
650.021
21
79.816
31
0
0
LINE
5
A77
330
C
100
AcDbEntity
8
0
100
AcDbLine
10
650.021
20
79.816
30
0
11
650.125
21
79.725
31
0
0
LINE
5
A78
330
C
100
AcDbEntity
8
0
100
AcDbLine
10
650.125
20
79.725
30
0
11
650.223
21
79.63
31
0
0
LINE
5
A79
330
C
100
AcDbEntity
8
0
100
AcDbLine
10
650.223
20
79.63
30
0
11
650.312
21
79.53
31
0
0
LINE
5
A7A
330
C
100
AcDbEntity
8
0
100
AcDbLine
10
650.312
20
79.53
30
0
11
650.392
21
79.424
31
0
0
LINE
5
A7B
330
C
100
AcDbEntity
8
0
100
AcDbLine
10
650.392
20
79.424
30
0
11
650.463
21
79.312
31
0
0
LINE
5
A7C
330
C
100
AcDbEntity
8
0
100
AcDbLine
10
650.463
20
79.312
30
0
11
650.524
21
79.195
31
0
0
LINE
5
A7D
330
C
100
AcDbEntity
8
0
100
AcDbLine
10
650.524
20
79.195
30
0
11
650.576
21
79.072
31
0
0
LINE
5
A7E
330
C
100
AcDbEntity
8
0
100
AcDbLine
10
650.576
20
79.072
30
0
11
650.618
21
78.943
31
0
0
LINE
5
A7F
330
C
100
AcDbEntity
8
0
100
AcDbLine
10
650.618
20
78.943
30
0
11
650.651
21
78.808
31
0
0
LINE
5
A80
330
C
100
AcDbEntity
8
0
100
AcDbLine
10
650.651
20
78.808
30
0
11
650.675
21
78.668
31
0
0
LINE
5
A81
330
C
100
AcDbEntity
8
0
100
AcDbLine
10
650.675
20
78.668
30
0
11
650.689
21
78.522
31
0
0
LINE
5
A82
330
C
100
AcDbEntity
8
0
100
AcDbLine
10
650.689
20
78.522
30
0
11
650.694
21
78.37
31
0
0
LINE
5
A83
330
C
100
AcDbEntity
8
0
100
AcDbLine
10
650.694
20
78.37
30
0
11
650.694
21
78.37
31
0
0
LINE
5
A84
330
C
100
AcDbEntity
8
0
100
AcDbLine
10
650.694
20
78.37
30
0
11
650.691
21
78.251
31
0
0
LINE
5
A85
330
C
100
AcDbEntity
8
0
100
AcDbLine
10
650.691
20
78.251
30
0
11
650.681
21
78.135
31
0
0
LINE
5
A86
330
C
100
AcDbEntity
8
0
100
AcDbLine
10
650.681
20
78.135
30
0
11
650.665
21
78.02
31
0
0
LINE
5
A87
330
C
100
AcDbEntity
8
0
100
AcDbLine
10
650.665
20
78.02
30
0
11
650.642
21
77.908
31
0
0
LINE
5
A88
330
C
100
AcDbEntity
8
0
100
AcDbLine
10
650.642
20
77.908
30
0
11
650.614
21
77.799
31
0
0
LINE
5
A89
330
C
100
AcDbEntity
8
0
100
AcDbLine
10
650.614
20
77.799
30
0
11
650.578
21
77.691
31
0
0
LINE
5
A8A
330
C
100
AcDbEntity
8
0
100
AcDbLine
10
650.578
20
77.691
30
0
11
650.536
21
77.586
31
0
0
LINE
5
A8B
330
C
100
AcDbEntity
8
0
100
AcDbLine
10
650.536
20
77.586
30
0
11
650.488
21
77.483
31
0
0
LINE
5
A8C
330
C
100
AcDbEntity
8
0
100
AcDbLine
10
650.488
20
77.483
30
0
11
650.434
21
77.382
31
0
0
LINE
5
A8D
330
C
100
AcDbEntity
8
0
100
AcDbLine
10
650.434
20
77.382
30
0
11
650.373
21
77.284
31
0
0
LINE
5
A8E
330
C
100
AcDbEntity
8
0
100
AcDbLine
10
650.373
20
77.284
30
0
11
650.306
21
77.189
31
0
0
LINE
5
A8F
330
C
100
AcDbEntity
8
0
100
AcDbLine
10
650.306
20
77.189
30
0
11
650.232
21
77.098
31
0
0
LINE
5
A90
330
C
100
AcDbEntity
8
0
100
AcDbLine
10
650.232
20
77.098
30
0
11
650.153
21
77.01
31
0
0
LINE
5
A91
330
C
100
AcDbEntity
8
0
100
AcDbLine
10
650.153
20
77.01
30
0
11
650.067
21
76.927
31
0
0
LINE
5
A92
330
C
100
AcDbEntity
8
0
100
AcDbLine
10
650.067
20
76.927
30
0
11
649.976
21
76.847
31
0
0
LINE
5
A93
330
C
100
AcDbEntity
8
0
100
AcDbLine
10
649.976
20
76.847
30
0
11
649.878
21
76.772
31
0
0
LINE
5
A94
330
C
100
AcDbEntity
8
0
100
AcDbLine
10
649.878
20
76.772
30
0
11
649.775
21
76.701
31
0
0
LINE
5
A95
330
C
100
AcDbEntity
8
0
100
AcDbLine
10
649.775
20
76.701
30
0
11
649.665
21
76.633
31
0
0
LINE
5
A96
330
C
100
AcDbEntity
8
0
100
AcDbLine
10
649.665
20
76.633
30
0
11
649.55
21
76.57
31
0
0
LINE
5
A97
330
C
100
AcDbEntity
8
0
100
AcDbLine
10
649.55
20
76.57
30
0
11
649.428
21
76.51
31
0
0
LINE
5
A98
330
C
100
AcDbEntity
8
0
100
AcDbLine
10
649.428
20
76.51
30
0
11
649.3
21
76.455
31
0
0
LINE
5
A99
330
C
100
AcDbEntity
8
0
100
AcDbLine
10
649.3
20
76.455
30
0
11
649.167
21
76.406
31
0
0
LINE
5
A9A
330
C
100
AcDbEntity
8
0
100
AcDbLine
10
649.167
20
76.406
30
0
11
649.028
21
76.363
31
0
0
LINE
5
A9B
330
C
100
AcDbEntity
8
0
100
AcDbLine
10
649.028
20
76.363
30
0
11
648.883
21
76.326
31
0
0
LINE
5
A9C
330
C
100
AcDbEntity
8
0
100
AcDbLine
10
648.883
20
76.326
30
0
11
648.733
21
76.294
31
0
0
LINE
5
A9D
330
C
100
AcDbEntity
8
0
100
AcDbLine
10
648.733
20
76.294
30
0
11
648.577
21
76.268
31
0
0
LINE
5
A9E
330
C
100
AcDbEntity
8
0
100
AcDbLine
10
648.577
20
76.268
30
0
11
648.416
21
76.248
31
0
0
LINE
5
A9F
330
C
100
AcDbEntity
8
0
100
AcDbLine
10
648.416
20
76.248
30
0
11
648.249
21
76.234
31
0
0
LINE
5
AA0
330
C
100
AcDbEntity
8
0
100
AcDbLine
10
648.249
20
76.234
30
0
11
648.076
21
76.225
31
0
0
LINE
5
AA1
330
C
100
AcDbEntity
8
0
100
AcDbLine
10
648.076
20
76.225
30
0
11
647.898
21
76.222
31
0
0
LINE
5
AA2
330
C
100
AcDbEntity
8
0
100
AcDbLine
10
647.898
20
76.222
30
0
11
647.898
21
76.222
31
0
0
LINE
5
AA3
330
C
100
AcDbEntity
8
0
100
AcDbLine
10
653.268
20
83.458
30
0
11
653.268
21
83.458
31
0
0
LINE
5
AA4
330
C
100
AcDbEntity
8
0
100
AcDbLine
10
653.268
20
83.458
30
0
11
653.211
21
83.46
31
0
0
LINE
5
AA5
330
C
100
AcDbEntity
8
0
100
AcDbLine
10
653.211
20
83.46
30
0
11
653.157
21
83.465
31
0
0
LINE
5
AA6
330
C
100
AcDbEntity
8
0
100
AcDbLine
10
653.157
20
83.465
30
0
11
653.106
21
83.473
31
0
0
LINE
5
AA7
330
C
100
AcDbEntity
8
0
100
AcDbLine
10
653.106
20
83.473
30
0
11
653.057
21
83.484
31
0
0
LINE
5
AA8
330
C
100
AcDbEntity
8
0
100
AcDbLine
10
653.057
20
83.484
30
0
11
653.01
21
83.499
31
0
0
LINE
5
AA9
330
C
100
AcDbEntity
8
0
100
AcDbLine
10
653.01
20
83.499
30
0
11
652.965
21
83.517
31
0
0
LINE
5
AAA
330
C
100
AcDbEntity
8
0
100
AcDbLine
10
652.965
20
83.517
30
0
11
652.923
21
83.539
31
0
0
LINE
5
AAB
330
C
100
AcDbEntity
8
0
100
AcDbLine
10
652.923
20
83.539
30
0
11
652.884
21
83.564
31
0
0
LINE
5
AAC
330
C
100
AcDbEntity
8
0
100
AcDbLine
10
652.884
20
83.564
30
0
11
652.847
21
83.592
31
0
0
LINE
5
AAD
330
C
100
AcDbEntity
8
0
100
AcDbLine
10
652.847
20
83.592
30
0
11
652.812
21
83.623
31
0
0
LINE
5
AAE
330
C
100
AcDbEntity
8
0
100
AcDbLine
10
652.812
20
83.623
30
0
11
652.78
21
83.657
31
0
0
LINE
5
AAF
330
C
100
AcDbEntity
8
0
100
AcDbLine
10
652.78
20
83.657
30
0
11
652.751
21
83.693
31
0
0
LINE
5
AB0
330
C
100
AcDbEntity
8
0
100
AcDbLine
10
652.751
20
83.693
30
0
11
652.726
21
83.731
31
0
0
LINE
5
AB1
330
C
100
AcDbEntity
8
0
100
AcDbLine
10
652.726
20
83.731
30
0
11
652.704
21
83.772
31
0
0
LINE
5
AB2
330
C
100
AcDbEntity
8
0
100
AcDbLine
10
652.704
20
83.772
30
0
11
652.686
21
83.814
31
0
0
LINE
5
AB3
330
C
100
AcDbEntity
8
0
100
AcDbLine
10
652.686
20
83.814
30
0
11
652.671
21
83.859
31
0
0
LINE
5
AB4
330
C
100
AcDbEntity
8
0
100
AcDbLine
10
652.671
20
83.859
30
0
11
652.659
21
83.905
31
0
0
LINE
5
AB5
330
C
100
AcDbEntity
8
0
100
AcDbLine
10
652.659
20
83.905
30
0
11
652.65
21
83.954
31
0
0
LINE
5
AB6
330
C
100
AcDbEntity
8
0
100
AcDbLine
10
652.65
20
83.954
30
0
11
652.645
21
84.005
31
0
0
LINE
5
AB7
330
C
100
AcDbEntity
8
0
100
AcDbLine
10
652.645
20
84.005
30
0
11
652.644
21
84.058
31
0
0
LINE
5
AB8
330
C
100
AcDbEntity
8
0
100
AcDbLine
10
652.644
20
84.058
30
0
11
652.644
21
84.058
31
0
0
LINE
5
AB9
330
C
100
AcDbEntity
8
0
100
AcDbLine
10
652.644
20
84.058
30
0
11
652.645
21
84.11
31
0
0
LINE
5
ABA
330
C
100
AcDbEntity
8
0
100
AcDbLine
10
652.645
20
84.11
30
0
11
652.65
21
84.159
31
0
0
LINE
5
ABB
330
C
100
AcDbEntity
8
0
100
AcDbLine
10
652.65
20
84.159
30
0
11
652.659
21
84.207
31
0
0
LINE
5
ABC
330
C
100
AcDbEntity
8
0
100
AcDbLine
10
652.659
20
84.207
30
0
11
652.671
21
84.252
31
0
0
LINE
5
ABD
330
C
100
AcDbEntity
8
0
100
AcDbLine
10
652.671
20
84.252
30
0
11
652.686
21
84.295
31
0
0
LINE
5
ABE
330
C
100
AcDbEntity
8
0
100
AcDbLine
10
652.686
20
84.295
30
0
11
652.704
21
84.336
31
0
0
LINE
5
ABF
330
C
100
AcDbEntity
8
0
100
AcDbLine
10
652.704
20
84.336
30
0
11
652.726
21
84.375
31
0
0
LINE
5
AC0
330
C
100
AcDbEntity
8
0
100
AcDbLine
10
652.726
20
84.375
30
0
11
652.751
21
84.411
31
0
0
LINE
5
AC1
330
C
100
AcDbEntity
8
0
100
AcDbLine
10
652.751
20
84.411
30
0
11
652.78
21
84.446
31
0
0
LINE
5
AC2
330
C
100
AcDbEntity
8
0
100
AcDbLine
10
652.78
20
84.446
30
0
11
652.812
21
84.478
31
0
0
LINE
5
AC3
330
C
100
AcDbEntity
8
0
100
AcDbLine
10
652.812
20
84.478
30
0
11
652.847
21
84.508
31
0
0
LINE
5
AC4
330
C
100
AcDbEntity
8
0
100
AcDbLine
10
652.847
20
84.508
30
0
11
652.884
21
84.534
31
0
0
LINE
5
AC5
330
C
100
AcDbEntity
8
0
100
AcDbLine
10
652.884
20
84.534
30
0
11
652.923
21
84.558
31
0
0
LINE
5
AC6
330
C
100
AcDbEntity
8
0
100
AcDbLine
10
652.923
20
84.558
30
0
11
652.965
21
84.578
31
0
0
LINE
5
AC7
330
C
100
AcDbEntity
8
0
100
AcDbLine
10
652.965
20
84.578
30
0
11
653.01
21
84.595
31
0
0
LINE
5
AC8
330
C
100
AcDbEntity
8
0
100
AcDbLine
10
653.01
20
84.595
30
0
11
653.057
21
84.609
31
0
0
LINE
5
AC9
330
C
100
AcDbEntity
8
0
100
AcDbLine
10
653.057
20
84.609
30
0
11
653.106
21
84.62
31
0
0
LINE
5
ACA
330
C
100
AcDbEntity
8
0
100
AcDbLine
10
653.106
20
84.62
30
0
11
653.157
21
84.628
31
0
0
LINE
5
ACB
330
C
100
AcDbEntity
8
0
100
AcDbLine
10
653.157
20
84.628
30
0
11
653.211
21
84.632
31
0
0
LINE
5
ACC
330
C
100
AcDbEntity
8
0
100
AcDbLine
10
653.211
20
84.632
30
0
11
653.268
21
84.634
31
0
0
LINE
5
ACD
330
C
100
AcDbEntity
8
0
100
AcDbLine
10
653.268
20
84.634
30
0
11
653.268
21
84.634
31
0
0
LINE
5
ACE
330
C
100
AcDbEntity
8
0
100
AcDbLine
10
653.268
20
84.634
30
0
11
653.324
21
84.632
31
0
0
LINE
5
ACF
330
C
100
AcDbEntity
8
0
100
AcDbLine
10
653.324
20
84.632
30
0
11
653.378
21
84.628
31
0
0
LINE
5
AD0
330
C
100
AcDbEntity
8
0
100
AcDbLine
10
653.378
20
84.628
30
0
11
653.43
21
84.62
31
0
0
LINE
5
AD1
330
C
100
AcDbEntity
8
0
100
AcDbLine
10
653.43
20
84.62
30
0
11
653.479
21
84.609
31
0
0
LINE
5
AD2
330
C
100
AcDbEntity
8
0
100
AcDbLine
10
653.479
20
84.609
30
0
11
653.526
21
84.595
31
0
0
LINE
5
AD3
330
C
100
AcDbEntity
8
0
100
AcDbLine
10
653.526
20
84.595
30
0
11
653.57
21
84.578
31
0
0
LINE
5
AD4
330
C
100
AcDbEntity
8
0
100
AcDbLine
10
653.57
20
84.578
30
0
11
653.612
21
84.558
31
0
0
LINE
5
AD5
330
C
100
AcDbEntity
8
0
100
AcDbLine
10
653.612
20
84.558
30
0
11
653.652
21
84.534
31
0
0
LINE
5
AD6
330
C
100
AcDbEntity
8
0
100
AcDbLine
10
653.652
20
84.534
30
0
11
653.689
21
84.508
31
0
0
LINE
5
AD7
330
C
100
AcDbEntity
8
0
100
AcDbLine
10
653.689
20
84.508
30
0
11
653.724
21
84.478
31
0
0
LINE
5
AD8
330
C
100
AcDbEntity
8
0
100
AcDbLine
10
653.724
20
84.478
30
0
11
653.756
21
84.446
31
0
0
LINE
5
AD9
330
C
100
AcDbEntity
8
0
100
AcDbLine
10
653.756
20
84.446
30
0
11
653.784
21
84.411
31
0
0
LINE
5
ADA
330
C
100
AcDbEntity
8
0
100
AcDbLine
10
653.784
20
84.411
30
0
11
653.809
21
84.375
31
0
0
LINE
5
ADB
330
C
100
AcDbEntity
8
0
100
AcDbLine
10
653.809
20
84.375
30
0
11
653.831
21
84.336
31
0
0
LINE
5
ADC
330
C
100
AcDbEntity
8
0
100
AcDbLine
10
653.831
20
84.336
30
0
11
653.85
21
84.295
31
0
0
LINE
5
ADD
330
C
100
AcDbEntity
8
0
100
AcDbLine
10
653.85
20
84.295
30
0
11
653.865
21
84.252
31
0
0
LINE
5
ADE
330
C
100
AcDbEntity
8
0
100
AcDbLine
10
653.865
20
84.252
30
0
11
653.877
21
84.207
31
0
0
LINE
5
ADF
330
C
100
AcDbEntity
8
0
100
AcDbLine
10
653.877
20
84.207
30
0
11
653.885
21
84.159
31
0
0
LINE
5
AE0
330
C
100
AcDbEntity
8
0
100
AcDbLine
10
653.885
20
84.159
30
0
11
653.89
21
84.11
31
0
0
LINE
5
AE1
330
C
100
AcDbEntity
8
0
100
AcDbLine
10
653.89
20
84.11
30
0
11
653.892
21
84.058
31
0
0
LINE
5
AE2
330
C
100
AcDbEntity
8
0
100
AcDbLine
10
653.892
20
84.058
30
0
11
653.892
21
84.058
31
0
0
LINE
5
AE3
330
C
100
AcDbEntity
8
0
100
AcDbLine
10
653.892
20
84.058
30
0
11
653.89
21
84.005
31
0
0
LINE
5
AE4
330
C
100
AcDbEntity
8
0
100
AcDbLine
10
653.89
20
84.005
30
0
11
653.885
21
83.954
31
0
0
LINE
5
AE5
330
C
100
AcDbEntity
8
0
100
AcDbLine
10
653.885
20
83.954
30
0
11
653.877
21
83.905
31
0
0
LINE
5
AE6
330
C
100
AcDbEntity
8
0
100
AcDbLine
10
653.877
20
83.905
30
0
11
653.865
21
83.859
31
0
0
LINE
5
AE7
330
C
100
AcDbEntity
8
0
100
AcDbLine
10
653.865
20
83.859
30
0
11
653.85
21
83.814
31
0
0
LINE
5
AE8
330
C
100
AcDbEntity
8
0
100
AcDbLine
10
653.85
20
83.814
30
0
11
653.831
21
83.772
31
0
0
LINE
5
AE9
330
C
100
AcDbEntity
8
0
100
AcDbLine
10
653.831
20
83.772
30
0
11
653.809
21
83.731
31
0
0
LINE
5
AEA
330
C
100
AcDbEntity
8
0
100
AcDbLine
10
653.809
20
83.731
30
0
11
653.784
21
83.693
31
0
0
LINE
5
AEB
330
C
100
AcDbEntity
8
0
100
AcDbLine
10
653.784
20
83.693
30
0
11
653.756
21
83.657
31
0
0
LINE
5
AEC
330
C
100
AcDbEntity
8
0
100
AcDbLine
10
653.756
20
83.657
30
0
11
653.724
21
83.623
31
0
0
LINE
5
AED
330
C
100
AcDbEntity
8
0
100
AcDbLine
10
653.724
20
83.623
30
0
11
653.689
21
83.592
31
0
0
LINE
5
AEE
330
C
100
AcDbEntity
8
0
100
AcDbLine
10
653.689
20
83.592
30
0
11
653.652
21
83.564
31
0
0
LINE
5
AEF
330
C
100
AcDbEntity
8
0
100
AcDbLine
10
653.652
20
83.564
30
0
11
653.612
21
83.539
31
0
0
LINE
5
AF0
330
C
100
AcDbEntity
8
0
100
AcDbLine
10
653.612
20
83.539
30
0
11
653.57
21
83.517
31
0
0
LINE
5
AF1
330
C
100
AcDbEntity
8
0
100
AcDbLine
10
653.57
20
83.517
30
0
11
653.526
21
83.499
31
0
0
LINE
5
AF2
330
C
100
AcDbEntity
8
0
100
AcDbLine
10
653.526
20
83.499
30
0
11
653.479
21
83.484
31
0
0
LINE
5
AF3
330
C
100
AcDbEntity
8
0
100
AcDbLine
10
653.479
20
83.484
30
0
11
653.43
21
83.473
31
0
0
LINE
5
AF4
330
C
100
AcDbEntity
8
0
100
AcDbLine
10
653.43
20
83.473
30
0
11
653.378
21
83.465
31
0
0
LINE
5
AF5
330
C
100
AcDbEntity
8
0
100
AcDbLine
10
653.378
20
83.465
30
0
11
653.324
21
83.46
31
0
0
LINE
5
AF6
330
C
100
AcDbEntity
8
0
100
AcDbLine
10
653.324
20
83.46
30
0
11
653.268
21
83.458
31
0
0
LINE
5
AF7
330
C
100
AcDbEntity
8
0
100
AcDbLine
10
653.268
20
83.458
30
0
11
653.268
21
83.458
31
0
0
LINE
5
AF8
330
C
100
AcDbEntity
8
0
100
AcDbLine
10
653.736
20
76.366
30
0
11
652.8
21
76.366
31
0
0
LINE
5
AF9
330
C
100
AcDbEntity
8
0
100
AcDbLine
10
652.8
20
76.366
30
0
11
652.8
21
82.114
31
0
0
LINE
5
AFA
330
C
100
AcDbEntity
8
0
100
AcDbLine
10
652.8
20
82.114
30
0
11
653.736
21
82.114
31
0
0
LINE
5
AFB
330
C
100
AcDbEntity
8
0
100
AcDbLine
10
653.736
20
82.114
30
0
11
653.736
21
76.366
31
0
0
LINE
5
AFC
330
C
100
AcDbEntity
8
0
100
AcDbLine
10
653.736
20
76.366
30
0
11
653.736
21
76.366
31
0
0
LINE
5
AFD
330
C
100
AcDbEntity
8
0
100
AcDbLine
10
658.368
20
76.222
30
0
11
658.368
21
76.222
31
0
0
LINE
5
AFE
330
C
100
AcDbEntity
8
0
100
AcDbLine
10
658.368
20
76.222
30
0
11
658.23
21
76.226
31
0
0
LINE
5
AFF
330
C
100
AcDbEntity
8
0
100
AcDbLine
10
658.23
20
76.226
30
0
11
658.094
21
76.237
31
0
0
LINE
5
B00
330
C
100
AcDbEntity
8
0
100
AcDbLine
10
658.094
20
76.237
30
0
11
657.96
21
76.256
31
0
0
LINE
5
B01
330
C
100
AcDbEntity
8
0
100
AcDbLine
10
657.96
20
76.256
30
0
11
657.829
21
76.282
31
0
0
LINE
5
B02
330
C
100
AcDbEntity
8
0
100
AcDbLine
10
657.829
20
76.282
30
0
11
657.7
21
76.316
31
0
0
LINE
5
B03
330
C
100
AcDbEntity
8
0
100
AcDbLine
10
657.7
20
76.316
30
0
11
657.574
21
76.357
31
0
0
LINE
5
B04
330
C
100
AcDbEntity
8
0
100
AcDbLine
10
657.574
20
76.357
30
0
11
657.449
21
76.406
31
0
0
LINE
5
B05
330
C
100
AcDbEntity
8
0
100
AcDbLine
10
657.449
20
76.406
30
0
11
657.327
21
76.462
31
0
0
LINE
5
B06
330
C
100
AcDbEntity
8
0
100
AcDbLine
10
657.327
20
76.462
30
0
11
657.207
21
76.526
31
0
0
LINE
5
B07
330
C
100
AcDbEntity
8
0
100
AcDbLine
10
657.207
20
76.526
30
0
11
657.09
21
76.597
31
0
0
LINE
5
B08
330
C
100
AcDbEntity
8
0
100
AcDbLine
10
657.09
20
76.597
30
0
11
656.976
21
76.675
31
0
0
LINE
5
B09
330
C
100
AcDbEntity
8
0
100
AcDbLine
10
656.976
20
76.675
30
0
11
656.866
21
76.759
31
0
0
LINE
5
B0A
330
C
100
AcDbEntity
8
0
100
AcDbLine
10
656.866
20
76.759
30
0
11
656.762
21
76.85
31
0
0
LINE
5
B0B
330
C
100
AcDbEntity
8
0
100
AcDbLine
10
656.762
20
76.85
30
0
11
656.662
21
76.946
31
0
0
LINE
5
B0C
330
C
100
AcDbEntity
8
0
100
AcDbLine
10
656.662
20
76.946
30
0
11
656.566
21
77.049
31
0
0
LINE
5
B0D
330
C
100
AcDbEntity
8
0
100
AcDbLine
10
656.566
20
77.049
30
0
11
656.476
21
77.157
31
0
0
LINE
5
B0E
330
C
100
AcDbEntity
8
0
100
AcDbLine
10
656.476
20
77.157
30
0
11
656.39
21
77.272
31
0
0
LINE
5
B0F
330
C
100
AcDbEntity
8
0
100
AcDbLine
10
656.39
20
77.272
30
0
11
656.308
21
77.393
31
0
0
LINE
5
B10
330
C
100
AcDbEntity
8
0
100
AcDbLine
10
656.308
20
77.393
30
0
11
656.232
21
77.52
31
0
0
LINE
5
B11
330
C
100
AcDbEntity
8
0
100
AcDbLine
10
656.232
20
77.52
30
0
11
656.16
21
77.653
31
0
0
LINE
5
B12
330
C
100
AcDbEntity
8
0
100
AcDbLine
10
656.16
20
77.653
30
0
11
656.094
21
77.792
31
0
0
LINE
5
B13
330
C
100
AcDbEntity
8
0
100
AcDbLine
10
656.094
20
77.792
30
0
11
656.034
21
77.935
31
0
0
LINE
5
B14
330
C
100
AcDbEntity
8
0
100
AcDbLine
10
656.034
20
77.935
30
0
11
655.982
21
78.083
31
0
0
LINE
5
B15
330
C
100
AcDbEntity
8
0
100
AcDbLine
10
655.982
20
78.083
30
0
11
655.937
21
78.237
31
0
0
LINE
5
B16
330
C
100
AcDbEntity
8
0
100
AcDbLine
10
655.937
20
78.237
30
0
11
655.899
21
78.395
31
0
0
LINE
5
B17
330
C
100
AcDbEntity
8
0
100
AcDbLine
10
655.899
20
78.395
30
0
11
655.867
21
78.558
31
0
0
LINE
5
B18
330
C
100
AcDbEntity
8
0
100
AcDbLine
10
655.867
20
78.558
30
0
11
655.843
21
78.725
31
0
0
LINE
5
B19
330
C
100
AcDbEntity
8
0
100
AcDbLine
10
655.843
20
78.725
30
0
11
655.826
21
78.898
31
0
0
LINE
5
B1A
330
C
100
AcDbEntity
8
0
100
AcDbLine
10
655.826
20
78.898
30
0
11
655.815
21
79.076
31
0
0
LINE
5
B1B
330
C
100
AcDbEntity
8
0
100
AcDbLine
10
655.815
20
79.076
30
0
11
655.812
21
79.258
31
0
0
LINE
5
B1C
330
C
100
AcDbEntity
8
0
100
AcDbLine
10
655.812
20
79.258
30
0
11
655.812
21
79.258
31
0
0
LINE
5
B1D
330
C
100
AcDbEntity
8
0
100
AcDbLine
10
655.812
20
79.258
30
0
11
655.815
21
79.439
31
0
0
LINE
5
B1E
330
C
100
AcDbEntity
8
0
100
AcDbLine
10
655.815
20
79.439
30
0
11
655.825
21
79.615
31
0
0
LINE
5
B1F
330
C
100
AcDbEntity
8
0
100
AcDbLine
10
655.825
20
79.615
30
0
11
655.843
21
79.787
31
0
0
LINE
5
B20
330
C
100
AcDbEntity
8
0
100
AcDbLine
10
655.843
20
79.787
30
0
11
655.866
21
79.953
31
0
0
LINE
5
B21
330
C
100
AcDbEntity
8
0
100
AcDbLine
10
655.866
20
79.953
30
0
11
655.897
21
80.115
31
0
0
LINE
5
B22
330
C
100
AcDbEntity
8
0
100
AcDbLine
10
655.897
20
80.115
30
0
11
655.935
21
80.271
31
0
0
LINE
5
B23
330
C
100
AcDbEntity
8
0
100
AcDbLine
10
655.935
20
80.271
30
0
11
655.979
21
80.423
31
0
0
LINE
5
B24
330
C
100
AcDbEntity
8
0
100
AcDbLine
10
655.979
20
80.423
30
0
11
656.031
21
80.569
31
0
0
LINE
5
B25
330
C
100
AcDbEntity
8
0
100
AcDbLine
10
656.031
20
80.569
30
0
11
656.089
21
80.711
31
0
0
LINE
5
B26
330
C
100
AcDbEntity
8
0
100
AcDbLine
10
656.089
20
80.711
30
0
11
656.154
21
80.848
31
0
0
LINE
5
B27
330
C
100
AcDbEntity
8
0
100
AcDbLine
10
656.154
20
80.848
30
0
11
656.224
21
80.979
31
0
0
LINE
5
B28
330
C
100
AcDbEntity
8
0
100
AcDbLine
10
656.224
20
80.979
30
0
11
656.3
21
81.104
31
0
0
LINE
5
B29
330
C
100
AcDbEntity
8
0
100
AcDbLine
10
656.3
20
81.104
30
0
11
656.379
21
81.223
31
0
0
LINE
5
B2A
330
C
100
AcDbEntity
8
0
100
AcDbLine
10
656.379
20
81.223
30
0
11
656.463
21
81.336
31
0
0
LINE
5
B2B
330
C
100
AcDbEntity
8
0
100
AcDbLine
10
656.463
20
81.336
30
0
11
656.552
21
81.443
31
0
0
LINE
5
B2C
330
C
100
AcDbEntity
8
0
100
AcDbLine
10
656.552
20
81.443
30
0
11
656.645
21
81.543
31
0
0
LINE
5
B2D
330
C
100
AcDbEntity
8
0
100
AcDbLine
10
656.645
20
81.543
30
0
11
656.743
21
81.637
31
0
0
LINE
5
B2E
330
C
100
AcDbEntity
8
0
100
AcDbLine
10
656.743
20
81.637
30
0
11
656.845
21
81.725
31
0
0
LINE
5
B2F
330
C
100
AcDbEntity
8
0
100
AcDbLine
10
656.845
20
81.725
30
0
11
656.952
21
81.807
31
0
0
LINE
5
B30
330
C
100
AcDbEntity
8
0
100
AcDbLine
10
656.952
20
81.807
30
0
11
657.063
21
81.883
31
0
0
LINE
5
B31
330
C
100
AcDbEntity
8
0
100
AcDbLine
10
657.063
20
81.883
30
0
11
657.177
21
81.952
31
0
0
LINE
5
B32
330
C
100
AcDbEntity
8
0
100
AcDbLine
10
657.177
20
81.952
30
0
11
657.294
21
82.014
31
0
0
LINE
5
B33
330
C
100
AcDbEntity
8
0
100
AcDbLine
10
657.294
20
82.014
30
0
11
657.413
21
82.068
31
0
0
LINE
5
B34
330
C
100
AcDbEntity
8
0
100
AcDbLine
10
657.413
20
82.068
30
0
11
657.534
21
82.115
31
0
0
LINE
5
B35
330
C
100
AcDbEntity
8
0
100
AcDbLine
10
657.534
20
82.115
30
0
11
657.658
21
82.155
31
0
0
LINE
5
B36
330
C
100
AcDbEntity
8
0
100
AcDbLine
10
657.658
20
82.155
30
0
11
657.783
21
82.188
31
0
0
LINE
5
B37
330
C
100
AcDbEntity
8
0
100
AcDbLine
10
657.783
20
82.188
30
0
11
657.911
21
82.213
31
0
0
LINE
5
B38
330
C
100
AcDbEntity
8
0
100
AcDbLine
10
657.911
20
82.213
30
0
11
658.041
21
82.231
31
0
0
LINE
5
B39
330
C
100
AcDbEntity
8
0
100
AcDbLine
10
658.041
20
82.231
30
0
11
658.173
21
82.242
31
0
0
LINE
5
B3A
330
C
100
AcDbEntity
8
0
100
AcDbLine
10
658.173
20
82.242
30
0
11
658.308
21
82.246
31
0
0
LINE
5
B3B
330
C
100
AcDbEntity
8
0
100
AcDbLine
10
658.308
20
82.246
30
0
11
658.308
21
82.246
31
0
0
LINE
5
B3C
330
C
100
AcDbEntity
8
0
100
AcDbLine
10
658.308
20
82.246
30
0
11
658.432
21
82.243
31
0
0
LINE
5
B3D
330
C
100
AcDbEntity
8
0
100
AcDbLine
10
658.432
20
82.243
30
0
11
658.554
21
82.234
31
0
0
LINE
5
B3E
330
C
100
AcDbEntity
8
0
100
AcDbLine
10
658.554
20
82.234
30
0
11
658.672
21
82.218
31
0
0
LINE
5
B3F
330
C
100
AcDbEntity
8
0
100
AcDbLine
10
658.672
20
82.218
30
0
11
658.787
21
82.197
31
0
0
LINE
5
B40
330
C
100
AcDbEntity
8
0
100
AcDbLine
10
658.787
20
82.197
30
0
11
658.9
21
82.169
31
0
0
LINE
5
B41
330
C
100
AcDbEntity
8
0
100
AcDbLine
10
658.9
20
82.169
30
0
11
659.009
21
82.136
31
0
0
LINE
5
B42
330
C
100
AcDbEntity
8
0
100
AcDbLine
10
659.009
20
82.136
30
0
11
659.115
21
82.096
31
0
0
LINE
5
B43
330
C
100
AcDbEntity
8
0
100
AcDbLine
10
659.115
20
82.096
30
0
11
659.218
21
82.05
31
0
0
LINE
5
B44
330
C
100
AcDbEntity
8
0
100
AcDbLine
10
659.218
20
82.05
30
0
11
659.318
21
81.998
31
0
0
LINE
5
B45
330
C
100
AcDbEntity
8
0
100
AcDbLine
10
659.318
20
81.998
30
0
11
659.415
21
81.94
31
0
0
LINE
5
B46
330
C
100
AcDbEntity
8
0
100
AcDbLine
10
659.415
20
81.94
30
0
11
659.508
21
81.876
31
0
0
LINE
5
B47
330
C
100
AcDbEntity
8
0
100
AcDbLine
10
659.508
20
81.876
30
0
11
659.597
21
81.807
31
0
0
LINE
5
B48
330
C
100
AcDbEntity
8
0
100
AcDbLine
10
659.597
20
81.807
30
0
11
659.682
21
81.732
31
0
0
LINE
5
B49
330
C
100
AcDbEntity
8
0
100
AcDbLine
10
659.682
20
81.732
30
0
11
659.762
21
81.652
31
0
0
LINE
5
B4A
330
C
100
AcDbEntity
8
0
100
AcDbLine
10
659.762
20
81.652
30
0
11
659.839
21
81.567
31
0
0
LINE
5
B4B
330
C
100
AcDbEntity
8
0
100
AcDbLine
10
659.839
20
81.567
30
0
11
659.91
21
81.476
31
0
0
LINE
5
B4C
330
C
100
AcDbEntity
8
0
100
AcDbLine
10
659.91
20
81.476
30
0
11
659.978
21
81.379
31
0
0
LINE
5
B4D
330
C
100
AcDbEntity
8
0
100
AcDbLine
10
659.978
20
81.379
30
0
11
660.042
21
81.278
31
0
0
LINE
5
B4E
330
C
100
AcDbEntity
8
0
100
AcDbLine
10
660.042
20
81.278
30
0
11
660.101
21
81.171
31
0
0
LINE
5
B4F
330
C
100
AcDbEntity
8
0
100
AcDbLine
10
660.101
20
81.171
30
0
11
660.156
21
81.058
31
0
0
LINE
5
B50
330
C
100
AcDbEntity
8
0
100
AcDbLine
10
660.156
20
81.058
30
0
11
660.206
21
80.94
31
0
0
LINE
5
B51
330
C
100
AcDbEntity
8
0
100
AcDbLine
10
660.206
20
80.94
30
0
11
660.251
21
80.818
31
0
0
LINE
5
B52
330
C
100
AcDbEntity
8
0
100
AcDbLine
10
660.251
20
80.818
30
0
11
660.29
21
80.691
31
0
0
LINE
5
B53
330
C
100
AcDbEntity
8
0
100
AcDbLine
10
660.29
20
80.691
30
0
11
660.325
21
80.559
31
0
0
LINE
5
B54
330
C
100
AcDbEntity
8
0
100
AcDbLine
10
660.325
20
80.559
30
0
11
660.354
21
80.422
31
0
0
LINE
5
B55
330
C
100
AcDbEntity
8
0
100
AcDbLine
10
660.354
20
80.422
30
0
11
660.378
21
80.28
31
0
0
LINE
5
B56
330
C
100
AcDbEntity
8
0
100
AcDbLine
10
660.378
20
80.28
30
0
11
660.396
21
80.134
31
0
0
LINE
5
B57
330
C
100
AcDbEntity
8
0
100
AcDbLine
10
660.396
20
80.134
30
0
11
660.409
21
79.983
31
0
0
LINE
5
B58
330
C
100
AcDbEntity
8
0
100
AcDbLine
10
660.409
20
79.983
30
0
11
660.417
21
79.827
31
0
0
LINE
5
B59
330
C
100
AcDbEntity
8
0
100
AcDbLine
10
660.417
20
79.827
30
0
11
660.42
21
79.666
31
0
0
LINE
5
B5A
330
C
100
AcDbEntity
8
0
100
AcDbLine
10
660.42
20
79.666
30
0
11
660.42
21
79.666
31
0
0
LINE
5
B5B
330
C
100
AcDbEntity
8
0
100
AcDbLine
10
660.42
20
79.666
30
0
11
660.06
21
79.666
31
0
0
LINE
5
B5C
330
C
100
AcDbEntity
8
0
100
AcDbLine
10
660.06
20
79.666
30
0
11
660.058
21
79.778
31
0
0
LINE
5
B5D
330
C
100
AcDbEntity
8
0
100
AcDbLine
10
660.058
20
79.778
30
0
11
660.051
21
79.887
31
0
0
LINE
5
B5E
330
C
100
AcDbEntity
8
0
100
AcDbLine
10
660.051
20
79.887
30
0
11
660.04
21
79.992
31
0
0
LINE
5
B5F
330
C
100
AcDbEntity
8
0
100
AcDbLine
10
660.04
20
79.992
30
0
11
660.024
21
80.093
31
0
0
LINE
5
B60
330
C
100
AcDbEntity
8
0
100
AcDbLine
10
660.024
20
80.093
30
0
11
660.004
21
80.191
31
0
0
LINE
5
B61
330
C
100
AcDbEntity
8
0
100
AcDbLine
10
660.004
20
80.191
30
0
11
659.979
21
80.285
31
0
0
LINE
5
B62
330
C
100
AcDbEntity
8
0
100
AcDbLine
10
659.979
20
80.285
30
0
11
659.95
21
80.376
31
0
0
LINE
5
B63
330
C
100
AcDbEntity
8
0
100
AcDbLine
10
659.95
20
80.376
30
0
11
659.916
21
80.463
31
0
0
LINE
5
B64
330
C
100
AcDbEntity
8
0
100
AcDbLine
10
659.916
20
80.463
30
0
11
659.878
21
80.546
31
0
0
LINE
5
B65
330
C
100
AcDbEntity
8
0
100
AcDbLine
10
659.878
20
80.546
30
0
11
659.835
21
80.626
31
0
0
LINE
5
B66
330
C
100
AcDbEntity
8
0
100
AcDbLine
10
659.835
20
80.626
30
0
11
659.788
21
80.702
31
0
0
LINE
5
B67
330
C
100
AcDbEntity
8
0
100
AcDbLine
10
659.788
20
80.702
30
0
11
659.739
21
80.774
31
0
0
LINE
5
B68
330
C
100
AcDbEntity
8
0
100
AcDbLine
10
659.739
20
80.774
30
0
11
659.688
21
80.843
31
0
0
LINE
5
B69
330
C
100
AcDbEntity
8
0
100
AcDbLine
10
659.688
20
80.843
30
0
11
659.633
21
80.908
31
0
0
LINE
5
B6A
330
C
100
AcDbEntity
8
0
100
AcDbLine
10
659.633
20
80.908
30
0
11
659.576
21
80.969
31
0
0
LINE
5
B6B
330
C
100
AcDbEntity
8
0
100
AcDbLine
10
659.576
20
80.969
30
0
11
659.516
21
81.026
31
0
0
LINE
5
B6C
330
C
100
AcDbEntity
8
0
100
AcDbLine
10
659.516
20
81.026
30
0
11
659.454
21
81.079
31
0
0
LINE
5
B6D
330
C
100
AcDbEntity
8
0
100
AcDbLine
10
659.454
20
81.079
30
0
11
659.388
21
81.129
31
0
0
LINE
5
B6E
330
C
100
AcDbEntity
8
0
100
AcDbLine
10
659.388
20
81.129
30
0
11
659.32
21
81.175
31
0
0
LINE
5
B6F
330
C
100
AcDbEntity
8
0
100
AcDbLine
10
659.32
20
81.175
30
0
11
659.25
21
81.217
31
0
0
LINE
5
B70
330
C
100
AcDbEntity
8
0
100
AcDbLine
10
659.25
20
81.217
30
0
11
659.177
21
81.255
31
0
0
LINE
5
B71
330
C
100
AcDbEntity
8
0
100
AcDbLine
10
659.177
20
81.255
30
0
11
659.104
21
81.289
31
0
0
LINE
5
B72
330
C
100
AcDbEntity
8
0
100
AcDbLine
10
659.104
20
81.289
30
0
11
659.029
21
81.32
31
0
0
LINE
5
B73
330
C
100
AcDbEntity
8
0
100
AcDbLine
10
659.029
20
81.32
30
0
11
658.953
21
81.346
31
0
0
LINE
5
B74
330
C
100
AcDbEntity
8
0
100
AcDbLine
10
658.953
20
81.346
30
0
11
658.876
21
81.368
31
0
0
LINE
5
B75
330
C
100
AcDbEntity
8
0
100
AcDbLine
10
658.876
20
81.368
30
0
11
658.798
21
81.386
31
0
0
LINE
5
B76
330
C
100
AcDbEntity
8
0
100
AcDbLine
10
658.798
20
81.386
30
0
11
658.719
21
81.4
31
0
0
LINE
5
B77
330
C
100
AcDbEntity
8
0
100
AcDbLine
10
658.719
20
81.4
30
0
11
658.639
21
81.41
31
0
0
LINE
5
B78
330
C
100
AcDbEntity
8
0
100
AcDbLine
10
658.639
20
81.41
30
0
11
658.558
21
81.416
31
0
0
LINE
5
B79
330
C
100
AcDbEntity
8
0
100
AcDbLine
10
658.558
20
81.416
30
0
11
658.476
21
81.418
31
0
0
LINE
5
B7A
330
C
100
AcDbEntity
8
0
100
AcDbLine
10
658.476
20
81.418
30
0
11
658.476
21
81.418
31
0
0
LINE
5
B7B
330
C
100
AcDbEntity
8
0
100
AcDbLine
10
658.476
20
81.418
30
0
11
658.383
21
81.415
31
0
0
LINE
5
B7C
330
C
100
AcDbEntity
8
0
100
AcDbLine
10
658.383
20
81.415
30
0
11
658.292
21
81.408
31
0
0
LINE
5
B7D
330
C
100
AcDbEntity
8
0
100
AcDbLine
10
658.292
20
81.408
30
0
11
658.202
21
81.395
31
0
0
LINE
5
B7E
330
C
100
AcDbEntity
8
0
100
AcDbLine
10
658.202
20
81.395
30
0
11
658.114
21
81.376
31
0
0
LINE
5
B7F
330
C
100
AcDbEntity
8
0
100
AcDbLine
10
658.114
20
81.376
30
0
11
658.028
21
81.353
31
0
0
LINE
5
B80
330
C
100
AcDbEntity
8
0
100
AcDbLine
10
658.028
20
81.353
30
0
11
657.943
21
81.324
31
0
0
LINE
5
B81
330
C
100
AcDbEntity
8
0
100
AcDbLine
10
657.943
20
81.324
30
0
11
657.86
21
81.29
31
0
0
LINE
5
B82
330
C
100
AcDbEntity
8
0
100
AcDbLine
10
657.86
20
81.29
30
0
11
657.779
21
81.251
31
0
0
LINE
5
B83
330
C
100
AcDbEntity
8
0
100
AcDbLine
10
657.779
20
81.251
30
0
11
657.699
21
81.207
31
0
0
LINE
5
B84
330
C
100
AcDbEntity
8
0
100
AcDbLine
10
657.699
20
81.207
30
0
11
657.621
21
81.157
31
0
0
LINE
5
B85
330
C
100
AcDbEntity
8
0
100
AcDbLine
10
657.621
20
81.157
30
0
11
657.545
21
81.103
31
0
0
LINE
5
B86
330
C
100
AcDbEntity
8
0
100
AcDbLine
10
657.545
20
81.103
30
0
11
657.472
21
81.044
31
0
0
LINE
5
B87
330
C
100
AcDbEntity
8
0
100
AcDbLine
10
657.472
20
81.044
30
0
11
657.403
21
80.98
31
0
0
LINE
5
B88
330
C
100
AcDbEntity
8
0
100
AcDbLine
10
657.403
20
80.98
30
0
11
657.336
21
80.913
31
0
0
LINE
5
B89
330
C
100
AcDbEntity
8
0
100
AcDbLine
10
657.336
20
80.913
30
0
11
657.273
21
80.841
31
0
0
LINE
5
B8A
330
C
100
AcDbEntity
8
0
100
AcDbLine
10
657.273
20
80.841
30
0
11
657.213
21
80.764
31
0
0
LINE
5
B8B
330
C
100
AcDbEntity
8
0
100
AcDbLine
10
657.213
20
80.764
30
0
11
657.155
21
80.683
31
0
0
LINE
5
B8C
330
C
100
AcDbEntity
8
0
100
AcDbLine
10
657.155
20
80.683
30
0
11
657.101
21
80.597
31
0
0
LINE
5
B8D
330
C
100
AcDbEntity
8
0
100
AcDbLine
10
657.101
20
80.597
30
0
11
657.051
21
80.507
31
0
0
LINE
5
B8E
330
C
100
AcDbEntity
8
0
100
AcDbLine
10
657.051
20
80.507
30
0
11
657.003
21
80.413
31
0
0
LINE
5
B8F
330
C
100
AcDbEntity
8
0
100
AcDbLine
10
657.003
20
80.413
30
0
11
656.959
21
80.315
31
0
0
LINE
5
B90
330
C
100
AcDbEntity
8
0
100
AcDbLine
10
656.959
20
80.315
30
0
11
656.92
21
80.212
31
0
0
LINE
5
B91
330
C
100
AcDbEntity
8
0
100
AcDbLine
10
656.92
20
80.212
30
0
11
656.885
21
80.106
31
0
0
LINE
5
B92
330
C
100
AcDbEntity
8
0
100
AcDbLine
10
656.885
20
80.106
30
0
11
656.855
21
79.996
31
0
0
LINE
5
B93
330
C
100
AcDbEntity
8
0
100
AcDbLine
10
656.855
20
79.996
30
0
11
656.83
21
79.883
31
0
0
LINE
5
B94
330
C
100
AcDbEntity
8
0
100
AcDbLine
10
656.83
20
79.883
30
0
11
656.809
21
79.765
31
0
0
LINE
5
B95
330
C
100
AcDbEntity
8
0
100
AcDbLine
10
656.809
20
79.765
30
0
11
656.793
21
79.644
31
0
0
LINE
5
B96
330
C
100
AcDbEntity
8
0
100
AcDbLine
10
656.793
20
79.644
30
0
11
656.781
21
79.519
31
0
0
LINE
5
B97
330
C
100
AcDbEntity
8
0
100
AcDbLine
10
656.781
20
79.519
30
0
11
656.774
21
79.391
31
0
0
LINE
5
B98
330
C
100
AcDbEntity
8
0
100
AcDbLine
10
656.774
20
79.391
30
0
11
656.772
21
79.258
31
0
0
LINE
5
B99
330
C
100
AcDbEntity
8
0
100
AcDbLine
10
656.772
20
79.258
30
0
11
656.772
21
79.258
31
0
0
LINE
5
B9A
330
C
100
AcDbEntity
8
0
100
AcDbLine
10
656.772
20
79.258
30
0
11
656.774
21
79.123
31
0
0
LINE
5
B9B
330
C
100
AcDbEntity
8
0
100
AcDbLine
10
656.774
20
79.123
30
0
11
656.781
21
78.992
31
0
0
LINE
5
B9C
330
C
100
AcDbEntity
8
0
100
AcDbLine
10
656.781
20
78.992
30
0
11
656.793
21
78.865
31
0
0
LINE
5
B9D
330
C
100
AcDbEntity
8
0
100
AcDbLine
10
656.793
20
78.865
30
0
11
656.809
21
78.742
31
0
0
LINE
5
B9E
330
C
100
AcDbEntity
8
0
100
AcDbLine
10
656.809
20
78.742
30
0
11
656.83
21
78.622
31
0
0
LINE
5
B9F
330
C
100
AcDbEntity
8
0
100
AcDbLine
10
656.83
20
78.622
30
0
11
656.855
21
78.506
31
0
0
LINE
5
BA0
330
C
100
AcDbEntity
8
0
100
AcDbLine
10
656.855
20
78.506
30
0
11
656.885
21
78.394
31
0
0
LINE
5
BA1
330
C
100
AcDbEntity
8
0
100
AcDbLine
10
656.885
20
78.394
30
0
11
656.92
21
78.286
31
0
0
LINE
5
BA2
330
C
100
AcDbEntity
8
0
100
AcDbLine
10
656.92
20
78.286
30
0
11
656.959
21
78.182
31
0
0
LINE
5
BA3
330
C
100
AcDbEntity
8
0
100
AcDbLine
10
656.959
20
78.182
30
0
11
657.003
21
78.082
31
0
0
LINE
5
BA4
330
C
100
AcDbEntity
8
0
100
AcDbLine
10
657.003
20
78.082
30
0
11
657.051
21
77.986
31
0
0
LINE
5
BA5
330
C
100
AcDbEntity
8
0
100
AcDbLine
10
657.051
20
77.986
30
0
11
657.101
21
77.894
31
0
0
LINE
5
BA6
330
C
100
AcDbEntity
8
0
100
AcDbLine
10
657.101
20
77.894
30
0
11
657.155
21
77.807
31
0
0
LINE
5
BA7
330
C
100
AcDbEntity
8
0
100
AcDbLine
10
657.155
20
77.807
30
0
11
657.213
21
77.725
31
0
0
LINE
5
BA8
330
C
100
AcDbEntity
8
0
100
AcDbLine
10
657.213
20
77.725
30
0
11
657.273
21
77.647
31
0
0
LINE
5
BA9
330
C
100
AcDbEntity
8
0
100
AcDbLine
10
657.273
20
77.647
30
0
11
657.336
21
77.574
31
0
0
LINE
5
BAA
330
C
100
AcDbEntity
8
0
100
AcDbLine
10
657.336
20
77.574
30
0
11
657.403
21
77.505
31
0
0
LINE
5
BAB
330
C
100
AcDbEntity
8
0
100
AcDbLine
10
657.403
20
77.505
30
0
11
657.472
21
77.441
31
0
0
LINE
5
BAC
330
C
100
AcDbEntity
8
0
100
AcDbLine
10
657.472
20
77.441
30
0
11
657.545
21
77.381
31
0
0
LINE
5
BAD
330
C
100
AcDbEntity
8
0
100
AcDbLine
10
657.545
20
77.381
30
0
11
657.621
21
77.326
31
0
0
LINE
5
BAE
330
C
100
AcDbEntity
8
0
100
AcDbLine
10
657.621
20
77.326
30
0
11
657.699
21
77.276
31
0
0
LINE
5
BAF
330
C
100
AcDbEntity
8
0
100
AcDbLine
10
657.699
20
77.276
30
0
11
657.779
21
77.231
31
0
0
LINE
5
BB0
330
C
100
AcDbEntity
8
0
100
AcDbLine
10
657.779
20
77.231
30
0
11
657.86
21
77.191
31
0
0
LINE
5
BB1
330
C
100
AcDbEntity
8
0
100
AcDbLine
10
657.86
20
77.191
30
0
11
657.943
21
77.157
31
0
0
LINE
5
BB2
330
C
100
AcDbEntity
8
0
100
AcDbLine
10
657.943
20
77.157
30
0
11
658.028
21
77.128
31
0
0
LINE
5
BB3
330
C
100
AcDbEntity
8
0
100
AcDbLine
10
658.028
20
77.128
30
0
11
658.114
21
77.104
31
0
0
LINE
5
BB4
330
C
100
AcDbEntity
8
0
100
AcDbLine
10
658.114
20
77.104
30
0
11
658.202
21
77.086
31
0
0
LINE
5
BB5
330
C
100
AcDbEntity
8
0
100
AcDbLine
10
658.202
20
77.086
30
0
11
658.292
21
77.073
31
0
0
LINE
5
BB6
330
C
100
AcDbEntity
8
0
100
AcDbLine
10
658.292
20
77.073
30
0
11
658.383
21
77.065
31
0
0
LINE
5
BB7
330
C
100
AcDbEntity
8
0
100
AcDbLine
10
658.383
20
77.065
30
0
11
658.476
21
77.062
31
0
0
LINE
5
BB8
330
C
100
AcDbEntity
8
0
100
AcDbLine
10
658.476
20
77.062
30
0
11
658.476
21
77.062
31
0
0
LINE
5
BB9
330
C
100
AcDbEntity
8
0
100
AcDbLine
10
658.476
20
77.062
30
0
11
658.553
21
77.064
31
0
0
LINE
5
BBA
330
C
100
AcDbEntity
8
0
100
AcDbLine
10
658.553
20
77.064
30
0
11
658.631
21
77.07
31
0
0
LINE
5
BBB
330
C
100
AcDbEntity
8
0
100
AcDbLine
10
658.631
20
77.07
30
0
11
658.707
21
77.08
31
0
0
LINE
5
BBC
330
C
100
AcDbEntity
8
0
100
AcDbLine
10
658.707
20
77.08
30
0
11
658.783
21
77.095
31
0
0
LINE
5
BBD
330
C
100
AcDbEntity
8
0
100
AcDbLine
10
658.783
20
77.095
30
0
11
658.859
21
77.113
31
0
0
LINE
5
BBE
330
C
100
AcDbEntity
8
0
100
AcDbLine
10
658.859
20
77.113
30
0
11
658.934
21
77.135
31
0
0
LINE
5
BBF
330
C
100
AcDbEntity
8
0
100
AcDbLine
10
658.934
20
77.135
30
0
11
659.009
21
77.162
31
0
0
LINE
5
BC0
330
C
100
AcDbEntity
8
0
100
AcDbLine
10
659.009
20
77.162
30
0
11
659.082
21
77.193
31
0
0
LINE
5
BC1
330
C
100
AcDbEntity
8
0
100
AcDbLine
10
659.082
20
77.193
30
0
11
659.156
21
77.227
31
0
0
LINE
5
BC2
330
C
100
AcDbEntity
8
0
100
AcDbLine
10
659.156
20
77.227
30
0
11
659.229
21
77.266
31
0
0
LINE
5
BC3
330
C
100
AcDbEntity
8
0
100
AcDbLine
10
659.229
20
77.266
30
0
11
659.3
21
77.309
31
0
0
LINE
5
BC4
330
C
100
AcDbEntity
8
0
100
AcDbLine
10
659.3
20
77.309
30
0
11
659.369
21
77.355
31
0
0
LINE
5
BC5
330
C
100
AcDbEntity
8
0
100
AcDbLine
10
659.369
20
77.355
30
0
11
659.435
21
77.405
31
0
0
LINE
5
BC6
330
C
100
AcDbEntity
8
0
100
AcDbLine
10
659.435
20
77.405
30
0
11
659.499
21
77.459
31
0
0
LINE
5
BC7
330
C
100
AcDbEntity
8
0
100
AcDbLine
10
659.499
20
77.459
30
0
11
659.56
21
77.517
31
0
0
LINE
5
BC8
330
C
100
AcDbEntity
8
0
100
AcDbLine
10
659.56
20
77.517
30
0
11
659.618
21
77.579
31
0
0
LINE
5
BC9
330
C
100
AcDbEntity
8
0
100
AcDbLine
10
659.618
20
77.579
30
0
11
659.674
21
77.644
31
0
0
LINE
5
BCA
330
C
100
AcDbEntity
8
0
100
AcDbLine
10
659.674
20
77.644
30
0
11
659.727
21
77.713
31
0
0
LINE
5
BCB
330
C
100
AcDbEntity
8
0
100
AcDbLine
10
659.727
20
77.713
30
0
11
659.778
21
77.786
31
0
0
LINE
5
BCC
330
C
100
AcDbEntity
8
0
100
AcDbLine
10
659.778
20
77.786
30
0
11
659.826
21
77.863
31
0
0
LINE
5
BCD
330
C
100
AcDbEntity
8
0
100
AcDbLine
10
659.826
20
77.863
30
0
11
659.87
21
77.943
31
0
0
LINE
5
BCE
330
C
100
AcDbEntity
8
0
100
AcDbLine
10
659.87
20
77.943
30
0
11
659.91
21
78.027
31
0
0
LINE
5
BCF
330
C
100
AcDbEntity
8
0
100
AcDbLine
10
659.91
20
78.027
30
0
11
659.945
21
78.114
31
0
0
LINE
5
BD0
330
C
100
AcDbEntity
8
0
100
AcDbLine
10
659.945
20
78.114
30
0
11
659.976
21
78.204
31
0
0
LINE
5
BD1
330
C
100
AcDbEntity
8
0
100
AcDbLine
10
659.976
20
78.204
30
0
11
660.001
21
78.297
31
0
0
LINE
5
BD2
330
C
100
AcDbEntity
8
0
100
AcDbLine
10
660.001
20
78.297
30
0
11
660.022
21
78.394
31
0
0
LINE
5
BD3
330
C
100
AcDbEntity
8
0
100
AcDbLine
10
660.022
20
78.394
30
0
11
660.039
21
78.494
31
0
0
LINE
5
BD4
330
C
100
AcDbEntity
8
0
100
AcDbLine
10
660.039
20
78.494
30
0
11
660.05
21
78.597
31
0
0
LINE
5
BD5
330
C
100
AcDbEntity
8
0
100
AcDbLine
10
660.05
20
78.597
30
0
11
660.057
21
78.704
31
0
0
LINE
5
BD6
330
C
100
AcDbEntity
8
0
100
AcDbLine
10
660.057
20
78.704
30
0
11
660.06
21
78.814
31
0
0
LINE
5
BD7
330
C
100
AcDbEntity
8
0
100
AcDbLine
10
660.06
20
78.814
30
0
11
660.06
21
78.814
31
0
0
LINE
5
BD8
330
C
100
AcDbEntity
8
0
100
AcDbLine
10
660.06
20
78.814
30
0
11
660.42
21
78.814
31
0
0
LINE
5
BD9
330
C
100
AcDbEntity
8
0
100
AcDbLine
10
660.42
20
78.814
30
0
11
660.417
21
78.65
31
0
0
LINE
5
BDA
330
C
100
AcDbEntity
8
0
100
AcDbLine
10
660.417
20
78.65
30
0
11
660.409
21
78.491
31
0
0
LINE
5
BDB
330
C
100
AcDbEntity
8
0
100
AcDbLine
10
660.409
20
78.491
30
0
11
660.395
21
78.337
31
0
0
LINE
5
BDC
330
C
100
AcDbEntity
8
0
100
AcDbLine
10
660.395
20
78.337
30
0
11
660.376
21
78.188
31
0
0
LINE
5
BDD
330
C
100
AcDbEntity
8
0
100
AcDbLine
10
660.376
20
78.188
30
0
11
660.352
21
78.044
31
0
0
LINE
5
BDE
330
C
100
AcDbEntity
8
0
100
AcDbLine
10
660.352
20
78.044
30
0
11
660.321
21
77.905
31
0
0
LINE
5
BDF
330
C
100
AcDbEntity
8
0
100
AcDbLine
10
660.321
20
77.905
30
0
11
660.286
21
77.771
31
0
0
LINE
5
BE0
330
C
100
AcDbEntity
8
0
100
AcDbLine
10
660.286
20
77.771
30
0
11
660.245
21
77.643
31
0
0
LINE
5
BE1
330
C
100
AcDbEntity
8
0
100
AcDbLine
10
660.245
20
77.643
30
0
11
660.199
21
77.519
31
0
0
LINE
5
BE2
330
C
100
AcDbEntity
8
0
100
AcDbLine
10
660.199
20
77.519
30
0
11
660.147
21
77.401
31
0
0
LINE
5
BE3
330
C
100
AcDbEntity
8
0
100
AcDbLine
10
660.147
20
77.401
30
0
11
660.09
21
77.288
31
0
0
LINE
5
BE4
330
C
100
AcDbEntity
8
0
100
AcDbLine
10
660.09
20
77.288
30
0
11
660.03
21
77.181
31
0
0
LINE
5
BE5
330
C
100
AcDbEntity
8
0
100
AcDbLine
10
660.03
20
77.181
30
0
11
659.966
21
77.079
31
0
0
LINE
5
BE6
330
C
100
AcDbEntity
8
0
100
AcDbLine
10
659.966
20
77.079
30
0
11
659.898
21
76.982
31
0
0
LINE
5
BE7
330
C
100
AcDbEntity
8
0
100
AcDbLine
10
659.898
20
76.982
30
0
11
659.826
21
76.892
31
0
0
LINE
5
BE8
330
C
100
AcDbEntity
8
0
100
AcDbLine
10
659.826
20
76.892
30
0
11
659.75
21
76.807
31
0
0
LINE
5
BE9
330
C
100
AcDbEntity
8
0
100
AcDbLine
10
659.75
20
76.807
30
0
11
659.67
21
76.727
31
0
0
LINE
5
BEA
330
C
100
AcDbEntity
8
0
100
AcDbLine
10
659.67
20
76.727
30
0
11
659.587
21
76.653
31
0
0
LINE
5
BEB
330
C
100
AcDbEntity
8
0
100
AcDbLine
10
659.587
20
76.653
30
0
11
659.5
21
76.585
31
0
0
LINE
5
BEC
330
C
100
AcDbEntity
8
0
100
AcDbLine
10
659.5
20
76.585
30
0
11
659.409
21
76.522
31
0
0
LINE
5
BED
330
C
100
AcDbEntity
8
0
100
AcDbLine
10
659.409
20
76.522
30
0
11
659.315
21
76.465
31
0
0
LINE
5
BEE
330
C
100
AcDbEntity
8
0
100
AcDbLine
10
659.315
20
76.465
30
0
11
659.218
21
76.414
31
0
0
LINE
5
BEF
330
C
100
AcDbEntity
8
0
100
AcDbLine
10
659.218
20
76.414
30
0
11
659.12
21
76.369
31
0
0
LINE
5
BF0
330
C
100
AcDbEntity
8
0
100
AcDbLine
10
659.12
20
76.369
30
0
11
659.019
21
76.33
31
0
0
LINE
5
BF1
330
C
100
AcDbEntity
8
0
100
AcDbLine
10
659.019
20
76.33
30
0
11
658.916
21
76.297
31
0
0
LINE
5
BF2
330
C
100
AcDbEntity
8
0
100
AcDbLine
10
658.916
20
76.297
30
0
11
658.811
21
76.27
31
0
0
LINE
5
BF3
330
C
100
AcDbEntity
8
0
100
AcDbLine
10
658.811
20
76.27
30
0
11
658.703
21
76.249
31
0
0
LINE
5
BF4
330
C
100
AcDbEntity
8
0
100
AcDbLine
10
658.703
20
76.249
30
0
11
658.594
21
76.234
31
0
0
LINE
5
BF5
330
C
100
AcDbEntity
8
0
100
AcDbLine
10
658.594
20
76.234
30
0
11
658.482
21
76.225
31
0
0
LINE
5
BF6
330
C
100
AcDbEntity
8
0
100
AcDbLine
10
658.482
20
76.225
30
0
11
658.368
21
76.222
31
0
0
LINE
5
BF7
330
C
100
AcDbEntity
8
0
100
AcDbLine
10
658.368
20
76.222
30
0
11
658.368
21
76.222
31
0
0
LINE
5
BF8
330
C
100
AcDbEntity
8
0
100
AcDbLine
10
660.996
20
76.366
30
0
11
660.216
21
76.366
31
0
0
LINE
5
BF9
330
C
100
AcDbEntity
8
0
100
AcDbLine
10
660.216
20
76.366
30
0
11
660.06
21
77.71
31
0
0
LINE
5
BFA
330
C
100
AcDbEntity
8
0
100
AcDbLine
10
660.06
20
77.71
30
0
11
660.06
21
84.55
31
0
0
LINE
5
BFB
330
C
100
AcDbEntity
8
0
100
AcDbLine
10
660.06
20
84.55
30
0
11
660.996
21
84.55
31
0
0
LINE
5
BFC
330
C
100
AcDbEntity
8
0
100
AcDbLine
10
660.996
20
84.55
30
0
11
660.996
21
76.366
31
0
0
LINE
5
BFD
330
C
100
AcDbEntity
8
0
100
AcDbLine
10
660.996
20
76.366
30
0
11
660.996
21
76.366
31
0
0
LINE
5
BFE
330
C
100
AcDbEntity
8
0
100
AcDbLine
10
665.418
20
76.222
30
0
11
665.418
21
76.222
31
0
0
LINE
5
BFF
330
C
100
AcDbEntity
8
0
100
AcDbLine
10
665.418
20
76.222
30
0
11
665.271
21
76.226
31
0
0
LINE
5
C00
330
C
100
AcDbEntity
8
0
100
AcDbLine
10
665.271
20
76.226
30
0
11
665.127
21
76.237
31
0
0
LINE
5
C01
330
C
100
AcDbEntity
8
0
100
AcDbLine
10
665.127
20
76.237
30
0
11
664.986
21
76.256
31
0
0
LINE
5
C02
330
C
100
AcDbEntity
8
0
100
AcDbLine
10
664.986
20
76.256
30
0
11
664.848
21
76.283
31
0
0
LINE
5
C03
330
C
100
AcDbEntity
8
0
100
AcDbLine
10
664.848
20
76.283
30
0
11
664.714
21
76.317
31
0
0
LINE
5
C04
330
C
100
AcDbEntity
8
0
100
AcDbLine
10
664.714
20
76.317
30
0
11
664.582
21
76.359
31
0
0
LINE
5
C05
330
C
100
AcDbEntity
8
0
100
AcDbLine
10
664.582
20
76.359
30
0
11
664.454
21
76.409
31
0
0
LINE
5
C06
330
C
100
AcDbEntity
8
0
100
AcDbLine
10
664.454
20
76.409
30
0
11
664.329
21
76.466
31
0
0
LINE
5
C07
330
C
100
AcDbEntity
8
0
100
AcDbLine
10
664.329
20
76.466
30
0
11
664.207
21
76.531
31
0
0
LINE
5
C08
330
C
100
AcDbEntity
8
0
100
AcDbLine
10
664.207
20
76.531
30
0
11
664.089
21
76.603
31
0
0
LINE
5
C09
330
C
100
AcDbEntity
8
0
100
AcDbLine
10
664.089
20
76.603
30
0
11
663.974
21
76.682
31
0
0
LINE
5
C0A
330
C
100
AcDbEntity
8
0
100
AcDbLine
10
663.974
20
76.682
30
0
11
663.865
21
76.767
31
0
0
LINE
5
C0B
330
C
100
AcDbEntity
8
0
100
AcDbLine
10
663.865
20
76.767
30
0
11
663.76
21
76.858
31
0
0
LINE
5
C0C
330
C
100
AcDbEntity
8
0
100
AcDbLine
10
663.76
20
76.858
30
0
11
663.66
21
76.955
31
0
0
LINE
5
C0D
330
C
100
AcDbEntity
8
0
100
AcDbLine
10
663.66
20
76.955
30
0
11
663.565
21
77.058
31
0
0
LINE
5
C0E
330
C
100
AcDbEntity
8
0
100
AcDbLine
10
663.565
20
77.058
30
0
11
663.475
21
77.167
31
0
0
LINE
5
C0F
330
C
100
AcDbEntity
8
0
100
AcDbLine
10
663.475
20
77.167
30
0
11
663.39
21
77.282
31
0
0
LINE
5
C10
330
C
100
AcDbEntity
8
0
100
AcDbLine
10
663.39
20
77.282
30
0
11
663.31
21
77.403
31
0
0
LINE
5
C11
330
C
100
AcDbEntity
8
0
100
AcDbLine
10
663.31
20
77.403
30
0
11
663.235
21
77.529
31
0
0
LINE
5
C12
330
C
100
AcDbEntity
8
0
100
AcDbLine
10
663.235
20
77.529
30
0
11
663.165
21
77.662
31
0
0
LINE
5
C13
330
C
100
AcDbEntity
8
0
100
AcDbLine
10
663.165
20
77.662
30
0
11
663.1
21
77.8
31
0
0
LINE
5
C14
330
C
100
AcDbEntity
8
0
100
AcDbLine
10
663.1
20
77.8
30
0
11
663.043
21
77.941
31
0
0
LINE
5
C15
330
C
100
AcDbEntity
8
0
100
AcDbLine
10
663.043
20
77.941
30
0
11
662.992
21
78.087
31
0
0
LINE
5
C16
330
C
100
AcDbEntity
8
0
100
AcDbLine
10
662.992
20
78.087
30
0
11
662.948
21
78.237
31
0
0
LINE
5
C17
330
C
100
AcDbEntity
8
0
100
AcDbLine
10
662.948
20
78.237
30
0
11
662.911
21
78.391
31
0
0
LINE
5
C18
330
C
100
AcDbEntity
8
0
100
AcDbLine
10
662.911
20
78.391
30
0
11
662.88
21
78.549
31
0
0
LINE
5
C19
330
C
100
AcDbEntity
8
0
100
AcDbLine
10
662.88
20
78.549
30
0
11
662.856
21
78.711
31
0
0
LINE
5
C1A
330
C
100
AcDbEntity
8
0
100
AcDbLine
10
662.856
20
78.711
30
0
11
662.839
21
78.877
31
0
0
LINE
5
C1B
330
C
100
AcDbEntity
8
0
100
AcDbLine
10
662.839
20
78.877
30
0
11
662.829
21
79.048
31
0
0
LINE
5
C1C
330
C
100
AcDbEntity
8
0
100
AcDbLine
10
662.829
20
79.048
30
0
11
662.826
21
79.222
31
0
0
LINE
5
C1D
330
C
100
AcDbEntity
8
0
100
AcDbLine
10
662.826
20
79.222
30
0
11
662.826
21
79.222
31
0
0
LINE
5
C1E
330
C
100
AcDbEntity
8
0
100
AcDbLine
10
662.826
20
79.222
30
0
11
662.829
21
79.408
31
0
0
LINE
5
C1F
330
C
100
AcDbEntity
8
0
100
AcDbLine
10
662.829
20
79.408
30
0
11
662.839
21
79.588
31
0
0
LINE
5
C20
330
C
100
AcDbEntity
8
0
100
AcDbLine
10
662.839
20
79.588
30
0
11
662.856
21
79.763
31
0
0
LINE
5
C21
330
C
100
AcDbEntity
8
0
100
AcDbLine
10
662.856
20
79.763
30
0
11
662.88
21
79.933
31
0
0
LINE
5
C22
330
C
100
AcDbEntity
8
0
100
AcDbLine
10
662.88
20
79.933
30
0
11
662.91
21
80.098
31
0
0
LINE
5
C23
330
C
100
AcDbEntity
8
0
100
AcDbLine
10
662.91
20
80.098
30
0
11
662.947
21
80.257
31
0
0
LINE
5
C24
330
C
100
AcDbEntity
8
0
100
AcDbLine
10
662.947
20
80.257
30
0
11
662.99
21
80.411
31
0
0
LINE
5
C25
330
C
100
AcDbEntity
8
0
100
AcDbLine
10
662.99
20
80.411
30
0
11
663.041
21
80.56
31
0
0
LINE
5
C26
330
C
100
AcDbEntity
8
0
100
AcDbLine
10
663.041
20
80.56
30
0
11
663.098
21
80.704
31
0
0
LINE
5
C27
330
C
100
AcDbEntity
8
0
100
AcDbLine
10
663.098
20
80.704
30
0
11
663.162
21
80.842
31
0
0
LINE
5
C28
330
C
100
AcDbEntity
8
0
100
AcDbLine
10
663.162
20
80.842
30
0
11
663.231
21
80.974
31
0
0
LINE
5
C29
330
C
100
AcDbEntity
8
0
100
AcDbLine
10
663.231
20
80.974
30
0
11
663.306
21
81.101
31
0
0
LINE
5
C2A
330
C
100
AcDbEntity
8
0
100
AcDbLine
10
663.306
20
81.101
30
0
11
663.386
21
81.22
31
0
0
LINE
5
C2B
330
C
100
AcDbEntity
8
0
100
AcDbLine
10
663.386
20
81.22
30
0
11
663.47
21
81.334
31
0
0
LINE
5
C2C
330
C
100
AcDbEntity
8
0
100
AcDbLine
10
663.47
20
81.334
30
0
11
663.56
21
81.441
31
0
0
LINE
5
C2D
330
C
100
AcDbEntity
8
0
100
AcDbLine
10
663.56
20
81.441
30
0
11
663.655
21
81.542
31
0
0
LINE
5
C2E
330
C
100
AcDbEntity
8
0
100
AcDbLine
10
663.655
20
81.542
30
0
11
663.754
21
81.637
31
0
0
LINE
5
C2F
330
C
100
AcDbEntity
8
0
100
AcDbLine
10
663.754
20
81.637
30
0
11
663.859
21
81.725
31
0
0
LINE
5
C30
330
C
100
AcDbEntity
8
0
100
AcDbLine
10
663.859
20
81.725
30
0
11
663.968
21
81.807
31
0
0
LINE
5
C31
330
C
100
AcDbEntity
8
0
100
AcDbLine
10
663.968
20
81.807
30
0
11
664.083
21
81.883
31
0
0
LINE
5
C32
330
C
100
AcDbEntity
8
0
100
AcDbLine
10
664.083
20
81.883
30
0
11
664.201
21
81.952
31
0
0
LINE
5
C33
330
C
100
AcDbEntity
8
0
100
AcDbLine
10
664.201
20
81.952
30
0
11
664.323
21
82.014
31
0
0
LINE
5
C34
330
C
100
AcDbEntity
8
0
100
AcDbLine
10
664.323
20
82.014
30
0
11
664.449
21
82.068
31
0
0
LINE
5
C35
330
C
100
AcDbEntity
8
0
100
AcDbLine
10
664.449
20
82.068
30
0
11
664.577
21
82.115
31
0
0
LINE
5
C36
330
C
100
AcDbEntity
8
0
100
AcDbLine
10
664.577
20
82.115
30
0
11
664.709
21
82.155
31
0
0
LINE
5
C37
330
C
100
AcDbEntity
8
0
100
AcDbLine
10
664.709
20
82.155
30
0
11
664.844
21
82.188
31
0
0
LINE
5
C38
330
C
100
AcDbEntity
8
0
100
AcDbLine
10
664.844
20
82.188
30
0
11
664.983
21
82.213
31
0
0
LINE
5
C39
330
C
100
AcDbEntity
8
0
100
AcDbLine
10
664.983
20
82.213
30
0
11
665.124
21
82.231
31
0
0
LINE
5
C3A
330
C
100
AcDbEntity
8
0
100
AcDbLine
10
665.124
20
82.231
30
0
11
665.269
21
82.242
31
0
0
LINE
5
C3B
330
C
100
AcDbEntity
8
0
100
AcDbLine
10
665.269
20
82.242
30
0
11
665.418
21
82.246
31
0
0
LINE
5
C3C
330
C
100
AcDbEntity
8
0
100
AcDbLine
10
665.418
20
82.246
30
0
11
665.418
21
82.246
31
0
0
LINE
5
C3D
330
C
100
AcDbEntity
8
0
100
AcDbLine
10
665.418
20
82.246
30
0
11
665.547
21
82.243
31
0
0
LINE
5
C3E
330
C
100
AcDbEntity
8
0
100
AcDbLine
10
665.547
20
82.243
30
0
11
665.672
21
82.235
31
0
0
LINE
5
C3F
330
C
100
AcDbEntity
8
0
100
AcDbLine
10
665.672
20
82.235
30
0
11
665.793
21
82.222
31
0
0
LINE
5
C40
330
C
100
AcDbEntity
8
0
100
AcDbLine
10
665.793
20
82.222
30
0
11
665.91
21
82.204
31
0
0
LINE
5
C41
330
C
100
AcDbEntity
8
0
100
AcDbLine
10
665.91
20
82.204
30
0
11
666.024
21
82.18
31
0
0
LINE
5
C42
330
C
100
AcDbEntity
8
0
100
AcDbLine
10
666.024
20
82.18
30
0
11
666.133
21
82.151
31
0
0
LINE
5
C43
330
C
100
AcDbEntity
8
0
100
AcDbLine
10
666.133
20
82.151
30
0
11
666.239
21
82.117
31
0
0
LINE
5
C44
330
C
100
AcDbEntity
8
0
100
AcDbLine
10
666.239
20
82.117
30
0
11
666.341
21
82.077
31
0
0
LINE
5
C45
330
C
100
AcDbEntity
8
0
100
AcDbLine
10
666.341
20
82.077
30
0
11
666.439
21
82.032
31
0
0
LINE
5
C46
330
C
100
AcDbEntity
8
0
100
AcDbLine
10
666.439
20
82.032
30
0
11
666.534
21
81.982
31
0
0
LINE
5
C47
330
C
100
AcDbEntity
8
0
100
AcDbLine
10
666.534
20
81.982
30
0
11
666.624
21
81.927
31
0
0
LINE
5
C48
330
C
100
AcDbEntity
8
0
100
AcDbLine
10
666.624
20
81.927
30
0
11
666.711
21
81.869
31
0
0
LINE
5
C49
330
C
100
AcDbEntity
8
0
100
AcDbLine
10
666.711
20
81.869
30
0
11
666.795
21
81.807
31
0
0
LINE
5
C4A
330
C
100
AcDbEntity
8
0
100
AcDbLine
10
666.795
20
81.807
30
0
11
666.875
21
81.741
31
0
0
LINE
5
C4B
330
C
100
AcDbEntity
8
0
100
AcDbLine
10
666.875
20
81.741
30
0
11
666.951
21
81.671
31
0
0
LINE
5
C4C
330
C
100
AcDbEntity
8
0
100
AcDbLine
10
666.951
20
81.671
30
0
11
667.023
21
81.598
31
0
0
LINE
5
C4D
330
C
100
AcDbEntity
8
0
100
AcDbLine
10
667.023
20
81.598
30
0
11
667.092
21
81.521
31
0
0
LINE
5
C4E
330
C
100
AcDbEntity
8
0
100
AcDbLine
10
667.092
20
81.521
30
0
11
667.158
21
81.441
31
0
0
LINE
5
C4F
330
C
100
AcDbEntity
8
0
100
AcDbLine
10
667.158
20
81.441
30
0
11
667.22
21
81.356
31
0
0
LINE
5
C50
330
C
100
AcDbEntity
8
0
100
AcDbLine
10
667.22
20
81.356
30
0
11
667.278
21
81.268
31
0
0
LINE
5
C51
330
C
100
AcDbEntity
8
0
100
AcDbLine
10
667.278
20
81.268
30
0
11
667.332
21
81.177
31
0
0
LINE
5
C52
330
C
100
AcDbEntity
8
0
100
AcDbLine
10
667.332
20
81.177
30
0
11
667.384
21
81.083
31
0
0
LINE
5
C53
330
C
100
AcDbEntity
8
0
100
AcDbLine
10
667.384
20
81.083
30
0
11
667.432
21
80.987
31
0
0
LINE
5
C54
330
C
100
AcDbEntity
8
0
100
AcDbLine
10
667.432
20
80.987
30
0
11
667.476
21
80.889
31
0
0
LINE
5
C55
330
C
100
AcDbEntity
8
0
100
AcDbLine
10
667.476
20
80.889
30
0
11
667.517
21
80.789
31
0
0
LINE
5
C56
330
C
100
AcDbEntity
8
0
100
AcDbLine
10
667.517
20
80.789
30
0
11
667.555
21
80.686
31
0
0
LINE
5
C57
330
C
100
AcDbEntity
8
0
100
AcDbLine
10
667.555
20
80.686
30
0
11
667.589
21
80.581
31
0
0
LINE
5
C58
330
C
100
AcDbEntity
8
0
100
AcDbLine
10
667.589
20
80.581
30
0
11
667.62
21
80.473
31
0
0
LINE
5
C59
330
C
100
AcDbEntity
8
0
100
AcDbLine
10
667.62
20
80.473
30
0
11
667.647
21
80.363
31
0
0
LINE
5
C5A
330
C
100
AcDbEntity
8
0
100
AcDbLine
10
667.647
20
80.363
30
0
11
667.671
21
80.251
31
0
0
LINE
5
C5B
330
C
100
AcDbEntity
8
0
100
AcDbLine
10
667.671
20
80.251
30
0
11
667.691
21
80.137
31
0
0
LINE
5
C5C
330
C
100
AcDbEntity
8
0
100
AcDbLine
10
667.691
20
80.137
30
0
11
667.709
21
80.023
31
0
0
LINE
5
C5D
330
C
100
AcDbEntity
8
0
100
AcDbLine
10
667.709
20
80.023
30
0
11
667.723
21
79.907
31
0
0
LINE
5
C5E
330
C
100
AcDbEntity
8
0
100
AcDbLine
10
667.723
20
79.907
30
0
11
667.734
21
79.791
31
0
0
LINE
5
C5F
330
C
100
AcDbEntity
8
0
100
AcDbLine
10
667.734
20
79.791
30
0
11
667.742
21
79.674
31
0
0
LINE
5
C60
330
C
100
AcDbEntity
8
0
100
AcDbLine
10
667.742
20
79.674
30
0
11
667.747
21
79.557
31
0
0
LINE
5
C61
330
C
100
AcDbEntity
8
0
100
AcDbLine
10
667.747
20
79.557
30
0
11
667.748
21
79.438
31
0
0
LINE
5
C62
330
C
100
AcDbEntity
8
0
100
AcDbLine
10
667.748
20
79.438
30
0
11
667.747
21
79.319
31
0
0
LINE
5
C63
330
C
100
AcDbEntity
8
0
100
AcDbLine
10
667.747
20
79.319
30
0
11
667.742
21
79.199
31
0
0
LINE
5
C64
330
C
100
AcDbEntity
8
0
100
AcDbLine
10
667.742
20
79.199
30
0
11
667.734
21
79.078
31
0
0
LINE
5
C65
330
C
100
AcDbEntity
8
0
100
AcDbLine
10
667.734
20
79.078
30
0
11
667.734
21
79.078
31
0
0
LINE
5
C66
330
C
100
AcDbEntity
8
0
100
AcDbLine
10
667.734
20
79.078
30
0
11
663.582
21
79.078
31
0
0
LINE
5
C67
330
C
100
AcDbEntity
8
0
100
AcDbLine
10
663.582
20
79.078
30
0
11
663.582
21
79.654
31
0
0
LINE
5
C68
330
C
100
AcDbEntity
8
0
100
AcDbLine
10
663.582
20
79.654
30
0
11
667.116
21
79.654
31
0
0
LINE
5
C69
330
C
100
AcDbEntity
8
0
100
AcDbLine
10
667.116
20
79.654
30
0
11
666.84
21
79.474
31
0
0
LINE
5
C6A
330
C
100
AcDbEntity
8
0
100
AcDbLine
10
666.84
20
79.474
30
0
11
666.843
21
79.545
31
0
0
LINE
5
C6B
330
C
100
AcDbEntity
8
0
100
AcDbLine
10
666.843
20
79.545
30
0
11
666.844
21
79.616
31
0
0
LINE
5
C6C
330
C
100
AcDbEntity
8
0
100
AcDbLine
10
666.844
20
79.616
30
0
11
666.844
21
79.686
31
0
0
LINE
5
C6D
330
C
100
AcDbEntity
8
0
100
AcDbLine
10
666.844
20
79.686
30
0
11
666.842
21
79.757
31
0
0
LINE
5
C6E
330
C
100
AcDbEntity
8
0
100
AcDbLine
10
666.842
20
79.757
30
0
11
666.839
21
79.828
31
0
0
LINE
5
C6F
330
C
100
AcDbEntity
8
0
100
AcDbLine
10
666.839
20
79.828
30
0
11
666.834
21
79.899
31
0
0
LINE
5
C70
330
C
100
AcDbEntity
8
0
100
AcDbLine
10
666.834
20
79.899
30
0
11
666.828
21
79.97
31
0
0
LINE
5
C71
330
C
100
AcDbEntity
8
0
100
AcDbLine
10
666.828
20
79.97
30
0
11
666.821
21
80.04
31
0
0
LINE
5
C72
330
C
100
AcDbEntity
8
0
100
AcDbLine
10
666.821
20
80.04
30
0
11
666.811
21
80.111
31
0
0
LINE
5
C73
330
C
100
AcDbEntity
8
0
100
AcDbLine
10
666.811
20
80.111
30
0
11
666.801
21
80.182
31
0
0
LINE
5
C74
330
C
100
AcDbEntity
8
0
100
AcDbLine
10
666.801
20
80.182
30
0
11
666.788
21
80.252
31
0
0
LINE
5
C75
330
C
100
AcDbEntity
8
0
100
AcDbLine
10
666.788
20
80.252
30
0
11
666.774
21
80.321
31
0
0
LINE
5
C76
330
C
100
AcDbEntity
8
0
100
AcDbLine
10
666.774
20
80.321
30
0
11
666.758
21
80.389
31
0
0
LINE
5
C77
330
C
100
AcDbEntity
8
0
100
AcDbLine
10
666.758
20
80.389
30
0
11
666.739
21
80.456
31
0
0
LINE
5
C78
330
C
100
AcDbEntity
8
0
100
AcDbLine
10
666.739
20
80.456
30
0
11
666.719
21
80.522
31
0
0
LINE
5
C79
330
C
100
AcDbEntity
8
0
100
AcDbLine
10
666.719
20
80.522
30
0
11
666.697
21
80.586
31
0
0
LINE
5
C7A
330
C
100
AcDbEntity
8
0
100
AcDbLine
10
666.697
20
80.586
30
0
11
666.672
21
80.65
31
0
0
LINE
5
C7B
330
C
100
AcDbEntity
8
0
100
AcDbLine
10
666.672
20
80.65
30
0
11
666.646
21
80.712
31
0
0
LINE
5
C7C
330
C
100
AcDbEntity
8
0
100
AcDbLine
10
666.646
20
80.712
30
0
11
666.618
21
80.773
31
0
0
LINE
5
C7D
330
C
100
AcDbEntity
8
0
100
AcDbLine
10
666.618
20
80.773
30
0
11
666.588
21
80.833
31
0
0
LINE
5
C7E
330
C
100
AcDbEntity
8
0
100
AcDbLine
10
666.588
20
80.833
30
0
11
666.555
21
80.891
31
0
0
LINE
5
C7F
330
C
100
AcDbEntity
8
0
100
AcDbLine
10
666.555
20
80.891
30
0
11
666.52
21
80.947
31
0
0
LINE
5
C80
330
C
100
AcDbEntity
8
0
100
AcDbLine
10
666.52
20
80.947
30
0
11
666.483
21
81.001
31
0
0
LINE
5
C81
330
C
100
AcDbEntity
8
0
100
AcDbLine
10
666.483
20
81.001
30
0
11
666.443
21
81.052
31
0
0
LINE
5
C82
330
C
100
AcDbEntity
8
0
100
AcDbLine
10
666.443
20
81.052
30
0
11
666.4
21
81.101
31
0
0
LINE
5
C83
330
C
100
AcDbEntity
8
0
100
AcDbLine
10
666.4
20
81.101
30
0
11
666.355
21
81.147
31
0
0
LINE
5
C84
330
C
100
AcDbEntity
8
0
100
AcDbLine
10
666.355
20
81.147
30
0
11
666.308
21
81.191
31
0
0
LINE
5
C85
330
C
100
AcDbEntity
8
0
100
AcDbLine
10
666.308
20
81.191
30
0
11
666.258
21
81.233
31
0
0
LINE
5
C86
330
C
100
AcDbEntity
8
0
100
AcDbLine
10
666.258
20
81.233
30
0
11
666.205
21
81.273
31
0
0
LINE
5
C87
330
C
100
AcDbEntity
8
0
100
AcDbLine
10
666.205
20
81.273
30
0
11
666.15
21
81.31
31
0
0
LINE
5
C88
330
C
100
AcDbEntity
8
0
100
AcDbLine
10
666.15
20
81.31
30
0
11
666.092
21
81.344
31
0
0
LINE
5
C89
330
C
100
AcDbEntity
8
0
100
AcDbLine
10
666.092
20
81.344
30
0
11
666.031
21
81.375
31
0
0
LINE
5
C8A
330
C
100
AcDbEntity
8
0
100
AcDbLine
10
666.031
20
81.375
30
0
11
665.967
21
81.402
31
0
0
LINE
5
C8B
330
C
100
AcDbEntity
8
0
100
AcDbLine
10
665.967
20
81.402
30
0
11
665.899
21
81.425
31
0
0
LINE
5
C8C
330
C
100
AcDbEntity
8
0
100
AcDbLine
10
665.899
20
81.425
30
0
11
665.829
21
81.445
31
0
0
LINE
5
C8D
330
C
100
AcDbEntity
8
0
100
AcDbLine
10
665.829
20
81.445
30
0
11
665.755
21
81.461
31
0
0
LINE
5
C8E
330
C
100
AcDbEntity
8
0
100
AcDbLine
10
665.755
20
81.461
30
0
11
665.679
21
81.474
31
0
0
LINE
5
C8F
330
C
100
AcDbEntity
8
0
100
AcDbLine
10
665.679
20
81.474
30
0
11
665.599
21
81.483
31
0
0
LINE
5
C90
330
C
100
AcDbEntity
8
0
100
AcDbLine
10
665.599
20
81.483
30
0
11
665.516
21
81.488
31
0
0
LINE
5
C91
330
C
100
AcDbEntity
8
0
100
AcDbLine
10
665.516
20
81.488
30
0
11
665.43
21
81.49
31
0
0
LINE
5
C92
330
C
100
AcDbEntity
8
0
100
AcDbLine
10
665.43
20
81.49
30
0
11
665.43
21
81.49
31
0
0
LINE
5
C93
330
C
100
AcDbEntity
8
0
100
AcDbLine
10
665.43
20
81.49
30
0
11
665.321
21
81.487
31
0
0
LINE
5
C94
330
C
100
AcDbEntity
8
0
100
AcDbLine
10
665.321
20
81.487
30
0
11
665.216
21
81.479
31
0
0
LINE
5
C95
330
C
100
AcDbEntity
8
0
100
AcDbLine
10
665.216
20
81.479
30
0
11
665.115
21
81.465
31
0
0
LINE
5
C96
330
C
100
AcDbEntity
8
0
100
AcDbLine
10
665.115
20
81.465
30
0
11
665.017
21
81.445
31
0
0
LINE
5
C97
330
C
100
AcDbEntity
8
0
100
AcDbLine
10
665.017
20
81.445
30
0
11
664.923
21
81.419
31
0
0
LINE
5
C98
330
C
100
AcDbEntity
8
0
100
AcDbLine
10
664.923
20
81.419
30
0
11
664.832
21
81.388
31
0
0
LINE
5
C99
330
C
100
AcDbEntity
8
0
100
AcDbLine
10
664.832
20
81.388
30
0
11
664.745
21
81.352
31
0
0
LINE
5
C9A
330
C
100
AcDbEntity
8
0
100
AcDbLine
10
664.745
20
81.352
30
0
11
664.662
21
81.31
31
0
0
LINE
5
C9B
330
C
100
AcDbEntity
8
0
100
AcDbLine
10
664.662
20
81.31
30
0
11
664.582
21
81.262
31
0
0
LINE
5
C9C
330
C
100
AcDbEntity
8
0
100
AcDbLine
10
664.582
20
81.262
30
0
11
664.506
21
81.208
31
0
0
LINE
5
C9D
330
C
100
AcDbEntity
8
0
100
AcDbLine
10
664.506
20
81.208
30
0
11
664.433
21
81.15
31
0
0
LINE
5
C9E
330
C
100
AcDbEntity
8
0
100
AcDbLine
10
664.433
20
81.15
30
0
11
664.364
21
81.088
31
0
0
LINE
5
C9F
330
C
100
AcDbEntity
8
0
100
AcDbLine
10
664.364
20
81.088
30
0
11
664.299
21
81.023
31
0
0
LINE
5
CA0
330
C
100
AcDbEntity
8
0
100
AcDbLine
10
664.299
20
81.023
30
0
11
664.238
21
80.954
31
0
0
LINE
5
CA1
330
C
100
AcDbEntity
8
0
100
AcDbLine
10
664.238
20
80.954
30
0
11
664.18
21
80.882
31
0
0
LINE
5
CA2
330
C
100
AcDbEntity
8
0
100
AcDbLine
10
664.18
20
80.882
30
0
11
664.126
21
80.806
31
0
0
LINE
5
CA3
330
C
100
AcDbEntity
8
0
100
AcDbLine
10
664.126
20
80.806
30
0
11
664.076
21
80.726
31
0
0
LINE
5
CA4
330
C
100
AcDbEntity
8
0
100
AcDbLine
10
664.076
20
80.726
30
0
11
664.03
21
80.644
31
0
0
LINE
5
CA5
330
C
100
AcDbEntity
8
0
100
AcDbLine
10
664.03
20
80.644
30
0
11
663.987
21
80.557
31
0
0
LINE
5
CA6
330
C
100
AcDbEntity
8
0
100
AcDbLine
10
663.987
20
80.557
30
0
11
663.948
21
80.467
31
0
0
LINE
5
CA7
330
C
100
AcDbEntity
8
0
100
AcDbLine
10
663.948
20
80.467
30
0
11
663.912
21
80.374
31
0
0
LINE
5
CA8
330
C
100
AcDbEntity
8
0
100
AcDbLine
10
663.912
20
80.374
30
0
11
663.881
21
80.28
31
0
0
LINE
5
CA9
330
C
100
AcDbEntity
8
0
100
AcDbLine
10
663.881
20
80.28
30
0
11
663.853
21
80.185
31
0
0
LINE
5
CAA
330
C
100
AcDbEntity
8
0
100
AcDbLine
10
663.853
20
80.185
30
0
11
663.829
21
80.088
31
0
0
LINE
5
CAB
330
C
100
AcDbEntity
8
0
100
AcDbLine
10
663.829
20
80.088
30
0
11
663.808
21
79.989
31
0
0
LINE
5
CAC
330
C
100
AcDbEntity
8
0
100
AcDbLine
10
663.808
20
79.989
30
0
11
663.792
21
79.889
31
0
0
LINE
5
CAD
330
C
100
AcDbEntity
8
0
100
AcDbLine
10
663.792
20
79.889
30
0
11
663.778
21
79.788
31
0
0
LINE
5
CAE
330
C
100
AcDbEntity
8
0
100
AcDbLine
10
663.778
20
79.788
30
0
11
663.769
21
79.685
31
0
0
LINE
5
CAF
330
C
100
AcDbEntity
8
0
100
AcDbLine
10
663.769
20
79.685
30
0
11
663.764
21
79.58
31
0
0
LINE
5
CB0
330
C
100
AcDbEntity
8
0
100
AcDbLine
10
663.764
20
79.58
30
0
11
663.762
21
79.474
31
0
0
LINE
5
CB1
330
C
100
AcDbEntity
8
0
100
AcDbLine
10
663.762
20
79.474
30
0
11
663.762
21
79.474
31
0
0
LINE
5
CB2
330
C
100
AcDbEntity
8
0
100
AcDbLine
10
663.762
20
79.474
30
0
11
663.762
21
79.09
31
0
0
LINE
5
CB3
330
C
100
AcDbEntity
8
0
100
AcDbLine
10
663.762
20
79.09
30
0
11
663.764
21
78.971
31
0
0
LINE
5
CB4
330
C
100
AcDbEntity
8
0
100
AcDbLine
10
663.764
20
78.971
30
0
11
663.769
21
78.855
31
0
0
LINE
5
CB5
330
C
100
AcDbEntity
8
0
100
AcDbLine
10
663.769
20
78.855
30
0
11
663.778
21
78.741
31
0
0
LINE
5
CB6
330
C
100
AcDbEntity
8
0
100
AcDbLine
10
663.778
20
78.741
30
0
11
663.791
21
78.63
31
0
0
LINE
5
CB7
330
C
100
AcDbEntity
8
0
100
AcDbLine
10
663.791
20
78.63
30
0
11
663.808
21
78.522
31
0
0
LINE
5
CB8
330
C
100
AcDbEntity
8
0
100
AcDbLine
10
663.808
20
78.522
30
0
11
663.828
21
78.415
31
0
0
LINE
5
CB9
330
C
100
AcDbEntity
8
0
100
AcDbLine
10
663.828
20
78.415
30
0
11
663.851
21
78.312
31
0
0
LINE
5
CBA
330
C
100
AcDbEntity
8
0
100
AcDbLine
10
663.851
20
78.312
30
0
11
663.879
21
78.211
31
0
0
LINE
5
CBB
330
C
100
AcDbEntity
8
0
100
AcDbLine
10
663.879
20
78.211
30
0
11
663.91
21
78.112
31
0
0
LINE
5
CBC
330
C
100
AcDbEntity
8
0
100
AcDbLine
10
663.91
20
78.112
30
0
11
663.945
21
78.016
31
0
0
LINE
5
CBD
330
C
100
AcDbEntity
8
0
100
AcDbLine
10
663.945
20
78.016
30
0
11
663.983
21
77.923
31
0
0
LINE
5
CBE
330
C
100
AcDbEntity
8
0
100
AcDbLine
10
663.983
20
77.923
30
0
11
664.025
21
77.834
31
0
0
LINE
5
CBF
330
C
100
AcDbEntity
8
0
100
AcDbLine
10
664.025
20
77.834
30
0
11
664.071
21
77.749
31
0
0
LINE
5
CC0
330
C
100
AcDbEntity
8
0
100
AcDbLine
10
664.071
20
77.749
30
0
11
664.12
21
77.668
31
0
0
LINE
5
CC1
330
C
100
AcDbEntity
8
0
100
AcDbLine
10
664.12
20
77.668
30
0
11
664.174
21
77.591
31
0
0
LINE
5
CC2
330
C
100
AcDbEntity
8
0
100
AcDbLine
10
664.174
20
77.591
30
0
11
664.23
21
77.518
31
0
0
LINE
5
CC3
330
C
100
AcDbEntity
8
0
100
AcDbLine
10
664.23
20
77.518
30
0
11
664.291
21
77.449
31
0
0
LINE
5
CC4
330
C
100
AcDbEntity
8
0
100
AcDbLine
10
664.291
20
77.449
30
0
11
664.355
21
77.384
31
0
0
LINE
5
CC5
330
C
100
AcDbEntity
8
0
100
AcDbLine
10
664.355
20
77.384
30
0
11
664.422
21
77.323
31
0
0
LINE
5
CC6
330
C
100
AcDbEntity
8
0
100
AcDbLine
10
664.422
20
77.323
30
0
11
664.494
21
77.266
31
0
0
LINE
5
CC7
330
C
100
AcDbEntity
8
0
100
AcDbLine
10
664.494
20
77.266
30
0
11
664.569
21
77.214
31
0
0
LINE
5
CC8
330
C
100
AcDbEntity
8
0
100
AcDbLine
10
664.569
20
77.214
30
0
11
664.648
21
77.167
31
0
0
LINE
5
CC9
330
C
100
AcDbEntity
8
0
100
AcDbLine
10
664.648
20
77.167
30
0
11
664.731
21
77.125
31
0
0
LINE
5
CCA
330
C
100
AcDbEntity
8
0
100
AcDbLine
10
664.731
20
77.125
30
0
11
664.817
21
77.089
31
0
0
LINE
5
CCB
330
C
100
AcDbEntity
8
0
100
AcDbLine
10
664.817
20
77.089
30
0
11
664.908
21
77.059
31
0
0
LINE
5
CCC
330
C
100
AcDbEntity
8
0
100
AcDbLine
10
664.908
20
77.059
30
0
11
665.002
21
77.034
31
0
0
LINE
5
CCD
330
C
100
AcDbEntity
8
0
100
AcDbLine
10
665.002
20
77.034
30
0
11
665.1
21
77.015
31
0
0
LINE
5
CCE
330
C
100
AcDbEntity
8
0
100
AcDbLine
10
665.1
20
77.015
30
0
11
665.202
21
77.001
31
0
0
LINE
5
CCF
330
C
100
AcDbEntity
8
0
100
AcDbLine
10
665.202
20
77.001
30
0
11
665.308
21
76.993
31
0
0
LINE
5
CD0
330
C
100
AcDbEntity
8
0
100
AcDbLine
10
665.308
20
76.993
30
0
11
665.418
21
76.99
31
0
0
LINE
5
CD1
330
C
100
AcDbEntity
8
0
100
AcDbLine
10
665.418
20
76.99
30
0
11
665.418
21
76.99
31
0
0
LINE
5
CD2
330
C
100
AcDbEntity
8
0
100
AcDbLine
10
665.418
20
76.99
30
0
11
665.527
21
76.993
31
0
0
LINE
5
CD3
330
C
100
AcDbEntity
8
0
100
AcDbLine
10
665.527
20
76.993
30
0
11
665.633
21
77.001
31
0
0
LINE
5
CD4
330
C
100
AcDbEntity
8
0
100
AcDbLine
10
665.633
20
77.001
30
0
11
665.735
21
77.014
31
0
0
LINE
5
CD5
330
C
100
AcDbEntity
8
0
100
AcDbLine
10
665.735
20
77.014
30
0
11
665.832
21
77.033
31
0
0
LINE
5
CD6
330
C
100
AcDbEntity
8
0
100
AcDbLine
10
665.832
20
77.033
30
0
11
665.926
21
77.058
31
0
0
LINE
5
CD7
330
C
100
AcDbEntity
8
0
100
AcDbLine
10
665.926
20
77.058
30
0
11
666.016
21
77.087
31
0
0
LINE
5
CD8
330
C
100
AcDbEntity
8
0
100
AcDbLine
10
666.016
20
77.087
30
0
11
666.102
21
77.122
31
0
0
LINE
5
CD9
330
C
100
AcDbEntity
8
0
100
AcDbLine
10
666.102
20
77.122
30
0
11
666.184
21
77.163
31
0
0
LINE
5
CDA
330
C
100
AcDbEntity
8
0
100
AcDbLine
10
666.184
20
77.163
30
0
11
666.262
21
77.209
31
0
0
LINE
5
CDB
330
C
100
AcDbEntity
8
0
100
AcDbLine
10
666.262
20
77.209
30
0
11
666.336
21
77.26
31
0
0
LINE
5
CDC
330
C
100
AcDbEntity
8
0
100
AcDbLine
10
666.336
20
77.26
30
0
11
666.405
21
77.317
31
0
0
LINE
5
CDD
330
C
100
AcDbEntity
8
0
100
AcDbLine
10
666.405
20
77.317
30
0
11
666.468
21
77.378
31
0
0
LINE
5
CDE
330
C
100
AcDbEntity
8
0
100
AcDbLine
10
666.468
20
77.378
30
0
11
666.526
21
77.445
31
0
0
LINE
5
CDF
330
C
100
AcDbEntity
8
0
100
AcDbLine
10
666.526
20
77.445
30
0
11
666.579
21
77.517
31
0
0
LINE
5
CE0
330
C
100
AcDbEntity
8
0
100
AcDbLine
10
666.579
20
77.517
30
0
11
666.625
21
77.594
31
0
0
LINE
5
CE1
330
C
100
AcDbEntity
8
0
100
AcDbLine
10
666.625
20
77.594
30
0
11
666.666
21
77.677
31
0
0
LINE
5
CE2
330
C
100
AcDbEntity
8
0
100
AcDbLine
10
666.666
20
77.677
30
0
11
666.702
21
77.764
31
0
0
LINE
5
CE3
330
C
100
AcDbEntity
8
0
100
AcDbLine
10
666.702
20
77.764
30
0
11
666.731
21
77.857
31
0
0
LINE
5
CE4
330
C
100
AcDbEntity
8
0
100
AcDbLine
10
666.731
20
77.857
30
0
11
666.755
21
77.955
31
0
0
LINE
5
CE5
330
C
100
AcDbEntity
8
0
100
AcDbLine
10
666.755
20
77.955
30
0
11
666.774
21
78.058
31
0
0
LINE
5
CE6
330
C
100
AcDbEntity
8
0
100
AcDbLine
10
666.774
20
78.058
30
0
11
666.774
21
78.058
31
0
0
LINE
5
CE7
330
C
100
AcDbEntity
8
0
100
AcDbLine
10
666.774
20
78.058
30
0
11
667.746
21
78.058
31
0
0
LINE
5
CE8
330
C
100
AcDbEntity
8
0
100
AcDbLine
10
667.746
20
78.058
30
0
11
667.725
21
77.946
31
0
0
LINE
5
CE9
330
C
100
AcDbEntity
8
0
100
AcDbLine
10
667.725
20
77.946
30
0
11
667.701
21
77.836
31
0
0
LINE
5
CEA
330
C
100
AcDbEntity
8
0
100
AcDbLine
10
667.701
20
77.836
30
0
11
667.671
21
77.73
31
0
0
LINE
5
CEB
330
C
100
AcDbEntity
8
0
100
AcDbLine
10
667.671
20
77.73
30
0
11
667.637
21
77.627
31
0
0
LINE
5
CEC
330
C
100
AcDbEntity
8
0
100
AcDbLine
10
667.637
20
77.627
30
0
11
667.599
21
77.528
31
0
0
LINE
5
CED
330
C
100
AcDbEntity
8
0
100
AcDbLine
10
667.599
20
77.528
30
0
11
667.556
21
77.431
31
0
0
LINE
5
CEE
330
C
100
AcDbEntity
8
0
100
AcDbLine
10
667.556
20
77.431
30
0
11
667.508
21
77.338
31
0
0
LINE
5
CEF
330
C
100
AcDbEntity
8
0
100
AcDbLine
10
667.508
20
77.338
30
0
11
667.456
21
77.248
31
0
0
LINE
5
CF0
330
C
100
AcDbEntity
8
0
100
AcDbLine
10
667.456
20
77.248
30
0
11
667.399
21
77.161
31
0
0
LINE
5
CF1
330
C
100
AcDbEntity
8
0
100
AcDbLine
10
667.399
20
77.161
30
0
11
667.338
21
77.077
31
0
0
LINE
5
CF2
330
C
100
AcDbEntity
8
0
100
AcDbLine
10
667.338
20
77.077
30
0
11
667.272
21
76.997
31
0
0
LINE
5
CF3
330
C
100
AcDbEntity
8
0
100
AcDbLine
10
667.272
20
76.997
30
0
11
667.204
21
76.92
31
0
0
LINE
5
CF4
330
C
100
AcDbEntity
8
0
100
AcDbLine
10
667.204
20
76.92
30
0
11
667.131
21
76.847
31
0
0
LINE
5
CF5
330
C
100
AcDbEntity
8
0
100
AcDbLine
10
667.131
20
76.847
30
0
11
667.056
21
76.778
31
0
0
LINE
5
CF6
330
C
100
AcDbEntity
8
0
100
AcDbLine
10
667.056
20
76.778
30
0
11
666.976
21
76.713
31
0
0
LINE
5
CF7
330
C
100
AcDbEntity
8
0
100
AcDbLine
10
666.976
20
76.713
30
0
11
666.894
21
76.652
31
0
0
LINE
5
CF8
330
C
100
AcDbEntity
8
0
100
AcDbLine
10
666.894
20
76.652
30
0
11
666.807
21
76.594
31
0
0
LINE
5
CF9
330
C
100
AcDbEntity
8
0
100
AcDbLine
10
666.807
20
76.594
30
0
11
666.718
21
76.54
31
0
0
LINE
5
CFA
330
C
100
AcDbEntity
8
0
100
AcDbLine
10
666.718
20
76.54
30
0
11
666.624
21
76.49
31
0
0
LINE
5
CFB
330
C
100
AcDbEntity
8
0
100
AcDbLine
10
666.624
20
76.49
30
0
11
666.528
21
76.444
31
0
0
LINE
5
CFC
330
C
100
AcDbEntity
8
0
100
AcDbLine
10
666.528
20
76.444
30
0
11
666.428
21
76.402
31
0
0
LINE
5
CFD
330
C
100
AcDbEntity
8
0
100
AcDbLine
10
666.428
20
76.402
30
0
11
666.326
21
76.364
31
0
0
LINE
5
CFE
330
C
100
AcDbEntity
8
0
100
AcDbLine
10
666.326
20
76.364
30
0
11
666.221
21
76.331
31
0
0
LINE
5
CFF
330
C
100
AcDbEntity
8
0
100
AcDbLine
10
666.221
20
76.331
30
0
11
666.114
21
76.302
31
0
0
LINE
5
D00
330
C
100
AcDbEntity
8
0
100
AcDbLine
10
666.114
20
76.302
30
0
11
666.004
21
76.278
31
0
0
LINE
5
D01
330
C
100
AcDbEntity
8
0
100
AcDbLine
10
666.004
20
76.278
30
0
11
665.892
21
76.258
31
0
0
LINE
5
D02
330
C
100
AcDbEntity
8
0
100
AcDbLine
10
665.892
20
76.258
30
0
11
665.777
21
76.242
31
0
0
LINE
5
D03
330
C
100
AcDbEntity
8
0
100
AcDbLine
10
665.777
20
76.242
30
0
11
665.66
21
76.231
31
0
0
LINE
5
D04
330
C
100
AcDbEntity
8
0
100
AcDbLine
10
665.66
20
76.231
30
0
11
665.54
21
76.224
31
0
0
LINE
5
D05
330
C
100
AcDbEntity
8
0
100
AcDbLine
10
665.54
20
76.224
30
0
11
665.418
21
76.222
31
0
0
LINE
5
D06
330
C
100
AcDbEntity
8
0
100
AcDbLine
10
665.418
20
76.222
30
0
11
665.418
21
76.222
31
0
0
LINE
5
D07
330
C
100
AcDbEntity
8
0
100
AcDbLine
10
674.46
20
76.366
30
0
11
669.144
21
76.366
31
0
0
LINE
5
D08
330
C
100
AcDbEntity
8
0
100
AcDbLine
10
669.144
20
76.366
30
0
11
669.144
21
77.482
31
0
0
LINE
5
D09
330
C
100
AcDbEntity
8
0
100
AcDbLine
10
669.144
20
77.482
30
0
11
669.146
21
77.611
31
0
0
LINE
5
D0A
330
C
100
AcDbEntity
8
0
100
AcDbLine
10
669.146
20
77.611
30
0
11
669.152
21
77.735
31
0
0
LINE
5
D0B
330
C
100
AcDbEntity
8
0
100
AcDbLine
10
669.152
20
77.735
30
0
11
669.163
21
77.855
31
0
0
LINE
5
D0C
330
C
100
AcDbEntity
8
0
100
AcDbLine
10
669.163
20
77.855
30
0
11
669.178
21
77.971
31
0
0
LINE
5
D0D
330
C
100
AcDbEntity
8
0
100
AcDbLine
10
669.178
20
77.971
30
0
11
669.197
21
78.082
31
0
0
LINE
5
D0E
330
C
100
AcDbEntity
8
0
100
AcDbLine
10
669.197
20
78.082
30
0
11
669.22
21
78.189
31
0
0
LINE
5
D0F
330
C
100
AcDbEntity
8
0
100
AcDbLine
10
669.22
20
78.189
30
0
11
669.248
21
78.292
31
0
0
LINE
5
D10
330
C
100
AcDbEntity
8
0
100
AcDbLine
10
669.248
20
78.292
30
0
11
669.28
21
78.39
31
0
0
LINE
5
D11
330
C
100
AcDbEntity
8
0
100
AcDbLine
10
669.28
20
78.39
30
0
11
669.316
21
78.484
31
0
0
LINE
5
D12
330
C
100
AcDbEntity
8
0
100
AcDbLine
10
669.316
20
78.484
30
0
11
669.357
21
78.574
31
0
0
LINE
5
D13
330
C
100
AcDbEntity
8
0
100
AcDbLine
10
669.357
20
78.574
30
0
11
669.401
21
78.66
31
0
0
LINE
5
D14
330
C
100
AcDbEntity
8
0
100
AcDbLine
10
669.401
20
78.66
30
0
11
669.449
21
78.743
31
0
0
LINE
5
D15
330
C
100
AcDbEntity
8
0
100
AcDbLine
10
669.449
20
78.743
30
0
11
669.5
21
78.823
31
0
0
LINE
5
D16
330
C
100
AcDbEntity
8
0
100
AcDbLine
10
669.5
20
78.823
30
0
11
669.555
21
78.9
31
0
0
LINE
5
D17
330
C
100
AcDbEntity
8
0
100
AcDbLine
10
669.555
20
78.9
30
0
11
669.613
21
78.975
31
0
0
LINE
5
D18
330
C
100
AcDbEntity
8
0
100
AcDbLine
10
669.613
20
78.975
30
0
11
669.675
21
79.046
31
0
0
LINE
5
D19
330
C
100
AcDbEntity
8
0
100
AcDbLine
10
669.675
20
79.046
30
0
11
669.74
21
79.114
31
0
0
LINE
5
D1A
330
C
100
AcDbEntity
8
0
100
AcDbLine
10
669.74
20
79.114
30
0
11
669.809
21
79.179
31
0
0
LINE
5
D1B
330
C
100
AcDbEntity
8
0
100
AcDbLine
10
669.809
20
79.179
30
0
11
669.881
21
79.241
31
0
0
LINE
5
D1C
330
C
100
AcDbEntity
8
0
100
AcDbLine
10
669.881
20
79.241
30
0
11
669.957
21
79.3
31
0
0
LINE
5
D1D
330
C
100
AcDbEntity
8
0
100
AcDbLine
10
669.957
20
79.3
30
0
11
670.036
21
79.357
31
0
0
LINE
5
D1E
330
C
100
AcDbEntity
8
0
100
AcDbLine
10
670.036
20
79.357
30
0
11
670.117
21
79.412
31
0
0
LINE
5
D1F
330
C
100
AcDbEntity
8
0
100
AcDbLine
10
670.117
20
79.412
30
0
11
670.202
21
79.466
31
0
0
LINE
5
D20
330
C
100
AcDbEntity
8
0
100
AcDbLine
10
670.202
20
79.466
30
0
11
670.289
21
79.518
31
0
0
LINE
5
D21
330
C
100
AcDbEntity
8
0
100
AcDbLine
10
670.289
20
79.518
30
0
11
670.379
21
79.569
31
0
0
LINE
5
D22
330
C
100
AcDbEntity
8
0
100
AcDbLine
10
670.379
20
79.569
30
0
11
670.472
21
79.618
31
0
0
LINE
5
D23
330
C
100
AcDbEntity
8
0
100
AcDbLine
10
670.472
20
79.618
30
0
11
670.568
21
79.665
31
0
0
LINE
5
D24
330
C
100
AcDbEntity
8
0
100
AcDbLine
10
670.568
20
79.665
30
0
11
670.666
21
79.711
31
0
0
LINE
5
D25
330
C
100
AcDbEntity
8
0
100
AcDbLine
10
670.666
20
79.711
30
0
11
670.768
21
79.755
31
0
0
LINE
5
D26
330
C
100
AcDbEntity
8
0
100
AcDbLine
10
670.768
20
79.755
30
0
11
670.872
21
79.798
31
0
0
LINE
5
D27
330
C
100
AcDbEntity
8
0
100
AcDbLine
10
670.872
20
79.798
30
0
11
670.872
21
79.798
31
0
0
LINE
5
D28
330
C
100
AcDbEntity
8
0
100
AcDbLine
10
670.872
20
79.798
30
0
11
672.36
21
80.386
31
0
0
LINE
5
D29
330
C
100
AcDbEntity
8
0
100
AcDbLine
10
672.36
20
80.386
30
0
11
672.472
21
80.434
31
0
0
LINE
5
D2A
330
C
100
AcDbEntity
8
0
100
AcDbLine
10
672.472
20
80.434
30
0
11
672.579
21
80.485
31
0
0
LINE
5
D2B
330
C
100
AcDbEntity
8
0
100
AcDbLine
10
672.579
20
80.485
30
0
11
672.679
21
80.538
31
0
0
LINE
5
D2C
330
C
100
AcDbEntity
8
0
100
AcDbLine
10
672.679
20
80.538
30
0
11
672.774
21
80.594
31
0
0
LINE
5
D2D
330
C
100
AcDbEntity
8
0
100
AcDbLine
10
672.774
20
80.594
30
0
11
672.864
21
80.653
31
0
0
LINE
5
D2E
330
C
100
AcDbEntity
8
0
100
AcDbLine
10
672.864
20
80.653
30
0
11
672.947
21
80.714
31
0
0
LINE
5
D2F
330
C
100
AcDbEntity
8
0
100
AcDbLine
10
672.947
20
80.714
30
0
11
673.025
21
80.778
31
0
0
LINE
5
D30
330
C
100
AcDbEntity
8
0
100
AcDbLine
10
673.025
20
80.778
30
0
11
673.097
21
80.845
31
0
0
LINE
5
D31
330
C
100
AcDbEntity
8
0
100
AcDbLine
10
673.097
20
80.845
30
0
11
673.163
21
80.914
31
0
0
LINE
5
D32
330
C
100
AcDbEntity
8
0
100
AcDbLine
10
673.163
20
80.914
30
0
11
673.224
21
80.986
31
0
0
LINE
5
D33
330
C
100
AcDbEntity
8
0
100
AcDbLine
10
673.224
20
80.986
30
0
11
673.278
21
81.061
31
0
0
LINE
5
D34
330
C
100
AcDbEntity
8
0
100
AcDbLine
10
673.278
20
81.061
30
0
11
673.327
21
81.14
31
0
0
LINE
5
D35
330
C
100
AcDbEntity
8
0
100
AcDbLine
10
673.327
20
81.14
30
0
11
673.371
21
81.222
31
0
0
LINE
5
D36
330
C
100
AcDbEntity
8
0
100
AcDbLine
10
673.371
20
81.222
30
0
11
673.408
21
81.308
31
0
0
LINE
5
D37
330
C
100
AcDbEntity
8
0
100
AcDbLine
10
673.408
20
81.308
30
0
11
673.44
21
81.397
31
0
0
LINE
5
D38
330
C
100
AcDbEntity
8
0
100
AcDbLine
10
673.44
20
81.397
30
0
11
673.466
21
81.49
31
0
0
LINE
5
D39
330
C
100
AcDbEntity
8
0
100
AcDbLine
10
673.466
20
81.49
30
0
11
673.486
21
81.587
31
0
0
LINE
5
D3A
330
C
100
AcDbEntity
8
0
100
AcDbLine
10
673.486
20
81.587
30
0
11
673.5
21
81.687
31
0
0
LINE
5
D3B
330
C
100
AcDbEntity
8
0
100
AcDbLine
10
673.5
20
81.687
30
0
11
673.509
21
81.791
31
0
0
LINE
5
D3C
330
C
100
AcDbEntity
8
0
100
AcDbLine
10
673.509
20
81.791
30
0
11
673.512
21
81.898
31
0
0
LINE
5
D3D
330
C
100
AcDbEntity
8
0
100
AcDbLine
10
673.512
20
81.898
30
0
11
673.512
21
81.898
31
0
0
LINE
5
D3E
330
C
100
AcDbEntity
8
0
100
AcDbLine
10
673.512
20
81.898
30
0
11
673.508
21
82.011
31
0
0
LINE
5
D3F
330
C
100
AcDbEntity
8
0
100
AcDbLine
10
673.508
20
82.011
30
0
11
673.496
21
82.12
31
0
0
LINE
5
D40
330
C
100
AcDbEntity
8
0
100
AcDbLine
10
673.496
20
82.12
30
0
11
673.476
21
82.225
31
0
0
LINE
5
D41
330
C
100
AcDbEntity
8
0
100
AcDbLine
10
673.476
20
82.225
30
0
11
673.448
21
82.325
31
0
0
LINE
5
D42
330
C
100
AcDbEntity
8
0
100
AcDbLine
10
673.448
20
82.325
30
0
11
673.412
21
82.421
31
0
0
LINE
5
D43
330
C
100
AcDbEntity
8
0
100
AcDbLine
10
673.412
20
82.421
30
0
11
673.368
21
82.514
31
0
0
LINE
5
D44
330
C
100
AcDbEntity
8
0
100
AcDbLine
10
673.368
20
82.514
30
0
11
673.316
21
82.602
31
0
0
LINE
5
D45
330
C
100
AcDbEntity
8
0
100
AcDbLine
10
673.316
20
82.602
30
0
11
673.256
21
82.685
31
0
0
LINE
5
D46
330
C
100
AcDbEntity
8
0
100
AcDbLine
10
673.256
20
82.685
30
0
11
673.189
21
82.765
31
0
0
LINE
5
D47
330
C
100
AcDbEntity
8
0
100
AcDbLine
10
673.189
20
82.765
30
0
11
673.113
21
82.84
31
0
0
LINE
5
D48
330
C
100
AcDbEntity
8
0
100
AcDbLine
10
673.113
20
82.84
30
0
11
673.03
21
82.91
31
0
0
LINE
5
D49
330
C
100
AcDbEntity
8
0
100
AcDbLine
10
673.03
20
82.91
30
0
11
672.941
21
82.972
31
0
0
LINE
5
D4A
330
C
100
AcDbEntity
8
0
100
AcDbLine
10
672.941
20
82.972
30
0
11
672.845
21
83.027
31
0
0
LINE
5
D4B
330
C
100
AcDbEntity
8
0
100
AcDbLine
10
672.845
20
83.027
30
0
11
672.743
21
83.074
31
0
0
LINE
5
D4C
330
C
100
AcDbEntity
8
0
100
AcDbLine
10
672.743
20
83.074
30
0
11
672.635
21
83.114
31
0
0
LINE
5
D4D
330
C
100
AcDbEntity
8
0
100
AcDbLine
10
672.635
20
83.114
30
0
11
672.521
21
83.147
31
0
0
LINE
5
D4E
330
C
100
AcDbEntity
8
0
100
AcDbLine
10
672.521
20
83.147
30
0
11
672.4
21
83.173
31
0
0
LINE
5
D4F
330
C
100
AcDbEntity
8
0
100
AcDbLine
10
672.4
20
83.173
30
0
11
672.273
21
83.191
31
0
0
LINE
5
D50
330
C
100
AcDbEntity
8
0
100
AcDbLine
10
672.273
20
83.191
30
0
11
672.139
21
83.202
31
0
0
LINE
5
D51
330
C
100
AcDbEntity
8
0
100
AcDbLine
10
672.139
20
83.202
30
0
11
672
21
83.206
31
0
0
LINE
5
D52
330
C
100
AcDbEntity
8
0
100
AcDbLine
10
672
20
83.206
30
0
11
672
21
83.206
31
0
0
LINE
5
D53
330
C
100
AcDbEntity
8
0
100
AcDbLine
10
672
20
83.206
30
0
11
671.861
21
83.203
31
0
0
LINE
5
D54
330
C
100
AcDbEntity
8
0
100
AcDbLine
10
671.861
20
83.203
30
0
11
671.727
21
83.194
31
0
0
LINE
5
D55
330
C
100
AcDbEntity
8
0
100
AcDbLine
10
671.727
20
83.194
30
0
11
671.598
21
83.179
31
0
0
LINE
5
D56
330
C
100
AcDbEntity
8
0
100
AcDbLine
10
671.598
20
83.179
30
0
11
671.474
21
83.158
31
0
0
LINE
5
D57
330
C
100
AcDbEntity
8
0
100
AcDbLine
10
671.474
20
83.158
30
0
11
671.356
21
83.13
31
0
0
LINE
5
D58
330
C
100
AcDbEntity
8
0
100
AcDbLine
10
671.356
20
83.13
30
0
11
671.242
21
83.097
31
0
0
LINE
5
D59
330
C
100
AcDbEntity
8
0
100
AcDbLine
10
671.242
20
83.097
30
0
11
671.134
21
83.058
31
0
0
LINE
5
D5A
330
C
100
AcDbEntity
8
0
100
AcDbLine
10
671.134
20
83.058
30
0
11
671.03
21
83.012
31
0
0
LINE
5
D5B
330
C
100
AcDbEntity
8
0
100
AcDbLine
10
671.03
20
83.012
30
0
11
670.932
21
82.961
31
0
0
LINE
5
D5C
330
C
100
AcDbEntity
8
0
100
AcDbLine
10
670.932
20
82.961
30
0
11
670.839
21
82.903
31
0
0
LINE
5
D5D
330
C
100
AcDbEntity
8
0
100
AcDbLine
10
670.839
20
82.903
30
0
11
670.752
21
82.839
31
0
0
LINE
5
D5E
330
C
100
AcDbEntity
8
0
100
AcDbLine
10
670.752
20
82.839
30
0
11
670.673
21
82.77
31
0
0
LINE
5
D5F
330
C
100
AcDbEntity
8
0
100
AcDbLine
10
670.673
20
82.77
30
0
11
670.602
21
82.694
31
0
0
LINE
5
D60
330
C
100
AcDbEntity
8
0
100
AcDbLine
10
670.602
20
82.694
30
0
11
670.538
21
82.612
31
0
0
LINE
5
D61
330
C
100
AcDbEntity
8
0
100
AcDbLine
10
670.538
20
82.612
30
0
11
670.483
21
82.524
31
0
0
LINE
5
D62
330
C
100
AcDbEntity
8
0
100
AcDbLine
10
670.483
20
82.524
30
0
11
670.434
21
82.43
31
0
0
LINE
5
D63
330
C
100
AcDbEntity
8
0
100
AcDbLine
10
670.434
20
82.43
30
0
11
670.394
21
82.33
31
0
0
LINE
5
D64
330
C
100
AcDbEntity
8
0
100
AcDbLine
10
670.394
20
82.33
30
0
11
670.362
21
82.224
31
0
0
LINE
5
D65
330
C
100
AcDbEntity
8
0
100
AcDbLine
10
670.362
20
82.224
30
0
11
670.337
21
82.112
31
0
0
LINE
5
D66
330
C
100
AcDbEntity
8
0
100
AcDbLine
10
670.337
20
82.112
30
0
11
670.32
21
81.994
31
0
0
LINE
5
D67
330
C
100
AcDbEntity
8
0
100
AcDbLine
10
670.32
20
81.994
30
0
11
670.32
21
81.994
31
0
0
LINE
5
D68
330
C
100
AcDbEntity
8
0
100
AcDbLine
10
670.32
20
81.994
30
0
11
669.276
21
81.994
31
0
0
LINE
5
D69
330
C
100
AcDbEntity
8
0
100
AcDbLine
10
669.276
20
81.994
30
0
11
669.287
21
82.123
31
0
0
LINE
5
D6A
330
C
100
AcDbEntity
8
0
100
AcDbLine
10
669.287
20
82.123
30
0
11
669.305
21
82.248
31
0
0
LINE
5
D6B
330
C
100
AcDbEntity
8
0
100
AcDbLine
10
669.305
20
82.248
30
0
11
669.328
21
82.369
31
0
0
LINE
5
D6C
330
C
100
AcDbEntity
8
0
100
AcDbLine
10
669.328
20
82.369
30
0
11
669.358
21
82.486
31
0
0
LINE
5
D6D
330
C
100
AcDbEntity
8
0
100
AcDbLine
10
669.358
20
82.486
30
0
11
669.394
21
82.599
31
0
0
LINE
5
D6E
330
C
100
AcDbEntity
8
0
100
AcDbLine
10
669.394
20
82.599
30
0
11
669.435
21
82.708
31
0
0
LINE
5
D6F
330
C
100
AcDbEntity
8
0
100
AcDbLine
10
669.435
20
82.708
30
0
11
669.483
21
82.813
31
0
0
LINE
5
D70
330
C
100
AcDbEntity
8
0
100
AcDbLine
10
669.483
20
82.813
30
0
11
669.537
21
82.914
31
0
0
LINE
5
D71
330
C
100
AcDbEntity
8
0
100
AcDbLine
10
669.537
20
82.914
30
0
11
669.597
21
83.011
31
0
0
LINE
5
D72
330
C
100
AcDbEntity
8
0
100
AcDbLine
10
669.597
20
83.011
30
0
11
669.663
21
83.104
31
0
0
LINE
5
D73
330
C
100
AcDbEntity
8
0
100
AcDbLine
10
669.663
20
83.104
30
0
11
669.734
21
83.193
31
0
0
LINE
5
D74
330
C
100
AcDbEntity
8
0
100
AcDbLine
10
669.734
20
83.193
30
0
11
669.811
21
83.278
31
0
0
LINE
5
D75
330
C
100
AcDbEntity
8
0
100
AcDbLine
10
669.811
20
83.278
30
0
11
669.892
21
83.358
31
0
0
LINE
5
D76
330
C
100
AcDbEntity
8
0
100
AcDbLine
10
669.892
20
83.358
30
0
11
669.979
21
83.434
31
0
0
LINE
5
D77
330
C
100
AcDbEntity
8
0
100
AcDbLine
10
669.979
20
83.434
30
0
11
670.07
21
83.505
31
0
0
LINE
5
D78
330
C
100
AcDbEntity
8
0
100
AcDbLine
10
670.07
20
83.505
30
0
11
670.166
21
83.572
31
0
0
LINE
5
D79
330
C
100
AcDbEntity
8
0
100
AcDbLine
10
670.166
20
83.572
30
0
11
670.268
21
83.635
31
0
0
LINE
5
D7A
330
C
100
AcDbEntity
8
0
100
AcDbLine
10
670.268
20
83.635
30
0
11
670.374
21
83.693
31
0
0
LINE
5
D7B
330
C
100
AcDbEntity
8
0
100
AcDbLine
10
670.374
20
83.693
30
0
11
670.485
21
83.747
31
0
0
LINE
5
D7C
330
C
100
AcDbEntity
8
0
100
AcDbLine
10
670.485
20
83.747
30
0
11
670.602
21
83.797
31
0
0
LINE
5
D7D
330
C
100
AcDbEntity
8
0
100
AcDbLine
10
670.602
20
83.797
30
0
11
670.723
21
83.842
31
0
0
LINE
5
D7E
330
C
100
AcDbEntity
8
0
100
AcDbLine
10
670.723
20
83.842
30
0
11
670.847
21
83.882
31
0
0
LINE
5
D7F
330
C
100
AcDbEntity
8
0
100
AcDbLine
10
670.847
20
83.882
30
0
11
670.976
21
83.918
31
0
0
LINE
5
D80
330
C
100
AcDbEntity
8
0
100
AcDbLine
10
670.976
20
83.918
30
0
11
671.109
21
83.949
31
0
0
LINE
5
D81
330
C
100
AcDbEntity
8
0
100
AcDbLine
10
671.109
20
83.949
30
0
11
671.245
21
83.975
31
0
0
LINE
5
D82
330
C
100
AcDbEntity
8
0
100
AcDbLine
10
671.245
20
83.975
30
0
11
671.386
21
83.996
31
0
0
LINE
5
D83
330
C
100
AcDbEntity
8
0
100
AcDbLine
10
671.386
20
83.996
30
0
11
671.53
21
84.013
31
0
0
LINE
5
D84
330
C
100
AcDbEntity
8
0
100
AcDbLine
10
671.53
20
84.013
30
0
11
671.679
21
84.025
31
0
0
LINE
5
D85
330
C
100
AcDbEntity
8
0
100
AcDbLine
10
671.679
20
84.025
30
0
11
671.831
21
84.032
31
0
0
LINE
5
D86
330
C
100
AcDbEntity
8
0
100
AcDbLine
10
671.831
20
84.032
30
0
11
671.988
21
84.034
31
0
0
LINE
5
D87
330
C
100
AcDbEntity
8
0
100
AcDbLine
10
671.988
20
84.034
30
0
11
671.988
21
84.034
31
0
0
LINE
5
D88
330
C
100
AcDbEntity
8
0
100
AcDbLine
10
671.988
20
84.034
30
0
11
672.131
21
84.031
31
0
0
LINE
5
D89
330
C
100
AcDbEntity
8
0
100
AcDbLine
10
672.131
20
84.031
30
0
11
672.272
21
84.023
31
0
0
LINE
5
D8A
330
C
100
AcDbEntity
8
0
100
AcDbLine
10
672.272
20
84.023
30
0
11
672.41
21
84.009
31
0
0
LINE
5
D8B
330
C
100
AcDbEntity
8
0
100
AcDbLine
10
672.41
20
84.009
30
0
11
672.545
21
83.989
31
0
0
LINE
5
D8C
330
C
100
AcDbEntity
8
0
100
AcDbLine
10
672.545
20
83.989
30
0
11
672.676
21
83.963
31
0
0
LINE
5
D8D
330
C
100
AcDbEntity
8
0
100
AcDbLine
10
672.676
20
83.963
30
0
11
672.805
21
83.932
31
0
0
LINE
5
D8E
330
C
100
AcDbEntity
8
0
100
AcDbLine
10
672.805
20
83.932
30
0
11
672.931
21
83.896
31
0
0
LINE
5
D8F
330
C
100
AcDbEntity
8
0
100
AcDbLine
10
672.931
20
83.896
30
0
11
673.053
21
83.854
31
0
0
LINE
5
D90
330
C
100
AcDbEntity
8
0
100
AcDbLine
10
673.053
20
83.854
30
0
11
673.173
21
83.806
31
0
0
LINE
5
D91
330
C
100
AcDbEntity
8
0
100
AcDbLine
10
673.173
20
83.806
30
0
11
673.29
21
83.752
31
0
0
LINE
5
D92
330
C
100
AcDbEntity
8
0
100
AcDbLine
10
673.29
20
83.752
30
0
11
673.403
21
83.693
31
0
0
LINE
5
D93
330
C
100
AcDbEntity
8
0
100
AcDbLine
10
673.403
20
83.693
30
0
11
673.51
21
83.631
31
0
0
LINE
5
D94
330
C
100
AcDbEntity
8
0
100
AcDbLine
10
673.51
20
83.631
30
0
11
673.613
21
83.564
31
0
0
LINE
5
D95
330
C
100
AcDbEntity
8
0
100
AcDbLine
10
673.613
20
83.564
30
0
11
673.712
21
83.492
31
0
0
LINE
5
D96
330
C
100
AcDbEntity
8
0
100
AcDbLine
10
673.712
20
83.492
30
0
11
673.805
21
83.417
31
0
0
LINE
5
D97
330
C
100
AcDbEntity
8
0
100
AcDbLine
10
673.805
20
83.417
30
0
11
673.893
21
83.337
31
0
0
LINE
5
D98
330
C
100
AcDbEntity
8
0
100
AcDbLine
10
673.893
20
83.337
30
0
11
673.977
21
83.253
31
0
0
LINE
5
D99
330
C
100
AcDbEntity
8
0
100
AcDbLine
10
673.977
20
83.253
30
0
11
674.056
21
83.164
31
0
0
LINE
5
D9A
330
C
100
AcDbEntity
8
0
100
AcDbLine
10
674.056
20
83.164
30
0
11
674.13
21
83.072
31
0
0
LINE
5
D9B
330
C
100
AcDbEntity
8
0
100
AcDbLine
10
674.13
20
83.072
30
0
11
674.199
21
82.975
31
0
0
LINE
5
D9C
330
C
100
AcDbEntity
8
0
100
AcDbLine
10
674.199
20
82.975
30
0
11
674.262
21
82.875
31
0
0
LINE
5
D9D
330
C
100
AcDbEntity
8
0
100
AcDbLine
10
674.262
20
82.875
30
0
11
674.319
21
82.771
31
0
0
LINE
5
D9E
330
C
100
AcDbEntity
8
0
100
AcDbLine
10
674.319
20
82.771
30
0
11
674.369
21
82.665
31
0
0
LINE
5
D9F
330
C
100
AcDbEntity
8
0
100
AcDbLine
10
674.369
20
82.665
30
0
11
674.412
21
82.555
31
0
0
LINE
5
DA0
330
C
100
AcDbEntity
8
0
100
AcDbLine
10
674.412
20
82.555
30
0
11
674.449
21
82.443
31
0
0
LINE
5
DA1
330
C
100
AcDbEntity
8
0
100
AcDbLine
10
674.449
20
82.443
30
0
11
674.478
21
82.328
31
0
0
LINE
5
DA2
330
C
100
AcDbEntity
8
0
100
AcDbLine
10
674.478
20
82.328
30
0
11
674.502
21
82.21
31
0
0
LINE
5
DA3
330
C
100
AcDbEntity
8
0
100
AcDbLine
10
674.502
20
82.21
30
0
11
674.518
21
82.089
31
0
0
LINE
5
DA4
330
C
100
AcDbEntity
8
0
100
AcDbLine
10
674.518
20
82.089
30
0
11
674.528
21
81.965
31
0
0
LINE
5
DA5
330
C
100
AcDbEntity
8
0
100
AcDbLine
10
674.528
20
81.965
30
0
11
674.532
21
81.838
31
0
0
LINE
5
DA6
330
C
100
AcDbEntity
8
0
100
AcDbLine
10
674.532
20
81.838
30
0
11
674.532
21
81.838
31
0
0
LINE
5
DA7
330
C
100
AcDbEntity
8
0
100
AcDbLine
10
674.532
20
81.838
30
0
11
674.53
21
81.723
31
0
0
LINE
5
DA8
330
C
100
AcDbEntity
8
0
100
AcDbLine
10
674.53
20
81.723
30
0
11
674.523
21
81.611
31
0
0
LINE
5
DA9
330
C
100
AcDbEntity
8
0
100
AcDbLine
10
674.523
20
81.611
30
0
11
674.512
21
81.502
31
0
0
LINE
5
DAA
330
C
100
AcDbEntity
8
0
100
AcDbLine
10
674.512
20
81.502
30
0
11
674.497
21
81.396
31
0
0
LINE
5
DAB
330
C
100
AcDbEntity
8
0
100
AcDbLine
10
674.497
20
81.396
30
0
11
674.478
21
81.293
31
0
0
LINE
5
DAC
330
C
100
AcDbEntity
8
0
100
AcDbLine
10
674.478
20
81.293
30
0
11
674.454
21
81.194
31
0
0
LINE
5
DAD
330
C
100
AcDbEntity
8
0
100
AcDbLine
10
674.454
20
81.194
30
0
11
674.426
21
81.097
31
0
0
LINE
5
DAE
330
C
100
AcDbEntity
8
0
100
AcDbLine
10
674.426
20
81.097
30
0
11
674.394
21
81.003
31
0
0
LINE
5
DAF
330
C
100
AcDbEntity
8
0
100
AcDbLine
10
674.394
20
81.003
30
0
11
674.357
21
80.912
31
0
0
LINE
5
DB0
330
C
100
AcDbEntity
8
0
100
AcDbLine
10
674.357
20
80.912
30
0
11
674.316
21
80.824
31
0
0
LINE
5
DB1
330
C
100
AcDbEntity
8
0
100
AcDbLine
10
674.316
20
80.824
30
0
11
674.271
21
80.739
31
0
0
LINE
5
DB2
330
C
100
AcDbEntity
8
0
100
AcDbLine
10
674.271
20
80.739
30
0
11
674.222
21
80.656
31
0
0
LINE
5
DB3
330
C
100
AcDbEntity
8
0
100
AcDbLine
10
674.222
20
80.656
30
0
11
674.17
21
80.576
31
0
0
LINE
5
DB4
330
C
100
AcDbEntity
8
0
100
AcDbLine
10
674.17
20
80.576
30
0
11
674.114
21
80.498
31
0
0
LINE
5
DB5
330
C
100
AcDbEntity
8
0
100
AcDbLine
10
674.114
20
80.498
30
0
11
674.054
21
80.422
31
0
0
LINE
5
DB6
330
C
100
AcDbEntity
8
0
100
AcDbLine
10
674.054
20
80.422
30
0
11
673.991
21
80.349
31
0
0
LINE
5
DB7
330
C
100
AcDbEntity
8
0
100
AcDbLine
10
673.991
20
80.349
30
0
11
673.924
21
80.278
31
0
0
LINE
5
DB8
330
C
100
AcDbEntity
8
0
100
AcDbLine
10
673.924
20
80.278
30
0
11
673.853
21
80.21
31
0
0
LINE
5
DB9
330
C
100
AcDbEntity
8
0
100
AcDbLine
10
673.853
20
80.21
30
0
11
673.779
21
80.144
31
0
0
LINE
5
DBA
330
C
100
AcDbEntity
8
0
100
AcDbLine
10
673.779
20
80.144
30
0
11
673.701
21
80.08
31
0
0
LINE
5
DBB
330
C
100
AcDbEntity
8
0
100
AcDbLine
10
673.701
20
80.08
30
0
11
673.619
21
80.019
31
0
0
LINE
5
DBC
330
C
100
AcDbEntity
8
0
100
AcDbLine
10
673.619
20
80.019
30
0
11
673.535
21
79.959
31
0
0
LINE
5
DBD
330
C
100
AcDbEntity
8
0
100
AcDbLine
10
673.535
20
79.959
30
0
11
673.448
21
79.901
31
0
0
LINE
5
DBE
330
C
100
AcDbEntity
8
0
100
AcDbLine
10
673.448
20
79.901
30
0
11
673.358
21
79.845
31
0
0
LINE
5
DBF
330
C
100
AcDbEntity
8
0
100
AcDbLine
10
673.358
20
79.845
30
0
11
673.265
21
79.79
31
0
0
LINE
5
DC0
330
C
100
AcDbEntity
8
0
100
AcDbLine
10
673.265
20
79.79
30
0
11
673.169
21
79.738
31
0
0
LINE
5
DC1
330
C
100
AcDbEntity
8
0
100
AcDbLine
10
673.169
20
79.738
30
0
11
673.07
21
79.687
31
0
0
LINE
5
DC2
330
C
100
AcDbEntity
8
0
100
AcDbLine
10
673.07
20
79.687
30
0
11
672.968
21
79.638
31
0
0
LINE
5
DC3
330
C
100
AcDbEntity
8
0
100
AcDbLine
10
672.968
20
79.638
30
0
11
672.863
21
79.591
31
0
0
LINE
5
DC4
330
C
100
AcDbEntity
8
0
100
AcDbLine
10
672.863
20
79.591
30
0
11
672.756
21
79.546
31
0
0
LINE
5
DC5
330
C
100
AcDbEntity
8
0
100
AcDbLine
10
672.756
20
79.546
30
0
11
672.756
21
79.546
31
0
0
LINE
5
DC6
330
C
100
AcDbEntity
8
0
100
AcDbLine
10
672.756
20
79.546
30
0
11
671.232
21
78.934
31
0
0
LINE
5
DC7
330
C
100
AcDbEntity
8
0
100
AcDbLine
10
671.232
20
78.934
30
0
11
671.119
21
78.889
31
0
0
LINE
5
DC8
330
C
100
AcDbEntity
8
0
100
AcDbLine
10
671.119
20
78.889
30
0
11
671.013
21
78.842
31
0
0
LINE
5
DC9
330
C
100
AcDbEntity
8
0
100
AcDbLine
10
671.013
20
78.842
30
0
11
670.912
21
78.793
31
0
0
LINE
5
DCA
330
C
100
AcDbEntity
8
0
100
AcDbLine
10
670.912
20
78.793
30
0
11
670.817
21
78.742
31
0
0
LINE
5
DCB
330
C
100
AcDbEntity
8
0
100
AcDbLine
10
670.817
20
78.742
30
0
11
670.728
21
78.689
31
0
0
LINE
5
DCC
330
C
100
AcDbEntity
8
0
100
AcDbLine
10
670.728
20
78.689
30
0
11
670.644
21
78.635
31
0
0
LINE
5
DCD
330
C
100
AcDbEntity
8
0
100
AcDbLine
10
670.644
20
78.635
30
0
11
670.566
21
78.579
31
0
0
LINE
5
DCE
330
C
100
AcDbEntity
8
0
100
AcDbLine
10
670.566
20
78.579
30
0
11
670.494
21
78.521
31
0
0
LINE
5
DCF
330
C
100
AcDbEntity
8
0
100
AcDbLine
10
670.494
20
78.521
30
0
11
670.428
21
78.462
31
0
0
LINE
5
DD0
330
C
100
AcDbEntity
8
0
100
AcDbLine
10
670.428
20
78.462
30
0
11
670.368
21
78.4
31
0
0
LINE
5
DD1
330
C
100
AcDbEntity
8
0
100
AcDbLine
10
670.368
20
78.4
30
0
11
670.313
21
78.336
31
0
0
LINE
5
DD2
330
C
100
AcDbEntity
8
0
100
AcDbLine
10
670.313
20
78.336
30
0
11
670.264
21
78.268
31
0
0
LINE
5
DD3
330
C
100
AcDbEntity
8
0
100
AcDbLine
10
670.264
20
78.268
30
0
11
670.221
21
78.196
31
0
0
LINE
5
DD4
330
C
100
AcDbEntity
8
0
100
AcDbLine
10
670.221
20
78.196
30
0
11
670.183
21
78.121
31
0
0
LINE
5
DD5
330
C
100
AcDbEntity
8
0
100
AcDbLine
10
670.183
20
78.121
30
0
11
670.152
21
78.041
31
0
0
LINE
5
DD6
330
C
100
AcDbEntity
8
0
100
AcDbLine
10
670.152
20
78.041
30
0
11
670.126
21
77.959
31
0
0
LINE
5
DD7
330
C
100
AcDbEntity
8
0
100
AcDbLine
10
670.126
20
77.959
30
0
11
670.106
21
77.872
31
0
0
LINE
5
DD8
330
C
100
AcDbEntity
8
0
100
AcDbLine
10
670.106
20
77.872
30
0
11
670.091
21
77.782
31
0
0
LINE
5
DD9
330
C
100
AcDbEntity
8
0
100
AcDbLine
10
670.091
20
77.782
30
0
11
670.083
21
77.688
31
0
0
LINE
5
DDA
330
C
100
AcDbEntity
8
0
100
AcDbLine
10
670.083
20
77.688
30
0
11
670.08
21
77.59
31
0
0
LINE
5
DDB
330
C
100
AcDbEntity
8
0
100
AcDbLine
10
670.08
20
77.59
30
0
11
670.08
21
77.59
31
0
0
LINE
5
DDC
330
C
100
AcDbEntity
8
0
100
AcDbLine
10
670.08
20
77.59
30
0
11
670.08
21
77.23
31
0
0
LINE
5
DDD
330
C
100
AcDbEntity
8
0
100
AcDbLine
10
670.08
20
77.23
30
0
11
674.46
21
77.23
31
0
0
LINE
5
DDE
330
C
100
AcDbEntity
8
0
100
AcDbLine
10
674.46
20
77.23
30
0
11
674.46
21
76.366
31
0
0
LINE
5
DDF
330
C
100
AcDbEntity
8
0
100
AcDbLine
10
674.46
20
76.366
30
0
11
674.46
21
76.366
31
0
0
LINE
5
DE0
330
C
100
AcDbEntity
8
0
100
AcDbLine
10
517.196
20
99
30
0
11
517.196
21
96
31
0
0
LINE
5
DE1
330
C
100
AcDbEntity
8
0
100
AcDbLine
10
517.196
20
96
30
0
11
518.411
21
96
31
0
0
LINE
5
DE2
330
C
100
AcDbEntity
8
0
100
AcDbLine
10
518.411
20
96
30
0
11
518.411
21
99
31
0
0
LINE
5
DE3
330
C
100
AcDbEntity
8
0
100
AcDbLine
10
518.411
20
99
30
0
11
525.309
21
99
31
0
0
LINE
5
DE4
330
C
100
AcDbEntity
8
0
100
AcDbLine
10
525.309
20
99
30
0
11
525.309
21
96
31
0
0
LINE
5
DE5
330
C
100
AcDbEntity
8
0
100
AcDbLine
10
525.309
20
96
30
0
11
532.205
21
96
31
0
0
LINE
5
DE6
330
C
100
AcDbEntity
8
0
100
AcDbLine
10
532.205
20
96
30
0
11
532.205
21
99
31
0
0
LINE
5
DE7
330
C
100
AcDbEntity
8
0
100
AcDbLine
10
532.205
20
99
30
0
11
539.103
21
99
31
0
0
LINE
5
DE8
330
C
100
AcDbEntity
8
0
100
AcDbLine
10
539.103
20
99
30
0
11
539.103
21
96
31
0
0
LINE
5
DE9
330
C
100
AcDbEntity
8
0
100
AcDbLine
10
539.103
20
96
30
0
11
546
21
96
31
0
0
LINE
5
DEA
330
C
100
AcDbEntity
8
0
100
AcDbLine
10
546
20
96
30
0
11
546
21
99
31
0
0
LINE
5
DEB
330
C
100
AcDbEntity
8
0
100
AcDbLine
10
546
20
99
30
0
11
552.896
21
99
31
0
0
LINE
5
DEC
330
C
100
AcDbEntity
8
0
100
AcDbLine
10
552.896
20
99
30
0
11
552.896
21
96
31
0
0
LINE
5
DED
330
C
100
AcDbEntity
8
0
100
AcDbLine
10
552.896
20
96
30
0
11
559.794
21
96
31
0
0
LINE
5
DEE
330
C
100
AcDbEntity
8
0
100
AcDbLine
10
559.794
20
96
30
0
11
559.794
21
99
31
0
0
LINE
5
DEF
330
C
100
AcDbEntity
8
0
100
AcDbLine
10
559.794
20
99
30
0
11
566.691
21
99
31
0
0
LINE
5
DF0
330
C
100
AcDbEntity
8
0
100
AcDbLine
10
566.691
20
99
30
0
11
566.691
21
96
31
0
0
LINE
5
DF1
330
C
100
AcDbEntity
8
0
100
AcDbLine
10
566.691
20
96
30
0
11
573.588
21
96
31
0
0
LINE
5
DF2
330
C
100
AcDbEntity
8
0
100
AcDbLine
10
573.588
20
96
30
0
11
573.588
21
99
31
0
0
LINE
5
DF3
330
C
100
AcDbEntity
8
0
100
AcDbLine
10
573.588
20
99
30
0
11
580.485
21
99
31
0
0
LINE
5
DF4
330
C
100
AcDbEntity
8
0
100
AcDbLine
10
580.485
20
99
30
0
11
580.485
21
96
31
0
0
LINE
5
DF5
330
C
100
AcDbEntity
8
0
100
AcDbLine
10
580.485
20
96
30
0
11
587.383
21
96
31
0
0
LINE
5
DF6
330
C
100
AcDbEntity
8
0
100
AcDbLine
10
587.383
20
96
30
0
11
587.383
21
99
31
0
0
LINE
5
DF7
330
C
100
AcDbEntity
8
0
100
AcDbLine
10
587.383
20
99
30
0
11
594.279
21
99
31
0
0
LINE
5
DF8
330
C
100
AcDbEntity
8
0
100
AcDbLine
10
594.279
20
99
30
0
11
594.279
21
96
31
0
0
LINE
5
DF9
330
C
100
AcDbEntity
8
0
100
AcDbLine
10
594.279
20
96
30
0
11
601.177
21
96
31
0
0
LINE
5
DFA
330
C
100
AcDbEntity
8
0
100
AcDbLine
10
601.177
20
96
30
0
11
601.177
21
99
31
0
0
LINE
5
DFB
330
C
100
AcDbEntity
8
0
100
AcDbLine
10
601.177
20
99
30
0
11
608.073
21
99
31
0
0
LINE
5
DFC
330
C
100
AcDbEntity
8
0
100
AcDbLine
10
608.073
20
99
30
0
11
608.073
21
96
31
0
0
LINE
5
DFD
330
C
100
AcDbEntity
8
0
100
AcDbLine
10
608.073
20
96
30
0
11
614.971
21
96
31
0
0
LINE
5
DFE
330
C
100
AcDbEntity
8
0
100
AcDbLine
10
614.971
20
96
30
0
11
614.971
21
99
31
0
0
LINE
5
DFF
330
C
100
AcDbEntity
8
0
100
AcDbLine
10
614.971
20
99
30
0
11
621.868
21
99
31
0
0
LINE
5
E00
330
C
100
AcDbEntity
8
0
100
AcDbLine
10
621.868
20
99
30
0
11
621.868
21
96
31
0
0
LINE
5
E01
330
C
100
AcDbEntity
8
0
100
AcDbLine
10
621.868
20
96
30
0
11
628.765
21
96
31
0
0
LINE
5
E02
330
C
100
AcDbEntity
8
0
100
AcDbLine
10
628.765
20
96
30
0
11
628.765
21
99
31
0
0
LINE
5
E03
330
C
100
AcDbEntity
8
0
100
AcDbLine
10
628.765
20
99
30
0
11
635.662
21
99
31
0
0
LINE
5
E04
330
C
100
AcDbEntity
8
0
100
AcDbLine
10
635.662
20
99
30
0
11
635.662
21
96
31
0
0
LINE
5
E05
330
C
100
AcDbEntity
8
0
100
AcDbLine
10
635.662
20
96
30
0
11
642.56
21
96
31
0
0
LINE
5
E06
330
C
100
AcDbEntity
8
0
100
AcDbLine
10
642.56
20
96
30
0
11
642.56
21
99
31
0
0
LINE
5
E07
330
C
100
AcDbEntity
8
0
100
AcDbLine
10
642.56
20
99
30
0
11
649.456
21
99
31
0
0
LINE
5
E08
330
C
100
AcDbEntity
8
0
100
AcDbLine
10
649.456
20
99
30
0
11
649.456
21
96
31
0
0
LINE
5
E09
330
C
100
AcDbEntity
8
0
100
AcDbLine
10
649.456
20
96
30
0
11
656.354
21
96
31
0
0
LINE
5
E0A
330
C
100
AcDbEntity
8
0
100
AcDbLine
10
656.354
20
96
30
0
11
656.354
21
99
31
0
0
LINE
5
E0B
330
C
100
AcDbEntity
8
0
100
AcDbLine
10
656.354
20
99
30
0
11
663.251
21
99
31
0
0
LINE
5
E0C
330
C
100
AcDbEntity
8
0
100
AcDbLine
10
663.251
20
99
30
0
11
663.251
21
96
31
0
0
LINE
5
E0D
330
C
100
AcDbEntity
8
0
100
AcDbLine
10
663.251
20
96
30
0
11
670.147
21
96
31
0
0
LINE
5
E0E
330
C
100
AcDbEntity
8
0
100
AcDbLine
10
670.147
20
96
30
0
11
670.147
21
99
31
0
0
LINE
5
E0F
330
C
100
AcDbEntity
8
0
100
AcDbLine
10
670.147
20
99
30
0
11
677.045
21
99
31
0
0
LINE
5
E10
330
C
100
AcDbEntity
8
0
100
AcDbLine
10
677.045
20
99
30
0
11
677.045
21
96
31
0
0
LINE
5
E11
330
C
100
AcDbEntity
8
0
100
AcDbLine
10
677.045
20
96
30
0
11
683.942
21
96
31
0
0
LINE
5
E12
330
C
100
AcDbEntity
8
0
100
AcDbLine
10
683.942
20
96
30
0
11
683.942
21
99
31
0
0
LINE
5
E13
330
C
100
AcDbEntity
8
0
100
AcDbLine
10
683.942
20
99
30
0
11
690.839
21
99
31
0
0
LINE
5
E14
330
C
100
AcDbEntity
8
0
100
AcDbLine
10
690.839
20
99
30
0
11
690.839
21
96
31
0
0
LINE
5
E15
330
C
100
AcDbEntity
8
0
100
AcDbLine
10
690.839
20
96
30
0
11
697.736
21
96
31
0
0
LINE
5
E16
330
C
100
AcDbEntity
8
0
100
AcDbLine
10
697.736
20
96
30
0
11
697.736
21
99
31
0
0
LINE
5
E17
330
C
100
AcDbEntity
8
0
100
AcDbLine
10
697.736
20
99
30
0
11
704.634
21
99
31
0
0
LINE
5
E18
330
C
100
AcDbEntity
8
0
100
AcDbLine
10
704.634
20
99
30
0
11
704.634
21
96
31
0
0
LINE
5
E19
330
C
100
AcDbEntity
8
0
100
AcDbLine
10
704.634
20
96
30
0
11
711.53
21
96
31
0
0
LINE
5
E1A
330
C
100
AcDbEntity
8
0
100
AcDbLine
10
711.53
20
96
30
0
11
711.53
21
99
31
0
0
LINE
5
E1B
330
C
100
AcDbEntity
8
0
100
AcDbLine
10
711.53
20
99
30
0
11
718.428
21
99
31
0
0
LINE
5
E1C
330
C
100
AcDbEntity
8
0
100
AcDbLine
10
718.428
20
99
30
0
11
718.428
21
96
31
0
0
LINE
5
E1D
330
C
100
AcDbEntity
8
0
100
AcDbLine
10
718.428
20
96
30
0
11
725.324
21
96
31
0
0
LINE
5
E1E
330
C
100
AcDbEntity
8
0
100
AcDbLine
10
725.324
20
96
30
0
11
725.324
21
99
31
0
0
LINE
5
E1F
330
C
100
AcDbEntity
8
0
100
AcDbLine
10
725.324
20
99
30
0
11
732.222
21
99
31
0
0
LINE
5
E20
330
C
100
AcDbEntity
8
0
100
AcDbLine
10
732.222
20
99
30
0
11
732.222
21
96
31
0
0
LINE
5
E21
330
C
100
AcDbEntity
8
0
100
AcDbLine
10
732.222
20
96
30
0
11
739.119
21
96
31
0
0
LINE
5
E22
330
C
100
AcDbEntity
8
0
100
AcDbLine
10
739.119
20
96
30
0
11
739.119
21
99
31
0
0
LINE
5
E23
330
C
100
AcDbEntity
8
0
100
AcDbLine
10
739.119
20
99
30
0
11
746.016
21
99
31
0
0
LINE
5
E24
330
C
100
AcDbEntity
8
0
100
AcDbLine
10
746.016
20
99
30
0
11
746.016
21
96
31
0
0
LINE
5
E25
330
C
100
AcDbEntity
8
0
100
AcDbLine
10
746.016
20
96
30
0
11
752.913
21
96
31
0
0
LINE
5
E26
330
C
100
AcDbEntity
8
0
100
AcDbLine
10
752.913
20
96
30
0
11
752.913
21
99
31
0
0
LINE
5
E27
330
C
100
AcDbEntity
8
0
100
AcDbLine
10
752.913
20
99
30
0
11
759.811
21
99
31
0
0
LINE
5
E28
330
C
100
AcDbEntity
8
0
100
AcDbLine
10
759.811
20
99
30
0
11
759.811
21
96
31
0
0
LINE
5
E29
330
C
100
AcDbEntity
8
0
100
AcDbLine
10
759.811
20
96
30
0
11
766.707
21
96
31
0
0
LINE
5
E2A
330
C
100
AcDbEntity
8
0
100
AcDbLine
10
766.707
20
96
30
0
11
766.707
21
99
31
0
0
LINE
5
E2B
330
C
100
AcDbEntity
8
0
100
AcDbLine
10
766.707
20
99
30
0
11
773.604
21
99
31
0
0
LINE
5
E2C
330
C
100
AcDbEntity
8
0
100
AcDbLine
10
773.604
20
99
30
0
11
773.604
21
96
31
0
0
LINE
5
E2D
330
C
100
AcDbEntity
8
0
100
AcDbLine
10
773.604
20
96
30
0
11
780.502
21
96
31
0
0
LINE
5
E2E
330
C
100
AcDbEntity
8
0
100
AcDbLine
10
780.502
20
96
30
0
11
780.502
21
99
31
0
0
LINE
5
E2F
330
C
100
AcDbEntity
8
0
100
AcDbLine
10
780.502
20
99
30
0
11
787.398
21
99
31
0
0
LINE
5
E30
330
C
100
AcDbEntity
8
0
100
AcDbLine
10
787.398
20
99
30
0
11
787.398
21
96
31
0
0
LINE
5
E31
330
C
100
AcDbEntity
8
0
100
AcDbLine
10
787.398
20
96
30
0
11
794.296
21
96
31
0
0
LINE
5
E32
330
C
100
AcDbEntity
8
0
100
AcDbLine
10
794.296
20
96
30
0
11
794.296
21
99
31
0
0
LINE
5
E33
330
C
100
AcDbEntity
8
0
100
AcDbLine
10
794.296
20
99
30
0
11
801.192
21
99
31
0
0
LINE
5
E34
330
C
100
AcDbEntity
8
0
100
AcDbLine
10
801.192
20
99
30
0
11
801.192
21
96
31
0
0
LINE
5
E35
330
C
100
AcDbEntity
8
0
100
AcDbLine
10
801.192
20
96
30
0
11
802.407
21
96
31
0
0
LINE
5
E36
330
C
100
AcDbEntity
8
0
100
AcDbLine
10
802.407
20
96
30
0
11
802.407
21
99
31
0
0
LINE
5
E37
330
C
100
AcDbEntity
8
0
100
AcDbLine
10
802.407
20
99
30
0
11
802.407
21
101.154
31
0
0
LINE
5
E38
330
C
100
AcDbEntity
8
0
100
AcDbLine
10
802.407
20
101.154
30
0
11
807.604
21
101.154
31
0
0
LINE
5
E39
330
C
100
AcDbEntity
8
0
100
AcDbLine
10
807.604
20
101.154
30
0
11
807.604
21
108.051
31
0
0
LINE
5
E3A
330
C
100
AcDbEntity
8
0
100
AcDbLine
10
807.604
20
108.051
30
0
11
802.407
21
108.051
31
0
0
LINE
5
E3B
330
C
100
AcDbEntity
8
0
100
AcDbLine
10
802.407
20
108.051
30
0
11
802.407
21
114.948
31
0
0
LINE
5
E3C
330
C
100
AcDbEntity
8
0
100
AcDbLine
10
802.407
20
114.948
30
0
11
807.604
21
114.948
31
0
0
LINE
5
E3D
330
C
100
AcDbEntity
8
0
100
AcDbLine
10
807.604
20
114.948
30
0
11
807.604
21
121.846
31
0
0
LINE
5
E3E
330
C
100
AcDbEntity
8
0
100
AcDbLine
10
807.604
20
121.846
30
0
11
802.407
21
121.846
31
0
0
LINE
5
E3F
330
C
100
AcDbEntity
8
0
100
AcDbLine
10
802.407
20
121.846
30
0
11
802.407
21
124
31
0
0
LINE
5
E40
330
C
100
AcDbEntity
8
0
100
AcDbLine
10
802.407
20
124
30
0
11
517.196
21
124
31
0
0
LINE
5
E41
330
C
100
AcDbEntity
8
0
100
AcDbLine
10
517.196
20
124
30
0
11
512
21
124
31
0
0
LINE
5
E42
330
C
100
AcDbEntity
8
0
100
AcDbLine
10
512
20
124
30
0
11
512
21
121.846
31
0
0
LINE
5
E43
330
C
100
AcDbEntity
8
0
100
AcDbLine
10
512
20
121.846
30
0
11
517.196
21
121.846
31
0
0
LINE
5
E44
330
C
100
AcDbEntity
8
0
100
AcDbLine
10
517.196
20
121.846
30
0
11
517.196
21
114.949
31
0
0
LINE
5
E45
330
C
100
AcDbEntity
8
0
100
AcDbLine
10
517.196
20
114.949
30
0
11
512
21
114.949
31
0
0
LINE
5
E46
330
C
100
AcDbEntity
8
0
100
AcDbLine
10
512
20
114.949
30
0
11
512
21
108.052
31
0
0
LINE
5
E47
330
C
100
AcDbEntity
8
0
100
AcDbLine
10
512
20
108.052
30
0
11
517.196
21
108.052
31
0
0
LINE
5
E48
330
C
100
AcDbEntity
8
0
100
AcDbLine
10
517.196
20
108.052
30
0
11
517.196
21
101.154
31
0
0
LINE
5
E49
330
C
100
AcDbEntity
8
0
100
AcDbLine
10
517.196
20
101.154
30
0
11
512
21
101.154
31
0
0
LINE
5
E4A
330
C
100
AcDbEntity
8
0
100
AcDbLine
10
512
20
101.154
30
0
11
512
21
99
31
0
0
LINE
5
E4B
330
C
100
AcDbEntity
8
0
100
AcDbLine
10
512
20
99
30
0
11
517.196
21
99
31
0
0
LINE
5
E4C
330
C
100
AcDbEntity
8
0
100
AcDbLine
10
647.832
20
107.222
30
0
11
647.832
21
107.222
31
0
0
LINE
5
E4D
330
C
100
AcDbEntity
8
0
100
AcDbLine
10
647.832
20
107.222
30
0
11
647.682
21
107.225
31
0
0
LINE
5
E4E
330
C
100
AcDbEntity
8
0
100
AcDbLine
10
647.682
20
107.225
30
0
11
647.534
21
107.233
31
0
0
LINE
5
E4F
330
C
100
AcDbEntity
8
0
100
AcDbLine
10
647.534
20
107.233
30
0
11
647.389
21
107.247
31
0
0
LINE
5
E50
330
C
100
AcDbEntity
8
0
100
AcDbLine
10
647.389
20
107.247
30
0
11
647.247
21
107.266
31
0
0
LINE
5
E51
330
C
100
AcDbEntity
8
0
100
AcDbLine
10
647.247
20
107.266
30
0
11
647.107
21
107.29
31
0
0
LINE
5
E52
330
C
100
AcDbEntity
8
0
100
AcDbLine
10
647.107
20
107.29
30
0
11
646.97
21
107.32
31
0
0
LINE
5
E53
330
C
100
AcDbEntity
8
0
100
AcDbLine
10
646.97
20
107.32
30
0
11
646.835
21
107.356
31
0
0
LINE
5
E54
330
C
100
AcDbEntity
8
0
100
AcDbLine
10
646.835
20
107.356
30
0
11
646.703
21
107.397
31
0
0
LINE
5
E55
330
C
100
AcDbEntity
8
0
100
AcDbLine
10
646.703
20
107.397
30
0
11
646.573
21
107.443
31
0
0
LINE
5
E56
330
C
100
AcDbEntity
8
0
100
AcDbLine
10
646.573
20
107.443
30
0
11
646.446
21
107.495
31
0
0
LINE
5
E57
330
C
100
AcDbEntity
8
0
100
AcDbLine
10
646.446
20
107.495
30
0
11
646.322
21
107.552
31
0
0
LINE
5
E58
330
C
100
AcDbEntity
8
0
100
AcDbLine
10
646.322
20
107.552
30
0
11
646.204
21
107.615
31
0
0
LINE
5
E59
330
C
100
AcDbEntity
8
0
100
AcDbLine
10
646.204
20
107.615
30
0
11
646.09
21
107.682
31
0
0
LINE
5
E5A
330
C
100
AcDbEntity
8
0
100
AcDbLine
10
646.09
20
107.682
30
0
11
645.981
21
107.755
31
0
0
LINE
5
E5B
330
C
100
AcDbEntity
8
0
100
AcDbLine
10
645.981
20
107.755
30
0
11
645.877
21
107.833
31
0
0
LINE
5
E5C
330
C
100
AcDbEntity
8
0
100
AcDbLine
10
645.877
20
107.833
30
0
11
645.778
21
107.917
31
0
0
LINE
5
E5D
330
C
100
AcDbEntity
8
0
100
AcDbLine
10
645.778
20
107.917
30
0
11
645.684
21
108.005
31
0
0
LINE
5
E5E
330
C
100
AcDbEntity
8
0
100
AcDbLine
10
645.684
20
108.005
30
0
11
645.595
21
108.099
31
0
0
LINE
5
E5F
330
C
100
AcDbEntity
8
0
100
AcDbLine
10
645.595
20
108.099
30
0
11
645.511
21
108.198
31
0
0
LINE
5
E60
330
C
100
AcDbEntity
8
0
100
AcDbLine
10
645.511
20
108.198
30
0
11
645.432
21
108.302
31
0
0
LINE
5
E61
330
C
100
AcDbEntity
8
0
100
AcDbLine
10
645.432
20
108.302
30
0
11
645.359
21
108.411
31
0
0
LINE
5
E62
330
C
100
AcDbEntity
8
0
100
AcDbLine
10
645.359
20
108.411
30
0
11
645.293
21
108.526
31
0
0
LINE
5
E63
330
C
100
AcDbEntity
8
0
100
AcDbLine
10
645.293
20
108.526
30
0
11
645.235
21
108.645
31
0
0
LINE
5
E64
330
C
100
AcDbEntity
8
0
100
AcDbLine
10
645.235
20
108.645
30
0
11
645.184
21
108.77
31
0
0
LINE
5
E65
330
C
100
AcDbEntity
8
0
100
AcDbLine
10
645.184
20
108.77
30
0
11
645.141
21
108.899
31
0
0
LINE
5
E66
330
C
100
AcDbEntity
8
0
100
AcDbLine
10
645.141
20
108.899
30
0
11
645.105
21
109.034
31
0
0
LINE
5
E67
330
C
100
AcDbEntity
8
0
100
AcDbLine
10
645.105
20
109.034
30
0
11
645.076
21
109.173
31
0
0
LINE
5
E68
330
C
100
AcDbEntity
8
0
100
AcDbLine
10
645.076
20
109.173
30
0
11
645.055
21
109.318
31
0
0
LINE
5
E69
330
C
100
AcDbEntity
8
0
100
AcDbLine
10
645.055
20
109.318
30
0
11
645.042
21
109.467
31
0
0
LINE
5
E6A
330
C
100
AcDbEntity
8
0
100
AcDbLine
10
645.042
20
109.467
30
0
11
645.036
21
109.622
31
0
0
LINE
5
E6B
330
C
100
AcDbEntity
8
0
100
AcDbLine
10
645.036
20
109.622
30
0
11
645.036
21
109.622
31
0
0
LINE
5
E6C
330
C
100
AcDbEntity
8
0
100
AcDbLine
10
645.036
20
109.622
30
0
11
645.948
21
109.622
31
0
0
LINE
5
E6D
330
C
100
AcDbEntity
8
0
100
AcDbLine
10
645.948
20
109.622
30
0
11
645.95
21
109.518
31
0
0
LINE
5
E6E
330
C
100
AcDbEntity
8
0
100
AcDbLine
10
645.95
20
109.518
30
0
11
645.958
21
109.418
31
0
0
LINE
5
E6F
330
C
100
AcDbEntity
8
0
100
AcDbLine
10
645.958
20
109.418
30
0
11
645.971
21
109.322
31
0
0
LINE
5
E70
330
C
100
AcDbEntity
8
0
100
AcDbLine
10
645.971
20
109.322
30
0
11
645.989
21
109.23
31
0
0
LINE
5
E71
330
C
100
AcDbEntity
8
0
100
AcDbLine
10
645.989
20
109.23
30
0
11
646.012
21
109.141
31
0
0
LINE
5
E72
330
C
100
AcDbEntity
8
0
100
AcDbLine
10
646.012
20
109.141
30
0
11
646.041
21
109.056
31
0
0
LINE
5
E73
330
C
100
AcDbEntity
8
0
100
AcDbLine
10
646.041
20
109.056
30
0
11
646.074
21
108.975
31
0
0
LINE
5
E74
330
C
100
AcDbEntity
8
0
100
AcDbLine
10
646.074
20
108.975
30
0
11
646.113
21
108.898
31
0
0
LINE
5
E75
330
C
100
AcDbEntity
8
0
100
AcDbLine
10
646.113
20
108.898
30
0
11
646.157
21
108.825
31
0
0
LINE
5
E76
330
C
100
AcDbEntity
8
0
100
AcDbLine
10
646.157
20
108.825
30
0
11
646.206
21
108.755
31
0
0
LINE
5
E77
330
C
100
AcDbEntity
8
0
100
AcDbLine
10
646.206
20
108.755
30
0
11
646.259
21
108.689
31
0
0
LINE
5
E78
330
C
100
AcDbEntity
8
0
100
AcDbLine
10
646.259
20
108.689
30
0
11
646.316
21
108.626
31
0
0
LINE
5
E79
330
C
100
AcDbEntity
8
0
100
AcDbLine
10
646.316
20
108.626
30
0
11
646.376
21
108.567
31
0
0
LINE
5
E7A
330
C
100
AcDbEntity
8
0
100
AcDbLine
10
646.376
20
108.567
30
0
11
646.439
21
108.512
31
0
0
LINE
5
E7B
330
C
100
AcDbEntity
8
0
100
AcDbLine
10
646.439
20
108.512
30
0
11
646.506
21
108.46
31
0
0
LINE
5
E7C
330
C
100
AcDbEntity
8
0
100
AcDbLine
10
646.506
20
108.46
30
0
11
646.576
21
108.411
31
0
0
LINE
5
E7D
330
C
100
AcDbEntity
8
0
100
AcDbLine
10
646.576
20
108.411
30
0
11
646.649
21
108.366
31
0
0
LINE
5
E7E
330
C
100
AcDbEntity
8
0
100
AcDbLine
10
646.649
20
108.366
30
0
11
646.726
21
108.324
31
0
0
LINE
5
E7F
330
C
100
AcDbEntity
8
0
100
AcDbLine
10
646.726
20
108.324
30
0
11
646.806
21
108.286
31
0
0
LINE
5
E80
330
C
100
AcDbEntity
8
0
100
AcDbLine
10
646.806
20
108.286
30
0
11
646.89
21
108.251
31
0
0
LINE
5
E81
330
C
100
AcDbEntity
8
0
100
AcDbLine
10
646.89
20
108.251
30
0
11
646.976
21
108.22
31
0
0
LINE
5
E82
330
C
100
AcDbEntity
8
0
100
AcDbLine
10
646.976
20
108.22
30
0
11
647.063
21
108.192
31
0
0
LINE
5
E83
330
C
100
AcDbEntity
8
0
100
AcDbLine
10
647.063
20
108.192
30
0
11
647.152
21
108.167
31
0
0
LINE
5
E84
330
C
100
AcDbEntity
8
0
100
AcDbLine
10
647.152
20
108.167
30
0
11
647.243
21
108.145
31
0
0
LINE
5
E85
330
C
100
AcDbEntity
8
0
100
AcDbLine
10
647.243
20
108.145
30
0
11
647.335
21
108.127
31
0
0
LINE
5
E86
330
C
100
AcDbEntity
8
0
100
AcDbLine
10
647.335
20
108.127
30
0
11
647.429
21
108.112
31
0
0
LINE
5
E87
330
C
100
AcDbEntity
8
0
100
AcDbLine
10
647.429
20
108.112
30
0
11
647.524
21
108.101
31
0
0
LINE
5
E88
330
C
100
AcDbEntity
8
0
100
AcDbLine
10
647.524
20
108.101
30
0
11
647.621
21
108.093
31
0
0
LINE
5
E89
330
C
100
AcDbEntity
8
0
100
AcDbLine
10
647.621
20
108.093
30
0
11
647.72
21
108.088
31
0
0
LINE
5
E8A
330
C
100
AcDbEntity
8
0
100
AcDbLine
10
647.72
20
108.088
30
0
11
647.82
21
108.086
31
0
0
LINE
5
E8B
330
C
100
AcDbEntity
8
0
100
AcDbLine
10
647.82
20
108.086
30
0
11
647.82
21
108.086
31
0
0
LINE
5
E8C
330
C
100
AcDbEntity
8
0
100
AcDbLine
10
647.82
20
108.086
30
0
11
647.928
21
108.088
31
0
0
LINE
5
E8D
330
C
100
AcDbEntity
8
0
100
AcDbLine
10
647.928
20
108.088
30
0
11
648.032
21
108.093
31
0
0
LINE
5
E8E
330
C
100
AcDbEntity
8
0
100
AcDbLine
10
648.032
20
108.093
30
0
11
648.134
21
108.102
31
0
0
LINE
5
E8F
330
C
100
AcDbEntity
8
0
100
AcDbLine
10
648.134
20
108.102
30
0
11
648.234
21
108.114
31
0
0
LINE
5
E90
330
C
100
AcDbEntity
8
0
100
AcDbLine
10
648.234
20
108.114
30
0
11
648.33
21
108.129
31
0
0
LINE
5
E91
330
C
100
AcDbEntity
8
0
100
AcDbLine
10
648.33
20
108.129
30
0
11
648.423
21
108.149
31
0
0
LINE
5
E92
330
C
100
AcDbEntity
8
0
100
AcDbLine
10
648.423
20
108.149
30
0
11
648.514
21
108.171
31
0
0
LINE
5
E93
330
C
100
AcDbEntity
8
0
100
AcDbLine
10
648.514
20
108.171
30
0
11
648.601
21
108.197
31
0
0
LINE
5
E94
330
C
100
AcDbEntity
8
0
100
AcDbLine
10
648.601
20
108.197
30
0
11
648.686
21
108.227
31
0
0
LINE
5
E95
330
C
100
AcDbEntity
8
0
100
AcDbLine
10
648.686
20
108.227
30
0
11
648.768
21
108.26
31
0
0
LINE
5
E96
330
C
100
AcDbEntity
8
0
100
AcDbLine
10
648.768
20
108.26
30
0
11
648.846
21
108.296
31
0
0
LINE
5
E97
330
C
100
AcDbEntity
8
0
100
AcDbLine
10
648.846
20
108.296
30
0
11
648.921
21
108.334
31
0
0
LINE
5
E98
330
C
100
AcDbEntity
8
0
100
AcDbLine
10
648.921
20
108.334
30
0
11
648.992
21
108.374
31
0
0
LINE
5
E99
330
C
100
AcDbEntity
8
0
100
AcDbLine
10
648.992
20
108.374
30
0
11
649.06
21
108.417
31
0
0
LINE
5
E9A
330
C
100
AcDbEntity
8
0
100
AcDbLine
10
649.06
20
108.417
30
0
11
649.124
21
108.462
31
0
0
LINE
5
E9B
330
C
100
AcDbEntity
8
0
100
AcDbLine
10
649.124
20
108.462
30
0
11
649.184
21
108.509
31
0
0
LINE
5
E9C
330
C
100
AcDbEntity
8
0
100
AcDbLine
10
649.184
20
108.509
30
0
11
649.241
21
108.558
31
0
0
LINE
5
E9D
330
C
100
AcDbEntity
8
0
100
AcDbLine
10
649.241
20
108.558
30
0
11
649.294
21
108.609
31
0
0
LINE
5
E9E
330
C
100
AcDbEntity
8
0
100
AcDbLine
10
649.294
20
108.609
30
0
11
649.343
21
108.663
31
0
0
LINE
5
E9F
330
C
100
AcDbEntity
8
0
100
AcDbLine
10
649.343
20
108.663
30
0
11
649.389
21
108.719
31
0
0
LINE
5
EA0
330
C
100
AcDbEntity
8
0
100
AcDbLine
10
649.389
20
108.719
30
0
11
649.43
21
108.777
31
0
0
LINE
5
EA1
330
C
100
AcDbEntity
8
0
100
AcDbLine
10
649.43
20
108.777
30
0
11
649.468
21
108.835
31
0
0
LINE
5
EA2
330
C
100
AcDbEntity
8
0
100
AcDbLine
10
649.468
20
108.835
30
0
11
649.5
21
108.895
31
0
0
LINE
5
EA3
330
C
100
AcDbEntity
8
0
100
AcDbLine
10
649.5
20
108.895
30
0
11
649.529
21
108.956
31
0
0
LINE
5
EA4
330
C
100
AcDbEntity
8
0
100
AcDbLine
10
649.529
20
108.956
30
0
11
649.553
21
109.018
31
0
0
LINE
5
EA5
330
C
100
AcDbEntity
8
0
100
AcDbLine
10
649.553
20
109.018
30
0
11
649.573
21
109.082
31
0
0
LINE
5
EA6
330
C
100
AcDbEntity
8
0
100
AcDbLine
10
649.573
20
109.082
30
0
11
649.588
21
109.146
31
0
0
LINE
5
EA7
330
C
100
AcDbEntity
8
0
100
AcDbLine
10
649.588
20
109.146
30
0
11
649.599
21
109.211
31
0
0
LINE
5
EA8
330
C
100
AcDbEntity
8
0
100
AcDbLine
10
649.599
20
109.211
30
0
11
649.606
21
109.278
31
0
0
LINE
5
EA9
330
C
100
AcDbEntity
8
0
100
AcDbLine
10
649.606
20
109.278
30
0
11
649.608
21
109.346
31
0
0
LINE
5
EAA
330
C
100
AcDbEntity
8
0
100
AcDbLine
10
649.608
20
109.346
30
0
11
649.608
21
109.346
31
0
0
LINE
5
EAB
330
C
100
AcDbEntity
8
0
100
AcDbLine
10
649.608
20
109.346
30
0
11
649.605
21
109.44
31
0
0
LINE
5
EAC
330
C
100
AcDbEntity
8
0
100
AcDbLine
10
649.605
20
109.44
30
0
11
649.596
21
109.531
31
0
0
LINE
5
EAD
330
C
100
AcDbEntity
8
0
100
AcDbLine
10
649.596
20
109.531
30
0
11
649.581
21
109.618
31
0
0
LINE
5
EAE
330
C
100
AcDbEntity
8
0
100
AcDbLine
10
649.581
20
109.618
30
0
11
649.561
21
109.701
31
0
0
LINE
5
EAF
330
C
100
AcDbEntity
8
0
100
AcDbLine
10
649.561
20
109.701
30
0
11
649.534
21
109.78
31
0
0
LINE
5
EB0
330
C
100
AcDbEntity
8
0
100
AcDbLine
10
649.534
20
109.78
30
0
11
649.502
21
109.856
31
0
0
LINE
5
EB1
330
C
100
AcDbEntity
8
0
100
AcDbLine
10
649.502
20
109.856
30
0
11
649.464
21
109.928
31
0
0
LINE
5
EB2
330
C
100
AcDbEntity
8
0
100
AcDbLine
10
649.464
20
109.928
30
0
11
649.42
21
109.997
31
0
0
LINE
5
EB3
330
C
100
AcDbEntity
8
0
100
AcDbLine
10
649.42
20
109.997
30
0
11
649.37
21
110.062
31
0
0
LINE
5
EB4
330
C
100
AcDbEntity
8
0
100
AcDbLine
10
649.37
20
110.062
30
0
11
649.314
21
110.123
31
0
0
LINE
5
EB5
330
C
100
AcDbEntity
8
0
100
AcDbLine
10
649.314
20
110.123
30
0
11
649.252
21
110.181
31
0
0
LINE
5
EB6
330
C
100
AcDbEntity
8
0
100
AcDbLine
10
649.252
20
110.181
30
0
11
649.185
21
110.237
31
0
0
LINE
5
EB7
330
C
100
AcDbEntity
8
0
100
AcDbLine
10
649.185
20
110.237
30
0
11
649.112
21
110.291
31
0
0
LINE
5
EB8
330
C
100
AcDbEntity
8
0
100
AcDbLine
10
649.112
20
110.291
30
0
11
649.033
21
110.343
31
0
0
LINE
5
EB9
330
C
100
AcDbEntity
8
0
100
AcDbLine
10
649.033
20
110.343
30
0
11
648.949
21
110.392
31
0
0
LINE
5
EBA
330
C
100
AcDbEntity
8
0
100
AcDbLine
10
648.949
20
110.392
30
0
11
648.859
21
110.439
31
0
0
LINE
5
EBB
330
C
100
AcDbEntity
8
0
100
AcDbLine
10
648.859
20
110.439
30
0
11
648.764
21
110.484
31
0
0
LINE
5
EBC
330
C
100
AcDbEntity
8
0
100
AcDbLine
10
648.764
20
110.484
30
0
11
648.663
21
110.527
31
0
0
LINE
5
EBD
330
C
100
AcDbEntity
8
0
100
AcDbLine
10
648.663
20
110.527
30
0
11
648.556
21
110.568
31
0
0
LINE
5
EBE
330
C
100
AcDbEntity
8
0
100
AcDbLine
10
648.556
20
110.568
30
0
11
648.444
21
110.606
31
0
0
LINE
5
EBF
330
C
100
AcDbEntity
8
0
100
AcDbLine
10
648.444
20
110.606
30
0
11
648.444
21
110.606
31
0
0
LINE
5
EC0
330
C
100
AcDbEntity
8
0
100
AcDbLine
10
648.444
20
110.606
30
0
11
647.112
21
111.074
31
0
0
LINE
5
EC1
330
C
100
AcDbEntity
8
0
100
AcDbLine
10
647.112
20
111.074
30
0
11
646.929
21
111.142
31
0
0
LINE
5
EC2
330
C
100
AcDbEntity
8
0
100
AcDbLine
10
646.929
20
111.142
30
0
11
646.756
21
111.212
31
0
0
LINE
5
EC3
330
C
100
AcDbEntity
8
0
100
AcDbLine
10
646.756
20
111.212
30
0
11
646.591
21
111.284
31
0
0
LINE
5
EC4
330
C
100
AcDbEntity
8
0
100
AcDbLine
10
646.591
20
111.284
30
0
11
646.436
21
111.358
31
0
0
LINE
5
EC5
330
C
100
AcDbEntity
8
0
100
AcDbLine
10
646.436
20
111.358
30
0
11
646.29
21
111.434
31
0
0
LINE
5
EC6
330
C
100
AcDbEntity
8
0
100
AcDbLine
10
646.29
20
111.434
30
0
11
646.153
21
111.512
31
0
0
LINE
5
EC7
330
C
100
AcDbEntity
8
0
100
AcDbLine
10
646.153
20
111.512
30
0
11
646.025
21
111.591
31
0
0
LINE
5
EC8
330
C
100
AcDbEntity
8
0
100
AcDbLine
10
646.025
20
111.591
30
0
11
645.906
21
111.673
31
0
0
LINE
5
EC9
330
C
100
AcDbEntity
8
0
100
AcDbLine
10
645.906
20
111.673
30
0
11
645.796
21
111.757
31
0
0
LINE
5
ECA
330
C
100
AcDbEntity
8
0
100
AcDbLine
10
645.796
20
111.757
30
0
11
645.696
21
111.842
31
0
0
LINE
5
ECB
330
C
100
AcDbEntity
8
0
100
AcDbLine
10
645.696
20
111.842
30
0
11
645.605
21
111.932
31
0
0
LINE
5
ECC
330
C
100
AcDbEntity
8
0
100
AcDbLine
10
645.605
20
111.932
30
0
11
645.523
21
112.029
31
0
0
LINE
5
ECD
330
C
100
AcDbEntity
8
0
100
AcDbLine
10
645.523
20
112.029
30
0
11
645.451
21
112.133
31
0
0
LINE
5
ECE
330
C
100
AcDbEntity
8
0
100
AcDbLine
10
645.451
20
112.133
30
0
11
645.389
21
112.243
31
0
0
LINE
5
ECF
330
C
100
AcDbEntity
8
0
100
AcDbLine
10
645.389
20
112.243
30
0
11
645.336
21
112.361
31
0
0
LINE
5
ED0
330
C
100
AcDbEntity
8
0
100
AcDbLine
10
645.336
20
112.361
30
0
11
645.293
21
112.486
31
0
0
LINE
5
ED1
330
C
100
AcDbEntity
8
0
100
AcDbLine
10
645.293
20
112.486
30
0
11
645.259
21
112.617
31
0
0
LINE
5
ED2
330
C
100
AcDbEntity
8
0
100
AcDbLine
10
645.259
20
112.617
30
0
11
645.235
21
112.756
31
0
0
LINE
5
ED3
330
C
100
AcDbEntity
8
0
100
AcDbLine
10
645.235
20
112.756
30
0
11
645.221
21
112.901
31
0
0
LINE
5
ED4
330
C
100
AcDbEntity
8
0
100
AcDbLine
10
645.221
20
112.901
30
0
11
645.216
21
113.054
31
0
0
LINE
5
ED5
330
C
100
AcDbEntity
8
0
100
AcDbLine
10
645.216
20
113.054
30
0
11
645.216
21
113.054
31
0
0
LINE
5
ED6
330
C
100
AcDbEntity
8
0
100
AcDbLine
10
645.216
20
113.054
30
0
11
645.223
21
113.226
31
0
0
LINE
5
ED7
330
C
100
AcDbEntity
8
0
100
AcDbLine
10
645.223
20
113.226
30
0
11
645.243
21
113.391
31
0
0
LINE
5
ED8
330
C
100
AcDbEntity
8
0
100
AcDbLine
10
645.243
20
113.391
30
0
11
645.277
21
113.55
31
0
0
LINE
5
ED9
330
C
100
AcDbEntity
8
0
100
AcDbLine
10
645.277
20
113.55
30
0
11
645.324
21
113.703
31
0
0
LINE
5
EDA
330
C
100
AcDbEntity
8
0
100
AcDbLine
10
645.324
20
113.703
30
0
11
645.385
21
113.849
31
0
0
LINE
5
EDB
330
C
100
AcDbEntity
8
0
100
AcDbLine
10
645.385
20
113.849
30
0
11
645.459
21
113.989
31
0
0
LINE
5
EDC
330
C
100
AcDbEntity
8
0
100
AcDbLine
10
645.459
20
113.989
30
0
11
645.547
21
114.122
31
0
0
LINE
5
EDD
330
C
100
AcDbEntity
8
0
100
AcDbLine
10
645.547
20
114.122
30
0
11
645.648
21
114.248
31
0
0
LINE
5
EDE
330
C
100
AcDbEntity
8
0
100
AcDbLine
10
645.648
20
114.248
30
0
11
645.763
21
114.368
31
0
0
LINE
5
EDF
330
C
100
AcDbEntity
8
0
100
AcDbLine
10
645.763
20
114.368
30
0
11
645.891
21
114.482
31
0
0
LINE
5
EE0
330
C
100
AcDbEntity
8
0
100
AcDbLine
10
645.891
20
114.482
30
0
11
646.031
21
114.587
31
0
0
LINE
5
EE1
330
C
100
AcDbEntity
8
0
100
AcDbLine
10
646.031
20
114.587
30
0
11
646.183
21
114.681
31
0
0
LINE
5
EE2
330
C
100
AcDbEntity
8
0
100
AcDbLine
10
646.183
20
114.681
30
0
11
646.347
21
114.764
31
0
0
LINE
5
EE3
330
C
100
AcDbEntity
8
0
100
AcDbLine
10
646.347
20
114.764
30
0
11
646.521
21
114.835
31
0
0
LINE
5
EE4
330
C
100
AcDbEntity
8
0
100
AcDbLine
10
646.521
20
114.835
30
0
11
646.708
21
114.896
31
0
0
LINE
5
EE5
330
C
100
AcDbEntity
8
0
100
AcDbLine
10
646.708
20
114.896
30
0
11
646.905
21
114.946
31
0
0
LINE
5
EE6
330
C
100
AcDbEntity
8
0
100
AcDbLine
10
646.905
20
114.946
30
0
11
647.114
21
114.984
31
0
0
LINE
5
EE7
330
C
100
AcDbEntity
8
0
100
AcDbLine
10
647.114
20
114.984
30
0
11
647.334
21
115.012
31
0
0
LINE
5
EE8
330
C
100
AcDbEntity
8
0
100
AcDbLine
10
647.334
20
115.012
30
0
11
647.565
21
115.028
31
0
0
LINE
5
EE9
330
C
100
AcDbEntity
8
0
100
AcDbLine
10
647.565
20
115.028
30
0
11
647.808
21
115.034
31
0
0
LINE
5
EEA
330
C
100
AcDbEntity
8
0
100
AcDbLine
10
647.808
20
115.034
30
0
11
647.808
21
115.034
31
0
0
LINE
5
EEB
330
C
100
AcDbEntity
8
0
100
AcDbLine
10
647.808
20
115.034
30
0
11
648.033
21
115.029
31
0
0
LINE
5
EEC
330
C
100
AcDbEntity
8
0
100
AcDbLine
10
648.033
20
115.029
30
0
11
648.248
21
115.013
31
0
0
LINE
5
EED
330
C
100
AcDbEntity
8
0
100
AcDbLine
10
648.248
20
115.013
30
0
11
648.454
21
114.986
31
0
0
LINE
5
EEE
330
C
100
AcDbEntity
8
0
100
AcDbLine
10
648.454
20
114.986
30
0
11
648.649
21
114.949
31
0
0
LINE
5
EEF
330
C
100
AcDbEntity
8
0
100
AcDbLine
10
648.649
20
114.949
30
0
11
648.834
21
114.901
31
0
0
LINE
5
EF0
330
C
100
AcDbEntity
8
0
100
AcDbLine
10
648.834
20
114.901
30
0
11
649.009
21
114.843
31
0
0
LINE
5
EF1
330
C
100
AcDbEntity
8
0
100
AcDbLine
10
649.009
20
114.843
30
0
11
649.174
21
114.774
31
0
0
LINE
5
EF2
330
C
100
AcDbEntity
8
0
100
AcDbLine
10
649.174
20
114.774
30
0
11
649.328
21
114.694
31
0
0
LINE
5
EF3
330
C
100
AcDbEntity
8
0
100
AcDbLine
10
649.328
20
114.694
30
0
11
649.473
21
114.604
31
0
0
LINE
5
EF4
330
C
100
AcDbEntity
8
0
100
AcDbLine
10
649.473
20
114.604
30
0
11
649.608
21
114.503
31
0
0
LINE
5
EF5
330
C
100
AcDbEntity
8
0
100
AcDbLine
10
649.608
20
114.503
30
0
11
649.732
21
114.393
31
0
0
LINE
5
EF6
330
C
100
AcDbEntity
8
0
100
AcDbLine
10
649.732
20
114.393
30
0
11
649.845
21
114.276
31
0
0
LINE
5
EF7
330
C
100
AcDbEntity
8
0
100
AcDbLine
10
649.845
20
114.276
30
0
11
649.947
21
114.152
31
0
0
LINE
5
EF8
330
C
100
AcDbEntity
8
0
100
AcDbLine
10
649.947
20
114.152
30
0
11
650.038
21
114.02
31
0
0
LINE
5
EF9
330
C
100
AcDbEntity
8
0
100
AcDbLine
10
650.038
20
114.02
30
0
11
650.118
21
113.881
31
0
0
LINE
5
EFA
330
C
100
AcDbEntity
8
0
100
AcDbLine
10
650.118
20
113.881
30
0
11
650.187
21
113.735
31
0
0
LINE
5
EFB
330
C
100
AcDbEntity
8
0
100
AcDbLine
10
650.187
20
113.735
30
0
11
650.244
21
113.582
31
0
0
LINE
5
EFC
330
C
100
AcDbEntity
8
0
100
AcDbLine
10
650.244
20
113.582
30
0
11
650.291
21
113.421
31
0
0
LINE
5
EFD
330
C
100
AcDbEntity
8
0
100
AcDbLine
10
650.291
20
113.421
30
0
11
650.327
21
113.253
31
0
0
LINE
5
EFE
330
C
100
AcDbEntity
8
0
100
AcDbLine
10
650.327
20
113.253
30
0
11
650.352
21
113.078
31
0
0
LINE
5
EFF
330
C
100
AcDbEntity
8
0
100
AcDbLine
10
650.352
20
113.078
30
0
11
650.352
21
113.078
31
0
0
LINE
5
F00
330
C
100
AcDbEntity
8
0
100
AcDbLine
10
650.352
20
113.078
30
0
11
649.428
21
113.078
31
0
0
LINE
5
F01
330
C
100
AcDbEntity
8
0
100
AcDbLine
10
649.428
20
113.078
30
0
11
649.407
21
113.18
31
0
0
LINE
5
F02
330
C
100
AcDbEntity
8
0
100
AcDbLine
10
649.407
20
113.18
30
0
11
649.379
21
113.278
31
0
0
LINE
5
F03
330
C
100
AcDbEntity
8
0
100
AcDbLine
10
649.379
20
113.278
30
0
11
649.346
21
113.37
31
0
0
LINE
5
F04
330
C
100
AcDbEntity
8
0
100
AcDbLine
10
649.346
20
113.37
30
0
11
649.306
21
113.459
31
0
0
LINE
5
F05
330
C
100
AcDbEntity
8
0
100
AcDbLine
10
649.306
20
113.459
30
0
11
649.261
21
113.542
31
0
0
LINE
5
F06
330
C
100
AcDbEntity
8
0
100
AcDbLine
10
649.261
20
113.542
30
0
11
649.209
21
113.621
31
0
0
LINE
5
F07
330
C
100
AcDbEntity
8
0
100
AcDbLine
10
649.209
20
113.621
30
0
11
649.15
21
113.696
31
0
0
LINE
5
F08
330
C
100
AcDbEntity
8
0
100
AcDbLine
10
649.15
20
113.696
30
0
11
649.086
21
113.765
31
0
0
LINE
5
F09
330
C
100
AcDbEntity
8
0
100
AcDbLine
10
649.086
20
113.765
30
0
11
649.015
21
113.83
31
0
0
LINE
5
F0A
330
C
100
AcDbEntity
8
0
100
AcDbLine
10
649.015
20
113.83
30
0
11
648.939
21
113.891
31
0
0
LINE
5
F0B
330
C
100
AcDbEntity
8
0
100
AcDbLine
10
648.939
20
113.891
30
0
11
648.856
21
113.946
31
0
0
LINE
5
F0C
330
C
100
AcDbEntity
8
0
100
AcDbLine
10
648.856
20
113.946
30
0
11
648.766
21
113.996
31
0
0
LINE
5
F0D
330
C
100
AcDbEntity
8
0
100
AcDbLine
10
648.766
20
113.996
30
0
11
648.669
21
114.039
31
0
0
LINE
5
F0E
330
C
100
AcDbEntity
8
0
100
AcDbLine
10
648.669
20
114.039
30
0
11
648.566
21
114.077
31
0
0
LINE
5
F0F
330
C
100
AcDbEntity
8
0
100
AcDbLine
10
648.566
20
114.077
30
0
11
648.457
21
114.109
31
0
0
LINE
5
F10
330
C
100
AcDbEntity
8
0
100
AcDbLine
10
648.457
20
114.109
30
0
11
648.34
21
114.135
31
0
0
LINE
5
F11
330
C
100
AcDbEntity
8
0
100
AcDbLine
10
648.34
20
114.135
30
0
11
648.217
21
114.156
31
0
0
LINE
5
F12
330
C
100
AcDbEntity
8
0
100
AcDbLine
10
648.217
20
114.156
30
0
11
648.087
21
114.17
31
0
0
LINE
5
F13
330
C
100
AcDbEntity
8
0
100
AcDbLine
10
648.087
20
114.17
30
0
11
647.951
21
114.179
31
0
0
LINE
5
F14
330
C
100
AcDbEntity
8
0
100
AcDbLine
10
647.951
20
114.179
30
0
11
647.808
21
114.182
31
0
0
LINE
5
F15
330
C
100
AcDbEntity
8
0
100
AcDbLine
10
647.808
20
114.182
30
0
11
647.808
21
114.182
31
0
0
LINE
5
F16
330
C
100
AcDbEntity
8
0
100
AcDbLine
10
647.808
20
114.182
30
0
11
647.662
21
114.179
31
0
0
LINE
5
F17
330
C
100
AcDbEntity
8
0
100
AcDbLine
10
647.662
20
114.179
30
0
11
647.523
21
114.169
31
0
0
LINE
5
F18
330
C
100
AcDbEntity
8
0
100
AcDbLine
10
647.523
20
114.169
30
0
11
647.391
21
114.152
31
0
0
LINE
5
F19
330
C
100
AcDbEntity
8
0
100
AcDbLine
10
647.391
20
114.152
30
0
11
647.265
21
114.129
31
0
0
LINE
5
F1A
330
C
100
AcDbEntity
8
0
100
AcDbLine
10
647.265
20
114.129
30
0
11
647.146
21
114.1
31
0
0
LINE
5
F1B
330
C
100
AcDbEntity
8
0
100
AcDbLine
10
647.146
20
114.1
30
0
11
647.034
21
114.063
31
0
0
LINE
5
F1C
330
C
100
AcDbEntity
8
0
100
AcDbLine
10
647.034
20
114.063
30
0
11
646.928
21
114.02
31
0
0
LINE
5
F1D
330
C
100
AcDbEntity
8
0
100
AcDbLine
10
646.928
20
114.02
30
0
11
646.829
21
113.971
31
0
0
LINE
5
F1E
330
C
100
AcDbEntity
8
0
100
AcDbLine
10
646.829
20
113.971
30
0
11
646.736
21
113.915
31
0
0
LINE
5
F1F
330
C
100
AcDbEntity
8
0
100
AcDbLine
10
646.736
20
113.915
30
0
11
646.65
21
113.852
31
0
0
LINE
5
F20
330
C
100
AcDbEntity
8
0
100
AcDbLine
10
646.65
20
113.852
30
0
11
646.571
21
113.784
31
0
0
LINE
5
F21
330
C
100
AcDbEntity
8
0
100
AcDbLine
10
646.571
20
113.784
30
0
11
646.501
21
113.713
31
0
0
LINE
5
F22
330
C
100
AcDbEntity
8
0
100
AcDbLine
10
646.501
20
113.713
30
0
11
646.439
21
113.638
31
0
0
LINE
5
F23
330
C
100
AcDbEntity
8
0
100
AcDbLine
10
646.439
20
113.638
30
0
11
646.385
21
113.56
31
0
0
LINE
5
F24
330
C
100
AcDbEntity
8
0
100
AcDbLine
10
646.385
20
113.56
30
0
11
646.339
21
113.478
31
0
0
LINE
5
F25
330
C
100
AcDbEntity
8
0
100
AcDbLine
10
646.339
20
113.478
30
0
11
646.302
21
113.393
31
0
0
LINE
5
F26
330
C
100
AcDbEntity
8
0
100
AcDbLine
10
646.302
20
113.393
30
0
11
646.273
21
113.305
31
0
0
LINE
5
F27
330
C
100
AcDbEntity
8
0
100
AcDbLine
10
646.273
20
113.305
30
0
11
646.252
21
113.213
31
0
0
LINE
5
F28
330
C
100
AcDbEntity
8
0
100
AcDbLine
10
646.252
20
113.213
30
0
11
646.24
21
113.117
31
0
0
LINE
5
F29
330
C
100
AcDbEntity
8
0
100
AcDbLine
10
646.24
20
113.117
30
0
11
646.236
21
113.018
31
0
0
LINE
5
F2A
330
C
100
AcDbEntity
8
0
100
AcDbLine
10
646.236
20
113.018
30
0
11
646.236
21
113.018
31
0
0
LINE
5
F2B
330
C
100
AcDbEntity
8
0
100
AcDbLine
10
646.236
20
113.018
30
0
11
646.238
21
112.937
31
0
0
LINE
5
F2C
330
C
100
AcDbEntity
8
0
100
AcDbLine
10
646.238
20
112.937
30
0
11
646.246
21
112.859
31
0
0
LINE
5
F2D
330
C
100
AcDbEntity
8
0
100
AcDbLine
10
646.246
20
112.859
30
0
11
646.259
21
112.785
31
0
0
LINE
5
F2E
330
C
100
AcDbEntity
8
0
100
AcDbLine
10
646.259
20
112.785
30
0
11
646.278
21
112.714
31
0
0
LINE
5
F2F
330
C
100
AcDbEntity
8
0
100
AcDbLine
10
646.278
20
112.714
30
0
11
646.301
21
112.647
31
0
0
LINE
5
F30
330
C
100
AcDbEntity
8
0
100
AcDbLine
10
646.301
20
112.647
30
0
11
646.33
21
112.583
31
0
0
LINE
5
F31
330
C
100
AcDbEntity
8
0
100
AcDbLine
10
646.33
20
112.583
30
0
11
646.364
21
112.522
31
0
0
LINE
5
F32
330
C
100
AcDbEntity
8
0
100
AcDbLine
10
646.364
20
112.522
30
0
11
646.403
21
112.465
31
0
0
LINE
5
F33
330
C
100
AcDbEntity
8
0
100
AcDbLine
10
646.403
20
112.465
30
0
11
646.447
21
112.411
31
0
0
LINE
5
F34
330
C
100
AcDbEntity
8
0
100
AcDbLine
10
646.447
20
112.411
30
0
11
646.497
21
112.361
31
0
0
LINE
5
F35
330
C
100
AcDbEntity
8
0
100
AcDbLine
10
646.497
20
112.361
30
0
11
646.552
21
112.313
31
0
0
LINE
5
F36
330
C
100
AcDbEntity
8
0
100
AcDbLine
10
646.552
20
112.313
30
0
11
646.613
21
112.266
31
0
0
LINE
5
F37
330
C
100
AcDbEntity
8
0
100
AcDbLine
10
646.613
20
112.266
30
0
11
646.68
21
112.22
31
0
0
LINE
5
F38
330
C
100
AcDbEntity
8
0
100
AcDbLine
10
646.68
20
112.22
30
0
11
646.753
21
112.175
31
0
0
LINE
5
F39
330
C
100
AcDbEntity
8
0
100
AcDbLine
10
646.753
20
112.175
30
0
11
646.832
21
112.131
31
0
0
LINE
5
F3A
330
C
100
AcDbEntity
8
0
100
AcDbLine
10
646.832
20
112.131
30
0
11
646.917
21
112.088
31
0
0
LINE
5
F3B
330
C
100
AcDbEntity
8
0
100
AcDbLine
10
646.917
20
112.088
30
0
11
647.008
21
112.046
31
0
0
LINE
5
F3C
330
C
100
AcDbEntity
8
0
100
AcDbLine
10
647.008
20
112.046
30
0
11
647.104
21
112.005
31
0
0
LINE
5
F3D
330
C
100
AcDbEntity
8
0
100
AcDbLine
10
647.104
20
112.005
30
0
11
647.207
21
111.965
31
0
0
LINE
5
F3E
330
C
100
AcDbEntity
8
0
100
AcDbLine
10
647.207
20
111.965
30
0
11
647.316
21
111.926
31
0
0
LINE
5
F3F
330
C
100
AcDbEntity
8
0
100
AcDbLine
10
647.316
20
111.926
30
0
11
647.316
21
111.926
31
0
0
LINE
5
F40
330
C
100
AcDbEntity
8
0
100
AcDbLine
10
647.316
20
111.926
30
0
11
648.876
21
111.386
31
0
0
LINE
5
F41
330
C
100
AcDbEntity
8
0
100
AcDbLine
10
648.876
20
111.386
30
0
11
649.034
21
111.33
31
0
0
LINE
5
F42
330
C
100
AcDbEntity
8
0
100
AcDbLine
10
649.034
20
111.33
30
0
11
649.186
21
111.269
31
0
0
LINE
5
F43
330
C
100
AcDbEntity
8
0
100
AcDbLine
10
649.186
20
111.269
30
0
11
649.331
21
111.205
31
0
0
LINE
5
F44
330
C
100
AcDbEntity
8
0
100
AcDbLine
10
649.331
20
111.205
30
0
11
649.47
21
111.135
31
0
0
LINE
5
F45
330
C
100
AcDbEntity
8
0
100
AcDbLine
10
649.47
20
111.135
30
0
11
649.601
21
111.062
31
0
0
LINE
5
F46
330
C
100
AcDbEntity
8
0
100
AcDbLine
10
649.601
20
111.062
30
0
11
649.726
21
110.984
31
0
0
LINE
5
F47
330
C
100
AcDbEntity
8
0
100
AcDbLine
10
649.726
20
110.984
30
0
11
649.844
21
110.902
31
0
0
LINE
5
F48
330
C
100
AcDbEntity
8
0
100
AcDbLine
10
649.844
20
110.902
30
0
11
649.955
21
110.816
31
0
0
LINE
5
F49
330
C
100
AcDbEntity
8
0
100
AcDbLine
10
649.955
20
110.816
30
0
11
650.059
21
110.725
31
0
0
LINE
5
F4A
330
C
100
AcDbEntity
8
0
100
AcDbLine
10
650.059
20
110.725
30
0
11
650.157
21
110.63
31
0
0
LINE
5
F4B
330
C
100
AcDbEntity
8
0
100
AcDbLine
10
650.157
20
110.63
30
0
11
650.246
21
110.53
31
0
0
LINE
5
F4C
330
C
100
AcDbEntity
8
0
100
AcDbLine
10
650.246
20
110.53
30
0
11
650.326
21
110.424
31
0
0
LINE
5
F4D
330
C
100
AcDbEntity
8
0
100
AcDbLine
10
650.326
20
110.424
30
0
11
650.397
21
110.312
31
0
0
LINE
5
F4E
330
C
100
AcDbEntity
8
0
100
AcDbLine
10
650.397
20
110.312
30
0
11
650.458
21
110.195
31
0
0
LINE
5
F4F
330
C
100
AcDbEntity
8
0
100
AcDbLine
10
650.458
20
110.195
30
0
11
650.51
21
110.072
31
0
0
LINE
5
F50
330
C
100
AcDbEntity
8
0
100
AcDbLine
10
650.51
20
110.072
30
0
11
650.552
21
109.943
31
0
0
LINE
5
F51
330
C
100
AcDbEntity
8
0
100
AcDbLine
10
650.552
20
109.943
30
0
11
650.585
21
109.808
31
0
0
LINE
5
F52
330
C
100
AcDbEntity
8
0
100
AcDbLine
10
650.585
20
109.808
30
0
11
650.609
21
109.668
31
0
0
LINE
5
F53
330
C
100
AcDbEntity
8
0
100
AcDbLine
10
650.609
20
109.668
30
0
11
650.623
21
109.522
31
0
0
LINE
5
F54
330
C
100
AcDbEntity
8
0
100
AcDbLine
10
650.623
20
109.522
30
0
11
650.628
21
109.37
31
0
0
LINE
5
F55
330
C
100
AcDbEntity
8
0
100
AcDbLine
10
650.628
20
109.37
30
0
11
650.628
21
109.37
31
0
0
LINE
5
F56
330
C
100
AcDbEntity
8
0
100
AcDbLine
10
650.628
20
109.37
30
0
11
650.625
21
109.251
31
0
0
LINE
5
F57
330
C
100
AcDbEntity
8
0
100
AcDbLine
10
650.625
20
109.251
30
0
11
650.615
21
109.135
31
0
0
LINE
5
F58
330
C
100
AcDbEntity
8
0
100
AcDbLine
10
650.615
20
109.135
30
0
11
650.599
21
109.02
31
0
0
LINE
5
F59
330
C
100
AcDbEntity
8
0
100
AcDbLine
10
650.599
20
109.02
30
0
11
650.576
21
108.908
31
0
0
LINE
5
F5A
330
C
100
AcDbEntity
8
0
100
AcDbLine
10
650.576
20
108.908
30
0
11
650.548
21
108.799
31
0
0
LINE
5
F5B
330
C
100
AcDbEntity
8
0
100
AcDbLine
10
650.548
20
108.799
30
0
11
650.512
21
108.691
31
0
0
LINE
5
F5C
330
C
100
AcDbEntity
8
0
100
AcDbLine
10
650.512
20
108.691
30
0
11
650.47
21
108.586
31
0
0
LINE
5
F5D
330
C
100
AcDbEntity
8
0
100
AcDbLine
10
650.47
20
108.586
30
0
11
650.422
21
108.483
31
0
0
LINE
5
F5E
330
C
100
AcDbEntity
8
0
100
AcDbLine
10
650.422
20
108.483
30
0
11
650.368
21
108.382
31
0
0
LINE
5
F5F
330
C
100
AcDbEntity
8
0
100
AcDbLine
10
650.368
20
108.382
30
0
11
650.307
21
108.284
31
0
0
LINE
5
F60
330
C
100
AcDbEntity
8
0
100
AcDbLine
10
650.307
20
108.284
30
0
11
650.24
21
108.189
31
0
0
LINE
5
F61
330
C
100
AcDbEntity
8
0
100
AcDbLine
10
650.24
20
108.189
30
0
11
650.166
21
108.098
31
0
0
LINE
5
F62
330
C
100
AcDbEntity
8
0
100
AcDbLine
10
650.166
20
108.098
30
0
11
650.087
21
108.01
31
0
0
LINE
5
F63
330
C
100
AcDbEntity
8
0
100
AcDbLine
10
650.087
20
108.01
30
0
11
650.001
21
107.927
31
0
0
LINE
5
F64
330
C
100
AcDbEntity
8
0
100
AcDbLine
10
650.001
20
107.927
30
0
11
649.91
21
107.847
31
0
0
LINE
5
F65
330
C
100
AcDbEntity
8
0
100
AcDbLine
10
649.91
20
107.847
30
0
11
649.812
21
107.772
31
0
0
LINE
5
F66
330
C
100
AcDbEntity
8
0
100
AcDbLine
10
649.812
20
107.772
30
0
11
649.709
21
107.701
31
0
0
LINE
5
F67
330
C
100
AcDbEntity
8
0
100
AcDbLine
10
649.709
20
107.701
30
0
11
649.599
21
107.633
31
0
0
LINE
5
F68
330
C
100
AcDbEntity
8
0
100
AcDbLine
10
649.599
20
107.633
30
0
11
649.484
21
107.57
31
0
0
LINE
5
F69
330
C
100
AcDbEntity
8
0
100
AcDbLine
10
649.484
20
107.57
30
0
11
649.362
21
107.51
31
0
0
LINE
5
F6A
330
C
100
AcDbEntity
8
0
100
AcDbLine
10
649.362
20
107.51
30
0
11
649.234
21
107.455
31
0
0
LINE
5
F6B
330
C
100
AcDbEntity
8
0
100
AcDbLine
10
649.234
20
107.455
30
0
11
649.101
21
107.406
31
0
0
LINE
5
F6C
330
C
100
AcDbEntity
8
0
100
AcDbLine
10
649.101
20
107.406
30
0
11
648.962
21
107.363
31
0
0
LINE
5
F6D
330
C
100
AcDbEntity
8
0
100
AcDbLine
10
648.962
20
107.363
30
0
11
648.817
21
107.326
31
0
0
LINE
5
F6E
330
C
100
AcDbEntity
8
0
100
AcDbLine
10
648.817
20
107.326
30
0
11
648.667
21
107.294
31
0
0
LINE
5
F6F
330
C
100
AcDbEntity
8
0
100
AcDbLine
10
648.667
20
107.294
30
0
11
648.511
21
107.268
31
0
0
LINE
5
F70
330
C
100
AcDbEntity
8
0
100
AcDbLine
10
648.511
20
107.268
30
0
11
648.35
21
107.248
31
0
0
LINE
5
F71
330
C
100
AcDbEntity
8
0
100
AcDbLine
10
648.35
20
107.248
30
0
11
648.183
21
107.234
31
0
0
LINE
5
F72
330
C
100
AcDbEntity
8
0
100
AcDbLine
10
648.183
20
107.234
30
0
11
648.01
21
107.225
31
0
0
LINE
5
F73
330
C
100
AcDbEntity
8
0
100
AcDbLine
10
648.01
20
107.225
30
0
11
647.832
21
107.222
31
0
0
LINE
5
F74
330
C
100
AcDbEntity
8
0
100
AcDbLine
10
647.832
20
107.222
30
0
11
647.832
21
107.222
31
0
0
LINE
5
F75
330
C
100
AcDbEntity
8
0
100
AcDbLine
10
653.202
20
114.458
30
0
11
653.202
21
114.458
31
0
0
LINE
5
F76
330
C
100
AcDbEntity
8
0
100
AcDbLine
10
653.202
20
114.458
30
0
11
653.145
21
114.46
31
0
0
LINE
5
F77
330
C
100
AcDbEntity
8
0
100
AcDbLine
10
653.145
20
114.46
30
0
11
653.091
21
114.465
31
0
0
LINE
5
F78
330
C
100
AcDbEntity
8
0
100
AcDbLine
10
653.091
20
114.465
30
0
11
653.04
21
114.473
31
0
0
LINE
5
F79
330
C
100
AcDbEntity
8
0
100
AcDbLine
10
653.04
20
114.473
30
0
11
652.991
21
114.484
31
0
0
LINE
5
F7A
330
C
100
AcDbEntity
8
0
100
AcDbLine
10
652.991
20
114.484
30
0
11
652.944
21
114.499
31
0
0
LINE
5
F7B
330
C
100
AcDbEntity
8
0
100
AcDbLine
10
652.944
20
114.499
30
0
11
652.899
21
114.517
31
0
0
LINE
5
F7C
330
C
100
AcDbEntity
8
0
100
AcDbLine
10
652.899
20
114.517
30
0
11
652.857
21
114.539
31
0
0
LINE
5
F7D
330
C
100
AcDbEntity
8
0
100
AcDbLine
10
652.857
20
114.539
30
0
11
652.818
21
114.564
31
0
0
LINE
5
F7E
330
C
100
AcDbEntity
8
0
100
AcDbLine
10
652.818
20
114.564
30
0
11
652.781
21
114.592
31
0
0
LINE
5
F7F
330
C
100
AcDbEntity
8
0
100
AcDbLine
10
652.781
20
114.592
30
0
11
652.746
21
114.623
31
0
0
LINE
5
F80
330
C
100
AcDbEntity
8
0
100
AcDbLine
10
652.746
20
114.623
30
0
11
652.714
21
114.657
31
0
0
LINE
5
F81
330
C
100
AcDbEntity
8
0
100
AcDbLine
10
652.714
20
114.657
30
0
11
652.685
21
114.693
31
0
0
LINE
5
F82
330
C
100
AcDbEntity
8
0
100
AcDbLine
10
652.685
20
114.693
30
0
11
652.66
21
114.731
31
0
0
LINE
5
F83
330
C
100
AcDbEntity
8
0
100
AcDbLine
10
652.66
20
114.731
30
0
11
652.638
21
114.772
31
0
0
LINE
5
F84
330
C
100
AcDbEntity
8
0
100
AcDbLine
10
652.638
20
114.772
30
0
11
652.62
21
114.814
31
0
0
LINE
5
F85
330
C
100
AcDbEntity
8
0
100
AcDbLine
10
652.62
20
114.814
30
0
11
652.605
21
114.859
31
0
0
LINE
5
F86
330
C
100
AcDbEntity
8
0
100
AcDbLine
10
652.605
20
114.859
30
0
11
652.593
21
114.905
31
0
0
LINE
5
F87
330
C
100
AcDbEntity
8
0
100
AcDbLine
10
652.593
20
114.905
30
0
11
652.584
21
114.954
31
0
0
LINE
5
F88
330
C
100
AcDbEntity
8
0
100
AcDbLine
10
652.584
20
114.954
30
0
11
652.579
21
115.005
31
0
0
LINE
5
F89
330
C
100
AcDbEntity
8
0
100
AcDbLine
10
652.579
20
115.005
30
0
11
652.578
21
115.058
31
0
0
LINE
5
F8A
330
C
100
AcDbEntity
8
0
100
AcDbLine
10
652.578
20
115.058
30
0
11
652.578
21
115.058
31
0
0
LINE
5
F8B
330
C
100
AcDbEntity
8
0
100
AcDbLine
10
652.578
20
115.058
30
0
11
652.579
21
115.11
31
0
0
LINE
5
F8C
330
C
100
AcDbEntity
8
0
100
AcDbLine
10
652.579
20
115.11
30
0
11
652.584
21
115.159
31
0
0
LINE
5
F8D
330
C
100
AcDbEntity
8
0
100
AcDbLine
10
652.584
20
115.159
30
0
11
652.593
21
115.207
31
0
0
LINE
5
F8E
330
C
100
AcDbEntity
8
0
100
AcDbLine
10
652.593
20
115.207
30
0
11
652.605
21
115.252
31
0
0
LINE
5
F8F
330
C
100
AcDbEntity
8
0
100
AcDbLine
10
652.605
20
115.252
30
0
11
652.62
21
115.295
31
0
0
LINE
5
F90
330
C
100
AcDbEntity
8
0
100
AcDbLine
10
652.62
20
115.295
30
0
11
652.638
21
115.336
31
0
0
LINE
5
F91
330
C
100
AcDbEntity
8
0
100
AcDbLine
10
652.638
20
115.336
30
0
11
652.66
21
115.375
31
0
0
LINE
5
F92
330
C
100
AcDbEntity
8
0
100
AcDbLine
10
652.66
20
115.375
30
0
11
652.685
21
115.411
31
0
0
LINE
5
F93
330
C
100
AcDbEntity
8
0
100
AcDbLine
10
652.685
20
115.411
30
0
11
652.714
21
115.446
31
0
0
LINE
5
F94
330
C
100
AcDbEntity
8
0
100
AcDbLine
10
652.714
20
115.446
30
0
11
652.746
21
115.478
31
0
0
LINE
5
F95
330
C
100
AcDbEntity
8
0
100
AcDbLine
10
652.746
20
115.478
30
0
11
652.781
21
115.508
31
0
0
LINE
5
F96
330
C
100
AcDbEntity
8
0
100
AcDbLine
10
652.781
20
115.508
30
0
11
652.818
21
115.534
31
0
0
LINE
5
F97
330
C
100
AcDbEntity
8
0
100
AcDbLine
10
652.818
20
115.534
30
0
11
652.857
21
115.558
31
0
0
LINE
5
F98
330
C
100
AcDbEntity
8
0
100
AcDbLine
10
652.857
20
115.558
30
0
11
652.899
21
115.578
31
0
0
LINE
5
F99
330
C
100
AcDbEntity
8
0
100
AcDbLine
10
652.899
20
115.578
30
0
11
652.944
21
115.595
31
0
0
LINE
5
F9A
330
C
100
AcDbEntity
8
0
100
AcDbLine
10
652.944
20
115.595
30
0
11
652.991
21
115.609
31
0
0
LINE
5
F9B
330
C
100
AcDbEntity
8
0
100
AcDbLine
10
652.991
20
115.609
30
0
11
653.04
21
115.62
31
0
0
LINE
5
F9C
330
C
100
AcDbEntity
8
0
100
AcDbLine
10
653.04
20
115.62
30
0
11
653.091
21
115.628
31
0
0
LINE
5
F9D
330
C
100
AcDbEntity
8
0
100
AcDbLine
10
653.091
20
115.628
30
0
11
653.145
21
115.632
31
0
0
LINE
5
F9E
330
C
100
AcDbEntity
8
0
100
AcDbLine
10
653.145
20
115.632
30
0
11
653.202
21
115.634
31
0
0
LINE
5
F9F
330
C
100
AcDbEntity
8
0
100
AcDbLine
10
653.202
20
115.634
30
0
11
653.202
21
115.634
31
0
0
LINE
5
FA0
330
C
100
AcDbEntity
8
0
100
AcDbLine
10
653.202
20
115.634
30
0
11
653.258
21
115.632
31
0
0
LINE
5
FA1
330
C
100
AcDbEntity
8
0
100
AcDbLine
10
653.258
20
115.632
30
0
11
653.312
21
115.628
31
0
0
LINE
5
FA2
330
C
100
AcDbEntity
8
0
100
AcDbLine
10
653.312
20
115.628
30
0
11
653.364
21
115.62
31
0
0
LINE
5
FA3
330
C
100
AcDbEntity
8
0
100
AcDbLine
10
653.364
20
115.62
30
0
11
653.413
21
115.609
31
0
0
LINE
5
FA4
330
C
100
AcDbEntity
8
0
100
AcDbLine
10
653.413
20
115.609
30
0
11
653.46
21
115.595
31
0
0
LINE
5
FA5
330
C
100
AcDbEntity
8
0
100
AcDbLine
10
653.46
20
115.595
30
0
11
653.504
21
115.578
31
0
0
LINE
5
FA6
330
C
100
AcDbEntity
8
0
100
AcDbLine
10
653.504
20
115.578
30
0
11
653.546
21
115.558
31
0
0
LINE
5
FA7
330
C
100
AcDbEntity
8
0
100
AcDbLine
10
653.546
20
115.558
30
0
11
653.586
21
115.534
31
0
0
LINE
5
FA8
330
C
100
AcDbEntity
8
0
100
AcDbLine
10
653.586
20
115.534
30
0
11
653.623
21
115.508
31
0
0
LINE
5
FA9
330
C
100
AcDbEntity
8
0
100
AcDbLine
10
653.623
20
115.508
30
0
11
653.658
21
115.478
31
0
0
LINE
5
FAA
330
C
100
AcDbEntity
8
0
100
AcDbLine
10
653.658
20
115.478
30
0
11
653.69
21
115.446
31
0
0
LINE
5
FAB
330
C
100
AcDbEntity
8
0
100
AcDbLine
10
653.69
20
115.446
30
0
11
653.718
21
115.411
31
0
0
LINE
5
FAC
330
C
100
AcDbEntity
8
0
100
AcDbLine
10
653.718
20
115.411
30
0
11
653.743
21
115.375
31
0
0
LINE
5
FAD
330
C
100
AcDbEntity
8
0
100
AcDbLine
10
653.743
20
115.375
30
0
11
653.765
21
115.336
31
0
0
LINE
5
FAE
330
C
100
AcDbEntity
8
0
100
AcDbLine
10
653.765
20
115.336
30
0
11
653.784
21
115.295
31
0
0
LINE
5
FAF
330
C
100
AcDbEntity
8
0
100
AcDbLine
10
653.784
20
115.295
30
0
11
653.799
21
115.252
31
0
0
LINE
5
FB0
330
C
100
AcDbEntity
8
0
100
AcDbLine
10
653.799
20
115.252
30
0
11
653.811
21
115.207
31
0
0
LINE
5
FB1
330
C
100
AcDbEntity
8
0
100
AcDbLine
10
653.811
20
115.207
30
0
11
653.819
21
115.159
31
0
0
LINE
5
FB2
330
C
100
AcDbEntity
8
0
100
AcDbLine
10
653.819
20
115.159
30
0
11
653.824
21
115.11
31
0
0
LINE
5
FB3
330
C
100
AcDbEntity
8
0
100
AcDbLine
10
653.824
20
115.11
30
0
11
653.826
21
115.058
31
0
0
LINE
5
FB4
330
C
100
AcDbEntity
8
0
100
AcDbLine
10
653.826
20
115.058
30
0
11
653.826
21
115.058
31
0
0
LINE
5
FB5
330
C
100
AcDbEntity
8
0
100
AcDbLine
10
653.826
20
115.058
30
0
11
653.824
21
115.005
31
0
0
LINE
5
FB6
330
C
100
AcDbEntity
8
0
100
AcDbLine
10
653.824
20
115.005
30
0
11
653.819
21
114.954
31
0
0
LINE
5
FB7
330
C
100
AcDbEntity
8
0
100
AcDbLine
10
653.819
20
114.954
30
0
11
653.811
21
114.905
31
0
0
LINE
5
FB8
330
C
100
AcDbEntity
8
0
100
AcDbLine
10
653.811
20
114.905
30
0
11
653.799
21
114.859
31
0
0
LINE
5
FB9
330
C
100
AcDbEntity
8
0
100
AcDbLine
10
653.799
20
114.859
30
0
11
653.784
21
114.814
31
0
0
LINE
5
FBA
330
C
100
AcDbEntity
8
0
100
AcDbLine
10
653.784
20
114.814
30
0
11
653.765
21
114.772
31
0
0
LINE
5
FBB
330
C
100
AcDbEntity
8
0
100
AcDbLine
10
653.765
20
114.772
30
0
11
653.743
21
114.731
31
0
0
LINE
5
FBC
330
C
100
AcDbEntity
8
0
100
AcDbLine
10
653.743
20
114.731
30
0
11
653.718
21
114.693
31
0
0
LINE
5
FBD
330
C
100
AcDbEntity
8
0
100
AcDbLine
10
653.718
20
114.693
30
0
11
653.69
21
114.657
31
0
0
LINE
5
FBE
330
C
100
AcDbEntity
8
0
100
AcDbLine
10
653.69
20
114.657
30
0
11
653.658
21
114.623
31
0
0
LINE
5
FBF
330
C
100
AcDbEntity
8
0
100
AcDbLine
10
653.658
20
114.623
30
0
11
653.623
21
114.592
31
0
0
LINE
5
FC0
330
C
100
AcDbEntity
8
0
100
AcDbLine
10
653.623
20
114.592
30
0
11
653.586
21
114.564
31
0
0
LINE
5
FC1
330
C
100
AcDbEntity
8
0
100
AcDbLine
10
653.586
20
114.564
30
0
11
653.546
21
114.539
31
0
0
LINE
5
FC2
330
C
100
AcDbEntity
8
0
100
AcDbLine
10
653.546
20
114.539
30
0
11
653.504
21
114.517
31
0
0
LINE
5
FC3
330
C
100
AcDbEntity
8
0
100
AcDbLine
10
653.504
20
114.517
30
0
11
653.46
21
114.499
31
0
0
LINE
5
FC4
330
C
100
AcDbEntity
8
0
100
AcDbLine
10
653.46
20
114.499
30
0
11
653.413
21
114.484
31
0
0
LINE
5
FC5
330
C
100
AcDbEntity
8
0
100
AcDbLine
10
653.413
20
114.484
30
0
11
653.364
21
114.473
31
0
0
LINE
5
FC6
330
C
100
AcDbEntity
8
0
100
AcDbLine
10
653.364
20
114.473
30
0
11
653.312
21
114.465
31
0
0
LINE
5
FC7
330
C
100
AcDbEntity
8
0
100
AcDbLine
10
653.312
20
114.465
30
0
11
653.258
21
114.46
31
0
0
LINE
5
FC8
330
C
100
AcDbEntity
8
0
100
AcDbLine
10
653.258
20
114.46
30
0
11
653.202
21
114.458
31
0
0
LINE
5
FC9
330
C
100
AcDbEntity
8
0
100
AcDbLine
10
653.202
20
114.458
30
0
11
653.202
21
114.458
31
0
0
LINE
5
FCA
330
C
100
AcDbEntity
8
0
100
AcDbLine
10
653.67
20
107.366
30
0
11
652.734
21
107.366
31
0
0
LINE
5
FCB
330
C
100
AcDbEntity
8
0
100
AcDbLine
10
652.734
20
107.366
30
0
11
652.734
21
113.114
31
0
0
LINE
5
FCC
330
C
100
AcDbEntity
8
0
100
AcDbLine
10
652.734
20
113.114
30
0
11
653.67
21
113.114
31
0
0
LINE
5
FCD
330
C
100
AcDbEntity
8
0
100
AcDbLine
10
653.67
20
113.114
30
0
11
653.67
21
107.366
31
0
0
LINE
5
FCE
330
C
100
AcDbEntity
8
0
100
AcDbLine
10
653.67
20
107.366
30
0
11
653.67
21
107.366
31
0
0
LINE
5
FCF
330
C
100
AcDbEntity
8
0
100
AcDbLine
10
658.302
20
107.222
30
0
11
658.302
21
107.222
31
0
0
LINE
5
FD0
330
C
100
AcDbEntity
8
0
100
AcDbLine
10
658.302
20
107.222
30
0
11
658.164
21
107.226
31
0
0
LINE
5
FD1
330
C
100
AcDbEntity
8
0
100
AcDbLine
10
658.164
20
107.226
30
0
11
658.028
21
107.237
31
0
0
LINE
5
FD2
330
C
100
AcDbEntity
8
0
100
AcDbLine
10
658.028
20
107.237
30
0
11
657.894
21
107.256
31
0
0
LINE
5
FD3
330
C
100
AcDbEntity
8
0
100
AcDbLine
10
657.894
20
107.256
30
0
11
657.763
21
107.282
31
0
0
LINE
5
FD4
330
C
100
AcDbEntity
8
0
100
AcDbLine
10
657.763
20
107.282
30
0
11
657.634
21
107.316
31
0
0
LINE
5
FD5
330
C
100
AcDbEntity
8
0
100
AcDbLine
10
657.634
20
107.316
30
0
11
657.508
21
107.357
31
0
0
LINE
5
FD6
330
C
100
AcDbEntity
8
0
100
AcDbLine
10
657.508
20
107.357
30
0
11
657.383
21
107.406
31
0
0
LINE
5
FD7
330
C
100
AcDbEntity
8
0
100
AcDbLine
10
657.383
20
107.406
30
0
11
657.261
21
107.462
31
0
0
LINE
5
FD8
330
C
100
AcDbEntity
8
0
100
AcDbLine
10
657.261
20
107.462
30
0
11
657.141
21
107.526
31
0
0
LINE
5
FD9
330
C
100
AcDbEntity
8
0
100
AcDbLine
10
657.141
20
107.526
30
0
11
657.024
21
107.597
31
0
0
LINE
5
FDA
330
C
100
AcDbEntity
8
0
100
AcDbLine
10
657.024
20
107.597
30
0
11
656.91
21
107.675
31
0
0
LINE
5
FDB
330
C
100
AcDbEntity
8
0
100
AcDbLine
10
656.91
20
107.675
30
0
11
656.8
21
107.759
31
0
0
LINE
5
FDC
330
C
100
AcDbEntity
8
0
100
AcDbLine
10
656.8
20
107.759
30
0
11
656.696
21
107.85
31
0
0
LINE
5
FDD
330
C
100
AcDbEntity
8
0
100
AcDbLine
10
656.696
20
107.85
30
0
11
656.596
21
107.946
31
0
0
LINE
5
FDE
330
C
100
AcDbEntity
8
0
100
AcDbLine
10
656.596
20
107.946
30
0
11
656.5
21
108.049
31
0
0
LINE
5
FDF
330
C
100
AcDbEntity
8
0
100
AcDbLine
10
656.5
20
108.049
30
0
11
656.41
21
108.157
31
0
0
LINE
5
FE0
330
C
100
AcDbEntity
8
0
100
AcDbLine
10
656.41
20
108.157
30
0
11
656.324
21
108.272
31
0
0
LINE
5
FE1
330
C
100
AcDbEntity
8
0
100
AcDbLine
10
656.324
20
108.272
30
0
11
656.242
21
108.393
31
0
0
LINE
5
FE2
330
C
100
AcDbEntity
8
0
100
AcDbLine
10
656.242
20
108.393
30
0
11
656.166
21
108.52
31
0
0
LINE
5
FE3
330
C
100
AcDbEntity
8
0
100
AcDbLine
10
656.166
20
108.52
30
0
11
656.094
21
108.653
31
0
0
LINE
5
FE4
330
C
100
AcDbEntity
8
0
100
AcDbLine
10
656.094
20
108.653
30
0
11
656.028
21
108.792
31
0
0
LINE
5
FE5
330
C
100
AcDbEntity
8
0
100
AcDbLine
10
656.028
20
108.792
30
0
11
655.968
21
108.935
31
0
0
LINE
5
FE6
330
C
100
AcDbEntity
8
0
100
AcDbLine
10
655.968
20
108.935
30
0
11
655.916
21
109.083
31
0
0
LINE
5
FE7
330
C
100
AcDbEntity
8
0
100
AcDbLine
10
655.916
20
109.083
30
0
11
655.871
21
109.237
31
0
0
LINE
5
FE8
330
C
100
AcDbEntity
8
0
100
AcDbLine
10
655.871
20
109.237
30
0
11
655.833
21
109.395
31
0
0
LINE
5
FE9
330
C
100
AcDbEntity
8
0
100
AcDbLine
10
655.833
20
109.395
30
0
11
655.801
21
109.558
31
0
0
LINE
5
FEA
330
C
100
AcDbEntity
8
0
100
AcDbLine
10
655.801
20
109.558
30
0
11
655.777
21
109.725
31
0
0
LINE
5
FEB
330
C
100
AcDbEntity
8
0
100
AcDbLine
10
655.777
20
109.725
30
0
11
655.76
21
109.898
31
0
0
LINE
5
FEC
330
C
100
AcDbEntity
8
0
100
AcDbLine
10
655.76
20
109.898
30
0
11
655.749
21
110.076
31
0
0
LINE
5
FED
330
C
100
AcDbEntity
8
0
100
AcDbLine
10
655.749
20
110.076
30
0
11
655.746
21
110.258
31
0
0
LINE
5
FEE
330
C
100
AcDbEntity
8
0
100
AcDbLine
10
655.746
20
110.258
30
0
11
655.746
21
110.258
31
0
0
LINE
5
FEF
330
C
100
AcDbEntity
8
0
100
AcDbLine
10
655.746
20
110.258
30
0
11
655.749
21
110.439
31
0
0
LINE
5
FF0
330
C
100
AcDbEntity
8
0
100
AcDbLine
10
655.749
20
110.439
30
0
11
655.759
21
110.615
31
0
0
LINE
5
FF1
330
C
100
AcDbEntity
8
0
100
AcDbLine
10
655.759
20
110.615
30
0
11
655.777
21
110.787
31
0
0
LINE
5
FF2
330
C
100
AcDbEntity
8
0
100
AcDbLine
10
655.777
20
110.787
30
0
11
655.8
21
110.953
31
0
0
LINE
5
FF3
330
C
100
AcDbEntity
8
0
100
AcDbLine
10
655.8
20
110.953
30
0
11
655.831
21
111.115
31
0
0
LINE
5
FF4
330
C
100
AcDbEntity
8
0
100
AcDbLine
10
655.831
20
111.115
30
0
11
655.869
21
111.271
31
0
0
LINE
5
FF5
330
C
100
AcDbEntity
8
0
100
AcDbLine
10
655.869
20
111.271
30
0
11
655.913
21
111.423
31
0
0
LINE
5
FF6
330
C
100
AcDbEntity
8
0
100
AcDbLine
10
655.913
20
111.423
30
0
11
655.965
21
111.569
31
0
0
LINE
5
FF7
330
C
100
AcDbEntity
8
0
100
AcDbLine
10
655.965
20
111.569
30
0
11
656.023
21
111.711
31
0
0
LINE
5
FF8
330
C
100
AcDbEntity
8
0
100
AcDbLine
10
656.023
20
111.711
30
0
11
656.088
21
111.848
31
0
0
LINE
5
FF9
330
C
100
AcDbEntity
8
0
100
AcDbLine
10
656.088
20
111.848
30
0
11
656.158
21
111.979
31
0
0
LINE
5
FFA
330
C
100
AcDbEntity
8
0
100
AcDbLine
10
656.158
20
111.979
30
0
11
656.234
21
112.104
31
0
0
LINE
5
FFB
330
C
100
AcDbEntity
8
0
100
AcDbLine
10
656.234
20
112.104
30
0
11
656.313
21
112.223
31
0
0
LINE
5
FFC
330
C
100
AcDbEntity
8
0
100
AcDbLine
10
656.313
20
112.223
30
0
11
656.397
21
112.336
31
0
0
LINE
5
FFD
330
C
100
AcDbEntity
8
0
100
AcDbLine
10
656.397
20
112.336
30
0
11
656.486
21
112.443
31
0
0
LINE
5
FFE
330
C
100
AcDbEntity
8
0
100
AcDbLine
10
656.486
20
112.443
30
0
11
656.579
21
112.543
31
0
0
LINE
5
FFF
330
C
100
AcDbEntity
8
0
100
AcDbLine
10
656.579
20
112.543
30
0
11
656.677
21
112.637
31
0
0
LINE
5
1000
330
C
100
AcDbEntity
8
0
100
AcDbLine
10
656.677
20
112.637
30
0
11
656.779
21
112.725
31
0
0
LINE
5
1001
330
C
100
AcDbEntity
8
0
100
AcDbLine
10
656.779
20
112.725
30
0
11
656.886
21
112.807
31
0
0
LINE
5
1002
330
C
100
AcDbEntity
8
0
100
AcDbLine
10
656.886
20
112.807
30
0
11
656.997
21
112.883
31
0
0
LINE
5
1003
330
C
100
AcDbEntity
8
0
100
AcDbLine
10
656.997
20
112.883
30
0
11
657.111
21
112.952
31
0
0
LINE
5
1004
330
C
100
AcDbEntity
8
0
100
AcDbLine
10
657.111
20
112.952
30
0
11
657.228
21
113.014
31
0
0
LINE
5
1005
330
C
100
AcDbEntity
8
0
100
AcDbLine
10
657.228
20
113.014
30
0
11
657.347
21
113.068
31
0
0
LINE
5
1006
330
C
100
AcDbEntity
8
0
100
AcDbLine
10
657.347
20
113.068
30
0
11
657.468
21
113.115
31
0
0
LINE
5
1007
330
C
100
AcDbEntity
8
0
100
AcDbLine
10
657.468
20
113.115
30
0
11
657.592
21
113.155
31
0
0
LINE
5
1008
330
C
100
AcDbEntity
8
0
100
AcDbLine
10
657.592
20
113.155
30
0
11
657.717
21
113.188
31
0
0
LINE
5
1009
330
C
100
AcDbEntity
8
0
100
AcDbLine
10
657.717
20
113.188
30
0
11
657.845
21
113.213
31
0
0
LINE
5
100A
330
C
100
AcDbEntity
8
0
100
AcDbLine
10
657.845
20
113.213
30
0
11
657.975
21
113.231
31
0
0
LINE
5
100B
330
C
100
AcDbEntity
8
0
100
AcDbLine
10
657.975
20
113.231
30
0
11
658.107
21
113.242
31
0
0
LINE
5
100C
330
C
100
AcDbEntity
8
0
100
AcDbLine
10
658.107
20
113.242
30
0
11
658.242
21
113.246
31
0
0
LINE
5
100D
330
C
100
AcDbEntity
8
0
100
AcDbLine
10
658.242
20
113.246
30
0
11
658.242
21
113.246
31
0
0
LINE
5
100E
330
C
100
AcDbEntity
8
0
100
AcDbLine
10
658.242
20
113.246
30
0
11
658.366
21
113.243
31
0
0
LINE
5
100F
330
C
100
AcDbEntity
8
0
100
AcDbLine
10
658.366
20
113.243
30
0
11
658.488
21
113.234
31
0
0
LINE
5
1010
330
C
100
AcDbEntity
8
0
100
AcDbLine
10
658.488
20
113.234
30
0
11
658.606
21
113.218
31
0
0
LINE
5
1011
330
C
100
AcDbEntity
8
0
100
AcDbLine
10
658.606
20
113.218
30
0
11
658.721
21
113.197
31
0
0
LINE
5
1012
330
C
100
AcDbEntity
8
0
100
AcDbLine
10
658.721
20
113.197
30
0
11
658.834
21
113.169
31
0
0
LINE
5
1013
330
C
100
AcDbEntity
8
0
100
AcDbLine
10
658.834
20
113.169
30
0
11
658.943
21
113.136
31
0
0
LINE
5
1014
330
C
100
AcDbEntity
8
0
100
AcDbLine
10
658.943
20
113.136
30
0
11
659.049
21
113.096
31
0
0
LINE
5
1015
330
C
100
AcDbEntity
8
0
100
AcDbLine
10
659.049
20
113.096
30
0
11
659.152
21
113.05
31
0
0
LINE
5
1016
330
C
100
AcDbEntity
8
0
100
AcDbLine
10
659.152
20
113.05
30
0
11
659.252
21
112.998
31
0
0
LINE
5
1017
330
C
100
AcDbEntity
8
0
100
AcDbLine
10
659.252
20
112.998
30
0
11
659.349
21
112.94
31
0
0
LINE
5
1018
330
C
100
AcDbEntity
8
0
100
AcDbLine
10
659.349
20
112.94
30
0
11
659.442
21
112.876
31
0
0
LINE
5
1019
330
C
100
AcDbEntity
8
0
100
AcDbLine
10
659.442
20
112.876
30
0
11
659.531
21
112.807
31
0
0
LINE
5
101A
330
C
100
AcDbEntity
8
0
100
AcDbLine
10
659.531
20
112.807
30
0
11
659.616
21
112.732
31
0
0
LINE
5
101B
330
C
100
AcDbEntity
8
0
100
AcDbLine
10
659.616
20
112.732
30
0
11
659.696
21
112.652
31
0
0
LINE
5
101C
330
C
100
AcDbEntity
8
0
100
AcDbLine
10
659.696
20
112.652
30
0
11
659.773
21
112.567
31
0
0
LINE
5
101D
330
C
100
AcDbEntity
8
0
100
AcDbLine
10
659.773
20
112.567
30
0
11
659.844
21
112.476
31
0
0
LINE
5
101E
330
C
100
AcDbEntity
8
0
100
AcDbLine
10
659.844
20
112.476
30
0
11
659.912
21
112.379
31
0
0
LINE
5
101F
330
C
100
AcDbEntity
8
0
100
AcDbLine
10
659.912
20
112.379
30
0
11
659.976
21
112.278
31
0
0
LINE
5
1020
330
C
100
AcDbEntity
8
0
100
AcDbLine
10
659.976
20
112.278
30
0
11
660.035
21
112.171
31
0
0
LINE
5
1021
330
C
100
AcDbEntity
8
0
100
AcDbLine
10
660.035
20
112.171
30
0
11
660.09
21
112.058
31
0
0
LINE
5
1022
330
C
100
AcDbEntity
8
0
100
AcDbLine
10
660.09
20
112.058
30
0
11
660.14
21
111.94
31
0
0
LINE
5
1023
330
C
100
AcDbEntity
8
0
100
AcDbLine
10
660.14
20
111.94
30
0
11
660.185
21
111.818
31
0
0
LINE
5
1024
330
C
100
AcDbEntity
8
0
100
AcDbLine
10
660.185
20
111.818
30
0
11
660.224
21
111.691
31
0
0
LINE
5
1025
330
C
100
AcDbEntity
8
0
100
AcDbLine
10
660.224
20
111.691
30
0
11
660.259
21
111.559
31
0
0
LINE
5
1026
330
C
100
AcDbEntity
8
0
100
AcDbLine
10
660.259
20
111.559
30
0
11
660.288
21
111.422
31
0
0
LINE
5
1027
330
C
100
AcDbEntity
8
0
100
AcDbLine
10
660.288
20
111.422
30
0
11
660.312
21
111.28
31
0
0
LINE
5
1028
330
C
100
AcDbEntity
8
0
100
AcDbLine
10
660.312
20
111.28
30
0
11
660.33
21
111.134
31
0
0
LINE
5
1029
330
C
100
AcDbEntity
8
0
100
AcDbLine
10
660.33
20
111.134
30
0
11
660.343
21
110.983
31
0
0
LINE
5
102A
330
C
100
AcDbEntity
8
0
100
AcDbLine
10
660.343
20
110.983
30
0
11
660.351
21
110.827
31
0
0
LINE
5
102B
330
C
100
AcDbEntity
8
0
100
AcDbLine
10
660.351
20
110.827
30
0
11
660.354
21
110.666
31
0
0
LINE
5
102C
330
C
100
AcDbEntity
8
0
100
AcDbLine
10
660.354
20
110.666
30
0
11
660.354
21
110.666
31
0
0
LINE
5
102D
330
C
100
AcDbEntity
8
0
100
AcDbLine
10
660.354
20
110.666
30
0
11
659.994
21
110.666
31
0
0
LINE
5
102E
330
C
100
AcDbEntity
8
0
100
AcDbLine
10
659.994
20
110.666
30
0
11
659.992
21
110.778
31
0
0
LINE
5
102F
330
C
100
AcDbEntity
8
0
100
AcDbLine
10
659.992
20
110.778
30
0
11
659.985
21
110.887
31
0
0
LINE
5
1030
330
C
100
AcDbEntity
8
0
100
AcDbLine
10
659.985
20
110.887
30
0
11
659.974
21
110.992
31
0
0
LINE
5
1031
330
C
100
AcDbEntity
8
0
100
AcDbLine
10
659.974
20
110.992
30
0
11
659.958
21
111.093
31
0
0
LINE
5
1032
330
C
100
AcDbEntity
8
0
100
AcDbLine
10
659.958
20
111.093
30
0
11
659.938
21
111.191
31
0
0
LINE
5
1033
330
C
100
AcDbEntity
8
0
100
AcDbLine
10
659.938
20
111.191
30
0
11
659.913
21
111.285
31
0
0
LINE
5
1034
330
C
100
AcDbEntity
8
0
100
AcDbLine
10
659.913
20
111.285
30
0
11
659.884
21
111.376
31
0
0
LINE
5
1035
330
C
100
AcDbEntity
8
0
100
AcDbLine
10
659.884
20
111.376
30
0
11
659.85
21
111.463
31
0
0
LINE
5
1036
330
C
100
AcDbEntity
8
0
100
AcDbLine
10
659.85
20
111.463
30
0
11
659.812
21
111.546
31
0
0
LINE
5
1037
330
C
100
AcDbEntity
8
0
100
AcDbLine
10
659.812
20
111.546
30
0
11
659.769
21
111.626
31
0
0
LINE
5
1038
330
C
100
AcDbEntity
8
0
100
AcDbLine
10
659.769
20
111.626
30
0
11
659.722
21
111.702
31
0
0
LINE
5
1039
330
C
100
AcDbEntity
8
0
100
AcDbLine
10
659.722
20
111.702
30
0
11
659.673
21
111.774
31
0
0
LINE
5
103A
330
C
100
AcDbEntity
8
0
100
AcDbLine
10
659.673
20
111.774
30
0
11
659.622
21
111.843
31
0
0
LINE
5
103B
330
C
100
AcDbEntity
8
0
100
AcDbLine
10
659.622
20
111.843
30
0
11
659.567
21
111.908
31
0
0
LINE
5
103C
330
C
100
AcDbEntity
8
0
100
AcDbLine
10
659.567
20
111.908
30
0
11
659.51
21
111.969
31
0
0
LINE
5
103D
330
C
100
AcDbEntity
8
0
100
AcDbLine
10
659.51
20
111.969
30
0
11
659.45
21
112.026
31
0
0
LINE
5
103E
330
C
100
AcDbEntity
8
0
100
AcDbLine
10
659.45
20
112.026
30
0
11
659.388
21
112.079
31
0
0
LINE
5
103F
330
C
100
AcDbEntity
8
0
100
AcDbLine
10
659.388
20
112.079
30
0
11
659.322
21
112.129
31
0
0
LINE
5
1040
330
C
100
AcDbEntity
8
0
100
AcDbLine
10
659.322
20
112.129
30
0
11
659.254
21
112.175
31
0
0
LINE
5
1041
330
C
100
AcDbEntity
8
0
100
AcDbLine
10
659.254
20
112.175
30
0
11
659.184
21
112.217
31
0
0
LINE
5
1042
330
C
100
AcDbEntity
8
0
100
AcDbLine
10
659.184
20
112.217
30
0
11
659.111
21
112.255
31
0
0
LINE
5
1043
330
C
100
AcDbEntity
8
0
100
AcDbLine
10
659.111
20
112.255
30
0
11
659.038
21
112.289
31
0
0
LINE
5
1044
330
C
100
AcDbEntity
8
0
100
AcDbLine
10
659.038
20
112.289
30
0
11
658.963
21
112.32
31
0
0
LINE
5
1045
330
C
100
AcDbEntity
8
0
100
AcDbLine
10
658.963
20
112.32
30
0
11
658.887
21
112.346
31
0
0
LINE
5
1046
330
C
100
AcDbEntity
8
0
100
AcDbLine
10
658.887
20
112.346
30
0
11
658.81
21
112.368
31
0
0
LINE
5
1047
330
C
100
AcDbEntity
8
0
100
AcDbLine
10
658.81
20
112.368
30
0
11
658.732
21
112.386
31
0
0
LINE
5
1048
330
C
100
AcDbEntity
8
0
100
AcDbLine
10
658.732
20
112.386
30
0
11
658.653
21
112.4
31
0
0
LINE
5
1049
330
C
100
AcDbEntity
8
0
100
AcDbLine
10
658.653
20
112.4
30
0
11
658.573
21
112.41
31
0
0
LINE
5
104A
330
C
100
AcDbEntity
8
0
100
AcDbLine
10
658.573
20
112.41
30
0
11
658.492
21
112.416
31
0
0
LINE
5
104B
330
C
100
AcDbEntity
8
0
100
AcDbLine
10
658.492
20
112.416
30
0
11
658.41
21
112.418
31
0
0
LINE
5
104C
330
C
100
AcDbEntity
8
0
100
AcDbLine
10
658.41
20
112.418
30
0
11
658.41
21
112.418
31
0
0
LINE
5
104D
330
C
100
AcDbEntity
8
0
100
AcDbLine
10
658.41
20
112.418
30
0
11
658.317
21
112.415
31
0
0
LINE
5
104E
330
C
100
AcDbEntity
8
0
100
AcDbLine
10
658.317
20
112.415
30
0
11
658.226
21
112.408
31
0
0
LINE
5
104F
330
C
100
AcDbEntity
8
0
100
AcDbLine
10
658.226
20
112.408
30
0
11
658.136
21
112.395
31
0
0
LINE
5
1050
330
C
100
AcDbEntity
8
0
100
AcDbLine
10
658.136
20
112.395
30
0
11
658.048
21
112.376
31
0
0
LINE
5
1051
330
C
100
AcDbEntity
8
0
100
AcDbLine
10
658.048
20
112.376
30
0
11
657.962
21
112.353
31
0
0
LINE
5
1052
330
C
100
AcDbEntity
8
0
100
AcDbLine
10
657.962
20
112.353
30
0
11
657.877
21
112.324
31
0
0
LINE
5
1053
330
C
100
AcDbEntity
8
0
100
AcDbLine
10
657.877
20
112.324
30
0
11
657.794
21
112.29
31
0
0
LINE
5
1054
330
C
100
AcDbEntity
8
0
100
AcDbLine
10
657.794
20
112.29
30
0
11
657.713
21
112.251
31
0
0
LINE
5
1055
330
C
100
AcDbEntity
8
0
100
AcDbLine
10
657.713
20
112.251
30
0
11
657.633
21
112.207
31
0
0
LINE
5
1056
330
C
100
AcDbEntity
8
0
100
AcDbLine
10
657.633
20
112.207
30
0
11
657.555
21
112.157
31
0
0
LINE
5
1057
330
C
100
AcDbEntity
8
0
100
AcDbLine
10
657.555
20
112.157
30
0
11
657.479
21
112.103
31
0
0
LINE
5
1058
330
C
100
AcDbEntity
8
0
100
AcDbLine
10
657.479
20
112.103
30
0
11
657.406
21
112.044
31
0
0
LINE
5
1059
330
C
100
AcDbEntity
8
0
100
AcDbLine
10
657.406
20
112.044
30
0
11
657.337
21
111.98
31
0
0
LINE
5
105A
330
C
100
AcDbEntity
8
0
100
AcDbLine
10
657.337
20
111.98
30
0
11
657.27
21
111.913
31
0
0
LINE
5
105B
330
C
100
AcDbEntity
8
0
100
AcDbLine
10
657.27
20
111.913
30
0
11
657.207
21
111.841
31
0
0
LINE
5
105C
330
C
100
AcDbEntity
8
0
100
AcDbLine
10
657.207
20
111.841
30
0
11
657.147
21
111.764
31
0
0
LINE
5
105D
330
C
100
AcDbEntity
8
0
100
AcDbLine
10
657.147
20
111.764
30
0
11
657.089
21
111.683
31
0
0
LINE
5
105E
330
C
100
AcDbEntity
8
0
100
AcDbLine
10
657.089
20
111.683
30
0
11
657.035
21
111.597
31
0
0
LINE
5
105F
330
C
100
AcDbEntity
8
0
100
AcDbLine
10
657.035
20
111.597
30
0
11
656.985
21
111.507
31
0
0
LINE
5
1060
330
C
100
AcDbEntity
8
0
100
AcDbLine
10
656.985
20
111.507
30
0
11
656.937
21
111.413
31
0
0
LINE
5
1061
330
C
100
AcDbEntity
8
0
100
AcDbLine
10
656.937
20
111.413
30
0
11
656.893
21
111.315
31
0
0
LINE
5
1062
330
C
100
AcDbEntity
8
0
100
AcDbLine
10
656.893
20
111.315
30
0
11
656.854
21
111.212
31
0
0
LINE
5
1063
330
C
100
AcDbEntity
8
0
100
AcDbLine
10
656.854
20
111.212
30
0
11
656.819
21
111.106
31
0
0
LINE
5
1064
330
C
100
AcDbEntity
8
0
100
AcDbLine
10
656.819
20
111.106
30
0
11
656.789
21
110.996
31
0
0
LINE
5
1065
330
C
100
AcDbEntity
8
0
100
AcDbLine
10
656.789
20
110.996
30
0
11
656.764
21
110.883
31
0
0
LINE
5
1066
330
C
100
AcDbEntity
8
0
100
AcDbLine
10
656.764
20
110.883
30
0
11
656.743
21
110.765
31
0
0
LINE
5
1067
330
C
100
AcDbEntity
8
0
100
AcDbLine
10
656.743
20
110.765
30
0
11
656.727
21
110.644
31
0
0
LINE
5
1068
330
C
100
AcDbEntity
8
0
100
AcDbLine
10
656.727
20
110.644
30
0
11
656.715
21
110.519
31
0
0
LINE
5
1069
330
C
100
AcDbEntity
8
0
100
AcDbLine
10
656.715
20
110.519
30
0
11
656.708
21
110.391
31
0
0
LINE
5
106A
330
C
100
AcDbEntity
8
0
100
AcDbLine
10
656.708
20
110.391
30
0
11
656.706
21
110.258
31
0
0
LINE
5
106B
330
C
100
AcDbEntity
8
0
100
AcDbLine
10
656.706
20
110.258
30
0
11
656.706
21
110.258
31
0
0
LINE
5
106C
330
C
100
AcDbEntity
8
0
100
AcDbLine
10
656.706
20
110.258
30
0
11
656.708
21
110.123
31
0
0
LINE
5
106D
330
C
100
AcDbEntity
8
0
100
AcDbLine
10
656.708
20
110.123
30
0
11
656.715
21
109.992
31
0
0
LINE
5
106E
330
C
100
AcDbEntity
8
0
100
AcDbLine
10
656.715
20
109.992
30
0
11
656.727
21
109.865
31
0
0
LINE
5
106F
330
C
100
AcDbEntity
8
0
100
AcDbLine
10
656.727
20
109.865
30
0
11
656.743
21
109.742
31
0
0
LINE
5
1070
330
C
100
AcDbEntity
8
0
100
AcDbLine
10
656.743
20
109.742
30
0
11
656.764
21
109.622
31
0
0
LINE
5
1071
330
C
100
AcDbEntity
8
0
100
AcDbLine
10
656.764
20
109.622
30
0
11
656.789
21
109.506
31
0
0
LINE
5
1072
330
C
100
AcDbEntity
8
0
100
AcDbLine
10
656.789
20
109.506
30
0
11
656.819
21
109.394
31
0
0
LINE
5
1073
330
C
100
AcDbEntity
8
0
100
AcDbLine
10
656.819
20
109.394
30
0
11
656.854
21
109.286
31
0
0
LINE
5
1074
330
C
100
AcDbEntity
8
0
100
AcDbLine
10
656.854
20
109.286
30
0
11
656.893
21
109.182
31
0
0
LINE
5
1075
330
C
100
AcDbEntity
8
0
100
AcDbLine
10
656.893
20
109.182
30
0
11
656.937
21
109.082
31
0
0
LINE
5
1076
330
C
100
AcDbEntity
8
0
100
AcDbLine
10
656.937
20
109.082
30
0
11
656.985
21
108.986
31
0
0
LINE
5
1077
330
C
100
AcDbEntity
8
0
100
AcDbLine
10
656.985
20
108.986
30
0
11
657.035
21
108.894
31
0
0
LINE
5
1078
330
C
100
AcDbEntity
8
0
100
AcDbLine
10
657.035
20
108.894
30
0
11
657.089
21
108.807
31
0
0
LINE
5
1079
330
C
100
AcDbEntity
8
0
100
AcDbLine
10
657.089
20
108.807
30
0
11
657.147
21
108.725
31
0
0
LINE
5
107A
330
C
100
AcDbEntity
8
0
100
AcDbLine
10
657.147
20
108.725
30
0
11
657.207
21
108.647
31
0
0
LINE
5
107B
330
C
100
AcDbEntity
8
0
100
AcDbLine
10
657.207
20
108.647
30
0
11
657.27
21
108.574
31
0
0
LINE
5
107C
330
C
100
AcDbEntity
8
0
100
AcDbLine
10
657.27
20
108.574
30
0
11
657.337
21
108.505
31
0
0
LINE
5
107D
330
C
100
AcDbEntity
8
0
100
AcDbLine
10
657.337
20
108.505
30
0
11
657.406
21
108.441
31
0
0
LINE
5
107E
330
C
100
AcDbEntity
8
0
100
AcDbLine
10
657.406
20
108.441
30
0
11
657.479
21
108.381
31
0
0
LINE
5
107F
330
C
100
AcDbEntity
8
0
100
AcDbLine
10
657.479
20
108.381
30
0
11
657.555
21
108.326
31
0
0
LINE
5
1080
330
C
100
AcDbEntity
8
0
100
AcDbLine
10
657.555
20
108.326
30
0
11
657.633
21
108.276
31
0
0
LINE
5
1081
330
C
100
AcDbEntity
8
0
100
AcDbLine
10
657.633
20
108.276
30
0
11
657.713
21
108.231
31
0
0
LINE
5
1082
330
C
100
AcDbEntity
8
0
100
AcDbLine
10
657.713
20
108.231
30
0
11
657.794
21
108.191
31
0
0
LINE
5
1083
330
C
100
AcDbEntity
8
0
100
AcDbLine
10
657.794
20
108.191
30
0
11
657.877
21
108.157
31
0
0
LINE
5
1084
330
C
100
AcDbEntity
8
0
100
AcDbLine
10
657.877
20
108.157
30
0
11
657.962
21
108.128
31
0
0
LINE
5
1085
330
C
100
AcDbEntity
8
0
100
AcDbLine
10
657.962
20
108.128
30
0
11
658.048
21
108.104
31
0
0
LINE
5
1086
330
C
100
AcDbEntity
8
0
100
AcDbLine
10
658.048
20
108.104
30
0
11
658.136
21
108.086
31
0
0
LINE
5
1087
330
C
100
AcDbEntity
8
0
100
AcDbLine
10
658.136
20
108.086
30
0
11
658.226
21
108.073
31
0
0
LINE
5
1088
330
C
100
AcDbEntity
8
0
100
AcDbLine
10
658.226
20
108.073
30
0
11
658.317
21
108.065
31
0
0
LINE
5
1089
330
C
100
AcDbEntity
8
0
100
AcDbLine
10
658.317
20
108.065
30
0
11
658.41
21
108.062
31
0
0
LINE
5
108A
330
C
100
AcDbEntity
8
0
100
AcDbLine
10
658.41
20
108.062
30
0
11
658.41
21
108.062
31
0
0
LINE
5
108B
330
C
100
AcDbEntity
8
0
100
AcDbLine
10
658.41
20
108.062
30
0
11
658.487
21
108.064
31
0
0
LINE
5
108C
330
C
100
AcDbEntity
8
0
100
AcDbLine
10
658.487
20
108.064
30
0
11
658.565
21
108.07
31
0
0
LINE
5
108D
330
C
100
AcDbEntity
8
0
100
AcDbLine
10
658.565
20
108.07
30
0
11
658.641
21
108.08
31
0
0
LINE
5
108E
330
C
100
AcDbEntity
8
0
100
AcDbLine
10
658.641
20
108.08
30
0
11
658.717
21
108.095
31
0
0
LINE
5
108F
330
C
100
AcDbEntity
8
0
100
AcDbLine
10
658.717
20
108.095
30
0
11
658.793
21
108.113
31
0
0
LINE
5
1090
330
C
100
AcDbEntity
8
0
100
AcDbLine
10
658.793
20
108.113
30
0
11
658.868
21
108.135
31
0
0
LINE
5
1091
330
C
100
AcDbEntity
8
0
100
AcDbLine
10
658.868
20
108.135
30
0
11
658.943
21
108.162
31
0
0
LINE
5
1092
330
C
100
AcDbEntity
8
0
100
AcDbLine
10
658.943
20
108.162
30
0
11
659.016
21
108.193
31
0
0
LINE
5
1093
330
C
100
AcDbEntity
8
0
100
AcDbLine
10
659.016
20
108.193
30
0
11
659.09
21
108.227
31
0
0
LINE
5
1094
330
C
100
AcDbEntity
8
0
100
AcDbLine
10
659.09
20
108.227
30
0
11
659.163
21
108.266
31
0
0
LINE
5
1095
330
C
100
AcDbEntity
8
0
100
AcDbLine
10
659.163
20
108.266
30
0
11
659.234
21
108.309
31
0
0
LINE
5
1096
330
C
100
AcDbEntity
8
0
100
AcDbLine
10
659.234
20
108.309
30
0
11
659.303
21
108.355
31
0
0
LINE
5
1097
330
C
100
AcDbEntity
8
0
100
AcDbLine
10
659.303
20
108.355
30
0
11
659.369
21
108.405
31
0
0
LINE
5
1098
330
C
100
AcDbEntity
8
0
100
AcDbLine
10
659.369
20
108.405
30
0
11
659.433
21
108.459
31
0
0
LINE
5
1099
330
C
100
AcDbEntity
8
0
100
AcDbLine
10
659.433
20
108.459
30
0
11
659.494
21
108.517
31
0
0
LINE
5
109A
330
C
100
AcDbEntity
8
0
100
AcDbLine
10
659.494
20
108.517
30
0
11
659.552
21
108.579
31
0
0
LINE
5
109B
330
C
100
AcDbEntity
8
0
100
AcDbLine
10
659.552
20
108.579
30
0
11
659.608
21
108.644
31
0
0
LINE
5
109C
330
C
100
AcDbEntity
8
0
100
AcDbLine
10
659.608
20
108.644
30
0
11
659.661
21
108.713
31
0
0
LINE
5
109D
330
C
100
AcDbEntity
8
0
100
AcDbLine
10
659.661
20
108.713
30
0
11
659.712
21
108.786
31
0
0
LINE
5
109E
330
C
100
AcDbEntity
8
0
100
AcDbLine
10
659.712
20
108.786
30
0
11
659.76
21
108.863
31
0
0
LINE
5
109F
330
C
100
AcDbEntity
8
0
100
AcDbLine
10
659.76
20
108.863
30
0
11
659.804
21
108.943
31
0
0
LINE
5
10A0
330
C
100
AcDbEntity
8
0
100
AcDbLine
10
659.804
20
108.943
30
0
11
659.844
21
109.027
31
0
0
LINE
5
10A1
330
C
100
AcDbEntity
8
0
100
AcDbLine
10
659.844
20
109.027
30
0
11
659.879
21
109.114
31
0
0
LINE
5
10A2
330
C
100
AcDbEntity
8
0
100
AcDbLine
10
659.879
20
109.114
30
0
11
659.91
21
109.204
31
0
0
LINE
5
10A3
330
C
100
AcDbEntity
8
0
100
AcDbLine
10
659.91
20
109.204
30
0
11
659.935
21
109.297
31
0
0
LINE
5
10A4
330
C
100
AcDbEntity
8
0
100
AcDbLine
10
659.935
20
109.297
30
0
11
659.956
21
109.394
31
0
0
LINE
5
10A5
330
C
100
AcDbEntity
8
0
100
AcDbLine
10
659.956
20
109.394
30
0
11
659.973
21
109.494
31
0
0
LINE
5
10A6
330
C
100
AcDbEntity
8
0
100
AcDbLine
10
659.973
20
109.494
30
0
11
659.984
21
109.597
31
0
0
LINE
5
10A7
330
C
100
AcDbEntity
8
0
100
AcDbLine
10
659.984
20
109.597
30
0
11
659.991
21
109.704
31
0
0
LINE
5
10A8
330
C
100
AcDbEntity
8
0
100
AcDbLine
10
659.991
20
109.704
30
0
11
659.994
21
109.814
31
0
0
LINE
5
10A9
330
C
100
AcDbEntity
8
0
100
AcDbLine
10
659.994
20
109.814
30
0
11
659.994
21
109.814
31
0
0
LINE
5
10AA
330
C
100
AcDbEntity
8
0
100
AcDbLine
10
659.994
20
109.814
30
0
11
660.354
21
109.814
31
0
0
LINE
5
10AB
330
C
100
AcDbEntity
8
0
100
AcDbLine
10
660.354
20
109.814
30
0
11
660.351
21
109.65
31
0
0
LINE
5
10AC
330
C
100
AcDbEntity
8
0
100
AcDbLine
10
660.351
20
109.65
30
0
11
660.343
21
109.491
31
0
0
LINE
5
10AD
330
C
100
AcDbEntity
8
0
100
AcDbLine
10
660.343
20
109.491
30
0
11
660.329
21
109.337
31
0
0
LINE
5
10AE
330
C
100
AcDbEntity
8
0
100
AcDbLine
10
660.329
20
109.337
30
0
11
660.31
21
109.188
31
0
0
LINE
5
10AF
330
C
100
AcDbEntity
8
0
100
AcDbLine
10
660.31
20
109.188
30
0
11
660.286
21
109.044
31
0
0
LINE
5
10B0
330
C
100
AcDbEntity
8
0
100
AcDbLine
10
660.286
20
109.044
30
0
11
660.255
21
108.905
31
0
0
LINE
5
10B1
330
C
100
AcDbEntity
8
0
100
AcDbLine
10
660.255
20
108.905
30
0
11
660.22
21
108.771
31
0
0
LINE
5
10B2
330
C
100
AcDbEntity
8
0
100
AcDbLine
10
660.22
20
108.771
30
0
11
660.179
21
108.643
31
0
0
LINE
5
10B3
330
C
100
AcDbEntity
8
0
100
AcDbLine
10
660.179
20
108.643
30
0
11
660.133
21
108.519
31
0
0
LINE
5
10B4
330
C
100
AcDbEntity
8
0
100
AcDbLine
10
660.133
20
108.519
30
0
11
660.081
21
108.401
31
0
0
LINE
5
10B5
330
C
100
AcDbEntity
8
0
100
AcDbLine
10
660.081
20
108.401
30
0
11
660.024
21
108.288
31
0
0
LINE
5
10B6
330
C
100
AcDbEntity
8
0
100
AcDbLine
10
660.024
20
108.288
30
0
11
659.964
21
108.181
31
0
0
LINE
5
10B7
330
C
100
AcDbEntity
8
0
100
AcDbLine
10
659.964
20
108.181
30
0
11
659.9
21
108.079
31
0
0
LINE
5
10B8
330
C
100
AcDbEntity
8
0
100
AcDbLine
10
659.9
20
108.079
30
0
11
659.832
21
107.982
31
0
0
LINE
5
10B9
330
C
100
AcDbEntity
8
0
100
AcDbLine
10
659.832
20
107.982
30
0
11
659.76
21
107.892
31
0
0
LINE
5
10BA
330
C
100
AcDbEntity
8
0
100
AcDbLine
10
659.76
20
107.892
30
0
11
659.684
21
107.807
31
0
0
LINE
5
10BB
330
C
100
AcDbEntity
8
0
100
AcDbLine
10
659.684
20
107.807
30
0
11
659.604
21
107.727
31
0
0
LINE
5
10BC
330
C
100
AcDbEntity
8
0
100
AcDbLine
10
659.604
20
107.727
30
0
11
659.521
21
107.653
31
0
0
LINE
5
10BD
330
C
100
AcDbEntity
8
0
100
AcDbLine
10
659.521
20
107.653
30
0
11
659.434
21
107.585
31
0
0
LINE
5
10BE
330
C
100
AcDbEntity
8
0
100
AcDbLine
10
659.434
20
107.585
30
0
11
659.343
21
107.522
31
0
0
LINE
5
10BF
330
C
100
AcDbEntity
8
0
100
AcDbLine
10
659.343
20
107.522
30
0
11
659.249
21
107.465
31
0
0
LINE
5
10C0
330
C
100
AcDbEntity
8
0
100
AcDbLine
10
659.249
20
107.465
30
0
11
659.152
21
107.414
31
0
0
LINE
5
10C1
330
C
100
AcDbEntity
8
0
100
AcDbLine
10
659.152
20
107.414
30
0
11
659.054
21
107.369
31
0
0
LINE
5
10C2
330
C
100
AcDbEntity
8
0
100
AcDbLine
10
659.054
20
107.369
30
0
11
658.953
21
107.33
31
0
0
LINE
5
10C3
330
C
100
AcDbEntity
8
0
100
AcDbLine
10
658.953
20
107.33
30
0
11
658.85
21
107.297
31
0
0
LINE
5
10C4
330
C
100
AcDbEntity
8
0
100
AcDbLine
10
658.85
20
107.297
30
0
11
658.745
21
107.27
31
0
0
LINE
5
10C5
330
C
100
AcDbEntity
8
0
100
AcDbLine
10
658.745
20
107.27
30
0
11
658.637
21
107.249
31
0
0
LINE
5
10C6
330
C
100
AcDbEntity
8
0
100
AcDbLine
10
658.637
20
107.249
30
0
11
658.528
21
107.234
31
0
0
LINE
5
10C7
330
C
100
AcDbEntity
8
0
100
AcDbLine
10
658.528
20
107.234
30
0
11
658.416
21
107.225
31
0
0
LINE
5
10C8
330
C
100
AcDbEntity
8
0
100
AcDbLine
10
658.416
20
107.225
30
0
11
658.302
21
107.222
31
0
0
LINE
5
10C9
330
C
100
AcDbEntity
8
0
100
AcDbLine
10
658.302
20
107.222
30
0
11
658.302
21
107.222
31
0
0
LINE
5
10CA
330
C
100
AcDbEntity
8
0
100
AcDbLine
10
660.93
20
107.366
30
0
11
660.15
21
107.366
31
0
0
LINE
5
10CB
330
C
100
AcDbEntity
8
0
100
AcDbLine
10
660.15
20
107.366
30
0
11
659.994
21
108.71
31
0
0
LINE
5
10CC
330
C
100
AcDbEntity
8
0
100
AcDbLine
10
659.994
20
108.71
30
0
11
659.994
21
115.55
31
0
0
LINE
5
10CD
330
C
100
AcDbEntity
8
0
100
AcDbLine
10
659.994
20
115.55
30
0
11
660.93
21
115.55
31
0
0
LINE
5
10CE
330
C
100
AcDbEntity
8
0
100
AcDbLine
10
660.93
20
115.55
30
0
11
660.93
21
107.366
31
0
0
LINE
5
10CF
330
C
100
AcDbEntity
8
0
100
AcDbLine
10
660.93
20
107.366
30
0
11
660.93
21
107.366
31
0
0
LINE
5
10D0
330
C
100
AcDbEntity
8
0
100
AcDbLine
10
665.352
20
107.222
30
0
11
665.352
21
107.222
31
0
0
LINE
5
10D1
330
C
100
AcDbEntity
8
0
100
AcDbLine
10
665.352
20
107.222
30
0
11
665.205
21
107.226
31
0
0
LINE
5
10D2
330
C
100
AcDbEntity
8
0
100
AcDbLine
10
665.205
20
107.226
30
0
11
665.061
21
107.237
31
0
0
LINE
5
10D3
330
C
100
AcDbEntity
8
0
100
AcDbLine
10
665.061
20
107.237
30
0
11
664.92
21
107.256
31
0
0
LINE
5
10D4
330
C
100
AcDbEntity
8
0
100
AcDbLine
10
664.92
20
107.256
30
0
11
664.782
21
107.283
31
0
0
LINE
5
10D5
330
C
100
AcDbEntity
8
0
100
AcDbLine
10
664.782
20
107.283
30
0
11
664.648
21
107.317
31
0
0
LINE
5
10D6
330
C
100
AcDbEntity
8
0
100
AcDbLine
10
664.648
20
107.317
30
0
11
664.516
21
107.359
31
0
0
LINE
5
10D7
330
C
100
AcDbEntity
8
0
100
AcDbLine
10
664.516
20
107.359
30
0
11
664.388
21
107.409
31
0
0
LINE
5
10D8
330
C
100
AcDbEntity
8
0
100
AcDbLine
10
664.388
20
107.409
30
0
11
664.263
21
107.466
31
0
0
LINE
5
10D9
330
C
100
AcDbEntity
8
0
100
AcDbLine
10
664.263
20
107.466
30
0
11
664.141
21
107.531
31
0
0
LINE
5
10DA
330
C
100
AcDbEntity
8
0
100
AcDbLine
10
664.141
20
107.531
30
0
11
664.023
21
107.603
31
0
0
LINE
5
10DB
330
C
100
AcDbEntity
8
0
100
AcDbLine
10
664.023
20
107.603
30
0
11
663.908
21
107.682
31
0
0
LINE
5
10DC
330
C
100
AcDbEntity
8
0
100
AcDbLine
10
663.908
20
107.682
30
0
11
663.799
21
107.767
31
0
0
LINE
5
10DD
330
C
100
AcDbEntity
8
0
100
AcDbLine
10
663.799
20
107.767
30
0
11
663.694
21
107.858
31
0
0
LINE
5
10DE
330
C
100
AcDbEntity
8
0
100
AcDbLine
10
663.694
20
107.858
30
0
11
663.594
21
107.955
31
0
0
LINE
5
10DF
330
C
100
AcDbEntity
8
0
100
AcDbLine
10
663.594
20
107.955
30
0
11
663.499
21
108.058
31
0
0
LINE
5
10E0
330
C
100
AcDbEntity
8
0
100
AcDbLine
10
663.499
20
108.058
30
0
11
663.409
21
108.167
31
0
0
LINE
5
10E1
330
C
100
AcDbEntity
8
0
100
AcDbLine
10
663.409
20
108.167
30
0
11
663.324
21
108.282
31
0
0
LINE
5
10E2
330
C
100
AcDbEntity
8
0
100
AcDbLine
10
663.324
20
108.282
30
0
11
663.244
21
108.403
31
0
0
LINE
5
10E3
330
C
100
AcDbEntity
8
0
100
AcDbLine
10
663.244
20
108.403
30
0
11
663.169
21
108.529
31
0
0
LINE
5
10E4
330
C
100
AcDbEntity
8
0
100
AcDbLine
10
663.169
20
108.529
30
0
11
663.099
21
108.662
31
0
0
LINE
5
10E5
330
C
100
AcDbEntity
8
0
100
AcDbLine
10
663.099
20
108.662
30
0
11
663.034
21
108.8
31
0
0
LINE
5
10E6
330
C
100
AcDbEntity
8
0
100
AcDbLine
10
663.034
20
108.8
30
0
11
662.977
21
108.941
31
0
0
LINE
5
10E7
330
C
100
AcDbEntity
8
0
100
AcDbLine
10
662.977
20
108.941
30
0
11
662.926
21
109.087
31
0
0
LINE
5
10E8
330
C
100
AcDbEntity
8
0
100
AcDbLine
10
662.926
20
109.087
30
0
11
662.882
21
109.237
31
0
0
LINE
5
10E9
330
C
100
AcDbEntity
8
0
100
AcDbLine
10
662.882
20
109.237
30
0
11
662.845
21
109.391
31
0
0
LINE
5
10EA
330
C
100
AcDbEntity
8
0
100
AcDbLine
10
662.845
20
109.391
30
0
11
662.814
21
109.549
31
0
0
LINE
5
10EB
330
C
100
AcDbEntity
8
0
100
AcDbLine
10
662.814
20
109.549
30
0
11
662.79
21
109.711
31
0
0
LINE
5
10EC
330
C
100
AcDbEntity
8
0
100
AcDbLine
10
662.79
20
109.711
30
0
11
662.773
21
109.877
31
0
0
LINE
5
10ED
330
C
100
AcDbEntity
8
0
100
AcDbLine
10
662.773
20
109.877
30
0
11
662.763
21
110.048
31
0
0
LINE
5
10EE
330
C
100
AcDbEntity
8
0
100
AcDbLine
10
662.763
20
110.048
30
0
11
662.76
21
110.222
31
0
0
LINE
5
10EF
330
C
100
AcDbEntity
8
0
100
AcDbLine
10
662.76
20
110.222
30
0
11
662.76
21
110.222
31
0
0
LINE
5
10F0
330
C
100
AcDbEntity
8
0
100
AcDbLine
10
662.76
20
110.222
30
0
11
662.763
21
110.408
31
0
0
LINE
5
10F1
330
C
100
AcDbEntity
8
0
100
AcDbLine
10
662.763
20
110.408
30
0
11
662.773
21
110.588
31
0
0
LINE
5
10F2
330
C
100
AcDbEntity
8
0
100
AcDbLine
10
662.773
20
110.588
30
0
11
662.79
21
110.763
31
0
0
LINE
5
10F3
330
C
100
AcDbEntity
8
0
100
AcDbLine
10
662.79
20
110.763
30
0
11
662.814
21
110.933
31
0
0
LINE
5
10F4
330
C
100
AcDbEntity
8
0
100
AcDbLine
10
662.814
20
110.933
30
0
11
662.844
21
111.098
31
0
0
LINE
5
10F5
330
C
100
AcDbEntity
8
0
100
AcDbLine
10
662.844
20
111.098
30
0
11
662.881
21
111.257
31
0
0
LINE
5
10F6
330
C
100
AcDbEntity
8
0
100
AcDbLine
10
662.881
20
111.257
30
0
11
662.924
21
111.411
31
0
0
LINE
5
10F7
330
C
100
AcDbEntity
8
0
100
AcDbLine
10
662.924
20
111.411
30
0
11
662.975
21
111.56
31
0
0
LINE
5
10F8
330
C
100
AcDbEntity
8
0
100
AcDbLine
10
662.975
20
111.56
30
0
11
663.032
21
111.704
31
0
0
LINE
5
10F9
330
C
100
AcDbEntity
8
0
100
AcDbLine
10
663.032
20
111.704
30
0
11
663.096
21
111.842
31
0
0
LINE
5
10FA
330
C
100
AcDbEntity
8
0
100
AcDbLine
10
663.096
20
111.842
30
0
11
663.165
21
111.974
31
0
0
LINE
5
10FB
330
C
100
AcDbEntity
8
0
100
AcDbLine
10
663.165
20
111.974
30
0
11
663.24
21
112.101
31
0
0
LINE
5
10FC
330
C
100
AcDbEntity
8
0
100
AcDbLine
10
663.24
20
112.101
30
0
11
663.32
21
112.22
31
0
0
LINE
5
10FD
330
C
100
AcDbEntity
8
0
100
AcDbLine
10
663.32
20
112.22
30
0
11
663.404
21
112.334
31
0
0
LINE
5
10FE
330
C
100
AcDbEntity
8
0
100
AcDbLine
10
663.404
20
112.334
30
0
11
663.494
21
112.441
31
0
0
LINE
5
10FF
330
C
100
AcDbEntity
8
0
100
AcDbLine
10
663.494
20
112.441
30
0
11
663.589
21
112.542
31
0
0
LINE
5
1100
330
C
100
AcDbEntity
8
0
100
AcDbLine
10
663.589
20
112.542
30
0
11
663.688
21
112.637
31
0
0
LINE
5
1101
330
C
100
AcDbEntity
8
0
100
AcDbLine
10
663.688
20
112.637
30
0
11
663.793
21
112.725
31
0
0
LINE
5
1102
330
C
100
AcDbEntity
8
0
100
AcDbLine
10
663.793
20
112.725
30
0
11
663.902
21
112.807
31
0
0
LINE
5
1103
330
C
100
AcDbEntity
8
0
100
AcDbLine
10
663.902
20
112.807
30
0
11
664.017
21
112.883
31
0
0
LINE
5
1104
330
C
100
AcDbEntity
8
0
100
AcDbLine
10
664.017
20
112.883
30
0
11
664.135
21
112.952
31
0
0
LINE
5
1105
330
C
100
AcDbEntity
8
0
100
AcDbLine
10
664.135
20
112.952
30
0
11
664.257
21
113.014
31
0
0
LINE
5
1106
330
C
100
AcDbEntity
8
0
100
AcDbLine
10
664.257
20
113.014
30
0
11
664.383
21
113.068
31
0
0
LINE
5
1107
330
C
100
AcDbEntity
8
0
100
AcDbLine
10
664.383
20
113.068
30
0
11
664.511
21
113.115
31
0
0
LINE
5
1108
330
C
100
AcDbEntity
8
0
100
AcDbLine
10
664.511
20
113.115
30
0
11
664.643
21
113.155
31
0
0
LINE
5
1109
330
C
100
AcDbEntity
8
0
100
AcDbLine
10
664.643
20
113.155
30
0
11
664.778
21
113.188
31
0
0
LINE
5
110A
330
C
100
AcDbEntity
8
0
100
AcDbLine
10
664.778
20
113.188
30
0
11
664.917
21
113.213
31
0
0
LINE
5
110B
330
C
100
AcDbEntity
8
0
100
AcDbLine
10
664.917
20
113.213
30
0
11
665.058
21
113.231
31
0
0
LINE
5
110C
330
C
100
AcDbEntity
8
0
100
AcDbLine
10
665.058
20
113.231
30
0
11
665.203
21
113.242
31
0
0
LINE
5
110D
330
C
100
AcDbEntity
8
0
100
AcDbLine
10
665.203
20
113.242
30
0
11
665.352
21
113.246
31
0
0
LINE
5
110E
330
C
100
AcDbEntity
8
0
100
AcDbLine
10
665.352
20
113.246
30
0
11
665.352
21
113.246
31
0
0
LINE
5
110F
330
C
100
AcDbEntity
8
0
100
AcDbLine
10
665.352
20
113.246
30
0
11
665.481
21
113.243
31
0
0
LINE
5
1110
330
C
100
AcDbEntity
8
0
100
AcDbLine
10
665.481
20
113.243
30
0
11
665.606
21
113.235
31
0
0
LINE
5
1111
330
C
100
AcDbEntity
8
0
100
AcDbLine
10
665.606
20
113.235
30
0
11
665.727
21
113.222
31
0
0
LINE
5
1112
330
C
100
AcDbEntity
8
0
100
AcDbLine
10
665.727
20
113.222
30
0
11
665.844
21
113.204
31
0
0
LINE
5
1113
330
C
100
AcDbEntity
8
0
100
AcDbLine
10
665.844
20
113.204
30
0
11
665.958
21
113.18
31
0
0
LINE
5
1114
330
C
100
AcDbEntity
8
0
100
AcDbLine
10
665.958
20
113.18
30
0
11
666.067
21
113.151
31
0
0
LINE
5
1115
330
C
100
AcDbEntity
8
0
100
AcDbLine
10
666.067
20
113.151
30
0
11
666.173
21
113.117
31
0
0
LINE
5
1116
330
C
100
AcDbEntity
8
0
100
AcDbLine
10
666.173
20
113.117
30
0
11
666.275
21
113.077
31
0
0
LINE
5
1117
330
C
100
AcDbEntity
8
0
100
AcDbLine
10
666.275
20
113.077
30
0
11
666.373
21
113.032
31
0
0
LINE
5
1118
330
C
100
AcDbEntity
8
0
100
AcDbLine
10
666.373
20
113.032
30
0
11
666.468
21
112.982
31
0
0
LINE
5
1119
330
C
100
AcDbEntity
8
0
100
AcDbLine
10
666.468
20
112.982
30
0
11
666.558
21
112.927
31
0
0
LINE
5
111A
330
C
100
AcDbEntity
8
0
100
AcDbLine
10
666.558
20
112.927
30
0
11
666.645
21
112.869
31
0
0
LINE
5
111B
330
C
100
AcDbEntity
8
0
100
AcDbLine
10
666.645
20
112.869
30
0
11
666.729
21
112.807
31
0
0
LINE
5
111C
330
C
100
AcDbEntity
8
0
100
AcDbLine
10
666.729
20
112.807
30
0
11
666.809
21
112.741
31
0
0
LINE
5
111D
330
C
100
AcDbEntity
8
0
100
AcDbLine
10
666.809
20
112.741
30
0
11
666.885
21
112.671
31
0
0
LINE
5
111E
330
C
100
AcDbEntity
8
0
100
AcDbLine
10
666.885
20
112.671
30
0
11
666.957
21
112.598
31
0
0
LINE
5
111F
330
C
100
AcDbEntity
8
0
100
AcDbLine
10
666.957
20
112.598
30
0
11
667.026
21
112.521
31
0
0
LINE
5
1120
330
C
100
AcDbEntity
8
0
100
AcDbLine
10
667.026
20
112.521
30
0
11
667.092
21
112.441
31
0
0
LINE
5
1121
330
C
100
AcDbEntity
8
0
100
AcDbLine
10
667.092
20
112.441
30
0
11
667.154
21
112.356
31
0
0
LINE
5
1122
330
C
100
AcDbEntity
8
0
100
AcDbLine
10
667.154
20
112.356
30
0
11
667.212
21
112.268
31
0
0
LINE
5
1123
330
C
100
AcDbEntity
8
0
100
AcDbLine
10
667.212
20
112.268
30
0
11
667.266
21
112.177
31
0
0
LINE
5
1124
330
C
100
AcDbEntity
8
0
100
AcDbLine
10
667.266
20
112.177
30
0
11
667.318
21
112.083
31
0
0
LINE
5
1125
330
C
100
AcDbEntity
8
0
100
AcDbLine
10
667.318
20
112.083
30
0
11
667.366
21
111.987
31
0
0
LINE
5
1126
330
C
100
AcDbEntity
8
0
100
AcDbLine
10
667.366
20
111.987
30
0
11
667.41
21
111.889
31
0
0
LINE
5
1127
330
C
100
AcDbEntity
8
0
100
AcDbLine
10
667.41
20
111.889
30
0
11
667.451
21
111.789
31
0
0
LINE
5
1128
330
C
100
AcDbEntity
8
0
100
AcDbLine
10
667.451
20
111.789
30
0
11
667.489
21
111.686
31
0
0
LINE
5
1129
330
C
100
AcDbEntity
8
0
100
AcDbLine
10
667.489
20
111.686
30
0
11
667.523
21
111.581
31
0
0
LINE
5
112A
330
C
100
AcDbEntity
8
0
100
AcDbLine
10
667.523
20
111.581
30
0
11
667.554
21
111.473
31
0
0
LINE
5
112B
330
C
100
AcDbEntity
8
0
100
AcDbLine
10
667.554
20
111.473
30
0
11
667.581
21
111.363
31
0
0
LINE
5
112C
330
C
100
AcDbEntity
8
0
100
AcDbLine
10
667.581
20
111.363
30
0
11
667.605
21
111.251
31
0
0
LINE
5
112D
330
C
100
AcDbEntity
8
0
100
AcDbLine
10
667.605
20
111.251
30
0
11
667.625
21
111.137
31
0
0
LINE
5
112E
330
C
100
AcDbEntity
8
0
100
AcDbLine
10
667.625
20
111.137
30
0
11
667.643
21
111.023
31
0
0
LINE
5
112F
330
C
100
AcDbEntity
8
0
100
AcDbLine
10
667.643
20
111.023
30
0
11
667.657
21
110.907
31
0
0
LINE
5
1130
330
C
100
AcDbEntity
8
0
100
AcDbLine
10
667.657
20
110.907
30
0
11
667.668
21
110.791
31
0
0
LINE
5
1131
330
C
100
AcDbEntity
8
0
100
AcDbLine
10
667.668
20
110.791
30
0
11
667.676
21
110.674
31
0
0
LINE
5
1132
330
C
100
AcDbEntity
8
0
100
AcDbLine
10
667.676
20
110.674
30
0
11
667.681
21
110.557
31
0
0
LINE
5
1133
330
C
100
AcDbEntity
8
0
100
AcDbLine
10
667.681
20
110.557
30
0
11
667.682
21
110.438
31
0
0
LINE
5
1134
330
C
100
AcDbEntity
8
0
100
AcDbLine
10
667.682
20
110.438
30
0
11
667.681
21
110.319
31
0
0
LINE
5
1135
330
C
100
AcDbEntity
8
0
100
AcDbLine
10
667.681
20
110.319
30
0
11
667.676
21
110.199
31
0
0
LINE
5
1136
330
C
100
AcDbEntity
8
0
100
AcDbLine
10
667.676
20
110.199
30
0
11
667.668
21
110.078
31
0
0
LINE
5
1137
330
C
100
AcDbEntity
8
0
100
AcDbLine
10
667.668
20
110.078
30
0
11
667.668
21
110.078
31
0
0
LINE
5
1138
330
C
100
AcDbEntity
8
0
100
AcDbLine
10
667.668
20
110.078
30
0
11
663.516
21
110.078
31
0
0
LINE
5
1139
330
C
100
AcDbEntity
8
0
100
AcDbLine
10
663.516
20
110.078
30
0
11
663.516
21
110.654
31
0
0
LINE
5
113A
330
C
100
AcDbEntity
8
0
100
AcDbLine
10
663.516
20
110.654
30
0
11
667.05
21
110.654
31
0
0
LINE
5
113B
330
C
100
AcDbEntity
8
0
100
AcDbLine
10
667.05
20
110.654
30
0
11
666.774
21
110.474
31
0
0
LINE
5
113C
330
C
100
AcDbEntity
8
0
100
AcDbLine
10
666.774
20
110.474
30
0
11
666.777
21
110.545
31
0
0
LINE
5
113D
330
C
100
AcDbEntity
8
0
100
AcDbLine
10
666.777
20
110.545
30
0
11
666.778
21
110.616
31
0
0
LINE
5
113E
330
C
100
AcDbEntity
8
0
100
AcDbLine
10
666.778
20
110.616
30
0
11
666.778
21
110.686
31
0
0
LINE
5
113F
330
C
100
AcDbEntity
8
0
100
AcDbLine
10
666.778
20
110.686
30
0
11
666.776
21
110.757
31
0
0
LINE
5
1140
330
C
100
AcDbEntity
8
0
100
AcDbLine
10
666.776
20
110.757
30
0
11
666.773
21
110.828
31
0
0
LINE
5
1141
330
C
100
AcDbEntity
8
0
100
AcDbLine
10
666.773
20
110.828
30
0
11
666.768
21
110.899
31
0
0
LINE
5
1142
330
C
100
AcDbEntity
8
0
100
AcDbLine
10
666.768
20
110.899
30
0
11
666.762
21
110.97
31
0
0
LINE
5
1143
330
C
100
AcDbEntity
8
0
100
AcDbLine
10
666.762
20
110.97
30
0
11
666.755
21
111.04
31
0
0
LINE
5
1144
330
C
100
AcDbEntity
8
0
100
AcDbLine
10
666.755
20
111.04
30
0
11
666.745
21
111.111
31
0
0
LINE
5
1145
330
C
100
AcDbEntity
8
0
100
AcDbLine
10
666.745
20
111.111
30
0
11
666.735
21
111.182
31
0
0
LINE
5
1146
330
C
100
AcDbEntity
8
0
100
AcDbLine
10
666.735
20
111.182
30
0
11
666.722
21
111.252
31
0
0
LINE
5
1147
330
C
100
AcDbEntity
8
0
100
AcDbLine
10
666.722
20
111.252
30
0
11
666.708
21
111.321
31
0
0
LINE
5
1148
330
C
100
AcDbEntity
8
0
100
AcDbLine
10
666.708
20
111.321
30
0
11
666.692
21
111.389
31
0
0
LINE
5
1149
330
C
100
AcDbEntity
8
0
100
AcDbLine
10
666.692
20
111.389
30
0
11
666.673
21
111.456
31
0
0
LINE
5
114A
330
C
100
AcDbEntity
8
0
100
AcDbLine
10
666.673
20
111.456
30
0
11
666.653
21
111.522
31
0
0
LINE
5
114B
330
C
100
AcDbEntity
8
0
100
AcDbLine
10
666.653
20
111.522
30
0
11
666.631
21
111.586
31
0
0
LINE
5
114C
330
C
100
AcDbEntity
8
0
100
AcDbLine
10
666.631
20
111.586
30
0
11
666.606
21
111.65
31
0
0
LINE
5
114D
330
C
100
AcDbEntity
8
0
100
AcDbLine
10
666.606
20
111.65
30
0
11
666.58
21
111.712
31
0
0
LINE
5
114E
330
C
100
AcDbEntity
8
0
100
AcDbLine
10
666.58
20
111.712
30
0
11
666.552
21
111.773
31
0
0
LINE
5
114F
330
C
100
AcDbEntity
8
0
100
AcDbLine
10
666.552
20
111.773
30
0
11
666.522
21
111.833
31
0
0
LINE
5
1150
330
C
100
AcDbEntity
8
0
100
AcDbLine
10
666.522
20
111.833
30
0
11
666.489
21
111.891
31
0
0
LINE
5
1151
330
C
100
AcDbEntity
8
0
100
AcDbLine
10
666.489
20
111.891
30
0
11
666.454
21
111.947
31
0
0
LINE
5
1152
330
C
100
AcDbEntity
8
0
100
AcDbLine
10
666.454
20
111.947
30
0
11
666.417
21
112.001
31
0
0
LINE
5
1153
330
C
100
AcDbEntity
8
0
100
AcDbLine
10
666.417
20
112.001
30
0
11
666.377
21
112.052
31
0
0
LINE
5
1154
330
C
100
AcDbEntity
8
0
100
AcDbLine
10
666.377
20
112.052
30
0
11
666.334
21
112.101
31
0
0
LINE
5
1155
330
C
100
AcDbEntity
8
0
100
AcDbLine
10
666.334
20
112.101
30
0
11
666.289
21
112.147
31
0
0
LINE
5
1156
330
C
100
AcDbEntity
8
0
100
AcDbLine
10
666.289
20
112.147
30
0
11
666.242
21
112.191
31
0
0
LINE
5
1157
330
C
100
AcDbEntity
8
0
100
AcDbLine
10
666.242
20
112.191
30
0
11
666.192
21
112.233
31
0
0
LINE
5
1158
330
C
100
AcDbEntity
8
0
100
AcDbLine
10
666.192
20
112.233
30
0
11
666.139
21
112.273
31
0
0
LINE
5
1159
330
C
100
AcDbEntity
8
0
100
AcDbLine
10
666.139
20
112.273
30
0
11
666.084
21
112.31
31
0
0
LINE
5
115A
330
C
100
AcDbEntity
8
0
100
AcDbLine
10
666.084
20
112.31
30
0
11
666.026
21
112.344
31
0
0
LINE
5
115B
330
C
100
AcDbEntity
8
0
100
AcDbLine
10
666.026
20
112.344
30
0
11
665.965
21
112.375
31
0
0
LINE
5
115C
330
C
100
AcDbEntity
8
0
100
AcDbLine
10
665.965
20
112.375
30
0
11
665.901
21
112.402
31
0
0
LINE
5
115D
330
C
100
AcDbEntity
8
0
100
AcDbLine
10
665.901
20
112.402
30
0
11
665.833
21
112.425
31
0
0
LINE
5
115E
330
C
100
AcDbEntity
8
0
100
AcDbLine
10
665.833
20
112.425
30
0
11
665.763
21
112.445
31
0
0
LINE
5
115F
330
C
100
AcDbEntity
8
0
100
AcDbLine
10
665.763
20
112.445
30
0
11
665.689
21
112.461
31
0
0
LINE
5
1160
330
C
100
AcDbEntity
8
0
100
AcDbLine
10
665.689
20
112.461
30
0
11
665.613
21
112.474
31
0
0
LINE
5
1161
330
C
100
AcDbEntity
8
0
100
AcDbLine
10
665.613
20
112.474
30
0
11
665.533
21
112.483
31
0
0
LINE
5
1162
330
C
100
AcDbEntity
8
0
100
AcDbLine
10
665.533
20
112.483
30
0
11
665.45
21
112.488
31
0
0
LINE
5
1163
330
C
100
AcDbEntity
8
0
100
AcDbLine
10
665.45
20
112.488
30
0
11
665.364
21
112.49
31
0
0
LINE
5
1164
330
C
100
AcDbEntity
8
0
100
AcDbLine
10
665.364
20
112.49
30
0
11
665.364
21
112.49
31
0
0
LINE
5
1165
330
C
100
AcDbEntity
8
0
100
AcDbLine
10
665.364
20
112.49
30
0
11
665.255
21
112.487
31
0
0
LINE
5
1166
330
C
100
AcDbEntity
8
0
100
AcDbLine
10
665.255
20
112.487
30
0
11
665.15
21
112.479
31
0
0
LINE
5
1167
330
C
100
AcDbEntity
8
0
100
AcDbLine
10
665.15
20
112.479
30
0
11
665.049
21
112.465
31
0
0
LINE
5
1168
330
C
100
AcDbEntity
8
0
100
AcDbLine
10
665.049
20
112.465
30
0
11
664.951
21
112.445
31
0
0
LINE
5
1169
330
C
100
AcDbEntity
8
0
100
AcDbLine
10
664.951
20
112.445
30
0
11
664.857
21
112.419
31
0
0
LINE
5
116A
330
C
100
AcDbEntity
8
0
100
AcDbLine
10
664.857
20
112.419
30
0
11
664.766
21
112.388
31
0
0
LINE
5
116B
330
C
100
AcDbEntity
8
0
100
AcDbLine
10
664.766
20
112.388
30
0
11
664.679
21
112.352
31
0
0
LINE
5
116C
330
C
100
AcDbEntity
8
0
100
AcDbLine
10
664.679
20
112.352
30
0
11
664.596
21
112.31
31
0
0
LINE
5
116D
330
C
100
AcDbEntity
8
0
100
AcDbLine
10
664.596
20
112.31
30
0
11
664.516
21
112.262
31
0
0
LINE
5
116E
330
C
100
AcDbEntity
8
0
100
AcDbLine
10
664.516
20
112.262
30
0
11
664.44
21
112.208
31
0
0
LINE
5
116F
330
C
100
AcDbEntity
8
0
100
AcDbLine
10
664.44
20
112.208
30
0
11
664.367
21
112.15
31
0
0
LINE
5
1170
330
C
100
AcDbEntity
8
0
100
AcDbLine
10
664.367
20
112.15
30
0
11
664.298
21
112.088
31
0
0
LINE
5
1171
330
C
100
AcDbEntity
8
0
100
AcDbLine
10
664.298
20
112.088
30
0
11
664.233
21
112.023
31
0
0
LINE
5
1172
330
C
100
AcDbEntity
8
0
100
AcDbLine
10
664.233
20
112.023
30
0
11
664.172
21
111.954
31
0
0
LINE
5
1173
330
C
100
AcDbEntity
8
0
100
AcDbLine
10
664.172
20
111.954
30
0
11
664.114
21
111.882
31
0
0
LINE
5
1174
330
C
100
AcDbEntity
8
0
100
AcDbLine
10
664.114
20
111.882
30
0
11
664.06
21
111.806
31
0
0
LINE
5
1175
330
C
100
AcDbEntity
8
0
100
AcDbLine
10
664.06
20
111.806
30
0
11
664.01
21
111.726
31
0
0
LINE
5
1176
330
C
100
AcDbEntity
8
0
100
AcDbLine
10
664.01
20
111.726
30
0
11
663.964
21
111.644
31
0
0
LINE
5
1177
330
C
100
AcDbEntity
8
0
100
AcDbLine
10
663.964
20
111.644
30
0
11
663.921
21
111.557
31
0
0
LINE
5
1178
330
C
100
AcDbEntity
8
0
100
AcDbLine
10
663.921
20
111.557
30
0
11
663.882
21
111.467
31
0
0
LINE
5
1179
330
C
100
AcDbEntity
8
0
100
AcDbLine
10
663.882
20
111.467
30
0
11
663.846
21
111.374
31
0
0
LINE
5
117A
330
C
100
AcDbEntity
8
0
100
AcDbLine
10
663.846
20
111.374
30
0
11
663.815
21
111.28
31
0
0
LINE
5
117B
330
C
100
AcDbEntity
8
0
100
AcDbLine
10
663.815
20
111.28
30
0
11
663.787
21
111.185
31
0
0
LINE
5
117C
330
C
100
AcDbEntity
8
0
100
AcDbLine
10
663.787
20
111.185
30
0
11
663.763
21
111.088
31
0
0
LINE
5
117D
330
C
100
AcDbEntity
8
0
100
AcDbLine
10
663.763
20
111.088
30
0
11
663.742
21
110.989
31
0
0
LINE
5
117E
330
C
100
AcDbEntity
8
0
100
AcDbLine
10
663.742
20
110.989
30
0
11
663.726
21
110.889
31
0
0
LINE
5
117F
330
C
100
AcDbEntity
8
0
100
AcDbLine
10
663.726
20
110.889
30
0
11
663.712
21
110.788
31
0
0
LINE
5
1180
330
C
100
AcDbEntity
8
0
100
AcDbLine
10
663.712
20
110.788
30
0
11
663.703
21
110.685
31
0
0
LINE
5
1181
330
C
100
AcDbEntity
8
0
100
AcDbLine
10
663.703
20
110.685
30
0
11
663.698
21
110.58
31
0
0
LINE
5
1182
330
C
100
AcDbEntity
8
0
100
AcDbLine
10
663.698
20
110.58
30
0
11
663.696
21
110.474
31
0
0
LINE
5
1183
330
C
100
AcDbEntity
8
0
100
AcDbLine
10
663.696
20
110.474
30
0
11
663.696
21
110.474
31
0
0
LINE
5
1184
330
C
100
AcDbEntity
8
0
100
AcDbLine
10
663.696
20
110.474
30
0
11
663.696
21
110.09
31
0
0
LINE
5
1185
330
C
100
AcDbEntity
8
0
100
AcDbLine
10
663.696
20
110.09
30
0
11
663.698
21
109.971
31
0
0
LINE
5
1186
330
C
100
AcDbEntity
8
0
100
AcDbLine
10
663.698
20
109.971
30
0
11
663.703
21
109.855
31
0
0
LINE
5
1187
330
C
100
AcDbEntity
8
0
100
AcDbLine
10
663.703
20
109.855
30
0
11
663.712
21
109.741
31
0
0
LINE
5
1188
330
C
100
AcDbEntity
8
0
100
AcDbLine
10
663.712
20
109.741
30
0
11
663.725
21
109.63
31
0
0
LINE
5
1189
330
C
100
AcDbEntity
8
0
100
AcDbLine
10
663.725
20
109.63
30
0
11
663.742
21
109.522
31
0
0
LINE
5
118A
330
C
100
AcDbEntity
8
0
100
AcDbLine
10
663.742
20
109.522
30
0
11
663.762
21
109.415
31
0
0
LINE
5
118B
330
C
100
AcDbEntity
8
0
100
AcDbLine
10
663.762
20
109.415
30
0
11
663.785
21
109.312
31
0
0
LINE
5
118C
330
C
100
AcDbEntity
8
0
100
AcDbLine
10
663.785
20
109.312
30
0
11
663.813
21
109.211
31
0
0
LINE
5
118D
330
C
100
AcDbEntity
8
0
100
AcDbLine
10
663.813
20
109.211
30
0
11
663.844
21
109.112
31
0
0
LINE
5
118E
330
C
100
AcDbEntity
8
0
100
AcDbLine
10
663.844
20
109.112
30
0
11
663.879
21
109.016
31
0
0
LINE
5
118F
330
C
100
AcDbEntity
8
0
100
AcDbLine
10
663.879
20
109.016
30
0
11
663.917
21
108.923
31
0
0
LINE
5
1190
330
C
100
AcDbEntity
8
0
100
AcDbLine
10
663.917
20
108.923
30
0
11
663.959
21
108.834
31
0
0
LINE
5
1191
330
C
100
AcDbEntity
8
0
100
AcDbLine
10
663.959
20
108.834
30
0
11
664.005
21
108.749
31
0
0
LINE
5
1192
330
C
100
AcDbEntity
8
0
100
AcDbLine
10
664.005
20
108.749
30
0
11
664.054
21
108.668
31
0
0
LINE
5
1193
330
C
100
AcDbEntity
8
0
100
AcDbLine
10
664.054
20
108.668
30
0
11
664.108
21
108.591
31
0
0
LINE
5
1194
330
C
100
AcDbEntity
8
0
100
AcDbLine
10
664.108
20
108.591
30
0
11
664.164
21
108.518
31
0
0
LINE
5
1195
330
C
100
AcDbEntity
8
0
100
AcDbLine
10
664.164
20
108.518
30
0
11
664.225
21
108.449
31
0
0
LINE
5
1196
330
C
100
AcDbEntity
8
0
100
AcDbLine
10
664.225
20
108.449
30
0
11
664.289
21
108.384
31
0
0
LINE
5
1197
330
C
100
AcDbEntity
8
0
100
AcDbLine
10
664.289
20
108.384
30
0
11
664.356
21
108.323
31
0
0
LINE
5
1198
330
C
100
AcDbEntity
8
0
100
AcDbLine
10
664.356
20
108.323
30
0
11
664.428
21
108.266
31
0
0
LINE
5
1199
330
C
100
AcDbEntity
8
0
100
AcDbLine
10
664.428
20
108.266
30
0
11
664.503
21
108.214
31
0
0
LINE
5
119A
330
C
100
AcDbEntity
8
0
100
AcDbLine
10
664.503
20
108.214
30
0
11
664.582
21
108.167
31
0
0
LINE
5
119B
330
C
100
AcDbEntity
8
0
100
AcDbLine
10
664.582
20
108.167
30
0
11
664.665
21
108.125
31
0
0
LINE
5
119C
330
C
100
AcDbEntity
8
0
100
AcDbLine
10
664.665
20
108.125
30
0
11
664.751
21
108.089
31
0
0
LINE
5
119D
330
C
100
AcDbEntity
8
0
100
AcDbLine
10
664.751
20
108.089
30
0
11
664.842
21
108.059
31
0
0
LINE
5
119E
330
C
100
AcDbEntity
8
0
100
AcDbLine
10
664.842
20
108.059
30
0
11
664.936
21
108.034
31
0
0
LINE
5
119F
330
C
100
AcDbEntity
8
0
100
AcDbLine
10
664.936
20
108.034
30
0
11
665.034
21
108.015
31
0
0
LINE
5
11A0
330
C
100
AcDbEntity
8
0
100
AcDbLine
10
665.034
20
108.015
30
0
11
665.136
21
108.001
31
0
0
LINE
5
11A1
330
C
100
AcDbEntity
8
0
100
AcDbLine
10
665.136
20
108.001
30
0
11
665.242
21
107.993
31
0
0
LINE
5
11A2
330
C
100
AcDbEntity
8
0
100
AcDbLine
10
665.242
20
107.993
30
0
11
665.352
21
107.99
31
0
0
LINE
5
11A3
330
C
100
AcDbEntity
8
0
100
AcDbLine
10
665.352
20
107.99
30
0
11
665.352
21
107.99
31
0
0
LINE
5
11A4
330
C
100
AcDbEntity
8
0
100
AcDbLine
10
665.352
20
107.99
30
0
11
665.461
21
107.993
31
0
0
LINE
5
11A5
330
C
100
AcDbEntity
8
0
100
AcDbLine
10
665.461
20
107.993
30
0
11
665.567
21
108.001
31
0
0
LINE
5
11A6
330
C
100
AcDbEntity
8
0
100
AcDbLine
10
665.567
20
108.001
30
0
11
665.669
21
108.014
31
0
0
LINE
5
11A7
330
C
100
AcDbEntity
8
0
100
AcDbLine
10
665.669
20
108.014
30
0
11
665.766
21
108.033
31
0
0
LINE
5
11A8
330
C
100
AcDbEntity
8
0
100
AcDbLine
10
665.766
20
108.033
30
0
11
665.86
21
108.058
31
0
0
LINE
5
11A9
330
C
100
AcDbEntity
8
0
100
AcDbLine
10
665.86
20
108.058
30
0
11
665.95
21
108.087
31
0
0
LINE
5
11AA
330
C
100
AcDbEntity
8
0
100
AcDbLine
10
665.95
20
108.087
30
0
11
666.036
21
108.122
31
0
0
LINE
5
11AB
330
C
100
AcDbEntity
8
0
100
AcDbLine
10
666.036
20
108.122
30
0
11
666.118
21
108.163
31
0
0
LINE
5
11AC
330
C
100
AcDbEntity
8
0
100
AcDbLine
10
666.118
20
108.163
30
0
11
666.196
21
108.209
31
0
0
LINE
5
11AD
330
C
100
AcDbEntity
8
0
100
AcDbLine
10
666.196
20
108.209
30
0
11
666.27
21
108.26
31
0
0
LINE
5
11AE
330
C
100
AcDbEntity
8
0
100
AcDbLine
10
666.27
20
108.26
30
0
11
666.339
21
108.317
31
0
0
LINE
5
11AF
330
C
100
AcDbEntity
8
0
100
AcDbLine
10
666.339
20
108.317
30
0
11
666.402
21
108.378
31
0
0
LINE
5
11B0
330
C
100
AcDbEntity
8
0
100
AcDbLine
10
666.402
20
108.378
30
0
11
666.46
21
108.445
31
0
0
LINE
5
11B1
330
C
100
AcDbEntity
8
0
100
AcDbLine
10
666.46
20
108.445
30
0
11
666.513
21
108.517
31
0
0
LINE
5
11B2
330
C
100
AcDbEntity
8
0
100
AcDbLine
10
666.513
20
108.517
30
0
11
666.559
21
108.594
31
0
0
LINE
5
11B3
330
C
100
AcDbEntity
8
0
100
AcDbLine
10
666.559
20
108.594
30
0
11
666.6
21
108.677
31
0
0
LINE
5
11B4
330
C
100
AcDbEntity
8
0
100
AcDbLine
10
666.6
20
108.677
30
0
11
666.636
21
108.764
31
0
0
LINE
5
11B5
330
C
100
AcDbEntity
8
0
100
AcDbLine
10
666.636
20
108.764
30
0
11
666.665
21
108.857
31
0
0
LINE
5
11B6
330
C
100
AcDbEntity
8
0
100
AcDbLine
10
666.665
20
108.857
30
0
11
666.689
21
108.955
31
0
0
LINE
5
11B7
330
C
100
AcDbEntity
8
0
100
AcDbLine
10
666.689
20
108.955
30
0
11
666.708
21
109.058
31
0
0
LINE
5
11B8
330
C
100
AcDbEntity
8
0
100
AcDbLine
10
666.708
20
109.058
30
0
11
666.708
21
109.058
31
0
0
LINE
5
11B9
330
C
100
AcDbEntity
8
0
100
AcDbLine
10
666.708
20
109.058
30
0
11
667.68
21
109.058
31
0
0
LINE
5
11BA
330
C
100
AcDbEntity
8
0
100
AcDbLine
10
667.68
20
109.058
30
0
11
667.659
21
108.946
31
0
0
LINE
5
11BB
330
C
100
AcDbEntity
8
0
100
AcDbLine
10
667.659
20
108.946
30
0
11
667.635
21
108.836
31
0
0
LINE
5
11BC
330
C
100
AcDbEntity
8
0
100
AcDbLine
10
667.635
20
108.836
30
0
11
667.605
21
108.73
31
0
0
LINE
5
11BD
330
C
100
AcDbEntity
8
0
100
AcDbLine
10
667.605
20
108.73
30
0
11
667.571
21
108.627
31
0
0
LINE
5
11BE
330
C
100
AcDbEntity
8
0
100
AcDbLine
10
667.571
20
108.627
30
0
11
667.533
21
108.528
31
0
0
LINE
5
11BF
330
C
100
AcDbEntity
8
0
100
AcDbLine
10
667.533
20
108.528
30
0
11
667.49
21
108.431
31
0
0
LINE
5
11C0
330
C
100
AcDbEntity
8
0
100
AcDbLine
10
667.49
20
108.431
30
0
11
667.442
21
108.338
31
0
0
LINE
5
11C1
330
C
100
AcDbEntity
8
0
100
AcDbLine
10
667.442
20
108.338
30
0
11
667.39
21
108.248
31
0
0
LINE
5
11C2
330
C
100
AcDbEntity
8
0
100
AcDbLine
10
667.39
20
108.248
30
0
11
667.333
21
108.161
31
0
0
LINE
5
11C3
330
C
100
AcDbEntity
8
0
100
AcDbLine
10
667.333
20
108.161
30
0
11
667.272
21
108.077
31
0
0
LINE
5
11C4
330
C
100
AcDbEntity
8
0
100
AcDbLine
10
667.272
20
108.077
30
0
11
667.206
21
107.997
31
0
0
LINE
5
11C5
330
C
100
AcDbEntity
8
0
100
AcDbLine
10
667.206
20
107.997
30
0
11
667.138
21
107.92
31
0
0
LINE
5
11C6
330
C
100
AcDbEntity
8
0
100
AcDbLine
10
667.138
20
107.92
30
0
11
667.065
21
107.847
31
0
0
LINE
5
11C7
330
C
100
AcDbEntity
8
0
100
AcDbLine
10
667.065
20
107.847
30
0
11
666.99
21
107.778
31
0
0
LINE
5
11C8
330
C
100
AcDbEntity
8
0
100
AcDbLine
10
666.99
20
107.778
30
0
11
666.91
21
107.713
31
0
0
LINE
5
11C9
330
C
100
AcDbEntity
8
0
100
AcDbLine
10
666.91
20
107.713
30
0
11
666.828
21
107.652
31
0
0
LINE
5
11CA
330
C
100
AcDbEntity
8
0
100
AcDbLine
10
666.828
20
107.652
30
0
11
666.741
21
107.594
31
0
0
LINE
5
11CB
330
C
100
AcDbEntity
8
0
100
AcDbLine
10
666.741
20
107.594
30
0
11
666.652
21
107.54
31
0
0
LINE
5
11CC
330
C
100
AcDbEntity
8
0
100
AcDbLine
10
666.652
20
107.54
30
0
11
666.558
21
107.49
31
0
0
LINE
5
11CD
330
C
100
AcDbEntity
8
0
100
AcDbLine
10
666.558
20
107.49
30
0
11
666.462
21
107.444
31
0
0
LINE
5
11CE
330
C
100
AcDbEntity
8
0
100
AcDbLine
10
666.462
20
107.444
30
0
11
666.362
21
107.402
31
0
0
LINE
5
11CF
330
C
100
AcDbEntity
8
0
100
AcDbLine
10
666.362
20
107.402
30
0
11
666.26
21
107.364
31
0
0
LINE
5
11D0
330
C
100
AcDbEntity
8
0
100
AcDbLine
10
666.26
20
107.364
30
0
11
666.155
21
107.331
31
0
0
LINE
5
11D1
330
C
100
AcDbEntity
8
0
100
AcDbLine
10
666.155
20
107.331
30
0
11
666.048
21
107.302
31
0
0
LINE
5
11D2
330
C
100
AcDbEntity
8
0
100
AcDbLine
10
666.048
20
107.302
30
0
11
665.938
21
107.278
31
0
0
LINE
5
11D3
330
C
100
AcDbEntity
8
0
100
AcDbLine
10
665.938
20
107.278
30
0
11
665.826
21
107.258
31
0
0
LINE
5
11D4
330
C
100
AcDbEntity
8
0
100
AcDbLine
10
665.826
20
107.258
30
0
11
665.711
21
107.242
31
0
0
LINE
5
11D5
330
C
100
AcDbEntity
8
0
100
AcDbLine
10
665.711
20
107.242
30
0
11
665.594
21
107.231
31
0
0
LINE
5
11D6
330
C
100
AcDbEntity
8
0
100
AcDbLine
10
665.594
20
107.231
30
0
11
665.474
21
107.224
31
0
0
LINE
5
11D7
330
C
100
AcDbEntity
8
0
100
AcDbLine
10
665.474
20
107.224
30
0
11
665.352
21
107.222
31
0
0
LINE
5
11D8
330
C
100
AcDbEntity
8
0
100
AcDbLine
10
665.352
20
107.222
30
0
11
665.352
21
107.222
31
0
0
LINE
5
11D9
330
C
100
AcDbEntity
8
0
100
AcDbLine
10
671.874
20
107.222
30
0
11
671.874
21
107.222
31
0
0
LINE
5
11DA
330
C
100
AcDbEntity
8
0
100
AcDbLine
10
671.874
20
107.222
30
0
11
671.761
21
107.224
31
0
0
LINE
5
11DB
330
C
100
AcDbEntity
8
0
100
AcDbLine
10
671.761
20
107.224
30
0
11
671.65
21
107.228
31
0
0
LINE
5
11DC
330
C
100
AcDbEntity
8
0
100
AcDbLine
10
671.65
20
107.228
30
0
11
671.539
21
107.236
31
0
0
LINE
5
11DD
330
C
100
AcDbEntity
8
0
100
AcDbLine
10
671.539
20
107.236
30
0
11
671.429
21
107.247
31
0
0
LINE
5
11DE
330
C
100
AcDbEntity
8
0
100
AcDbLine
10
671.429
20
107.247
30
0
11
671.32
21
107.262
31
0
0
LINE
5
11DF
330
C
100
AcDbEntity
8
0
100
AcDbLine
10
671.32
20
107.262
30
0
11
671.211
21
107.279
31
0
0
LINE
5
11E0
330
C
100
AcDbEntity
8
0
100
AcDbLine
10
671.211
20
107.279
30
0
11
671.103
21
107.3
31
0
0
LINE
5
11E1
330
C
100
AcDbEntity
8
0
100
AcDbLine
10
671.103
20
107.3
30
0
11
670.996
21
107.324
31
0
0
LINE
5
11E2
330
C
100
AcDbEntity
8
0
100
AcDbLine
10
670.996
20
107.324
30
0
11
670.89
21
107.351
31
0
0
LINE
5
11E3
330
C
100
AcDbEntity
8
0
100
AcDbLine
10
670.89
20
107.351
30
0
11
670.785
21
107.381
31
0
0
LINE
5
11E4
330
C
100
AcDbEntity
8
0
100
AcDbLine
10
670.785
20
107.381
30
0
11
670.681
21
107.414
31
0
0
LINE
5
11E5
330
C
100
AcDbEntity
8
0
100
AcDbLine
10
670.681
20
107.414
30
0
11
670.579
21
107.451
31
0
0
LINE
5
11E6
330
C
100
AcDbEntity
8
0
100
AcDbLine
10
670.579
20
107.451
30
0
11
670.479
21
107.49
31
0
0
LINE
5
11E7
330
C
100
AcDbEntity
8
0
100
AcDbLine
10
670.479
20
107.49
30
0
11
670.382
21
107.532
31
0
0
LINE
5
11E8
330
C
100
AcDbEntity
8
0
100
AcDbLine
10
670.382
20
107.532
30
0
11
670.287
21
107.578
31
0
0
LINE
5
11E9
330
C
100
AcDbEntity
8
0
100
AcDbLine
10
670.287
20
107.578
30
0
11
670.194
21
107.626
31
0
0
LINE
5
11EA
330
C
100
AcDbEntity
8
0
100
AcDbLine
10
670.194
20
107.626
30
0
11
670.103
21
107.677
31
0
0
LINE
5
11EB
330
C
100
AcDbEntity
8
0
100
AcDbLine
10
670.103
20
107.677
30
0
11
670.014
21
107.731
31
0
0
LINE
5
11EC
330
C
100
AcDbEntity
8
0
100
AcDbLine
10
670.014
20
107.731
30
0
11
669.927
21
107.789
31
0
0
LINE
5
11ED
330
C
100
AcDbEntity
8
0
100
AcDbLine
10
669.927
20
107.789
30
0
11
669.843
21
107.849
31
0
0
LINE
5
11EE
330
C
100
AcDbEntity
8
0
100
AcDbLine
10
669.843
20
107.849
30
0
11
669.761
21
107.912
31
0
0
LINE
5
11EF
330
C
100
AcDbEntity
8
0
100
AcDbLine
10
669.761
20
107.912
30
0
11
669.683
21
107.978
31
0
0
LINE
5
11F0
330
C
100
AcDbEntity
8
0
100
AcDbLine
10
669.683
20
107.978
30
0
11
669.608
21
108.048
31
0
0
LINE
5
11F1
330
C
100
AcDbEntity
8
0
100
AcDbLine
10
669.608
20
108.048
30
0
11
669.537
21
108.12
31
0
0
LINE
5
11F2
330
C
100
AcDbEntity
8
0
100
AcDbLine
10
669.537
20
108.12
30
0
11
669.47
21
108.195
31
0
0
LINE
5
11F3
330
C
100
AcDbEntity
8
0
100
AcDbLine
10
669.47
20
108.195
30
0
11
669.406
21
108.273
31
0
0
LINE
5
11F4
330
C
100
AcDbEntity
8
0
100
AcDbLine
10
669.406
20
108.273
30
0
11
669.346
21
108.354
31
0
0
LINE
5
11F5
330
C
100
AcDbEntity
8
0
100
AcDbLine
10
669.346
20
108.354
30
0
11
669.289
21
108.437
31
0
0
LINE
5
11F6
330
C
100
AcDbEntity
8
0
100
AcDbLine
10
669.289
20
108.437
30
0
11
669.236
21
108.524
31
0
0
LINE
5
11F7
330
C
100
AcDbEntity
8
0
100
AcDbLine
10
669.236
20
108.524
30
0
11
669.186
21
108.614
31
0
0
LINE
5
11F8
330
C
100
AcDbEntity
8
0
100
AcDbLine
10
669.186
20
108.614
30
0
11
669.14
21
108.707
31
0
0
LINE
5
11F9
330
C
100
AcDbEntity
8
0
100
AcDbLine
10
669.14
20
108.707
30
0
11
669.099
21
108.802
31
0
0
LINE
5
11FA
330
C
100
AcDbEntity
8
0
100
AcDbLine
10
669.099
20
108.802
30
0
11
669.063
21
108.901
31
0
0
LINE
5
11FB
330
C
100
AcDbEntity
8
0
100
AcDbLine
10
669.063
20
108.901
30
0
11
669.032
21
109.002
31
0
0
LINE
5
11FC
330
C
100
AcDbEntity
8
0
100
AcDbLine
10
669.032
20
109.002
30
0
11
669.006
21
109.106
31
0
0
LINE
5
11FD
330
C
100
AcDbEntity
8
0
100
AcDbLine
10
669.006
20
109.106
30
0
11
668.984
21
109.213
31
0
0
LINE
5
11FE
330
C
100
AcDbEntity
8
0
100
AcDbLine
10
668.984
20
109.213
30
0
11
668.967
21
109.323
31
0
0
LINE
5
11FF
330
C
100
AcDbEntity
8
0
100
AcDbLine
10
668.967
20
109.323
30
0
11
668.955
21
109.436
31
0
0
LINE
5
1200
330
C
100
AcDbEntity
8
0
100
AcDbLine
10
668.955
20
109.436
30
0
11
668.948
21
109.551
31
0
0
LINE
5
1201
330
C
100
AcDbEntity
8
0
100
AcDbLine
10
668.948
20
109.551
30
0
11
668.946
21
109.67
31
0
0
LINE
5
1202
330
C
100
AcDbEntity
8
0
100
AcDbLine
10
668.946
20
109.67
30
0
11
668.946
21
109.67
31
0
0
LINE
5
1203
330
C
100
AcDbEntity
8
0
100
AcDbLine
10
668.946
20
109.67
30
0
11
669.906
21
109.67
31
0
0
LINE
5
1204
330
C
100
AcDbEntity
8
0
100
AcDbLine
10
669.906
20
109.67
30
0
11
669.911
21
109.568
31
0
0
LINE
5
1205
330
C
100
AcDbEntity
8
0
100
AcDbLine
10
669.911
20
109.568
30
0
11
669.921
21
109.47
31
0
0
LINE
5
1206
330
C
100
AcDbEntity
8
0
100
AcDbLine
10
669.921
20
109.47
30
0
11
669.936
21
109.375
31
0
0
LINE
5
1207
330
C
100
AcDbEntity
8
0
100
AcDbLine
10
669.936
20
109.375
30
0
11
669.956
21
109.283
31
0
0
LINE
5
1208
330
C
100
AcDbEntity
8
0
100
AcDbLine
10
669.956
20
109.283
30
0
11
669.981
21
109.195
31
0
0
LINE
5
1209
330
C
100
AcDbEntity
8
0
100
AcDbLine
10
669.981
20
109.195
30
0
11
670.011
21
109.109
31
0
0
LINE
5
120A
330
C
100
AcDbEntity
8
0
100
AcDbLine
10
670.011
20
109.109
30
0
11
670.046
21
109.027
31
0
0
LINE
5
120B
330
C
100
AcDbEntity
8
0
100
AcDbLine
10
670.046
20
109.027
30
0
11
670.086
21
108.948
31
0
0
LINE
5
120C
330
C
100
AcDbEntity
8
0
100
AcDbLine
10
670.086
20
108.948
30
0
11
670.131
21
108.872
31
0
0
LINE
5
120D
330
C
100
AcDbEntity
8
0
100
AcDbLine
10
670.131
20
108.872
30
0
11
670.182
21
108.8
31
0
0
LINE
5
120E
330
C
100
AcDbEntity
8
0
100
AcDbLine
10
670.182
20
108.8
30
0
11
670.236
21
108.731
31
0
0
LINE
5
120F
330
C
100
AcDbEntity
8
0
100
AcDbLine
10
670.236
20
108.731
30
0
11
670.294
21
108.665
31
0
0
LINE
5
1210
330
C
100
AcDbEntity
8
0
100
AcDbLine
10
670.294
20
108.665
30
0
11
670.356
21
108.603
31
0
0
LINE
5
1211
330
C
100
AcDbEntity
8
0
100
AcDbLine
10
670.356
20
108.603
30
0
11
670.421
21
108.545
31
0
0
LINE
5
1212
330
C
100
AcDbEntity
8
0
100
AcDbLine
10
670.421
20
108.545
30
0
11
670.49
21
108.49
31
0
0
LINE
5
1213
330
C
100
AcDbEntity
8
0
100
AcDbLine
10
670.49
20
108.49
30
0
11
670.562
21
108.438
31
0
0
LINE
5
1214
330
C
100
AcDbEntity
8
0
100
AcDbLine
10
670.562
20
108.438
30
0
11
670.638
21
108.39
31
0
0
LINE
5
1215
330
C
100
AcDbEntity
8
0
100
AcDbLine
10
670.638
20
108.39
30
0
11
670.717
21
108.345
31
0
0
LINE
5
1216
330
C
100
AcDbEntity
8
0
100
AcDbLine
10
670.717
20
108.345
30
0
11
670.8
21
108.304
31
0
0
LINE
5
1217
330
C
100
AcDbEntity
8
0
100
AcDbLine
10
670.8
20
108.304
30
0
11
670.887
21
108.266
31
0
0
LINE
5
1218
330
C
100
AcDbEntity
8
0
100
AcDbLine
10
670.887
20
108.266
30
0
11
670.976
21
108.232
31
0
0
LINE
5
1219
330
C
100
AcDbEntity
8
0
100
AcDbLine
10
670.976
20
108.232
30
0
11
671.067
21
108.201
31
0
0
LINE
5
121A
330
C
100
AcDbEntity
8
0
100
AcDbLine
10
671.067
20
108.201
30
0
11
671.161
21
108.174
31
0
0
LINE
5
121B
330
C
100
AcDbEntity
8
0
100
AcDbLine
10
671.161
20
108.174
30
0
11
671.256
21
108.151
31
0
0
LINE
5
121C
330
C
100
AcDbEntity
8
0
100
AcDbLine
10
671.256
20
108.151
30
0
11
671.354
21
108.131
31
0
0
LINE
5
121D
330
C
100
AcDbEntity
8
0
100
AcDbLine
10
671.354
20
108.131
30
0
11
671.454
21
108.115
31
0
0
LINE
5
121E
330
C
100
AcDbEntity
8
0
100
AcDbLine
10
671.454
20
108.115
30
0
11
671.556
21
108.102
31
0
0
LINE
5
121F
330
C
100
AcDbEntity
8
0
100
AcDbLine
10
671.556
20
108.102
30
0
11
671.66
21
108.093
31
0
0
LINE
5
1220
330
C
100
AcDbEntity
8
0
100
AcDbLine
10
671.66
20
108.093
30
0
11
671.766
21
108.088
31
0
0
LINE
5
1221
330
C
100
AcDbEntity
8
0
100
AcDbLine
10
671.766
20
108.088
30
0
11
671.874
21
108.086
31
0
0
LINE
5
1222
330
C
100
AcDbEntity
8
0
100
AcDbLine
10
671.874
20
108.086
30
0
11
671.874
21
108.086
31
0
0
LINE
5
1223
330
C
100
AcDbEntity
8
0
100
AcDbLine
10
671.874
20
108.086
30
0
11
672.038
21
108.09
31
0
0
LINE
5
1224
330
C
100
AcDbEntity
8
0
100
AcDbLine
10
672.038
20
108.09
30
0
11
672.195
21
108.102
31
0
0
LINE
5
1225
330
C
100
AcDbEntity
8
0
100
AcDbLine
10
672.195
20
108.102
30
0
11
672.344
21
108.123
31
0
0
LINE
5
1226
330
C
100
AcDbEntity
8
0
100
AcDbLine
10
672.344
20
108.123
30
0
11
672.485
21
108.151
31
0
0
LINE
5
1227
330
C
100
AcDbEntity
8
0
100
AcDbLine
10
672.485
20
108.151
30
0
11
672.619
21
108.188
31
0
0
LINE
5
1228
330
C
100
AcDbEntity
8
0
100
AcDbLine
10
672.619
20
108.188
30
0
11
672.746
21
108.233
31
0
0
LINE
5
1229
330
C
100
AcDbEntity
8
0
100
AcDbLine
10
672.746
20
108.233
30
0
11
672.865
21
108.286
31
0
0
LINE
5
122A
330
C
100
AcDbEntity
8
0
100
AcDbLine
10
672.865
20
108.286
30
0
11
672.976
21
108.347
31
0
0
LINE
5
122B
330
C
100
AcDbEntity
8
0
100
AcDbLine
10
672.976
20
108.347
30
0
11
673.08
21
108.416
31
0
0
LINE
5
122C
330
C
100
AcDbEntity
8
0
100
AcDbLine
10
673.08
20
108.416
30
0
11
673.176
21
108.494
31
0
0
LINE
5
122D
330
C
100
AcDbEntity
8
0
100
AcDbLine
10
673.176
20
108.494
30
0
11
673.264
21
108.578
31
0
0
LINE
5
122E
330
C
100
AcDbEntity
8
0
100
AcDbLine
10
673.264
20
108.578
30
0
11
673.342
21
108.665
31
0
0
LINE
5
122F
330
C
100
AcDbEntity
8
0
100
AcDbLine
10
673.342
20
108.665
30
0
11
673.411
21
108.757
31
0
0
LINE
5
1230
330
C
100
AcDbEntity
8
0
100
AcDbLine
10
673.411
20
108.757
30
0
11
673.471
21
108.853
31
0
0
LINE
5
1231
330
C
100
AcDbEntity
8
0
100
AcDbLine
10
673.471
20
108.853
30
0
11
673.522
21
108.953
31
0
0
LINE
5
1232
330
C
100
AcDbEntity
8
0
100
AcDbLine
10
673.522
20
108.953
30
0
11
673.564
21
109.057
31
0
0
LINE
5
1233
330
C
100
AcDbEntity
8
0
100
AcDbLine
10
673.564
20
109.057
30
0
11
673.596
21
109.165
31
0
0
LINE
5
1234
330
C
100
AcDbEntity
8
0
100
AcDbLine
10
673.596
20
109.165
30
0
11
673.619
21
109.277
31
0
0
LINE
5
1235
330
C
100
AcDbEntity
8
0
100
AcDbLine
10
673.619
20
109.277
30
0
11
673.633
21
109.394
31
0
0
LINE
5
1236
330
C
100
AcDbEntity
8
0
100
AcDbLine
10
673.633
20
109.394
30
0
11
673.638
21
109.514
31
0
0
LINE
5
1237
330
C
100
AcDbEntity
8
0
100
AcDbLine
10
673.638
20
109.514
30
0
11
673.638
21
109.514
31
0
0
LINE
5
1238
330
C
100
AcDbEntity
8
0
100
AcDbLine
10
673.638
20
109.514
30
0
11
673.636
21
109.591
31
0
0
LINE
5
1239
330
C
100
AcDbEntity
8
0
100
AcDbLine
10
673.636
20
109.591
30
0
11
673.63
21
109.666
31
0
0
LINE
5
123A
330
C
100
AcDbEntity
8
0
100
AcDbLine
10
673.63
20
109.666
30
0
11
673.62
21
109.74
31
0
0
LINE
5
123B
330
C
100
AcDbEntity
8
0
100
AcDbLine
10
673.62
20
109.74
30
0
11
673.607
21
109.812
31
0
0
LINE
5
123C
330
C
100
AcDbEntity
8
0
100
AcDbLine
10
673.607
20
109.812
30
0
11
673.59
21
109.882
31
0
0
LINE
5
123D
330
C
100
AcDbEntity
8
0
100
AcDbLine
10
673.59
20
109.882
30
0
11
673.569
21
109.95
31
0
0
LINE
5
123E
330
C
100
AcDbEntity
8
0
100
AcDbLine
10
673.569
20
109.95
30
0
11
673.544
21
110.016
31
0
0
LINE
5
123F
330
C
100
AcDbEntity
8
0
100
AcDbLine
10
673.544
20
110.016
30
0
11
673.515
21
110.08
31
0
0
LINE
5
1240
330
C
100
AcDbEntity
8
0
100
AcDbLine
10
673.515
20
110.08
30
0
11
673.482
21
110.143
31
0
0
LINE
5
1241
330
C
100
AcDbEntity
8
0
100
AcDbLine
10
673.482
20
110.143
30
0
11
673.446
21
110.204
31
0
0
LINE
5
1242
330
C
100
AcDbEntity
8
0
100
AcDbLine
10
673.446
20
110.204
30
0
11
673.405
21
110.263
31
0
0
LINE
5
1243
330
C
100
AcDbEntity
8
0
100
AcDbLine
10
673.405
20
110.263
30
0
11
673.36
21
110.319
31
0
0
LINE
5
1244
330
C
100
AcDbEntity
8
0
100
AcDbLine
10
673.36
20
110.319
30
0
11
673.31
21
110.372
31
0
0
LINE
5
1245
330
C
100
AcDbEntity
8
0
100
AcDbLine
10
673.31
20
110.372
30
0
11
673.256
21
110.423
31
0
0
LINE
5
1246
330
C
100
AcDbEntity
8
0
100
AcDbLine
10
673.256
20
110.423
30
0
11
673.198
21
110.472
31
0
0
LINE
5
1247
330
C
100
AcDbEntity
8
0
100
AcDbLine
10
673.198
20
110.472
30
0
11
673.134
21
110.518
31
0
0
LINE
5
1248
330
C
100
AcDbEntity
8
0
100
AcDbLine
10
673.134
20
110.518
30
0
11
673.067
21
110.561
31
0
0
LINE
5
1249
330
C
100
AcDbEntity
8
0
100
AcDbLine
10
673.067
20
110.561
30
0
11
672.995
21
110.601
31
0
0
LINE
5
124A
330
C
100
AcDbEntity
8
0
100
AcDbLine
10
672.995
20
110.601
30
0
11
672.918
21
110.64
31
0
0
LINE
5
124B
330
C
100
AcDbEntity
8
0
100
AcDbLine
10
672.918
20
110.64
30
0
11
672.837
21
110.675
31
0
0
LINE
5
124C
330
C
100
AcDbEntity
8
0
100
AcDbLine
10
672.837
20
110.675
30
0
11
672.751
21
110.707
31
0
0
LINE
5
124D
330
C
100
AcDbEntity
8
0
100
AcDbLine
10
672.751
20
110.707
30
0
11
672.66
21
110.737
31
0
0
LINE
5
124E
330
C
100
AcDbEntity
8
0
100
AcDbLine
10
672.66
20
110.737
30
0
11
672.563
21
110.762
31
0
0
LINE
5
124F
330
C
100
AcDbEntity
8
0
100
AcDbLine
10
672.563
20
110.762
30
0
11
672.461
21
110.784
31
0
0
LINE
5
1250
330
C
100
AcDbEntity
8
0
100
AcDbLine
10
672.461
20
110.784
30
0
11
672.355
21
110.803
31
0
0
LINE
5
1251
330
C
100
AcDbEntity
8
0
100
AcDbLine
10
672.355
20
110.803
30
0
11
672.242
21
110.819
31
0
0
LINE
5
1252
330
C
100
AcDbEntity
8
0
100
AcDbLine
10
672.242
20
110.819
30
0
11
672.125
21
110.831
31
0
0
LINE
5
1253
330
C
100
AcDbEntity
8
0
100
AcDbLine
10
672.125
20
110.831
30
0
11
672.003
21
110.839
31
0
0
LINE
5
1254
330
C
100
AcDbEntity
8
0
100
AcDbLine
10
672.003
20
110.839
30
0
11
671.875
21
110.844
31
0
0
LINE
5
1255
330
C
100
AcDbEntity
8
0
100
AcDbLine
10
671.875
20
110.844
30
0
11
671.742
21
110.846
31
0
0
LINE
5
1256
330
C
100
AcDbEntity
8
0
100
AcDbLine
10
671.742
20
110.846
30
0
11
671.742
21
110.846
31
0
0
LINE
5
1257
330
C
100
AcDbEntity
8
0
100
AcDbLine
10
671.742
20
110.846
30
0
11
670.89
21
110.846
31
0
0
LINE
5
1258
330
C
100
AcDbEntity
8
0
100
AcDbLine
10
670.89
20
110.846
30
0
11
670.89
21
111.59
31
0
0
LINE
5
1259
330
C
100
AcDbEntity
8
0
100
AcDbLine
10
670.89
20
111.59
30
0
11
671.466
21
111.59
31
0
0
LINE
5
125A
330
C
100
AcDbEntity
8
0
100
AcDbLine
10
671.466
20
111.59
30
0
11
671.637
21
111.593
31
0
0
LINE
5
125B
330
C
100
AcDbEntity
8
0
100
AcDbLine
10
671.637
20
111.593
30
0
11
671.801
21
111.604
31
0
0
LINE
5
125C
330
C
100
AcDbEntity
8
0
100
AcDbLine
10
671.801
20
111.604
30
0
11
671.958
21
111.621
31
0
0
LINE
5
125D
330
C
100
AcDbEntity
8
0
100
AcDbLine
10
671.958
20
111.621
30
0
11
672.107
21
111.646
31
0
0
LINE
5
125E
330
C
100
AcDbEntity
8
0
100
AcDbLine
10
672.107
20
111.646
30
0
11
672.249
21
111.677
31
0
0
LINE
5
125F
330
C
100
AcDbEntity
8
0
100
AcDbLine
10
672.249
20
111.677
30
0
11
672.383
21
111.715
31
0
0
LINE
5
1260
330
C
100
AcDbEntity
8
0
100
AcDbLine
10
672.383
20
111.715
30
0
11
672.51
21
111.761
31
0
0
LINE
5
1261
330
C
100
AcDbEntity
8
0
100
AcDbLine
10
672.51
20
111.761
30
0
11
672.629
21
111.813
31
0
0
LINE
5
1262
330
C
100
AcDbEntity
8
0
100
AcDbLine
10
672.629
20
111.813
30
0
11
672.741
21
111.872
31
0
0
LINE
5
1263
330
C
100
AcDbEntity
8
0
100
AcDbLine
10
672.741
20
111.872
30
0
11
672.846
21
111.938
31
0
0
LINE
5
1264
330
C
100
AcDbEntity
8
0
100
AcDbLine
10
672.846
20
111.938
30
0
11
672.942
21
112.01
31
0
0
LINE
5
1265
330
C
100
AcDbEntity
8
0
100
AcDbLine
10
672.942
20
112.01
30
0
11
673.027
21
112.088
31
0
0
LINE
5
1266
330
C
100
AcDbEntity
8
0
100
AcDbLine
10
673.027
20
112.088
30
0
11
673.103
21
112.171
31
0
0
LINE
5
1267
330
C
100
AcDbEntity
8
0
100
AcDbLine
10
673.103
20
112.171
30
0
11
673.168
21
112.259
31
0
0
LINE
5
1268
330
C
100
AcDbEntity
8
0
100
AcDbLine
10
673.168
20
112.259
30
0
11
673.224
21
112.352
31
0
0
LINE
5
1269
330
C
100
AcDbEntity
8
0
100
AcDbLine
10
673.224
20
112.352
30
0
11
673.269
21
112.451
31
0
0
LINE
5
126A
330
C
100
AcDbEntity
8
0
100
AcDbLine
10
673.269
20
112.451
30
0
11
673.304
21
112.555
31
0
0
LINE
5
126B
330
C
100
AcDbEntity
8
0
100
AcDbLine
10
673.304
20
112.555
30
0
11
673.33
21
112.664
31
0
0
LINE
5
126C
330
C
100
AcDbEntity
8
0
100
AcDbLine
10
673.33
20
112.664
30
0
11
673.345
21
112.778
31
0
0
LINE
5
126D
330
C
100
AcDbEntity
8
0
100
AcDbLine
10
673.345
20
112.778
30
0
11
673.35
21
112.898
31
0
0
LINE
5
126E
330
C
100
AcDbEntity
8
0
100
AcDbLine
10
673.35
20
112.898
30
0
11
673.35
21
112.898
31
0
0
LINE
5
126F
330
C
100
AcDbEntity
8
0
100
AcDbLine
10
673.35
20
112.898
30
0
11
673.346
21
113.004
31
0
0
LINE
5
1270
330
C
100
AcDbEntity
8
0
100
AcDbLine
10
673.346
20
113.004
30
0
11
673.333
21
113.107
31
0
0
LINE
5
1271
330
C
100
AcDbEntity
8
0
100
AcDbLine
10
673.333
20
113.107
30
0
11
673.313
21
113.207
31
0
0
LINE
5
1272
330
C
100
AcDbEntity
8
0
100
AcDbLine
10
673.313
20
113.207
30
0
11
673.284
21
113.303
31
0
0
LINE
5
1273
330
C
100
AcDbEntity
8
0
100
AcDbLine
10
673.284
20
113.303
30
0
11
673.248
21
113.396
31
0
0
LINE
5
1274
330
C
100
AcDbEntity
8
0
100
AcDbLine
10
673.248
20
113.396
30
0
11
673.203
21
113.486
31
0
0
LINE
5
1275
330
C
100
AcDbEntity
8
0
100
AcDbLine
10
673.203
20
113.486
30
0
11
673.15
21
113.572
31
0
0
LINE
5
1276
330
C
100
AcDbEntity
8
0
100
AcDbLine
10
673.15
20
113.572
30
0
11
673.089
21
113.654
31
0
0
LINE
5
1277
330
C
100
AcDbEntity
8
0
100
AcDbLine
10
673.089
20
113.654
30
0
11
673.019
21
113.734
31
0
0
LINE
5
1278
330
C
100
AcDbEntity
8
0
100
AcDbLine
10
673.019
20
113.734
30
0
11
672.942
21
113.81
31
0
0
LINE
5
1279
330
C
100
AcDbEntity
8
0
100
AcDbLine
10
672.942
20
113.81
30
0
11
672.857
21
113.881
31
0
0
LINE
5
127A
330
C
100
AcDbEntity
8
0
100
AcDbLine
10
672.857
20
113.881
30
0
11
672.765
21
113.944
31
0
0
LINE
5
127B
330
C
100
AcDbEntity
8
0
100
AcDbLine
10
672.765
20
113.944
30
0
11
672.666
21
114
31
0
0
LINE
5
127C
330
C
100
AcDbEntity
8
0
100
AcDbLine
10
672.666
20
114
30
0
11
672.56
21
114.048
31
0
0
LINE
5
127D
330
C
100
AcDbEntity
8
0
100
AcDbLine
10
672.56
20
114.048
30
0
11
672.447
21
114.089
31
0
0
LINE
5
127E
330
C
100
AcDbEntity
8
0
100
AcDbLine
10
672.447
20
114.089
30
0
11
672.327
21
114.122
31
0
0
LINE
5
127F
330
C
100
AcDbEntity
8
0
100
AcDbLine
10
672.327
20
114.122
30
0
11
672.2
21
114.149
31
0
0
LINE
5
1280
330
C
100
AcDbEntity
8
0
100
AcDbLine
10
672.2
20
114.149
30
0
11
672.066
21
114.167
31
0
0
LINE
5
1281
330
C
100
AcDbEntity
8
0
100
AcDbLine
10
672.066
20
114.167
30
0
11
671.925
21
114.178
31
0
0
LINE
5
1282
330
C
100
AcDbEntity
8
0
100
AcDbLine
10
671.925
20
114.178
30
0
11
671.778
21
114.182
31
0
0
LINE
5
1283
330
C
100
AcDbEntity
8
0
100
AcDbLine
10
671.778
20
114.182
30
0
11
671.778
21
114.182
31
0
0
LINE
5
1284
330
C
100
AcDbEntity
8
0
100
AcDbLine
10
671.778
20
114.182
30
0
11
671.663
21
114.18
31
0
0
LINE
5
1285
330
C
100
AcDbEntity
8
0
100
AcDbLine
10
671.663
20
114.18
30
0
11
671.55
21
114.173
31
0
0
LINE
5
1286
330
C
100
AcDbEntity
8
0
100
AcDbLine
10
671.55
20
114.173
30
0
11
671.44
21
114.161
31
0
0
LINE
5
1287
330
C
100
AcDbEntity
8
0
100
AcDbLine
10
671.44
20
114.161
30
0
11
671.332
21
114.144
31
0
0
LINE
5
1288
330
C
100
AcDbEntity
8
0
100
AcDbLine
10
671.332
20
114.144
30
0
11
671.227
21
114.123
31
0
0
LINE
5
1289
330
C
100
AcDbEntity
8
0
100
AcDbLine
10
671.227
20
114.123
30
0
11
671.125
21
114.097
31
0
0
LINE
5
128A
330
C
100
AcDbEntity
8
0
100
AcDbLine
10
671.125
20
114.097
30
0
11
671.025
21
114.066
31
0
0
LINE
5
128B
330
C
100
AcDbEntity
8
0
100
AcDbLine
10
671.025
20
114.066
30
0
11
670.927
21
114.03
31
0
0
LINE
5
128C
330
C
100
AcDbEntity
8
0
100
AcDbLine
10
670.927
20
114.03
30
0
11
670.832
21
113.99
31
0
0
LINE
5
128D
330
C
100
AcDbEntity
8
0
100
AcDbLine
10
670.832
20
113.99
30
0
11
670.74
21
113.945
31
0
0
LINE
5
128E
330
C
100
AcDbEntity
8
0
100
AcDbLine
10
670.74
20
113.945
30
0
11
670.651
21
113.894
31
0
0
LINE
5
128F
330
C
100
AcDbEntity
8
0
100
AcDbLine
10
670.651
20
113.894
30
0
11
670.569
21
113.834
31
0
0
LINE
5
1290
330
C
100
AcDbEntity
8
0
100
AcDbLine
10
670.569
20
113.834
30
0
11
670.493
21
113.767
31
0
0
LINE
5
1291
330
C
100
AcDbEntity
8
0
100
AcDbLine
10
670.493
20
113.767
30
0
11
670.422
21
113.693
31
0
0
LINE
5
1292
330
C
100
AcDbEntity
8
0
100
AcDbLine
10
670.422
20
113.693
30
0
11
670.357
21
113.61
31
0
0
LINE
5
1293
330
C
100
AcDbEntity
8
0
100
AcDbLine
10
670.357
20
113.61
30
0
11
670.298
21
113.519
31
0
0
LINE
5
1294
330
C
100
AcDbEntity
8
0
100
AcDbLine
10
670.298
20
113.519
30
0
11
670.245
21
113.421
31
0
0
LINE
5
1295
330
C
100
AcDbEntity
8
0
100
AcDbLine
10
670.245
20
113.421
30
0
11
670.198
21
113.314
31
0
0
LINE
5
1296
330
C
100
AcDbEntity
8
0
100
AcDbLine
10
670.198
20
113.314
30
0
11
670.157
21
113.2
31
0
0
LINE
5
1297
330
C
100
AcDbEntity
8
0
100
AcDbLine
10
670.157
20
113.2
30
0
11
670.122
21
113.078
31
0
0
LINE
5
1298
330
C
100
AcDbEntity
8
0
100
AcDbLine
10
670.122
20
113.078
30
0
11
670.122
21
113.078
31
0
0
LINE
5
1299
330
C
100
AcDbEntity
8
0
100
AcDbLine
10
670.122
20
113.078
30
0
11
669.162
21
113.078
31
0
0
LINE
5
129A
330
C
100
AcDbEntity
8
0
100
AcDbLine
10
669.162
20
113.078
30
0
11
669.184
21
113.216
31
0
0
LINE
5
129B
330
C
100
AcDbEntity
8
0
100
AcDbLine
10
669.184
20
113.216
30
0
11
669.211
21
113.348
31
0
0
LINE
5
129C
330
C
100
AcDbEntity
8
0
100
AcDbLine
10
669.211
20
113.348
30
0
11
669.243
21
113.475
31
0
0
LINE
5
129D
330
C
100
AcDbEntity
8
0
100
AcDbLine
10
669.243
20
113.475
30
0
11
669.281
21
113.596
31
0
0
LINE
5
129E
330
C
100
AcDbEntity
8
0
100
AcDbLine
10
669.281
20
113.596
30
0
11
669.324
21
113.713
31
0
0
LINE
5
129F
330
C
100
AcDbEntity
8
0
100
AcDbLine
10
669.324
20
113.713
30
0
11
669.372
21
113.823
31
0
0
LINE
5
12A0
330
C
100
AcDbEntity
8
0
100
AcDbLine
10
669.372
20
113.823
30
0
11
669.426
21
113.928
31
0
0
LINE
5
12A1
330
C
100
AcDbEntity
8
0
100
AcDbLine
10
669.426
20
113.928
30
0
11
669.484
21
114.028
31
0
0
LINE
5
12A2
330
C
100
AcDbEntity
8
0
100
AcDbLine
10
669.484
20
114.028
30
0
11
669.548
21
114.123
31
0
0
LINE
5
12A3
330
C
100
AcDbEntity
8
0
100
AcDbLine
10
669.548
20
114.123
30
0
11
669.618
21
114.212
31
0
0
LINE
5
12A4
330
C
100
AcDbEntity
8
0
100
AcDbLine
10
669.618
20
114.212
30
0
11
669.692
21
114.296
31
0
0
LINE
5
12A5
330
C
100
AcDbEntity
8
0
100
AcDbLine
10
669.692
20
114.296
30
0
11
669.769
21
114.375
31
0
0
LINE
5
12A6
330
C
100
AcDbEntity
8
0
100
AcDbLine
10
669.769
20
114.375
30
0
11
669.851
21
114.45
31
0
0
LINE
5
12A7
330
C
100
AcDbEntity
8
0
100
AcDbLine
10
669.851
20
114.45
30
0
11
669.936
21
114.52
31
0
0
LINE
5
12A8
330
C
100
AcDbEntity
8
0
100
AcDbLine
10
669.936
20
114.52
30
0
11
670.026
21
114.585
31
0
0
LINE
5
12A9
330
C
100
AcDbEntity
8
0
100
AcDbLine
10
670.026
20
114.585
30
0
11
670.119
21
114.645
31
0
0
LINE
5
12AA
330
C
100
AcDbEntity
8
0
100
AcDbLine
10
670.119
20
114.645
30
0
11
670.216
21
114.701
31
0
0
LINE
5
12AB
330
C
100
AcDbEntity
8
0
100
AcDbLine
10
670.216
20
114.701
30
0
11
670.317
21
114.752
31
0
0
LINE
5
12AC
330
C
100
AcDbEntity
8
0
100
AcDbLine
10
670.317
20
114.752
30
0
11
670.421
21
114.798
31
0
0
LINE
5
12AD
330
C
100
AcDbEntity
8
0
100
AcDbLine
10
670.421
20
114.798
30
0
11
670.53
21
114.839
31
0
0
LINE
5
12AE
330
C
100
AcDbEntity
8
0
100
AcDbLine
10
670.53
20
114.839
30
0
11
670.641
21
114.876
31
0
0
LINE
5
12AF
330
C
100
AcDbEntity
8
0
100
AcDbLine
10
670.641
20
114.876
30
0
11
670.755
21
114.909
31
0
0
LINE
5
12B0
330
C
100
AcDbEntity
8
0
100
AcDbLine
10
670.755
20
114.909
30
0
11
670.872
21
114.938
31
0
0
LINE
5
12B1
330
C
100
AcDbEntity
8
0
100
AcDbLine
10
670.872
20
114.938
30
0
11
670.991
21
114.964
31
0
0
LINE
5
12B2
330
C
100
AcDbEntity
8
0
100
AcDbLine
10
670.991
20
114.964
30
0
11
671.112
21
114.985
31
0
0
LINE
5
12B3
330
C
100
AcDbEntity
8
0
100
AcDbLine
10
671.112
20
114.985
30
0
11
671.235
21
115.003
31
0
0
LINE
5
12B4
330
C
100
AcDbEntity
8
0
100
AcDbLine
10
671.235
20
115.003
30
0
11
671.361
21
115.016
31
0
0
LINE
5
12B5
330
C
100
AcDbEntity
8
0
100
AcDbLine
10
671.361
20
115.016
30
0
11
671.49
21
115.026
31
0
0
LINE
5
12B6
330
C
100
AcDbEntity
8
0
100
AcDbLine
10
671.49
20
115.026
30
0
11
671.621
21
115.032
31
0
0
LINE
5
12B7
330
C
100
AcDbEntity
8
0
100
AcDbLine
10
671.621
20
115.032
30
0
11
671.754
21
115.034
31
0
0
LINE
5
12B8
330
C
100
AcDbEntity
8
0
100
AcDbLine
10
671.754
20
115.034
30
0
11
671.754
21
115.034
31
0
0
LINE
5
12B9
330
C
100
AcDbEntity
8
0
100
AcDbLine
10
671.754
20
115.034
30
0
11
671.902
21
115.031
31
0
0
LINE
5
12BA
330
C
100
AcDbEntity
8
0
100
AcDbLine
10
671.902
20
115.031
30
0
11
672.047
21
115.023
31
0
0
LINE
5
12BB
330
C
100
AcDbEntity
8
0
100
AcDbLine
10
672.047
20
115.023
30
0
11
672.189
21
115.01
31
0
0
LINE
5
12BC
330
C
100
AcDbEntity
8
0
100
AcDbLine
10
672.189
20
115.01
30
0
11
672.328
21
114.992
31
0
0
LINE
5
12BD
330
C
100
AcDbEntity
8
0
100
AcDbLine
10
672.328
20
114.992
30
0
11
672.463
21
114.968
31
0
0
LINE
5
12BE
330
C
100
AcDbEntity
8
0
100
AcDbLine
10
672.463
20
114.968
30
0
11
672.595
21
114.939
31
0
0
LINE
5
12BF
330
C
100
AcDbEntity
8
0
100
AcDbLine
10
672.595
20
114.939
30
0
11
672.724
21
114.905
31
0
0
LINE
5
12C0
330
C
100
AcDbEntity
8
0
100
AcDbLine
10
672.724
20
114.905
30
0
11
672.85
21
114.865
31
0
0
LINE
5
12C1
330
C
100
AcDbEntity
8
0
100
AcDbLine
10
672.85
20
114.865
30
0
11
672.973
21
114.82
31
0
0
LINE
5
12C2
330
C
100
AcDbEntity
8
0
100
AcDbLine
10
672.973
20
114.82
30
0
11
673.092
21
114.77
31
0
0
LINE
5
12C3
330
C
100
AcDbEntity
8
0
100
AcDbLine
10
673.092
20
114.77
30
0
11
673.207
21
114.715
31
0
0
LINE
5
12C4
330
C
100
AcDbEntity
8
0
100
AcDbLine
10
673.207
20
114.715
30
0
11
673.317
21
114.656
31
0
0
LINE
5
12C5
330
C
100
AcDbEntity
8
0
100
AcDbLine
10
673.317
20
114.656
30
0
11
673.422
21
114.594
31
0
0
LINE
5
12C6
330
C
100
AcDbEntity
8
0
100
AcDbLine
10
673.422
20
114.594
30
0
11
673.522
21
114.527
31
0
0
LINE
5
12C7
330
C
100
AcDbEntity
8
0
100
AcDbLine
10
673.522
20
114.527
30
0
11
673.618
21
114.457
31
0
0
LINE
5
12C8
330
C
100
AcDbEntity
8
0
100
AcDbLine
10
673.618
20
114.457
30
0
11
673.708
21
114.382
31
0
0
LINE
5
12C9
330
C
100
AcDbEntity
8
0
100
AcDbLine
10
673.708
20
114.382
30
0
11
673.793
21
114.303
31
0
0
LINE
5
12CA
330
C
100
AcDbEntity
8
0
100
AcDbLine
10
673.793
20
114.303
30
0
11
673.873
21
114.221
31
0
0
LINE
5
12CB
330
C
100
AcDbEntity
8
0
100
AcDbLine
10
673.873
20
114.221
30
0
11
673.948
21
114.134
31
0
0
LINE
5
12CC
330
C
100
AcDbEntity
8
0
100
AcDbLine
10
673.948
20
114.134
30
0
11
674.019
21
114.044
31
0
0
LINE
5
12CD
330
C
100
AcDbEntity
8
0
100
AcDbLine
10
674.019
20
114.044
30
0
11
674.083
21
113.95
31
0
0
LINE
5
12CE
330
C
100
AcDbEntity
8
0
100
AcDbLine
10
674.083
20
113.95
30
0
11
674.141
21
113.854
31
0
0
LINE
5
12CF
330
C
100
AcDbEntity
8
0
100
AcDbLine
10
674.141
20
113.854
30
0
11
674.192
21
113.754
31
0
0
LINE
5
12D0
330
C
100
AcDbEntity
8
0
100
AcDbLine
10
674.192
20
113.754
30
0
11
674.236
21
113.652
31
0
0
LINE
5
12D1
330
C
100
AcDbEntity
8
0
100
AcDbLine
10
674.236
20
113.652
30
0
11
674.273
21
113.547
31
0
0
LINE
5
12D2
330
C
100
AcDbEntity
8
0
100
AcDbLine
10
674.273
20
113.547
30
0
11
674.304
21
113.44
31
0
0
LINE
5
12D3
330
C
100
AcDbEntity
8
0
100
AcDbLine
10
674.304
20
113.44
30
0
11
674.327
21
113.33
31
0
0
LINE
5
12D4
330
C
100
AcDbEntity
8
0
100
AcDbLine
10
674.327
20
113.33
30
0
11
674.344
21
113.216
31
0
0
LINE
5
12D5
330
C
100
AcDbEntity
8
0
100
AcDbLine
10
674.344
20
113.216
30
0
11
674.354
21
113.101
31
0
0
LINE
5
12D6
330
C
100
AcDbEntity
8
0
100
AcDbLine
10
674.354
20
113.101
30
0
11
674.358
21
112.982
31
0
0
LINE
5
12D7
330
C
100
AcDbEntity
8
0
100
AcDbLine
10
674.358
20
112.982
30
0
11
674.358
21
112.982
31
0
0
LINE
5
12D8
330
C
100
AcDbEntity
8
0
100
AcDbLine
10
674.358
20
112.982
30
0
11
674.354
21
112.865
31
0
0
LINE
5
12D9
330
C
100
AcDbEntity
8
0
100
AcDbLine
10
674.354
20
112.865
30
0
11
674.344
21
112.751
31
0
0
LINE
5
12DA
330
C
100
AcDbEntity
8
0
100
AcDbLine
10
674.344
20
112.751
30
0
11
674.327
21
112.641
31
0
0
LINE
5
12DB
330
C
100
AcDbEntity
8
0
100
AcDbLine
10
674.327
20
112.641
30
0
11
674.304
21
112.534
31
0
0
LINE
5
12DC
330
C
100
AcDbEntity
8
0
100
AcDbLine
10
674.304
20
112.534
30
0
11
674.273
21
112.431
31
0
0
LINE
5
12DD
330
C
100
AcDbEntity
8
0
100
AcDbLine
10
674.273
20
112.431
30
0
11
674.236
21
112.331
31
0
0
LINE
5
12DE
330
C
100
AcDbEntity
8
0
100
AcDbLine
10
674.236
20
112.331
30
0
11
674.192
21
112.234
31
0
0
LINE
5
12DF
330
C
100
AcDbEntity
8
0
100
AcDbLine
10
674.192
20
112.234
30
0
11
674.141
21
112.141
31
0
0
LINE
5
12E0
330
C
100
AcDbEntity
8
0
100
AcDbLine
10
674.141
20
112.141
30
0
11
674.083
21
112.051
31
0
0
LINE
5
12E1
330
C
100
AcDbEntity
8
0
100
AcDbLine
10
674.083
20
112.051
30
0
11
674.019
21
111.965
31
0
0
LINE
5
12E2
330
C
100
AcDbEntity
8
0
100
AcDbLine
10
674.019
20
111.965
30
0
11
673.948
21
111.882
31
0
0
LINE
5
12E3
330
C
100
AcDbEntity
8
0
100
AcDbLine
10
673.948
20
111.882
30
0
11
673.871
21
111.804
31
0
0
LINE
5
12E4
330
C
100
AcDbEntity
8
0
100
AcDbLine
10
673.871
20
111.804
30
0
11
673.788
21
111.729
31
0
0
LINE
5
12E5
330
C
100
AcDbEntity
8
0
100
AcDbLine
10
673.788
20
111.729
30
0
11
673.699
21
111.658
31
0
0
LINE
5
12E6
330
C
100
AcDbEntity
8
0
100
AcDbLine
10
673.699
20
111.658
30
0
11
673.604
21
111.591
31
0
0
LINE
5
12E7
330
C
100
AcDbEntity
8
0
100
AcDbLine
10
673.604
20
111.591
30
0
11
673.503
21
111.528
31
0
0
LINE
5
12E8
330
C
100
AcDbEntity
8
0
100
AcDbLine
10
673.503
20
111.528
30
0
11
673.396
21
111.468
31
0
0
LINE
5
12E9
330
C
100
AcDbEntity
8
0
100
AcDbLine
10
673.396
20
111.468
30
0
11
673.282
21
111.413
31
0
0
LINE
5
12EA
330
C
100
AcDbEntity
8
0
100
AcDbLine
10
673.282
20
111.413
30
0
11
673.163
21
111.362
31
0
0
LINE
5
12EB
330
C
100
AcDbEntity
8
0
100
AcDbLine
10
673.163
20
111.362
30
0
11
673.038
21
111.314
31
0
0
LINE
5
12EC
330
C
100
AcDbEntity
8
0
100
AcDbLine
10
673.038
20
111.314
30
0
11
673.038
21
111.314
31
0
0
LINE
5
12ED
330
C
100
AcDbEntity
8
0
100
AcDbLine
10
673.038
20
111.314
30
0
11
673.178
21
111.271
31
0
0
LINE
5
12EE
330
C
100
AcDbEntity
8
0
100
AcDbLine
10
673.178
20
111.271
30
0
11
673.313
21
111.222
31
0
0
LINE
5
12EF
330
C
100
AcDbEntity
8
0
100
AcDbLine
10
673.313
20
111.222
30
0
11
673.443
21
111.168
31
0
0
LINE
5
12F0
330
C
100
AcDbEntity
8
0
100
AcDbLine
10
673.443
20
111.168
30
0
11
673.567
21
111.109
31
0
0
LINE
5
12F1
330
C
100
AcDbEntity
8
0
100
AcDbLine
10
673.567
20
111.109
30
0
11
673.687
21
111.044
31
0
0
LINE
5
12F2
330
C
100
AcDbEntity
8
0
100
AcDbLine
10
673.687
20
111.044
30
0
11
673.801
21
110.974
31
0
0
LINE
5
12F3
330
C
100
AcDbEntity
8
0
100
AcDbLine
10
673.801
20
110.974
30
0
11
673.909
21
110.899
31
0
0
LINE
5
12F4
330
C
100
AcDbEntity
8
0
100
AcDbLine
10
673.909
20
110.899
30
0
11
674.013
21
110.819
31
0
0
LINE
5
12F5
330
C
100
AcDbEntity
8
0
100
AcDbLine
10
674.013
20
110.819
30
0
11
674.112
21
110.733
31
0
0
LINE
5
12F6
330
C
100
AcDbEntity
8
0
100
AcDbLine
10
674.112
20
110.733
30
0
11
674.205
21
110.642
31
0
0
LINE
5
12F7
330
C
100
AcDbEntity
8
0
100
AcDbLine
10
674.205
20
110.642
30
0
11
674.291
21
110.546
31
0
0
LINE
5
12F8
330
C
100
AcDbEntity
8
0
100
AcDbLine
10
674.291
20
110.546
30
0
11
674.368
21
110.444
31
0
0
LINE
5
12F9
330
C
100
AcDbEntity
8
0
100
AcDbLine
10
674.368
20
110.444
30
0
11
674.436
21
110.337
31
0
0
LINE
5
12FA
330
C
100
AcDbEntity
8
0
100
AcDbLine
10
674.436
20
110.337
30
0
11
674.495
21
110.225
31
0
0
LINE
5
12FB
330
C
100
AcDbEntity
8
0
100
AcDbLine
10
674.495
20
110.225
30
0
11
674.545
21
110.108
31
0
0
LINE
5
12FC
330
C
100
AcDbEntity
8
0
100
AcDbLine
10
674.545
20
110.108
30
0
11
674.585
21
109.985
31
0
0
LINE
5
12FD
330
C
100
AcDbEntity
8
0
100
AcDbLine
10
674.585
20
109.985
30
0
11
674.617
21
109.857
31
0
0
LINE
5
12FE
330
C
100
AcDbEntity
8
0
100
AcDbLine
10
674.617
20
109.857
30
0
11
674.64
21
109.724
31
0
0
LINE
5
12FF
330
C
100
AcDbEntity
8
0
100
AcDbLine
10
674.64
20
109.724
30
0
11
674.653
21
109.586
31
0
0
LINE
5
1300
330
C
100
AcDbEntity
8
0
100
AcDbLine
10
674.653
20
109.586
30
0
11
674.658
21
109.442
31
0
0
LINE
5
1301
330
C
100
AcDbEntity
8
0
100
AcDbLine
10
674.658
20
109.442
30
0
11
674.658
21
109.442
31
0
0
LINE
5
1302
330
C
100
AcDbEntity
8
0
100
AcDbLine
10
674.658
20
109.442
30
0
11
674.654
21
109.314
31
0
0
LINE
5
1303
330
C
100
AcDbEntity
8
0
100
AcDbLine
10
674.654
20
109.314
30
0
11
674.644
21
109.189
31
0
0
LINE
5
1304
330
C
100
AcDbEntity
8
0
100
AcDbLine
10
674.644
20
109.189
30
0
11
674.627
21
109.066
31
0
0
LINE
5
1305
330
C
100
AcDbEntity
8
0
100
AcDbLine
10
674.627
20
109.066
30
0
11
674.604
21
108.947
31
0
0
LINE
5
1306
330
C
100
AcDbEntity
8
0
100
AcDbLine
10
674.604
20
108.947
30
0
11
674.573
21
108.831
31
0
0
LINE
5
1307
330
C
100
AcDbEntity
8
0
100
AcDbLine
10
674.573
20
108.831
30
0
11
674.536
21
108.717
31
0
0
LINE
5
1308
330
C
100
AcDbEntity
8
0
100
AcDbLine
10
674.536
20
108.717
30
0
11
674.492
21
108.607
31
0
0
LINE
5
1309
330
C
100
AcDbEntity
8
0
100
AcDbLine
10
674.492
20
108.607
30
0
11
674.441
21
108.499
31
0
0
LINE
5
130A
330
C
100
AcDbEntity
8
0
100
AcDbLine
10
674.441
20
108.499
30
0
11
674.383
21
108.395
31
0
0
LINE
5
130B
330
C
100
AcDbEntity
8
0
100
AcDbLine
10
674.383
20
108.395
30
0
11
674.319
21
108.293
31
0
0
LINE
5
130C
330
C
100
AcDbEntity
8
0
100
AcDbLine
10
674.319
20
108.293
30
0
11
674.248
21
108.195
31
0
0
LINE
5
130D
330
C
100
AcDbEntity
8
0
100
AcDbLine
10
674.248
20
108.195
30
0
11
674.172
21
108.101
31
0
0
LINE
5
130E
330
C
100
AcDbEntity
8
0
100
AcDbLine
10
674.172
20
108.101
30
0
11
674.09
21
108.012
31
0
0
LINE
5
130F
330
C
100
AcDbEntity
8
0
100
AcDbLine
10
674.09
20
108.012
30
0
11
674.002
21
107.927
31
0
0
LINE
5
1310
330
C
100
AcDbEntity
8
0
100
AcDbLine
10
674.002
20
107.927
30
0
11
673.909
21
107.846
31
0
0
LINE
5
1311
330
C
100
AcDbEntity
8
0
100
AcDbLine
10
673.909
20
107.846
30
0
11
673.809
21
107.77
31
0
0
LINE
5
1312
330
C
100
AcDbEntity
8
0
100
AcDbLine
10
673.809
20
107.77
30
0
11
673.705
21
107.697
31
0
0
LINE
5
1313
330
C
100
AcDbEntity
8
0
100
AcDbLine
10
673.705
20
107.697
30
0
11
673.594
21
107.63
31
0
0
LINE
5
1314
330
C
100
AcDbEntity
8
0
100
AcDbLine
10
673.594
20
107.63
30
0
11
673.478
21
107.566
31
0
0
LINE
5
1315
330
C
100
AcDbEntity
8
0
100
AcDbLine
10
673.478
20
107.566
30
0
11
673.356
21
107.507
31
0
0
LINE
5
1316
330
C
100
AcDbEntity
8
0
100
AcDbLine
10
673.356
20
107.507
30
0
11
673.229
21
107.453
31
0
0
LINE
5
1317
330
C
100
AcDbEntity
8
0
100
AcDbLine
10
673.229
20
107.453
30
0
11
673.097
21
107.404
31
0
0
LINE
5
1318
330
C
100
AcDbEntity
8
0
100
AcDbLine
10
673.097
20
107.404
30
0
11
672.96
21
107.362
31
0
0
LINE
5
1319
330
C
100
AcDbEntity
8
0
100
AcDbLine
10
672.96
20
107.362
30
0
11
672.819
21
107.325
31
0
0
LINE
5
131A
330
C
100
AcDbEntity
8
0
100
AcDbLine
10
672.819
20
107.325
30
0
11
672.673
21
107.293
31
0
0
LINE
5
131B
330
C
100
AcDbEntity
8
0
100
AcDbLine
10
672.673
20
107.293
30
0
11
672.523
21
107.268
31
0
0
LINE
5
131C
330
C
100
AcDbEntity
8
0
100
AcDbLine
10
672.523
20
107.268
30
0
11
672.367
21
107.248
31
0
0
LINE
5
131D
330
C
100
AcDbEntity
8
0
100
AcDbLine
10
672.367
20
107.248
30
0
11
672.208
21
107.233
31
0
0
LINE
5
131E
330
C
100
AcDbEntity
8
0
100
AcDbLine
10
672.208
20
107.233
30
0
11
672.043
21
107.225
31
0
0
LINE
5
131F
330
C
100
AcDbEntity
8
0
100
AcDbLine
10
672.043
20
107.225
30
0
11
671.874
21
107.222
31
0
0
LINE
5
1320
330
C
100
AcDbEntity
8
0
100
AcDbLine
10
671.874
20
107.222
30
0
11
671.874
21
107.222
31
0
0
LINE
5
1321
330
C
100
AcDbEntity
8
0
100
AcDbLine
10
517.196
20
130
30
0
11
517.196
21
127
31
0
0
LINE
5
1322
330
C
100
AcDbEntity
8
0
100
AcDbLine
10
517.196
20
127
30
0
11
518.411
21
127
31
0
0
LINE
5
1323
330
C
100
AcDbEntity
8
0
100
AcDbLine
10
518.411
20
127
30
0
11
518.411
21
130
31
0
0
LINE
5
1324
330
C
100
AcDbEntity
8
0
100
AcDbLine
10
518.411
20
130
30
0
11
525.309
21
130
31
0
0
LINE
5
1325
330
C
100
AcDbEntity
8
0
100
AcDbLine
10
525.309
20
130
30
0
11
525.309
21
127
31
0
0
LINE
5
1326
330
C
100
AcDbEntity
8
0
100
AcDbLine
10
525.309
20
127
30
0
11
532.205
21
127
31
0
0
LINE
5
1327
330
C
100
AcDbEntity
8
0
100
AcDbLine
10
532.205
20
127
30
0
11
532.205
21
130
31
0
0
LINE
5
1328
330
C
100
AcDbEntity
8
0
100
AcDbLine
10
532.205
20
130
30
0
11
539.103
21
130
31
0
0
LINE
5
1329
330
C
100
AcDbEntity
8
0
100
AcDbLine
10
539.103
20
130
30
0
11
539.103
21
127
31
0
0
LINE
5
132A
330
C
100
AcDbEntity
8
0
100
AcDbLine
10
539.103
20
127
30
0
11
546
21
127
31
0
0
LINE
5
132B
330
C
100
AcDbEntity
8
0
100
AcDbLine
10
546
20
127
30
0
11
546
21
130
31
0
0
LINE
5
132C
330
C
100
AcDbEntity
8
0
100
AcDbLine
10
546
20
130
30
0
11
552.896
21
130
31
0
0
LINE
5
132D
330
C
100
AcDbEntity
8
0
100
AcDbLine
10
552.896
20
130
30
0
11
552.896
21
127
31
0
0
LINE
5
132E
330
C
100
AcDbEntity
8
0
100
AcDbLine
10
552.896
20
127
30
0
11
559.794
21
127
31
0
0
LINE
5
132F
330
C
100
AcDbEntity
8
0
100
AcDbLine
10
559.794
20
127
30
0
11
559.794
21
130
31
0
0
LINE
5
1330
330
C
100
AcDbEntity
8
0
100
AcDbLine
10
559.794
20
130
30
0
11
566.691
21
130
31
0
0
LINE
5
1331
330
C
100
AcDbEntity
8
0
100
AcDbLine
10
566.691
20
130
30
0
11
566.691
21
127
31
0
0
LINE
5
1332
330
C
100
AcDbEntity
8
0
100
AcDbLine
10
566.691
20
127
30
0
11
573.588
21
127
31
0
0
LINE
5
1333
330
C
100
AcDbEntity
8
0
100
AcDbLine
10
573.588
20
127
30
0
11
573.588
21
130
31
0
0
LINE
5
1334
330
C
100
AcDbEntity
8
0
100
AcDbLine
10
573.588
20
130
30
0
11
580.485
21
130
31
0
0
LINE
5
1335
330
C
100
AcDbEntity
8
0
100
AcDbLine
10
580.485
20
130
30
0
11
580.485
21
127
31
0
0
LINE
5
1336
330
C
100
AcDbEntity
8
0
100
AcDbLine
10
580.485
20
127
30
0
11
587.383
21
127
31
0
0
LINE
5
1337
330
C
100
AcDbEntity
8
0
100
AcDbLine
10
587.383
20
127
30
0
11
587.383
21
130
31
0
0
LINE
5
1338
330
C
100
AcDbEntity
8
0
100
AcDbLine
10
587.383
20
130
30
0
11
594.279
21
130
31
0
0
LINE
5
1339
330
C
100
AcDbEntity
8
0
100
AcDbLine
10
594.279
20
130
30
0
11
594.279
21
127
31
0
0
LINE
5
133A
330
C
100
AcDbEntity
8
0
100
AcDbLine
10
594.279
20
127
30
0
11
601.177
21
127
31
0
0
LINE
5
133B
330
C
100
AcDbEntity
8
0
100
AcDbLine
10
601.177
20
127
30
0
11
601.177
21
130
31
0
0
LINE
5
133C
330
C
100
AcDbEntity
8
0
100
AcDbLine
10
601.177
20
130
30
0
11
608.073
21
130
31
0
0
LINE
5
133D
330
C
100
AcDbEntity
8
0
100
AcDbLine
10
608.073
20
130
30
0
11
608.073
21
127
31
0
0
LINE
5
133E
330
C
100
AcDbEntity
8
0
100
AcDbLine
10
608.073
20
127
30
0
11
614.971
21
127
31
0
0
LINE
5
133F
330
C
100
AcDbEntity
8
0
100
AcDbLine
10
614.971
20
127
30
0
11
614.971
21
130
31
0
0
LINE
5
1340
330
C
100
AcDbEntity
8
0
100
AcDbLine
10
614.971
20
130
30
0
11
621.868
21
130
31
0
0
LINE
5
1341
330
C
100
AcDbEntity
8
0
100
AcDbLine
10
621.868
20
130
30
0
11
621.868
21
127
31
0
0
LINE
5
1342
330
C
100
AcDbEntity
8
0
100
AcDbLine
10
621.868
20
127
30
0
11
628.765
21
127
31
0
0
LINE
5
1343
330
C
100
AcDbEntity
8
0
100
AcDbLine
10
628.765
20
127
30
0
11
628.765
21
130
31
0
0
LINE
5
1344
330
C
100
AcDbEntity
8
0
100
AcDbLine
10
628.765
20
130
30
0
11
635.662
21
130
31
0
0
LINE
5
1345
330
C
100
AcDbEntity
8
0
100
AcDbLine
10
635.662
20
130
30
0
11
635.662
21
127
31
0
0
LINE
5
1346
330
C
100
AcDbEntity
8
0
100
AcDbLine
10
635.662
20
127
30
0
11
642.56
21
127
31
0
0
LINE
5
1347
330
C
100
AcDbEntity
8
0
100
AcDbLine
10
642.56
20
127
30
0
11
642.56
21
130
31
0
0
LINE
5
1348
330
C
100
AcDbEntity
8
0
100
AcDbLine
10
642.56
20
130
30
0
11
649.456
21
130
31
0
0
LINE
5
1349
330
C
100
AcDbEntity
8
0
100
AcDbLine
10
649.456
20
130
30
0
11
649.456
21
127
31
0
0
LINE
5
134A
330
C
100
AcDbEntity
8
0
100
AcDbLine
10
649.456
20
127
30
0
11
656.354
21
127
31
0
0
LINE
5
134B
330
C
100
AcDbEntity
8
0
100
AcDbLine
10
656.354
20
127
30
0
11
656.354
21
130
31
0
0
LINE
5
134C
330
C
100
AcDbEntity
8
0
100
AcDbLine
10
656.354
20
130
30
0
11
663.251
21
130
31
0
0
LINE
5
134D
330
C
100
AcDbEntity
8
0
100
AcDbLine
10
663.251
20
130
30
0
11
663.251
21
127
31
0
0
LINE
5
134E
330
C
100
AcDbEntity
8
0
100
AcDbLine
10
663.251
20
127
30
0
11
670.147
21
127
31
0
0
LINE
5
134F
330
C
100
AcDbEntity
8
0
100
AcDbLine
10
670.147
20
127
30
0
11
670.147
21
130
31
0
0
LINE
5
1350
330
C
100
AcDbEntity
8
0
100
AcDbLine
10
670.147
20
130
30
0
11
677.045
21
130
31
0
0
LINE
5
1351
330
C
100
AcDbEntity
8
0
100
AcDbLine
10
677.045
20
130
30
0
11
677.045
21
127
31
0
0
LINE
5
1352
330
C
100
AcDbEntity
8
0
100
AcDbLine
10
677.045
20
127
30
0
11
683.942
21
127
31
0
0
LINE
5
1353
330
C
100
AcDbEntity
8
0
100
AcDbLine
10
683.942
20
127
30
0
11
683.942
21
130
31
0
0
LINE
5
1354
330
C
100
AcDbEntity
8
0
100
AcDbLine
10
683.942
20
130
30
0
11
690.839
21
130
31
0
0
LINE
5
1355
330
C
100
AcDbEntity
8
0
100
AcDbLine
10
690.839
20
130
30
0
11
690.839
21
127
31
0
0
LINE
5
1356
330
C
100
AcDbEntity
8
0
100
AcDbLine
10
690.839
20
127
30
0
11
697.736
21
127
31
0
0
LINE
5
1357
330
C
100
AcDbEntity
8
0
100
AcDbLine
10
697.736
20
127
30
0
11
697.736
21
130
31
0
0
LINE
5
1358
330
C
100
AcDbEntity
8
0
100
AcDbLine
10
697.736
20
130
30
0
11
704.634
21
130
31
0
0
LINE
5
1359
330
C
100
AcDbEntity
8
0
100
AcDbLine
10
704.634
20
130
30
0
11
704.634
21
127
31
0
0
LINE
5
135A
330
C
100
AcDbEntity
8
0
100
AcDbLine
10
704.634
20
127
30
0
11
711.53
21
127
31
0
0
LINE
5
135B
330
C
100
AcDbEntity
8
0
100
AcDbLine
10
711.53
20
127
30
0
11
711.53
21
130
31
0
0
LINE
5
135C
330
C
100
AcDbEntity
8
0
100
AcDbLine
10
711.53
20
130
30
0
11
718.428
21
130
31
0
0
LINE
5
135D
330
C
100
AcDbEntity
8
0
100
AcDbLine
10
718.428
20
130
30
0
11
718.428
21
127
31
0
0
LINE
5
135E
330
C
100
AcDbEntity
8
0
100
AcDbLine
10
718.428
20
127
30
0
11
725.324
21
127
31
0
0
LINE
5
135F
330
C
100
AcDbEntity
8
0
100
AcDbLine
10
725.324
20
127
30
0
11
725.324
21
130
31
0
0
LINE
5
1360
330
C
100
AcDbEntity
8
0
100
AcDbLine
10
725.324
20
130
30
0
11
732.222
21
130
31
0
0
LINE
5
1361
330
C
100
AcDbEntity
8
0
100
AcDbLine
10
732.222
20
130
30
0
11
732.222
21
127
31
0
0
LINE
5
1362
330
C
100
AcDbEntity
8
0
100
AcDbLine
10
732.222
20
127
30
0
11
739.119
21
127
31
0
0
LINE
5
1363
330
C
100
AcDbEntity
8
0
100
AcDbLine
10
739.119
20
127
30
0
11
739.119
21
130
31
0
0
LINE
5
1364
330
C
100
AcDbEntity
8
0
100
AcDbLine
10
739.119
20
130
30
0
11
746.016
21
130
31
0
0
LINE
5
1365
330
C
100
AcDbEntity
8
0
100
AcDbLine
10
746.016
20
130
30
0
11
746.016
21
127
31
0
0
LINE
5
1366
330
C
100
AcDbEntity
8
0
100
AcDbLine
10
746.016
20
127
30
0
11
752.913
21
127
31
0
0
LINE
5
1367
330
C
100
AcDbEntity
8
0
100
AcDbLine
10
752.913
20
127
30
0
11
752.913
21
130
31
0
0
LINE
5
1368
330
C
100
AcDbEntity
8
0
100
AcDbLine
10
752.913
20
130
30
0
11
759.811
21
130
31
0
0
LINE
5
1369
330
C
100
AcDbEntity
8
0
100
AcDbLine
10
759.811
20
130
30
0
11
759.811
21
127
31
0
0
LINE
5
136A
330
C
100
AcDbEntity
8
0
100
AcDbLine
10
759.811
20
127
30
0
11
766.707
21
127
31
0
0
LINE
5
136B
330
C
100
AcDbEntity
8
0
100
AcDbLine
10
766.707
20
127
30
0
11
766.707
21
130
31
0
0
LINE
5
136C
330
C
100
AcDbEntity
8
0
100
AcDbLine
10
766.707
20
130
30
0
11
773.604
21
130
31
0
0
LINE
5
136D
330
C
100
AcDbEntity
8
0
100
AcDbLine
10
773.604
20
130
30
0
11
773.604
21
127
31
0
0
LINE
5
136E
330
C
100
AcDbEntity
8
0
100
AcDbLine
10
773.604
20
127
30
0
11
780.502
21
127
31
0
0
LINE
5
136F
330
C
100
AcDbEntity
8
0
100
AcDbLine
10
780.502
20
127
30
0
11
780.502
21
130
31
0
0
LINE
5
1370
330
C
100
AcDbEntity
8
0
100
AcDbLine
10
780.502
20
130
30
0
11
787.398
21
130
31
0
0
LINE
5
1371
330
C
100
AcDbEntity
8
0
100
AcDbLine
10
787.398
20
130
30
0
11
787.398
21
127
31
0
0
LINE
5
1372
330
C
100
AcDbEntity
8
0
100
AcDbLine
10
787.398
20
127
30
0
11
794.296
21
127
31
0
0
LINE
5
1373
330
C
100
AcDbEntity
8
0
100
AcDbLine
10
794.296
20
127
30
0
11
794.296
21
130
31
0
0
LINE
5
1374
330
C
100
AcDbEntity
8
0
100
AcDbLine
10
794.296
20
130
30
0
11
801.192
21
130
31
0
0
LINE
5
1375
330
C
100
AcDbEntity
8
0
100
AcDbLine
10
801.192
20
130
30
0
11
801.192
21
127
31
0
0
LINE
5
1376
330
C
100
AcDbEntity
8
0
100
AcDbLine
10
801.192
20
127
30
0
11
802.407
21
127
31
0
0
LINE
5
1377
330
C
100
AcDbEntity
8
0
100
AcDbLine
10
802.407
20
127
30
0
11
802.407
21
130
31
0
0
LINE
5
1378
330
C
100
AcDbEntity
8
0
100
AcDbLine
10
802.407
20
130
30
0
11
802.407
21
132.154
31
0
0
LINE
5
1379
330
C
100
AcDbEntity
8
0
100
AcDbLine
10
802.407
20
132.154
30
0
11
807.604
21
132.154
31
0
0
LINE
5
137A
330
C
100
AcDbEntity
8
0
100
AcDbLine
10
807.604
20
132.154
30
0
11
807.604
21
139.051
31
0
0
LINE
5
137B
330
C
100
AcDbEntity
8
0
100
AcDbLine
10
807.604
20
139.051
30
0
11
802.407
21
139.051
31
0
0
LINE
5
137C
330
C
100
AcDbEntity
8
0
100
AcDbLine
10
802.407
20
139.051
30
0
11
802.407
21
145.948
31
0
0
LINE
5
137D
330
C
100
AcDbEntity
8
0
100
AcDbLine
10
802.407
20
145.948
30
0
11
807.604
21
145.948
31
0
0
LINE
5
137E
330
C
100
AcDbEntity
8
0
100
AcDbLine
10
807.604
20
145.948
30
0
11
807.604
21
152.846
31
0
0
LINE
5
137F
330
C
100
AcDbEntity
8
0
100
AcDbLine
10
807.604
20
152.846
30
0
11
802.407
21
152.846
31
0
0
LINE
5
1380
330
C
100
AcDbEntity
8
0
100
AcDbLine
10
802.407
20
152.846
30
0
11
802.407
21
155
31
0
0
LINE
5
1381
330
C
100
AcDbEntity
8
0
100
AcDbLine
10
802.407
20
155
30
0
11
517.196
21
155
31
0
0
LINE
5
1382
330
C
100
AcDbEntity
8
0
100
AcDbLine
10
517.196
20
155
30
0
11
512
21
155
31
0
0
LINE
5
1383
330
C
100
AcDbEntity
8
0
100
AcDbLine
10
512
20
155
30
0
11
512
21
152.846
31
0
0
LINE
5
1384
330
C
100
AcDbEntity
8
0
100
AcDbLine
10
512
20
152.846
30
0
11
517.196
21
152.846
31
0
0
LINE
5
1385
330
C
100
AcDbEntity
8
0
100
AcDbLine
10
517.196
20
152.846
30
0
11
517.196
21
145.949
31
0
0
LINE
5
1386
330
C
100
AcDbEntity
8
0
100
AcDbLine
10
517.196
20
145.949
30
0
11
512
21
145.949
31
0
0
LINE
5
1387
330
C
100
AcDbEntity
8
0
100
AcDbLine
10
512
20
145.949
30
0
11
512
21
139.052
31
0
0
LINE
5
1388
330
C
100
AcDbEntity
8
0
100
AcDbLine
10
512
20
139.052
30
0
11
517.196
21
139.052
31
0
0
LINE
5
1389
330
C
100
AcDbEntity
8
0
100
AcDbLine
10
517.196
20
139.052
30
0
11
517.196
21
132.154
31
0
0
LINE
5
138A
330
C
100
AcDbEntity
8
0
100
AcDbLine
10
517.196
20
132.154
30
0
11
512
21
132.154
31
0
0
LINE
5
138B
330
C
100
AcDbEntity
8
0
100
AcDbLine
10
512
20
132.154
30
0
11
512
21
130
31
0
0
LINE
5
138C
330
C
100
AcDbEntity
8
0
100
AcDbLine
10
512
20
130
30
0
11
517.196
21
130
31
0
0
LINE
5
138D
330
C
100
AcDbEntity
8
0
100
AcDbLine
10
648.024
20
138.222
30
0
11
648.024
21
138.222
31
0
0
LINE
5
138E
330
C
100
AcDbEntity
8
0
100
AcDbLine
10
648.024
20
138.222
30
0
11
647.874
21
138.225
31
0
0
LINE
5
138F
330
C
100
AcDbEntity
8
0
100
AcDbLine
10
647.874
20
138.225
30
0
11
647.726
21
138.233
31
0
0
LINE
5
1390
330
C
100
AcDbEntity
8
0
100
AcDbLine
10
647.726
20
138.233
30
0
11
647.581
21
138.247
31
0
0
LINE
5
1391
330
C
100
AcDbEntity
8
0
100
AcDbLine
10
647.581
20
138.247
30
0
11
647.439
21
138.266
31
0
0
LINE
5
1392
330
C
100
AcDbEntity
8
0
100
AcDbLine
10
647.439
20
138.266
30
0
11
647.299
21
138.29
31
0
0
LINE
5
1393
330
C
100
AcDbEntity
8
0
100
AcDbLine
10
647.299
20
138.29
30
0
11
647.162
21
138.32
31
0
0
LINE
5
1394
330
C
100
AcDbEntity
8
0
100
AcDbLine
10
647.162
20
138.32
30
0
11
647.027
21
138.356
31
0
0
LINE
5
1395
330
C
100
AcDbEntity
8
0
100
AcDbLine
10
647.027
20
138.356
30
0
11
646.895
21
138.397
31
0
0
LINE
5
1396
330
C
100
AcDbEntity
8
0
100
AcDbLine
10
646.895
20
138.397
30
0
11
646.765
21
138.443
31
0
0
LINE
5
1397
330
C
100
AcDbEntity
8
0
100
AcDbLine
10
646.765
20
138.443
30
0
11
646.638
21
138.495
31
0
0
LINE
5
1398
330
C
100
AcDbEntity
8
0
100
AcDbLine
10
646.638
20
138.495
30
0
11
646.514
21
138.552
31
0
0
LINE
5
1399
330
C
100
AcDbEntity
8
0
100
AcDbLine
10
646.514
20
138.552
30
0
11
646.396
21
138.615
31
0
0
LINE
5
139A
330
C
100
AcDbEntity
8
0
100
AcDbLine
10
646.396
20
138.615
30
0
11
646.282
21
138.682
31
0
0
LINE
5
139B
330
C
100
AcDbEntity
8
0
100
AcDbLine
10
646.282
20
138.682
30
0
11
646.173
21
138.755
31
0
0
LINE
5
139C
330
C
100
AcDbEntity
8
0
100
AcDbLine
10
646.173
20
138.755
30
0
11
646.069
21
138.833
31
0
0
LINE
5
139D
330
C
100
AcDbEntity
8
0
100
AcDbLine
10
646.069
20
138.833
30
0
11
645.97
21
138.917
31
0
0
LINE
5
139E
330
C
100
AcDbEntity
8
0
100
AcDbLine
10
645.97
20
138.917
30
0
11
645.876
21
139.005
31
0
0
LINE
5
139F
330
C
100
AcDbEntity
8
0
100
AcDbLine
10
645.876
20
139.005
30
0
11
645.787
21
139.099
31
0
0
LINE
5
13A0
330
C
100
AcDbEntity
8
0
100
AcDbLine
10
645.787
20
139.099
30
0
11
645.703
21
139.198
31
0
0
LINE
5
13A1
330
C
100
AcDbEntity
8
0
100
AcDbLine
10
645.703
20
139.198
30
0
11
645.624
21
139.302
31
0
0
LINE
5
13A2
330
C
100
AcDbEntity
8
0
100
AcDbLine
10
645.624
20
139.302
30
0
11
645.551
21
139.411
31
0
0
LINE
5
13A3
330
C
100
AcDbEntity
8
0
100
AcDbLine
10
645.551
20
139.411
30
0
11
645.485
21
139.526
31
0
0
LINE
5
13A4
330
C
100
AcDbEntity
8
0
100
AcDbLine
10
645.485
20
139.526
30
0
11
645.427
21
139.645
31
0
0
LINE
5
13A5
330
C
100
AcDbEntity
8
0
100
AcDbLine
10
645.427
20
139.645
30
0
11
645.376
21
139.77
31
0
0
LINE
5
13A6
330
C
100
AcDbEntity
8
0
100
AcDbLine
10
645.376
20
139.77
30
0
11
645.333
21
139.899
31
0
0
LINE
5
13A7
330
C
100
AcDbEntity
8
0
100
AcDbLine
10
645.333
20
139.899
30
0
11
645.297
21
140.034
31
0
0
LINE
5
13A8
330
C
100
AcDbEntity
8
0
100
AcDbLine
10
645.297
20
140.034
30
0
11
645.268
21
140.173
31
0
0
LINE
5
13A9
330
C
100
AcDbEntity
8
0
100
AcDbLine
10
645.268
20
140.173
30
0
11
645.247
21
140.318
31
0
0
LINE
5
13AA
330
C
100
AcDbEntity
8
0
100
AcDbLine
10
645.247
20
140.318
30
0
11
645.234
21
140.467
31
0
0
LINE
5
13AB
330
C
100
AcDbEntity
8
0
100
AcDbLine
10
645.234
20
140.467
30
0
11
645.228
21
140.622
31
0
0
LINE
5
13AC
330
C
100
AcDbEntity
8
0
100
AcDbLine
10
645.228
20
140.622
30
0
11
645.228
21
140.622
31
0
0
LINE
5
13AD
330
C
100
AcDbEntity
8
0
100
AcDbLine
10
645.228
20
140.622
30
0
11
646.14
21
140.622
31
0
0
LINE
5
13AE
330
C
100
AcDbEntity
8
0
100
AcDbLine
10
646.14
20
140.622
30
0
11
646.142
21
140.518
31
0
0
LINE
5
13AF
330
C
100
AcDbEntity
8
0
100
AcDbLine
10
646.142
20
140.518
30
0
11
646.15
21
140.418
31
0
0
LINE
5
13B0
330
C
100
AcDbEntity
8
0
100
AcDbLine
10
646.15
20
140.418
30
0
11
646.163
21
140.322
31
0
0
LINE
5
13B1
330
C
100
AcDbEntity
8
0
100
AcDbLine
10
646.163
20
140.322
30
0
11
646.181
21
140.23
31
0
0
LINE
5
13B2
330
C
100
AcDbEntity
8
0
100
AcDbLine
10
646.181
20
140.23
30
0
11
646.204
21
140.141
31
0
0
LINE
5
13B3
330
C
100
AcDbEntity
8
0
100
AcDbLine
10
646.204
20
140.141
30
0
11
646.233
21
140.056
31
0
0
LINE
5
13B4
330
C
100
AcDbEntity
8
0
100
AcDbLine
10
646.233
20
140.056
30
0
11
646.266
21
139.975
31
0
0
LINE
5
13B5
330
C
100
AcDbEntity
8
0
100
AcDbLine
10
646.266
20
139.975
30
0
11
646.305
21
139.898
31
0
0
LINE
5
13B6
330
C
100
AcDbEntity
8
0
100
AcDbLine
10
646.305
20
139.898
30
0
11
646.349
21
139.825
31
0
0
LINE
5
13B7
330
C
100
AcDbEntity
8
0
100
AcDbLine
10
646.349
20
139.825
30
0
11
646.398
21
139.755
31
0
0
LINE
5
13B8
330
C
100
AcDbEntity
8
0
100
AcDbLine
10
646.398
20
139.755
30
0
11
646.451
21
139.689
31
0
0
LINE
5
13B9
330
C
100
AcDbEntity
8
0
100
AcDbLine
10
646.451
20
139.689
30
0
11
646.508
21
139.626
31
0
0
LINE
5
13BA
330
C
100
AcDbEntity
8
0
100
AcDbLine
10
646.508
20
139.626
30
0
11
646.568
21
139.567
31
0
0
LINE
5
13BB
330
C
100
AcDbEntity
8
0
100
AcDbLine
10
646.568
20
139.567
30
0
11
646.631
21
139.512
31
0
0
LINE
5
13BC
330
C
100
AcDbEntity
8
0
100
AcDbLine
10
646.631
20
139.512
30
0
11
646.698
21
139.459
31
0
0
LINE
5
13BD
330
C
100
AcDbEntity
8
0
100
AcDbLine
10
646.698
20
139.459
30
0
11
646.768
21
139.411
31
0
0
LINE
5
13BE
330
C
100
AcDbEntity
8
0
100
AcDbLine
10
646.768
20
139.411
30
0
11
646.841
21
139.366
31
0
0
LINE
5
13BF
330
C
100
AcDbEntity
8
0
100
AcDbLine
10
646.841
20
139.366
30
0
11
646.918
21
139.324
31
0
0
LINE
5
13C0
330
C
100
AcDbEntity
8
0
100
AcDbLine
10
646.918
20
139.324
30
0
11
646.998
21
139.286
31
0
0
LINE
5
13C1
330
C
100
AcDbEntity
8
0
100
AcDbLine
10
646.998
20
139.286
30
0
11
647.082
21
139.251
31
0
0
LINE
5
13C2
330
C
100
AcDbEntity
8
0
100
AcDbLine
10
647.082
20
139.251
30
0
11
647.168
21
139.22
31
0
0
LINE
5
13C3
330
C
100
AcDbEntity
8
0
100
AcDbLine
10
647.168
20
139.22
30
0
11
647.255
21
139.192
31
0
0
LINE
5
13C4
330
C
100
AcDbEntity
8
0
100
AcDbLine
10
647.255
20
139.192
30
0
11
647.344
21
139.167
31
0
0
LINE
5
13C5
330
C
100
AcDbEntity
8
0
100
AcDbLine
10
647.344
20
139.167
30
0
11
647.435
21
139.145
31
0
0
LINE
5
13C6
330
C
100
AcDbEntity
8
0
100
AcDbLine
10
647.435
20
139.145
30
0
11
647.527
21
139.127
31
0
0
LINE
5
13C7
330
C
100
AcDbEntity
8
0
100
AcDbLine
10
647.527
20
139.127
30
0
11
647.621
21
139.112
31
0
0
LINE
5
13C8
330
C
100
AcDbEntity
8
0
100
AcDbLine
10
647.621
20
139.112
30
0
11
647.716
21
139.101
31
0
0
LINE
5
13C9
330
C
100
AcDbEntity
8
0
100
AcDbLine
10
647.716
20
139.101
30
0
11
647.813
21
139.093
31
0
0
LINE
5
13CA
330
C
100
AcDbEntity
8
0
100
AcDbLine
10
647.813
20
139.093
30
0
11
647.912
21
139.088
31
0
0
LINE
5
13CB
330
C
100
AcDbEntity
8
0
100
AcDbLine
10
647.912
20
139.088
30
0
11
648.012
21
139.086
31
0
0
LINE
5
13CC
330
C
100
AcDbEntity
8
0
100
AcDbLine
10
648.012
20
139.086
30
0
11
648.012
21
139.086
31
0
0
LINE
5
13CD
330
C
100
AcDbEntity
8
0
100
AcDbLine
10
648.012
20
139.086
30
0
11
648.12
21
139.088
31
0
0
LINE
5
13CE
330
C
100
AcDbEntity
8
0
100
AcDbLine
10
648.12
20
139.088
30
0
11
648.224
21
139.093
31
0
0
LINE
5
13CF
330
C
100
AcDbEntity
8
0
100
AcDbLine
10
648.224
20
139.093
30
0
11
648.326
21
139.102
31
0
0
LINE
5
13D0
330
C
100
AcDbEntity
8
0
100
AcDbLine
10
648.326
20
139.102
30
0
11
648.426
21
139.114
31
0
0
LINE
5
13D1
330
C
100
AcDbEntity
8
0
100
AcDbLine
10
648.426
20
139.114
30
0
11
648.522
21
139.13
31
0
0
LINE
5
13D2
330
C
100
AcDbEntity
8
0
100
AcDbLine
10
648.522
20
139.13
30
0
11
648.615
21
139.149
31
0
0
LINE
5
13D3
330
C
100
AcDbEntity
8
0
100
AcDbLine
10
648.615
20
139.149
30
0
11
648.706
21
139.171
31
0
0
LINE
5
13D4
330
C
100
AcDbEntity
8
0
100
AcDbLine
10
648.706
20
139.171
30
0
11
648.793
21
139.197
31
0
0
LINE
5
13D5
330
C
100
AcDbEntity
8
0
100
AcDbLine
10
648.793
20
139.197
30
0
11
648.878
21
139.227
31
0
0
LINE
5
13D6
330
C
100
AcDbEntity
8
0
100
AcDbLine
10
648.878
20
139.227
30
0
11
648.96
21
139.26
31
0
0
LINE
5
13D7
330
C
100
AcDbEntity
8
0
100
AcDbLine
10
648.96
20
139.26
30
0
11
649.038
21
139.296
31
0
0
LINE
5
13D8
330
C
100
AcDbEntity
8
0
100
AcDbLine
10
649.038
20
139.296
30
0
11
649.113
21
139.334
31
0
0
LINE
5
13D9
330
C
100
AcDbEntity
8
0
100
AcDbLine
10
649.113
20
139.334
30
0
11
649.184
21
139.374
31
0
0
LINE
5
13DA
330
C
100
AcDbEntity
8
0
100
AcDbLine
10
649.184
20
139.374
30
0
11
649.252
21
139.417
31
0
0
LINE
5
13DB
330
C
100
AcDbEntity
8
0
100
AcDbLine
10
649.252
20
139.417
30
0
11
649.316
21
139.462
31
0
0
LINE
5
13DC
330
C
100
AcDbEntity
8
0
100
AcDbLine
10
649.316
20
139.462
30
0
11
649.376
21
139.509
31
0
0
LINE
5
13DD
330
C
100
AcDbEntity
8
0
100
AcDbLine
10
649.376
20
139.509
30
0
11
649.433
21
139.558
31
0
0
LINE
5
13DE
330
C
100
AcDbEntity
8
0
100
AcDbLine
10
649.433
20
139.558
30
0
11
649.486
21
139.609
31
0
0
LINE
5
13DF
330
C
100
AcDbEntity
8
0
100
AcDbLine
10
649.486
20
139.609
30
0
11
649.535
21
139.663
31
0
0
LINE
5
13E0
330
C
100
AcDbEntity
8
0
100
AcDbLine
10
649.535
20
139.663
30
0
11
649.581
21
139.719
31
0
0
LINE
5
13E1
330
C
100
AcDbEntity
8
0
100
AcDbLine
10
649.581
20
139.719
30
0
11
649.622
21
139.777
31
0
0
LINE
5
13E2
330
C
100
AcDbEntity
8
0
100
AcDbLine
10
649.622
20
139.777
30
0
11
649.66
21
139.835
31
0
0
LINE
5
13E3
330
C
100
AcDbEntity
8
0
100
AcDbLine
10
649.66
20
139.835
30
0
11
649.692
21
139.895
31
0
0
LINE
5
13E4
330
C
100
AcDbEntity
8
0
100
AcDbLine
10
649.692
20
139.895
30
0
11
649.721
21
139.956
31
0
0
LINE
5
13E5
330
C
100
AcDbEntity
8
0
100
AcDbLine
10
649.721
20
139.956
30
0
11
649.745
21
140.018
31
0
0
LINE
5
13E6
330
C
100
AcDbEntity
8
0
100
AcDbLine
10
649.745
20
140.018
30
0
11
649.765
21
140.082
31
0
0
LINE
5
13E7
330
C
100
AcDbEntity
8
0
100
AcDbLine
10
649.765
20
140.082
30
0
11
649.78
21
140.146
31
0
0
LINE
5
13E8
330
C
100
AcDbEntity
8
0
100
AcDbLine
10
649.78
20
140.146
30
0
11
649.791
21
140.211
31
0
0
LINE
5
13E9
330
C
100
AcDbEntity
8
0
100
AcDbLine
10
649.791
20
140.211
30
0
11
649.798
21
140.278
31
0
0
LINE
5
13EA
330
C
100
AcDbEntity
8
0
100
AcDbLine
10
649.798
20
140.278
30
0
11
649.8
21
140.346
31
0
0
LINE
5
13EB
330
C
100
AcDbEntity
8
0
100
AcDbLine
10
649.8
20
140.346
30
0
11
649.8
21
140.346
31
0
0
LINE
5
13EC
330
C
100
AcDbEntity
8
0
100
AcDbLine
10
649.8
20
140.346
30
0
11
649.797
21
140.44
31
0
0
LINE
5
13ED
330
C
100
AcDbEntity
8
0
100
AcDbLine
10
649.797
20
140.44
30
0
11
649.788
21
140.531
31
0
0
LINE
5
13EE
330
C
100
AcDbEntity
8
0
100
AcDbLine
10
649.788
20
140.531
30
0
11
649.773
21
140.618
31
0
0
LINE
5
13EF
330
C
100
AcDbEntity
8
0
100
AcDbLine
10
649.773
20
140.618
30
0
11
649.753
21
140.701
31
0
0
LINE
5
13F0
330
C
100
AcDbEntity
8
0
100
AcDbLine
10
649.753
20
140.701
30
0
11
649.726
21
140.78
31
0
0
LINE
5
13F1
330
C
100
AcDbEntity
8
0
100
AcDbLine
10
649.726
20
140.78
30
0
11
649.694
21
140.856
31
0
0
LINE
5
13F2
330
C
100
AcDbEntity
8
0
100
AcDbLine
10
649.694
20
140.856
30
0
11
649.656
21
140.928
31
0
0
LINE
5
13F3
330
C
100
AcDbEntity
8
0
100
AcDbLine
10
649.656
20
140.928
30
0
11
649.612
21
140.997
31
0
0
LINE
5
13F4
330
C
100
AcDbEntity
8
0
100
AcDbLine
10
649.612
20
140.997
30
0
11
649.562
21
141.062
31
0
0
LINE
5
13F5
330
C
100
AcDbEntity
8
0
100
AcDbLine
10
649.562
20
141.062
30
0
11
649.506
21
141.123
31
0
0
LINE
5
13F6
330
C
100
AcDbEntity
8
0
100
AcDbLine
10
649.506
20
141.123
30
0
11
649.444
21
141.181
31
0
0
LINE
5
13F7
330
C
100
AcDbEntity
8
0
100
AcDbLine
10
649.444
20
141.181
30
0
11
649.377
21
141.237
31
0
0
LINE
5
13F8
330
C
100
AcDbEntity
8
0
100
AcDbLine
10
649.377
20
141.237
30
0
11
649.304
21
141.291
31
0
0
LINE
5
13F9
330
C
100
AcDbEntity
8
0
100
AcDbLine
10
649.304
20
141.291
30
0
11
649.225
21
141.343
31
0
0
LINE
5
13FA
330
C
100
AcDbEntity
8
0
100
AcDbLine
10
649.225
20
141.343
30
0
11
649.141
21
141.392
31
0
0
LINE
5
13FB
330
C
100
AcDbEntity
8
0
100
AcDbLine
10
649.141
20
141.392
30
0
11
649.051
21
141.439
31
0
0
LINE
5
13FC
330
C
100
AcDbEntity
8
0
100
AcDbLine
10
649.051
20
141.439
30
0
11
648.956
21
141.484
31
0
0
LINE
5
13FD
330
C
100
AcDbEntity
8
0
100
AcDbLine
10
648.956
20
141.484
30
0
11
648.855
21
141.527
31
0
0
LINE
5
13FE
330
C
100
AcDbEntity
8
0
100
AcDbLine
10
648.855
20
141.527
30
0
11
648.748
21
141.568
31
0
0
LINE
5
13FF
330
C
100
AcDbEntity
8
0
100
AcDbLine
10
648.748
20
141.568
30
0
11
648.636
21
141.606
31
0
0
LINE
5
1400
330
C
100
AcDbEntity
8
0
100
AcDbLine
10
648.636
20
141.606
30
0
11
648.636
21
141.606
31
0
0
LINE
5
1401
330
C
100
AcDbEntity
8
0
100
AcDbLine
10
648.636
20
141.606
30
0
11
647.304
21
142.074
31
0
0
LINE
5
1402
330
C
100
AcDbEntity
8
0
100
AcDbLine
10
647.304
20
142.074
30
0
11
647.121
21
142.142
31
0
0
LINE
5
1403
330
C
100
AcDbEntity
8
0
100
AcDbLine
10
647.121
20
142.142
30
0
11
646.948
21
142.212
31
0
0
LINE
5
1404
330
C
100
AcDbEntity
8
0
100
AcDbLine
10
646.948
20
142.212
30
0
11
646.783
21
142.284
31
0
0
LINE
5
1405
330
C
100
AcDbEntity
8
0
100
AcDbLine
10
646.783
20
142.284
30
0
11
646.628
21
142.358
31
0
0
LINE
5
1406
330
C
100
AcDbEntity
8
0
100
AcDbLine
10
646.628
20
142.358
30
0
11
646.482
21
142.434
31
0
0
LINE
5
1407
330
C
100
AcDbEntity
8
0
100
AcDbLine
10
646.482
20
142.434
30
0
11
646.345
21
142.512
31
0
0
LINE
5
1408
330
C
100
AcDbEntity
8
0
100
AcDbLine
10
646.345
20
142.512
30
0
11
646.217
21
142.591
31
0
0
LINE
5
1409
330
C
100
AcDbEntity
8
0
100
AcDbLine
10
646.217
20
142.591
30
0
11
646.098
21
142.673
31
0
0
LINE
5
140A
330
C
100
AcDbEntity
8
0
100
AcDbLine
10
646.098
20
142.673
30
0
11
645.988
21
142.757
31
0
0
LINE
5
140B
330
C
100
AcDbEntity
8
0
100
AcDbLine
10
645.988
20
142.757
30
0
11
645.888
21
142.842
31
0
0
LINE
5
140C
330
C
100
AcDbEntity
8
0
100
AcDbLine
10
645.888
20
142.842
30
0
11
645.797
21
142.932
31
0
0
LINE
5
140D
330
C
100
AcDbEntity
8
0
100
AcDbLine
10
645.797
20
142.932
30
0
11
645.715
21
143.029
31
0
0
LINE
5
140E
330
C
100
AcDbEntity
8
0
100
AcDbLine
10
645.715
20
143.029
30
0
11
645.643
21
143.133
31
0
0
LINE
5
140F
330
C
100
AcDbEntity
8
0
100
AcDbLine
10
645.643
20
143.133
30
0
11
645.581
21
143.243
31
0
0
LINE
5
1410
330
C
100
AcDbEntity
8
0
100
AcDbLine
10
645.581
20
143.243
30
0
11
645.528
21
143.361
31
0
0
LINE
5
1411
330
C
100
AcDbEntity
8
0
100
AcDbLine
10
645.528
20
143.361
30
0
11
645.485
21
143.486
31
0
0
LINE
5
1412
330
C
100
AcDbEntity
8
0
100
AcDbLine
10
645.485
20
143.486
30
0
11
645.451
21
143.617
31
0
0
LINE
5
1413
330
C
100
AcDbEntity
8
0
100
AcDbLine
10
645.451
20
143.617
30
0
11
645.427
21
143.756
31
0
0
LINE
5
1414
330
C
100
AcDbEntity
8
0
100
AcDbLine
10
645.427
20
143.756
30
0
11
645.413
21
143.901
31
0
0
LINE
5
1415
330
C
100
AcDbEntity
8
0
100
AcDbLine
10
645.413
20
143.901
30
0
11
645.408
21
144.054
31
0
0
LINE
5
1416
330
C
100
AcDbEntity
8
0
100
AcDbLine
10
645.408
20
144.054
30
0
11
645.408
21
144.054
31
0
0
LINE
5
1417
330
C
100
AcDbEntity
8
0
100
AcDbLine
10
645.408
20
144.054
30
0
11
645.415
21
144.226
31
0
0
LINE
5
1418
330
C
100
AcDbEntity
8
0
100
AcDbLine
10
645.415
20
144.226
30
0
11
645.435
21
144.391
31
0
0
LINE
5
1419
330
C
100
AcDbEntity
8
0
100
AcDbLine
10
645.435
20
144.391
30
0
11
645.469
21
144.55
31
0
0
LINE
5
141A
330
C
100
AcDbEntity
8
0
100
AcDbLine
10
645.469
20
144.55
30
0
11
645.516
21
144.703
31
0
0
LINE
5
141B
330
C
100
AcDbEntity
8
0
100
AcDbLine
10
645.516
20
144.703
30
0
11
645.577
21
144.849
31
0
0
LINE
5
141C
330
C
100
AcDbEntity
8
0
100
AcDbLine
10
645.577
20
144.849
30
0
11
645.651
21
144.989
31
0
0
LINE
5
141D
330
C
100
AcDbEntity
8
0
100
AcDbLine
10
645.651
20
144.989
30
0
11
645.739
21
145.122
31
0
0
LINE
5
141E
330
C
100
AcDbEntity
8
0
100
AcDbLine
10
645.739
20
145.122
30
0
11
645.84
21
145.248
31
0
0
LINE
5
141F
330
C
100
AcDbEntity
8
0
100
AcDbLine
10
645.84
20
145.248
30
0
11
645.955
21
145.368
31
0
0
LINE
5
1420
330
C
100
AcDbEntity
8
0
100
AcDbLine
10
645.955
20
145.368
30
0
11
646.083
21
145.482
31
0
0
LINE
5
1421
330
C
100
AcDbEntity
8
0
100
AcDbLine
10
646.083
20
145.482
30
0
11
646.223
21
145.587
31
0
0
LINE
5
1422
330
C
100
AcDbEntity
8
0
100
AcDbLine
10
646.223
20
145.587
30
0
11
646.375
21
145.681
31
0
0
LINE
5
1423
330
C
100
AcDbEntity
8
0
100
AcDbLine
10
646.375
20
145.681
30
0
11
646.539
21
145.764
31
0
0
LINE
5
1424
330
C
100
AcDbEntity
8
0
100
AcDbLine
10
646.539
20
145.764
30
0
11
646.713
21
145.835
31
0
0
LINE
5
1425
330
C
100
AcDbEntity
8
0
100
AcDbLine
10
646.713
20
145.835
30
0
11
646.9
21
145.896
31
0
0
LINE
5
1426
330
C
100
AcDbEntity
8
0
100
AcDbLine
10
646.9
20
145.896
30
0
11
647.097
21
145.946
31
0
0
LINE
5
1427
330
C
100
AcDbEntity
8
0
100
AcDbLine
10
647.097
20
145.946
30
0
11
647.306
21
145.984
31
0
0
LINE
5
1428
330
C
100
AcDbEntity
8
0
100
AcDbLine
10
647.306
20
145.984
30
0
11
647.526
21
146.012
31
0
0
LINE
5
1429
330
C
100
AcDbEntity
8
0
100
AcDbLine
10
647.526
20
146.012
30
0
11
647.757
21
146.028
31
0
0
LINE
5
142A
330
C
100
AcDbEntity
8
0
100
AcDbLine
10
647.757
20
146.028
30
0
11
648
21
146.034
31
0
0
LINE
5
142B
330
C
100
AcDbEntity
8
0
100
AcDbLine
10
648
20
146.034
30
0
11
648
21
146.034
31
0
0
LINE
5
142C
330
C
100
AcDbEntity
8
0
100
AcDbLine
10
648
20
146.034
30
0
11
648.225
21
146.029
31
0
0
LINE
5
142D
330
C
100
AcDbEntity
8
0
100
AcDbLine
10
648.225
20
146.029
30
0
11
648.44
21
146.013
31
0
0
LINE
5
142E
330
C
100
AcDbEntity
8
0
100
AcDbLine
10
648.44
20
146.013
30
0
11
648.646
21
145.986
31
0
0
LINE
5
142F
330
C
100
AcDbEntity
8
0
100
AcDbLine
10
648.646
20
145.986
30
0
11
648.841
21
145.949
31
0
0
LINE
5
1430
330
C
100
AcDbEntity
8
0
100
AcDbLine
10
648.841
20
145.949
30
0
11
649.026
21
145.901
31
0
0
LINE
5
1431
330
C
100
AcDbEntity
8
0
100
AcDbLine
10
649.026
20
145.901
30
0
11
649.201
21
145.843
31
0
0
LINE
5
1432
330
C
100
AcDbEntity
8
0
100
AcDbLine
10
649.201
20
145.843
30
0
11
649.366
21
145.774
31
0
0
LINE
5
1433
330
C
100
AcDbEntity
8
0
100
AcDbLine
10
649.366
20
145.774
30
0
11
649.52
21
145.694
31
0
0
LINE
5
1434
330
C
100
AcDbEntity
8
0
100
AcDbLine
10
649.52
20
145.694
30
0
11
649.665
21
145.604
31
0
0
LINE
5
1435
330
C
100
AcDbEntity
8
0
100
AcDbLine
10
649.665
20
145.604
30
0
11
649.8
21
145.503
31
0
0
LINE
5
1436
330
C
100
AcDbEntity
8
0
100
AcDbLine
10
649.8
20
145.503
30
0
11
649.924
21
145.393
31
0
0
LINE
5
1437
330
C
100
AcDbEntity
8
0
100
AcDbLine
10
649.924
20
145.393
30
0
11
650.037
21
145.276
31
0
0
LINE
5
1438
330
C
100
AcDbEntity
8
0
100
AcDbLine
10
650.037
20
145.276
30
0
11
650.139
21
145.152
31
0
0
LINE
5
1439
330
C
100
AcDbEntity
8
0
100
AcDbLine
10
650.139
20
145.152
30
0
11
650.23
21
145.02
31
0
0
LINE
5
143A
330
C
100
AcDbEntity
8
0
100
AcDbLine
10
650.23
20
145.02
30
0
11
650.31
21
144.881
31
0
0
LINE
5
143B
330
C
100
AcDbEntity
8
0
100
AcDbLine
10
650.31
20
144.881
30
0
11
650.379
21
144.735
31
0
0
LINE
5
143C
330
C
100
AcDbEntity
8
0
100
AcDbLine
10
650.379
20
144.735
30
0
11
650.436
21
144.582
31
0
0
LINE
5
143D
330
C
100
AcDbEntity
8
0
100
AcDbLine
10
650.436
20
144.582
30
0
11
650.483
21
144.421
31
0
0
LINE
5
143E
330
C
100
AcDbEntity
8
0
100
AcDbLine
10
650.483
20
144.421
30
0
11
650.519
21
144.253
31
0
0
LINE
5
143F
330
C
100
AcDbEntity
8
0
100
AcDbLine
10
650.519
20
144.253
30
0
11
650.544
21
144.078
31
0
0
LINE
5
1440
330
C
100
AcDbEntity
8
0
100
AcDbLine
10
650.544
20
144.078
30
0
11
650.544
21
144.078
31
0
0
LINE
5
1441
330
C
100
AcDbEntity
8
0
100
AcDbLine
10
650.544
20
144.078
30
0
11
649.62
21
144.078
31
0
0
LINE
5
1442
330
C
100
AcDbEntity
8
0
100
AcDbLine
10
649.62
20
144.078
30
0
11
649.599
21
144.18
31
0
0
LINE
5
1443
330
C
100
AcDbEntity
8
0
100
AcDbLine
10
649.599
20
144.18
30
0
11
649.571
21
144.278
31
0
0
LINE
5
1444
330
C
100
AcDbEntity
8
0
100
AcDbLine
10
649.571
20
144.278
30
0
11
649.538
21
144.37
31
0
0
LINE
5
1445
330
C
100
AcDbEntity
8
0
100
AcDbLine
10
649.538
20
144.37
30
0
11
649.498
21
144.459
31
0
0
LINE
5
1446
330
C
100
AcDbEntity
8
0
100
AcDbLine
10
649.498
20
144.459
30
0
11
649.453
21
144.542
31
0
0
LINE
5
1447
330
C
100
AcDbEntity
8
0
100
AcDbLine
10
649.453
20
144.542
30
0
11
649.401
21
144.621
31
0
0
LINE
5
1448
330
C
100
AcDbEntity
8
0
100
AcDbLine
10
649.401
20
144.621
30
0
11
649.342
21
144.696
31
0
0
LINE
5
1449
330
C
100
AcDbEntity
8
0
100
AcDbLine
10
649.342
20
144.696
30
0
11
649.278
21
144.765
31
0
0
LINE
5
144A
330
C
100
AcDbEntity
8
0
100
AcDbLine
10
649.278
20
144.765
30
0
11
649.207
21
144.83
31
0
0
LINE
5
144B
330
C
100
AcDbEntity
8
0
100
AcDbLine
10
649.207
20
144.83
30
0
11
649.131
21
144.891
31
0
0
LINE
5
144C
330
C
100
AcDbEntity
8
0
100
AcDbLine
10
649.131
20
144.891
30
0
11
649.048
21
144.946
31
0
0
LINE
5
144D
330
C
100
AcDbEntity
8
0
100
AcDbLine
10
649.048
20
144.946
30
0
11
648.958
21
144.996
31
0
0
LINE
5
144E
330
C
100
AcDbEntity
8
0
100
AcDbLine
10
648.958
20
144.996
30
0
11
648.861
21
145.039
31
0
0
LINE
5
144F
330
C
100
AcDbEntity
8
0
100
AcDbLine
10
648.861
20
145.039
30
0
11
648.758
21
145.077
31
0
0
LINE
5
1450
330
C
100
AcDbEntity
8
0
100
AcDbLine
10
648.758
20
145.077
30
0
11
648.649
21
145.109
31
0
0
LINE
5
1451
330
C
100
AcDbEntity
8
0
100
AcDbLine
10
648.649
20
145.109
30
0
11
648.532
21
145.135
31
0
0
LINE
5
1452
330
C
100
AcDbEntity
8
0
100
AcDbLine
10
648.532
20
145.135
30
0
11
648.409
21
145.156
31
0
0
LINE
5
1453
330
C
100
AcDbEntity
8
0
100
AcDbLine
10
648.409
20
145.156
30
0
11
648.279
21
145.17
31
0
0
LINE
5
1454
330
C
100
AcDbEntity
8
0
100
AcDbLine
10
648.279
20
145.17
30
0
11
648.143
21
145.179
31
0
0
LINE
5
1455
330
C
100
AcDbEntity
8
0
100
AcDbLine
10
648.143
20
145.179
30
0
11
648
21
145.182
31
0
0
LINE
5
1456
330
C
100
AcDbEntity
8
0
100
AcDbLine
10
648
20
145.182
30
0
11
648
21
145.182
31
0
0
LINE
5
1457
330
C
100
AcDbEntity
8
0
100
AcDbLine
10
648
20
145.182
30
0
11
647.854
21
145.179
31
0
0
LINE
5
1458
330
C
100
AcDbEntity
8
0
100
AcDbLine
10
647.854
20
145.179
30
0
11
647.715
21
145.169
31
0
0
LINE
5
1459
330
C
100
AcDbEntity
8
0
100
AcDbLine
10
647.715
20
145.169
30
0
11
647.583
21
145.152
31
0
0
LINE
5
145A
330
C
100
AcDbEntity
8
0
100
AcDbLine
10
647.583
20
145.152
30
0
11
647.457
21
145.129
31
0
0
LINE
5
145B
330
C
100
AcDbEntity
8
0
100
AcDbLine
10
647.457
20
145.129
30
0
11
647.338
21
145.1
31
0
0
LINE
5
145C
330
C
100
AcDbEntity
8
0
100
AcDbLine
10
647.338
20
145.1
30
0
11
647.226
21
145.063
31
0
0
LINE
5
145D
330
C
100
AcDbEntity
8
0
100
AcDbLine
10
647.226
20
145.063
30
0
11
647.12
21
145.02
31
0
0
LINE
5
145E
330
C
100
AcDbEntity
8
0
100
AcDbLine
10
647.12
20
145.02
30
0
11
647.021
21
144.971
31
0
0
LINE
5
145F
330
C
100
AcDbEntity
8
0
100
AcDbLine
10
647.021
20
144.971
30
0
11
646.928
21
144.915
31
0
0
LINE
5
1460
330
C
100
AcDbEntity
8
0
100
AcDbLine
10
646.928
20
144.915
30
0
11
646.842
21
144.852
31
0
0
LINE
5
1461
330
C
100
AcDbEntity
8
0
100
AcDbLine
10
646.842
20
144.852
30
0
11
646.763
21
144.784
31
0
0
LINE
5
1462
330
C
100
AcDbEntity
8
0
100
AcDbLine
10
646.763
20
144.784
30
0
11
646.693
21
144.713
31
0
0
LINE
5
1463
330
C
100
AcDbEntity
8
0
100
AcDbLine
10
646.693
20
144.713
30
0
11
646.631
21
144.638
31
0
0
LINE
5
1464
330
C
100
AcDbEntity
8
0
100
AcDbLine
10
646.631
20
144.638
30
0
11
646.577
21
144.56
31
0
0
LINE
5
1465
330
C
100
AcDbEntity
8
0
100
AcDbLine
10
646.577
20
144.56
30
0
11
646.531
21
144.478
31
0
0
LINE
5
1466
330
C
100
AcDbEntity
8
0
100
AcDbLine
10
646.531
20
144.478
30
0
11
646.494
21
144.393
31
0
0
LINE
5
1467
330
C
100
AcDbEntity
8
0
100
AcDbLine
10
646.494
20
144.393
30
0
11
646.465
21
144.305
31
0
0
LINE
5
1468
330
C
100
AcDbEntity
8
0
100
AcDbLine
10
646.465
20
144.305
30
0
11
646.444
21
144.213
31
0
0
LINE
5
1469
330
C
100
AcDbEntity
8
0
100
AcDbLine
10
646.444
20
144.213
30
0
11
646.432
21
144.117
31
0
0
LINE
5
146A
330
C
100
AcDbEntity
8
0
100
AcDbLine
10
646.432
20
144.117
30
0
11
646.428
21
144.018
31
0
0
LINE
5
146B
330
C
100
AcDbEntity
8
0
100
AcDbLine
10
646.428
20
144.018
30
0
11
646.428
21
144.018
31
0
0
LINE
5
146C
330
C
100
AcDbEntity
8
0
100
AcDbLine
10
646.428
20
144.018
30
0
11
646.43
21
143.937
31
0
0
LINE
5
146D
330
C
100
AcDbEntity
8
0
100
AcDbLine
10
646.43
20
143.937
30
0
11
646.438
21
143.859
31
0
0
LINE
5
146E
330
C
100
AcDbEntity
8
0
100
AcDbLine
10
646.438
20
143.859
30
0
11
646.451
21
143.785
31
0
0
LINE
5
146F
330
C
100
AcDbEntity
8
0
100
AcDbLine
10
646.451
20
143.785
30
0
11
646.47
21
143.714
31
0
0
LINE
5
1470
330
C
100
AcDbEntity
8
0
100
AcDbLine
10
646.47
20
143.714
30
0
11
646.493
21
143.647
31
0
0
LINE
5
1471
330
C
100
AcDbEntity
8
0
100
AcDbLine
10
646.493
20
143.647
30
0
11
646.522
21
143.583
31
0
0
LINE
5
1472
330
C
100
AcDbEntity
8
0
100
AcDbLine
10
646.522
20
143.583
30
0
11
646.556
21
143.522
31
0
0
LINE
5
1473
330
C
100
AcDbEntity
8
0
100
AcDbLine
10
646.556
20
143.522
30
0
11
646.595
21
143.465
31
0
0
LINE
5
1474
330
C
100
AcDbEntity
8
0
100
AcDbLine
10
646.595
20
143.465
30
0
11
646.639
21
143.411
31
0
0
LINE
5
1475
330
C
100
AcDbEntity
8
0
100
AcDbLine
10
646.639
20
143.411
30
0
11
646.689
21
143.361
31
0
0
LINE
5
1476
330
C
100
AcDbEntity
8
0
100
AcDbLine
10
646.689
20
143.361
30
0
11
646.744
21
143.313
31
0
0
LINE
5
1477
330
C
100
AcDbEntity
8
0
100
AcDbLine
10
646.744
20
143.313
30
0
11
646.805
21
143.266
31
0
0
LINE
5
1478
330
C
100
AcDbEntity
8
0
100
AcDbLine
10
646.805
20
143.266
30
0
11
646.872
21
143.22
31
0
0
LINE
5
1479
330
C
100
AcDbEntity
8
0
100
AcDbLine
10
646.872
20
143.22
30
0
11
646.945
21
143.175
31
0
0
LINE
5
147A
330
C
100
AcDbEntity
8
0
100
AcDbLine
10
646.945
20
143.175
30
0
11
647.024
21
143.131
31
0
0
LINE
5
147B
330
C
100
AcDbEntity
8
0
100
AcDbLine
10
647.024
20
143.131
30
0
11
647.109
21
143.088
31
0
0
LINE
5
147C
330
C
100
AcDbEntity
8
0
100
AcDbLine
10
647.109
20
143.088
30
0
11
647.2
21
143.046
31
0
0
LINE
5
147D
330
C
100
AcDbEntity
8
0
100
AcDbLine
10
647.2
20
143.046
30
0
11
647.296
21
143.005
31
0
0
LINE
5
147E
330
C
100
AcDbEntity
8
0
100
AcDbLine
10
647.296
20
143.005
30
0
11
647.399
21
142.965
31
0
0
LINE
5
147F
330
C
100
AcDbEntity
8
0
100
AcDbLine
10
647.399
20
142.965
30
0
11
647.508
21
142.926
31
0
0
LINE
5
1480
330
C
100
AcDbEntity
8
0
100
AcDbLine
10
647.508
20
142.926
30
0
11
647.508
21
142.926
31
0
0
LINE
5
1481
330
C
100
AcDbEntity
8
0
100
AcDbLine
10
647.508
20
142.926
30
0
11
649.068
21
142.386
31
0
0
LINE
5
1482
330
C
100
AcDbEntity
8
0
100
AcDbLine
10
649.068
20
142.386
30
0
11
649.226
21
142.33
31
0
0
LINE
5
1483
330
C
100
AcDbEntity
8
0
100
AcDbLine
10
649.226
20
142.33
30
0
11
649.378
21
142.269
31
0
0
LINE
5
1484
330
C
100
AcDbEntity
8
0
100
AcDbLine
10
649.378
20
142.269
30
0
11
649.523
21
142.205
31
0
0
LINE
5
1485
330
C
100
AcDbEntity
8
0
100
AcDbLine
10
649.523
20
142.205
30
0
11
649.662
21
142.135
31
0
0
LINE
5
1486
330
C
100
AcDbEntity
8
0
100
AcDbLine
10
649.662
20
142.135
30
0
11
649.793
21
142.062
31
0
0
LINE
5
1487
330
C
100
AcDbEntity
8
0
100
AcDbLine
10
649.793
20
142.062
30
0
11
649.918
21
141.984
31
0
0
LINE
5
1488
330
C
100
AcDbEntity
8
0
100
AcDbLine
10
649.918
20
141.984
30
0
11
650.036
21
141.902
31
0
0
LINE
5
1489
330
C
100
AcDbEntity
8
0
100
AcDbLine
10
650.036
20
141.902
30
0
11
650.147
21
141.816
31
0
0
LINE
5
148A
330
C
100
AcDbEntity
8
0
100
AcDbLine
10
650.147
20
141.816
30
0
11
650.251
21
141.725
31
0
0
LINE
5
148B
330
C
100
AcDbEntity
8
0
100
AcDbLine
10
650.251
20
141.725
30
0
11
650.349
21
141.63
31
0
0
LINE
5
148C
330
C
100
AcDbEntity
8
0
100
AcDbLine
10
650.349
20
141.63
30
0
11
650.438
21
141.53
31
0
0
LINE
5
148D
330
C
100
AcDbEntity
8
0
100
AcDbLine
10
650.438
20
141.53
30
0
11
650.518
21
141.424
31
0
0
LINE
5
148E
330
C
100
AcDbEntity
8
0
100
AcDbLine
10
650.518
20
141.424
30
0
11
650.589
21
141.312
31
0
0
LINE
5
148F
330
C
100
AcDbEntity
8
0
100
AcDbLine
10
650.589
20
141.312
30
0
11
650.65
21
141.195
31
0
0
LINE
5
1490
330
C
100
AcDbEntity
8
0
100
AcDbLine
10
650.65
20
141.195
30
0
11
650.702
21
141.072
31
0
0
LINE
5
1491
330
C
100
AcDbEntity
8
0
100
AcDbLine
10
650.702
20
141.072
30
0
11
650.744
21
140.943
31
0
0
LINE
5
1492
330
C
100
AcDbEntity
8
0
100
AcDbLine
10
650.744
20
140.943
30
0
11
650.777
21
140.808
31
0
0
LINE
5
1493
330
C
100
AcDbEntity
8
0
100
AcDbLine
10
650.777
20
140.808
30
0
11
650.801
21
140.668
31
0
0
LINE
5
1494
330
C
100
AcDbEntity
8
0
100
AcDbLine
10
650.801
20
140.668
30
0
11
650.815
21
140.522
31
0
0
LINE
5
1495
330
C
100
AcDbEntity
8
0
100
AcDbLine
10
650.815
20
140.522
30
0
11
650.82
21
140.37
31
0
0
LINE
5
1496
330
C
100
AcDbEntity
8
0
100
AcDbLine
10
650.82
20
140.37
30
0
11
650.82
21
140.37
31
0
0
LINE
5
1497
330
C
100
AcDbEntity
8
0
100
AcDbLine
10
650.82
20
140.37
30
0
11
650.817
21
140.251
31
0
0
LINE
5
1498
330
C
100
AcDbEntity
8
0
100
AcDbLine
10
650.817
20
140.251
30
0
11
650.807
21
140.135
31
0
0
LINE
5
1499
330
C
100
AcDbEntity
8
0
100
AcDbLine
10
650.807
20
140.135
30
0
11
650.791
21
140.02
31
0
0
LINE
5
149A
330
C
100
AcDbEntity
8
0
100
AcDbLine
10
650.791
20
140.02
30
0
11
650.768
21
139.908
31
0
0
LINE
5
149B
330
C
100
AcDbEntity
8
0
100
AcDbLine
10
650.768
20
139.908
30
0
11
650.74
21
139.798
31
0
0
LINE
5
149C
330
C
100
AcDbEntity
8
0
100
AcDbLine
10
650.74
20
139.798
30
0
11
650.704
21
139.691
31
0
0
LINE
5
149D
330
C
100
AcDbEntity
8
0
100
AcDbLine
10
650.704
20
139.691
30
0
11
650.662
21
139.586
31
0
0
LINE
5
149E
330
C
100
AcDbEntity
8
0
100
AcDbLine
10
650.662
20
139.586
30
0
11
650.614
21
139.483
31
0
0
LINE
5
149F
330
C
100
AcDbEntity
8
0
100
AcDbLine
10
650.614
20
139.483
30
0
11
650.56
21
139.382
31
0
0
LINE
5
14A0
330
C
100
AcDbEntity
8
0
100
AcDbLine
10
650.56
20
139.382
30
0
11
650.499
21
139.284
31
0
0
LINE
5
14A1
330
C
100
AcDbEntity
8
0
100
AcDbLine
10
650.499
20
139.284
30
0
11
650.432
21
139.189
31
0
0
LINE
5
14A2
330
C
100
AcDbEntity
8
0
100
AcDbLine
10
650.432
20
139.189
30
0
11
650.358
21
139.098
31
0
0
LINE
5
14A3
330
C
100
AcDbEntity
8
0
100
AcDbLine
10
650.358
20
139.098
30
0
11
650.279
21
139.01
31
0
0
LINE
5
14A4
330
C
100
AcDbEntity
8
0
100
AcDbLine
10
650.279
20
139.01
30
0
11
650.193
21
138.927
31
0
0
LINE
5
14A5
330
C
100
AcDbEntity
8
0
100
AcDbLine
10
650.193
20
138.927
30
0
11
650.102
21
138.847
31
0
0
LINE
5
14A6
330
C
100
AcDbEntity
8
0
100
AcDbLine
10
650.102
20
138.847
30
0
11
650.004
21
138.772
31
0
0
LINE
5
14A7
330
C
100
AcDbEntity
8
0
100
AcDbLine
10
650.004
20
138.772
30
0
11
649.901
21
138.701
31
0
0
LINE
5
14A8
330
C
100
AcDbEntity
8
0
100
AcDbLine
10
649.901
20
138.701
30
0
11
649.791
21
138.633
31
0
0
LINE
5
14A9
330
C
100
AcDbEntity
8
0
100
AcDbLine
10
649.791
20
138.633
30
0
11
649.676
21
138.57
31
0
0
LINE
5
14AA
330
C
100
AcDbEntity
8
0
100
AcDbLine
10
649.676
20
138.57
30
0
11
649.554
21
138.51
31
0
0
LINE
5
14AB
330
C
100
AcDbEntity
8
0
100
AcDbLine
10
649.554
20
138.51
30
0
11
649.426
21
138.455
31
0
0
LINE
5
14AC
330
C
100
AcDbEntity
8
0
100
AcDbLine
10
649.426
20
138.455
30
0
11
649.293
21
138.406
31
0
0
LINE
5
14AD
330
C
100
AcDbEntity
8
0
100
AcDbLine
10
649.293
20
138.406
30
0
11
649.154
21
138.363
31
0
0
LINE
5
14AE
330
C
100
AcDbEntity
8
0
100
AcDbLine
10
649.154
20
138.363
30
0
11
649.009
21
138.326
31
0
0
LINE
5
14AF
330
C
100
AcDbEntity
8
0
100
AcDbLine
10
649.009
20
138.326
30
0
11
648.859
21
138.294
31
0
0
LINE
5
14B0
330
C
100
AcDbEntity
8
0
100
AcDbLine
10
648.859
20
138.294
30
0
11
648.703
21
138.268
31
0
0
LINE
5
14B1
330
C
100
AcDbEntity
8
0
100
AcDbLine
10
648.703
20
138.268
30
0
11
648.542
21
138.248
31
0
0
LINE
5
14B2
330
C
100
AcDbEntity
8
0
100
AcDbLine
10
648.542
20
138.248
30
0
11
648.375
21
138.234
31
0
0
LINE
5
14B3
330
C
100
AcDbEntity
8
0
100
AcDbLine
10
648.375
20
138.234
30
0
11
648.202
21
138.225
31
0
0
LINE
5
14B4
330
C
100
AcDbEntity
8
0
100
AcDbLine
10
648.202
20
138.225
30
0
11
648.024
21
138.222
31
0
0
LINE
5
14B5
330
C
100
AcDbEntity
8
0
100
AcDbLine
10
648.024
20
138.222
30
0
11
648.024
21
138.222
31
0
0
LINE
5
14B6
330
C
100
AcDbEntity
8
0
100
AcDbLine
10
653.394
20
145.458
30
0
11
653.394
21
145.458
31
0
0
LINE
5
14B7
330
C
100
AcDbEntity
8
0
100
AcDbLine
10
653.394
20
145.458
30
0
11
653.337
21
145.46
31
0
0
LINE
5
14B8
330
C
100
AcDbEntity
8
0
100
AcDbLine
10
653.337
20
145.46
30
0
11
653.283
21
145.465
31
0
0
LINE
5
14B9
330
C
100
AcDbEntity
8
0
100
AcDbLine
10
653.283
20
145.465
30
0
11
653.232
21
145.473
31
0
0
LINE
5
14BA
330
C
100
AcDbEntity
8
0
100
AcDbLine
10
653.232
20
145.473
30
0
11
653.183
21
145.484
31
0
0
LINE
5
14BB
330
C
100
AcDbEntity
8
0
100
AcDbLine
10
653.183
20
145.484
30
0
11
653.136
21
145.499
31
0
0
LINE
5
14BC
330
C
100
AcDbEntity
8
0
100
AcDbLine
10
653.136
20
145.499
30
0
11
653.091
21
145.517
31
0
0
LINE
5
14BD
330
C
100
AcDbEntity
8
0
100
AcDbLine
10
653.091
20
145.517
30
0
11
653.049
21
145.539
31
0
0
LINE
5
14BE
330
C
100
AcDbEntity
8
0
100
AcDbLine
10
653.049
20
145.539
30
0
11
653.01
21
145.564
31
0
0
LINE
5
14BF
330
C
100
AcDbEntity
8
0
100
AcDbLine
10
653.01
20
145.564
30
0
11
652.973
21
145.592
31
0
0
LINE
5
14C0
330
C
100
AcDbEntity
8
0
100
AcDbLine
10
652.973
20
145.592
30
0
11
652.938
21
145.623
31
0
0
LINE
5
14C1
330
C
100
AcDbEntity
8
0
100
AcDbLine
10
652.938
20
145.623
30
0
11
652.906
21
145.657
31
0
0
LINE
5
14C2
330
C
100
AcDbEntity
8
0
100
AcDbLine
10
652.906
20
145.657
30
0
11
652.877
21
145.693
31
0
0
LINE
5
14C3
330
C
100
AcDbEntity
8
0
100
AcDbLine
10
652.877
20
145.693
30
0
11
652.852
21
145.731
31
0
0
LINE
5
14C4
330
C
100
AcDbEntity
8
0
100
AcDbLine
10
652.852
20
145.731
30
0
11
652.83
21
145.772
31
0
0
LINE
5
14C5
330
C
100
AcDbEntity
8
0
100
AcDbLine
10
652.83
20
145.772
30
0
11
652.812
21
145.814
31
0
0
LINE
5
14C6
330
C
100
AcDbEntity
8
0
100
AcDbLine
10
652.812
20
145.814
30
0
11
652.797
21
145.859
31
0
0
LINE
5
14C7
330
C
100
AcDbEntity
8
0
100
AcDbLine
10
652.797
20
145.859
30
0
11
652.785
21
145.905
31
0
0
LINE
5
14C8
330
C
100
AcDbEntity
8
0
100
AcDbLine
10
652.785
20
145.905
30
0
11
652.776
21
145.954
31
0
0
LINE
5
14C9
330
C
100
AcDbEntity
8
0
100
AcDbLine
10
652.776
20
145.954
30
0
11
652.771
21
146.005
31
0
0
LINE
5
14CA
330
C
100
AcDbEntity
8
0
100
AcDbLine
10
652.771
20
146.005
30
0
11
652.77
21
146.058
31
0
0
LINE
5
14CB
330
C
100
AcDbEntity
8
0
100
AcDbLine
10
652.77
20
146.058
30
0
11
652.77
21
146.058
31
0
0
LINE
5
14CC
330
C
100
AcDbEntity
8
0
100
AcDbLine
10
652.77
20
146.058
30
0
11
652.771
21
146.11
31
0
0
LINE
5
14CD
330
C
100
AcDbEntity
8
0
100
AcDbLine
10
652.771
20
146.11
30
0
11
652.776
21
146.159
31
0
0
LINE
5
14CE
330
C
100
AcDbEntity
8
0
100
AcDbLine
10
652.776
20
146.159
30
0
11
652.785
21
146.207
31
0
0
LINE
5
14CF
330
C
100
AcDbEntity
8
0
100
AcDbLine
10
652.785
20
146.207
30
0
11
652.797
21
146.252
31
0
0
LINE
5
14D0
330
C
100
AcDbEntity
8
0
100
AcDbLine
10
652.797
20
146.252
30
0
11
652.812
21
146.295
31
0
0
LINE
5
14D1
330
C
100
AcDbEntity
8
0
100
AcDbLine
10
652.812
20
146.295
30
0
11
652.83
21
146.336
31
0
0
LINE
5
14D2
330
C
100
AcDbEntity
8
0
100
AcDbLine
10
652.83
20
146.336
30
0
11
652.852
21
146.375
31
0
0
LINE
5
14D3
330
C
100
AcDbEntity
8
0
100
AcDbLine
10
652.852
20
146.375
30
0
11
652.877
21
146.411
31
0
0
LINE
5
14D4
330
C
100
AcDbEntity
8
0
100
AcDbLine
10
652.877
20
146.411
30
0
11
652.906
21
146.446
31
0
0
LINE
5
14D5
330
C
100
AcDbEntity
8
0
100
AcDbLine
10
652.906
20
146.446
30
0
11
652.938
21
146.478
31
0
0
LINE
5
14D6
330
C
100
AcDbEntity
8
0
100
AcDbLine
10
652.938
20
146.478
30
0
11
652.973
21
146.508
31
0
0
LINE
5
14D7
330
C
100
AcDbEntity
8
0
100
AcDbLine
10
652.973
20
146.508
30
0
11
653.01
21
146.534
31
0
0
LINE
5
14D8
330
C
100
AcDbEntity
8
0
100
AcDbLine
10
653.01
20
146.534
30
0
11
653.049
21
146.558
31
0
0
LINE
5
14D9
330
C
100
AcDbEntity
8
0
100
AcDbLine
10
653.049
20
146.558
30
0
11
653.091
21
146.578
31
0
0
LINE
5
14DA
330
C
100
AcDbEntity
8
0
100
AcDbLine
10
653.091
20
146.578
30
0
11
653.136
21
146.595
31
0
0
LINE
5
14DB
330
C
100
AcDbEntity
8
0
100
AcDbLine
10
653.136
20
146.595
30
0
11
653.183
21
146.609
31
0
0
LINE
5
14DC
330
C
100
AcDbEntity
8
0
100
AcDbLine
10
653.183
20
146.609
30
0
11
653.232
21
146.62
31
0
0
LINE
5
14DD
330
C
100
AcDbEntity
8
0
100
AcDbLine
10
653.232
20
146.62
30
0
11
653.283
21
146.628
31
0
0
LINE
5
14DE
330
C
100
AcDbEntity
8
0
100
AcDbLine
10
653.283
20
146.628
30
0
11
653.337
21
146.632
31
0
0
LINE
5
14DF
330
C
100
AcDbEntity
8
0
100
AcDbLine
10
653.337
20
146.632
30
0
11
653.394
21
146.634
31
0
0
LINE
5
14E0
330
C
100
AcDbEntity
8
0
100
AcDbLine
10
653.394
20
146.634
30
0
11
653.394
21
146.634
31
0
0
LINE
5
14E1
330
C
100
AcDbEntity
8
0
100
AcDbLine
10
653.394
20
146.634
30
0
11
653.45
21
146.632
31
0
0
LINE
5
14E2
330
C
100
AcDbEntity
8
0
100
AcDbLine
10
653.45
20
146.632
30
0
11
653.504
21
146.628
31
0
0
LINE
5
14E3
330
C
100
AcDbEntity
8
0
100
AcDbLine
10
653.504
20
146.628
30
0
11
653.556
21
146.62
31
0
0
LINE
5
14E4
330
C
100
AcDbEntity
8
0
100
AcDbLine
10
653.556
20
146.62
30
0
11
653.605
21
146.609
31
0
0
LINE
5
14E5
330
C
100
AcDbEntity
8
0
100
AcDbLine
10
653.605
20
146.609
30
0
11
653.652
21
146.595
31
0
0
LINE
5
14E6
330
C
100
AcDbEntity
8
0
100
AcDbLine
10
653.652
20
146.595
30
0
11
653.696
21
146.578
31
0
0
LINE
5
14E7
330
C
100
AcDbEntity
8
0
100
AcDbLine
10
653.696
20
146.578
30
0
11
653.738
21
146.558
31
0
0
LINE
5
14E8
330
C
100
AcDbEntity
8
0
100
AcDbLine
10
653.738
20
146.558
30
0
11
653.778
21
146.534
31
0
0
LINE
5
14E9
330
C
100
AcDbEntity
8
0
100
AcDbLine
10
653.778
20
146.534
30
0
11
653.815
21
146.508
31
0
0
LINE
5
14EA
330
C
100
AcDbEntity
8
0
100
AcDbLine
10
653.815
20
146.508
30
0
11
653.85
21
146.478
31
0
0
LINE
5
14EB
330
C
100
AcDbEntity
8
0
100
AcDbLine
10
653.85
20
146.478
30
0
11
653.882
21
146.446
31
0
0
LINE
5
14EC
330
C
100
AcDbEntity
8
0
100
AcDbLine
10
653.882
20
146.446
30
0
11
653.91
21
146.411
31
0
0
LINE
5
14ED
330
C
100
AcDbEntity
8
0
100
AcDbLine
10
653.91
20
146.411
30
0
11
653.935
21
146.375
31
0
0
LINE
5
14EE
330
C
100
AcDbEntity
8
0
100
AcDbLine
10
653.935
20
146.375
30
0
11
653.957
21
146.336
31
0
0
LINE
5
14EF
330
C
100
AcDbEntity
8
0
100
AcDbLine
10
653.957
20
146.336
30
0
11
653.976
21
146.295
31
0
0
LINE
5
14F0
330
C
100
AcDbEntity
8
0
100
AcDbLine
10
653.976
20
146.295
30
0
11
653.991
21
146.252
31
0
0
LINE
5
14F1
330
C
100
AcDbEntity
8
0
100
AcDbLine
10
653.991
20
146.252
30
0
11
654.003
21
146.207
31
0
0
LINE
5
14F2
330
C
100
AcDbEntity
8
0
100
AcDbLine
10
654.003
20
146.207
30
0
11
654.011
21
146.159
31
0
0
LINE
5
14F3
330
C
100
AcDbEntity
8
0
100
AcDbLine
10
654.011
20
146.159
30
0
11
654.016
21
146.11
31
0
0
LINE
5
14F4
330
C
100
AcDbEntity
8
0
100
AcDbLine
10
654.016
20
146.11
30
0
11
654.018
21
146.058
31
0
0
LINE
5
14F5
330
C
100
AcDbEntity
8
0
100
AcDbLine
10
654.018
20
146.058
30
0
11
654.018
21
146.058
31
0
0
LINE
5
14F6
330
C
100
AcDbEntity
8
0
100
AcDbLine
10
654.018
20
146.058
30
0
11
654.016
21
146.005
31
0
0
LINE
5
14F7
330
C
100
AcDbEntity
8
0
100
AcDbLine
10
654.016
20
146.005
30
0
11
654.011
21
145.954
31
0
0
LINE
5
14F8
330
C
100
AcDbEntity
8
0
100
AcDbLine
10
654.011
20
145.954
30
0
11
654.003
21
145.905
31
0
0
LINE
5
14F9
330
C
100
AcDbEntity
8
0
100
AcDbLine
10
654.003
20
145.905
30
0
11
653.991
21
145.859
31
0
0
LINE
5
14FA
330
C
100
AcDbEntity
8
0
100
AcDbLine
10
653.991
20
145.859
30
0
11
653.976
21
145.814
31
0
0
LINE
5
14FB
330
C
100
AcDbEntity
8
0
100
AcDbLine
10
653.976
20
145.814
30
0
11
653.957
21
145.772
31
0
0
LINE
5
14FC
330
C
100
AcDbEntity
8
0
100
AcDbLine
10
653.957
20
145.772
30
0
11
653.935
21
145.731
31
0
0
LINE
5
14FD
330
C
100
AcDbEntity
8
0
100
AcDbLine
10
653.935
20
145.731
30
0
11
653.91
21
145.693
31
0
0
LINE
5
14FE
330
C
100
AcDbEntity
8
0
100
AcDbLine
10
653.91
20
145.693
30
0
11
653.882
21
145.657
31
0
0
LINE
5
14FF
330
C
100
AcDbEntity
8
0
100
AcDbLine
10
653.882
20
145.657
30
0
11
653.85
21
145.623
31
0
0
LINE
5
1500
330
C
100
AcDbEntity
8
0
100
AcDbLine
10
653.85
20
145.623
30
0
11
653.815
21
145.592
31
0
0
LINE
5
1501
330
C
100
AcDbEntity
8
0
100
AcDbLine
10
653.815
20
145.592
30
0
11
653.778
21
145.564
31
0
0
LINE
5
1502
330
C
100
AcDbEntity
8
0
100
AcDbLine
10
653.778
20
145.564
30
0
11
653.738
21
145.539
31
0
0
LINE
5
1503
330
C
100
AcDbEntity
8
0
100
AcDbLine
10
653.738
20
145.539
30
0
11
653.696
21
145.517
31
0
0
LINE
5
1504
330
C
100
AcDbEntity
8
0
100
AcDbLine
10
653.696
20
145.517
30
0
11
653.652
21
145.499
31
0
0
LINE
5
1505
330
C
100
AcDbEntity
8
0
100
AcDbLine
10
653.652
20
145.499
30
0
11
653.605
21
145.484
31
0
0
LINE
5
1506
330
C
100
AcDbEntity
8
0
100
AcDbLine
10
653.605
20
145.484
30
0
11
653.556
21
145.473
31
0
0
LINE
5
1507
330
C
100
AcDbEntity
8
0
100
AcDbLine
10
653.556
20
145.473
30
0
11
653.504
21
145.465
31
0
0
LINE
5
1508
330
C
100
AcDbEntity
8
0
100
AcDbLine
10
653.504
20
145.465
30
0
11
653.45
21
145.46
31
0
0
LINE
5
1509
330
C
100
AcDbEntity
8
0
100
AcDbLine
10
653.45
20
145.46
30
0
11
653.394
21
145.458
31
0
0
LINE
5
150A
330
C
100
AcDbEntity
8
0
100
AcDbLine
10
653.394
20
145.458
30
0
11
653.394
21
145.458
31
0
0
LINE
5
150B
330
C
100
AcDbEntity
8
0
100
AcDbLine
10
653.862
20
138.366
30
0
11
652.926
21
138.366
31
0
0
LINE
5
150C
330
C
100
AcDbEntity
8
0
100
AcDbLine
10
652.926
20
138.366
30
0
11
652.926
21
144.114
31
0
0
LINE
5
150D
330
C
100
AcDbEntity
8
0
100
AcDbLine
10
652.926
20
144.114
30
0
11
653.862
21
144.114
31
0
0
LINE
5
150E
330
C
100
AcDbEntity
8
0
100
AcDbLine
10
653.862
20
144.114
30
0
11
653.862
21
138.366
31
0
0
LINE
5
150F
330
C
100
AcDbEntity
8
0
100
AcDbLine
10
653.862
20
138.366
30
0
11
653.862
21
138.366
31
0
0
LINE
5
1510
330
C
100
AcDbEntity
8
0
100
AcDbLine
10
658.494
20
138.222
30
0
11
658.494
21
138.222
31
0
0
LINE
5
1511
330
C
100
AcDbEntity
8
0
100
AcDbLine
10
658.494
20
138.222
30
0
11
658.356
21
138.226
31
0
0
LINE
5
1512
330
C
100
AcDbEntity
8
0
100
AcDbLine
10
658.356
20
138.226
30
0
11
658.22
21
138.237
31
0
0
LINE
5
1513
330
C
100
AcDbEntity
8
0
100
AcDbLine
10
658.22
20
138.237
30
0
11
658.086
21
138.256
31
0
0
LINE
5
1514
330
C
100
AcDbEntity
8
0
100
AcDbLine
10
658.086
20
138.256
30
0
11
657.955
21
138.282
31
0
0
LINE
5
1515
330
C
100
AcDbEntity
8
0
100
AcDbLine
10
657.955
20
138.282
30
0
11
657.826
21
138.316
31
0
0
LINE
5
1516
330
C
100
AcDbEntity
8
0
100
AcDbLine
10
657.826
20
138.316
30
0
11
657.7
21
138.357
31
0
0
LINE
5
1517
330
C
100
AcDbEntity
8
0
100
AcDbLine
10
657.7
20
138.357
30
0
11
657.575
21
138.406
31
0
0
LINE
5
1518
330
C
100
AcDbEntity
8
0
100
AcDbLine
10
657.575
20
138.406
30
0
11
657.453
21
138.462
31
0
0
LINE
5
1519
330
C
100
AcDbEntity
8
0
100
AcDbLine
10
657.453
20
138.462
30
0
11
657.333
21
138.526
31
0
0
LINE
5
151A
330
C
100
AcDbEntity
8
0
100
AcDbLine
10
657.333
20
138.526
30
0
11
657.216
21
138.597
31
0
0
LINE
5
151B
330
C
100
AcDbEntity
8
0
100
AcDbLine
10
657.216
20
138.597
30
0
11
657.102
21
138.675
31
0
0
LINE
5
151C
330
C
100
AcDbEntity
8
0
100
AcDbLine
10
657.102
20
138.675
30
0
11
656.992
21
138.759
31
0
0
LINE
5
151D
330
C
100
AcDbEntity
8
0
100
AcDbLine
10
656.992
20
138.759
30
0
11
656.888
21
138.85
31
0
0
LINE
5
151E
330
C
100
AcDbEntity
8
0
100
AcDbLine
10
656.888
20
138.85
30
0
11
656.788
21
138.946
31
0
0
LINE
5
151F
330
C
100
AcDbEntity
8
0
100
AcDbLine
10
656.788
20
138.946
30
0
11
656.692
21
139.048
31
0
0
LINE
5
1520
330
C
100
AcDbEntity
8
0
100
AcDbLine
10
656.692
20
139.048
30
0
11
656.602
21
139.157
31
0
0
LINE
5
1521
330
C
100
AcDbEntity
8
0
100
AcDbLine
10
656.602
20
139.157
30
0
11
656.516
21
139.272
31
0
0
LINE
5
1522
330
C
100
AcDbEntity
8
0
100
AcDbLine
10
656.516
20
139.272
30
0
11
656.434
21
139.393
31
0
0
LINE
5
1523
330
C
100
AcDbEntity
8
0
100
AcDbLine
10
656.434
20
139.393
30
0
11
656.358
21
139.52
31
0
0
LINE
5
1524
330
C
100
AcDbEntity
8
0
100
AcDbLine
10
656.358
20
139.52
30
0
11
656.286
21
139.653
31
0
0
LINE
5
1525
330
C
100
AcDbEntity
8
0
100
AcDbLine
10
656.286
20
139.653
30
0
11
656.22
21
139.792
31
0
0
LINE
5
1526
330
C
100
AcDbEntity
8
0
100
AcDbLine
10
656.22
20
139.792
30
0
11
656.16
21
139.935
31
0
0
LINE
5
1527
330
C
100
AcDbEntity
8
0
100
AcDbLine
10
656.16
20
139.935
30
0
11
656.108
21
140.083
31
0
0
LINE
5
1528
330
C
100
AcDbEntity
8
0
100
AcDbLine
10
656.108
20
140.083
30
0
11
656.063
21
140.237
31
0
0
LINE
5
1529
330
C
100
AcDbEntity
8
0
100
AcDbLine
10
656.063
20
140.237
30
0
11
656.025
21
140.395
31
0
0
LINE
5
152A
330
C
100
AcDbEntity
8
0
100
AcDbLine
10
656.025
20
140.395
30
0
11
655.993
21
140.558
31
0
0
LINE
5
152B
330
C
100
AcDbEntity
8
0
100
AcDbLine
10
655.993
20
140.558
30
0
11
655.969
21
140.725
31
0
0
LINE
5
152C
330
C
100
AcDbEntity
8
0
100
AcDbLine
10
655.969
20
140.725
30
0
11
655.952
21
140.898
31
0
0
LINE
5
152D
330
C
100
AcDbEntity
8
0
100
AcDbLine
10
655.952
20
140.898
30
0
11
655.941
21
141.076
31
0
0
LINE
5
152E
330
C
100
AcDbEntity
8
0
100
AcDbLine
10
655.941
20
141.076
30
0
11
655.938
21
141.258
31
0
0
LINE
5
152F
330
C
100
AcDbEntity
8
0
100
AcDbLine
10
655.938
20
141.258
30
0
11
655.938
21
141.258
31
0
0
LINE
5
1530
330
C
100
AcDbEntity
8
0
100
AcDbLine
10
655.938
20
141.258
30
0
11
655.941
21
141.439
31
0
0
LINE
5
1531
330
C
100
AcDbEntity
8
0
100
AcDbLine
10
655.941
20
141.439
30
0
11
655.951
21
141.615
31
0
0
LINE
5
1532
330
C
100
AcDbEntity
8
0
100
AcDbLine
10
655.951
20
141.615
30
0
11
655.969
21
141.787
31
0
0
LINE
5
1533
330
C
100
AcDbEntity
8
0
100
AcDbLine
10
655.969
20
141.787
30
0
11
655.992
21
141.953
31
0
0
LINE
5
1534
330
C
100
AcDbEntity
8
0
100
AcDbLine
10
655.992
20
141.953
30
0
11
656.023
21
142.114
31
0
0
LINE
5
1535
330
C
100
AcDbEntity
8
0
100
AcDbLine
10
656.023
20
142.114
30
0
11
656.061
21
142.271
31
0
0
LINE
5
1536
330
C
100
AcDbEntity
8
0
100
AcDbLine
10
656.061
20
142.271
30
0
11
656.105
21
142.423
31
0
0
LINE
5
1537
330
C
100
AcDbEntity
8
0
100
AcDbLine
10
656.105
20
142.423
30
0
11
656.157
21
142.569
31
0
0
LINE
5
1538
330
C
100
AcDbEntity
8
0
100
AcDbLine
10
656.157
20
142.569
30
0
11
656.215
21
142.711
31
0
0
LINE
5
1539
330
C
100
AcDbEntity
8
0
100
AcDbLine
10
656.215
20
142.711
30
0
11
656.28
21
142.848
31
0
0
LINE
5
153A
330
C
100
AcDbEntity
8
0
100
AcDbLine
10
656.28
20
142.848
30
0
11
656.35
21
142.979
31
0
0
LINE
5
153B
330
C
100
AcDbEntity
8
0
100
AcDbLine
10
656.35
20
142.979
30
0
11
656.426
21
143.104
31
0
0
LINE
5
153C
330
C
100
AcDbEntity
8
0
100
AcDbLine
10
656.426
20
143.104
30
0
11
656.505
21
143.223
31
0
0
LINE
5
153D
330
C
100
AcDbEntity
8
0
100
AcDbLine
10
656.505
20
143.223
30
0
11
656.589
21
143.336
31
0
0
LINE
5
153E
330
C
100
AcDbEntity
8
0
100
AcDbLine
10
656.589
20
143.336
30
0
11
656.678
21
143.443
31
0
0
LINE
5
153F
330
C
100
AcDbEntity
8
0
100
AcDbLine
10
656.678
20
143.443
30
0
11
656.771
21
143.543
31
0
0
LINE
5
1540
330
C
100
AcDbEntity
8
0
100
AcDbLine
10
656.771
20
143.543
30
0
11
656.869
21
143.637
31
0
0
LINE
5
1541
330
C
100
AcDbEntity
8
0
100
AcDbLine
10
656.869
20
143.637
30
0
11
656.971
21
143.725
31
0
0
LINE
5
1542
330
C
100
AcDbEntity
8
0
100
AcDbLine
10
656.971
20
143.725
30
0
11
657.078
21
143.807
31
0
0
LINE
5
1543
330
C
100
AcDbEntity
8
0
100
AcDbLine
10
657.078
20
143.807
30
0
11
657.189
21
143.883
31
0
0
LINE
5
1544
330
C
100
AcDbEntity
8
0
100
AcDbLine
10
657.189
20
143.883
30
0
11
657.303
21
143.952
31
0
0
LINE
5
1545
330
C
100
AcDbEntity
8
0
100
AcDbLine
10
657.303
20
143.952
30
0
11
657.42
21
144.014
31
0
0
LINE
5
1546
330
C
100
AcDbEntity
8
0
100
AcDbLine
10
657.42
20
144.014
30
0
11
657.539
21
144.068
31
0
0
LINE
5
1547
330
C
100
AcDbEntity
8
0
100
AcDbLine
10
657.539
20
144.068
30
0
11
657.66
21
144.115
31
0
0
LINE
5
1548
330
C
100
AcDbEntity
8
0
100
AcDbLine
10
657.66
20
144.115
30
0
11
657.784
21
144.155
31
0
0
LINE
5
1549
330
C
100
AcDbEntity
8
0
100
AcDbLine
10
657.784
20
144.155
30
0
11
657.909
21
144.188
31
0
0
LINE
5
154A
330
C
100
AcDbEntity
8
0
100
AcDbLine
10
657.909
20
144.188
30
0
11
658.037
21
144.213
31
0
0
LINE
5
154B
330
C
100
AcDbEntity
8
0
100
AcDbLine
10
658.037
20
144.213
30
0
11
658.167
21
144.231
31
0
0
LINE
5
154C
330
C
100
AcDbEntity
8
0
100
AcDbLine
10
658.167
20
144.231
30
0
11
658.299
21
144.242
31
0
0
LINE
5
154D
330
C
100
AcDbEntity
8
0
100
AcDbLine
10
658.299
20
144.242
30
0
11
658.434
21
144.246
31
0
0
LINE
5
154E
330
C
100
AcDbEntity
8
0
100
AcDbLine
10
658.434
20
144.246
30
0
11
658.434
21
144.246
31
0
0
LINE
5
154F
330
C
100
AcDbEntity
8
0
100
AcDbLine
10
658.434
20
144.246
30
0
11
658.558
21
144.243
31
0
0
LINE
5
1550
330
C
100
AcDbEntity
8
0
100
AcDbLine
10
658.558
20
144.243
30
0
11
658.68
21
144.234
31
0
0
LINE
5
1551
330
C
100
AcDbEntity
8
0
100
AcDbLine
10
658.68
20
144.234
30
0
11
658.798
21
144.218
31
0
0
LINE
5
1552
330
C
100
AcDbEntity
8
0
100
AcDbLine
10
658.798
20
144.218
30
0
11
658.913
21
144.197
31
0
0
LINE
5
1553
330
C
100
AcDbEntity
8
0
100
AcDbLine
10
658.913
20
144.197
30
0
11
659.026
21
144.169
31
0
0
LINE
5
1554
330
C
100
AcDbEntity
8
0
100
AcDbLine
10
659.026
20
144.169
30
0
11
659.135
21
144.136
31
0
0
LINE
5
1555
330
C
100
AcDbEntity
8
0
100
AcDbLine
10
659.135
20
144.136
30
0
11
659.241
21
144.096
31
0
0
LINE
5
1556
330
C
100
AcDbEntity
8
0
100
AcDbLine
10
659.241
20
144.096
30
0
11
659.344
21
144.05
31
0
0
LINE
5
1557
330
C
100
AcDbEntity
8
0
100
AcDbLine
10
659.344
20
144.05
30
0
11
659.444
21
143.998
31
0
0
LINE
5
1558
330
C
100
AcDbEntity
8
0
100
AcDbLine
10
659.444
20
143.998
30
0
11
659.541
21
143.94
31
0
0
LINE
5
1559
330
C
100
AcDbEntity
8
0
100
AcDbLine
10
659.541
20
143.94
30
0
11
659.634
21
143.876
31
0
0
LINE
5
155A
330
C
100
AcDbEntity
8
0
100
AcDbLine
10
659.634
20
143.876
30
0
11
659.723
21
143.807
31
0
0
LINE
5
155B
330
C
100
AcDbEntity
8
0
100
AcDbLine
10
659.723
20
143.807
30
0
11
659.808
21
143.732
31
0
0
LINE
5
155C
330
C
100
AcDbEntity
8
0
100
AcDbLine
10
659.808
20
143.732
30
0
11
659.888
21
143.652
31
0
0
LINE
5
155D
330
C
100
AcDbEntity
8
0
100
AcDbLine
10
659.888
20
143.652
30
0
11
659.965
21
143.566
31
0
0
LINE
5
155E
330
C
100
AcDbEntity
8
0
100
AcDbLine
10
659.965
20
143.566
30
0
11
660.036
21
143.476
31
0
0
LINE
5
155F
330
C
100
AcDbEntity
8
0
100
AcDbLine
10
660.036
20
143.476
30
0
11
660.104
21
143.379
31
0
0
LINE
5
1560
330
C
100
AcDbEntity
8
0
100
AcDbLine
10
660.104
20
143.379
30
0
11
660.168
21
143.278
31
0
0
LINE
5
1561
330
C
100
AcDbEntity
8
0
100
AcDbLine
10
660.168
20
143.278
30
0
11
660.227
21
143.171
31
0
0
LINE
5
1562
330
C
100
AcDbEntity
8
0
100
AcDbLine
10
660.227
20
143.171
30
0
11
660.282
21
143.058
31
0
0
LINE
5
1563
330
C
100
AcDbEntity
8
0
100
AcDbLine
10
660.282
20
143.058
30
0
11
660.332
21
142.94
31
0
0
LINE
5
1564
330
C
100
AcDbEntity
8
0
100
AcDbLine
10
660.332
20
142.94
30
0
11
660.377
21
142.818
31
0
0
LINE
5
1565
330
C
100
AcDbEntity
8
0
100
AcDbLine
10
660.377
20
142.818
30
0
11
660.416
21
142.691
31
0
0
LINE
5
1566
330
C
100
AcDbEntity
8
0
100
AcDbLine
10
660.416
20
142.691
30
0
11
660.451
21
142.559
31
0
0
LINE
5
1567
330
C
100
AcDbEntity
8
0
100
AcDbLine
10
660.451
20
142.559
30
0
11
660.48
21
142.422
31
0
0
LINE
5
1568
330
C
100
AcDbEntity
8
0
100
AcDbLine
10
660.48
20
142.422
30
0
11
660.504
21
142.28
31
0
0
LINE
5
1569
330
C
100
AcDbEntity
8
0
100
AcDbLine
10
660.504
20
142.28
30
0
11
660.522
21
142.134
31
0
0
LINE
5
156A
330
C
100
AcDbEntity
8
0
100
AcDbLine
10
660.522
20
142.134
30
0
11
660.535
21
141.983
31
0
0
LINE
5
156B
330
C
100
AcDbEntity
8
0
100
AcDbLine
10
660.535
20
141.983
30
0
11
660.543
21
141.827
31
0
0
LINE
5
156C
330
C
100
AcDbEntity
8
0
100
AcDbLine
10
660.543
20
141.827
30
0
11
660.546
21
141.666
31
0
0
LINE
5
156D
330
C
100
AcDbEntity
8
0
100
AcDbLine
10
660.546
20
141.666
30
0
11
660.546
21
141.666
31
0
0
LINE
5
156E
330
C
100
AcDbEntity
8
0
100
AcDbLine
10
660.546
20
141.666
30
0
11
660.186
21
141.666
31
0
0
LINE
5
156F
330
C
100
AcDbEntity
8
0
100
AcDbLine
10
660.186
20
141.666
30
0
11
660.184
21
141.778
31
0
0
LINE
5
1570
330
C
100
AcDbEntity
8
0
100
AcDbLine
10
660.184
20
141.778
30
0
11
660.177
21
141.887
31
0
0
LINE
5
1571
330
C
100
AcDbEntity
8
0
100
AcDbLine
10
660.177
20
141.887
30
0
11
660.166
21
141.992
31
0
0
LINE
5
1572
330
C
100
AcDbEntity
8
0
100
AcDbLine
10
660.166
20
141.992
30
0
11
660.15
21
142.093
31
0
0
LINE
5
1573
330
C
100
AcDbEntity
8
0
100
AcDbLine
10
660.15
20
142.093
30
0
11
660.13
21
142.191
31
0
0
LINE
5
1574
330
C
100
AcDbEntity
8
0
100
AcDbLine
10
660.13
20
142.191
30
0
11
660.105
21
142.285
31
0
0
LINE
5
1575
330
C
100
AcDbEntity
8
0
100
AcDbLine
10
660.105
20
142.285
30
0
11
660.076
21
142.376
31
0
0
LINE
5
1576
330
C
100
AcDbEntity
8
0
100
AcDbLine
10
660.076
20
142.376
30
0
11
660.042
21
142.463
31
0
0
LINE
5
1577
330
C
100
AcDbEntity
8
0
100
AcDbLine
10
660.042
20
142.463
30
0
11
660.004
21
142.546
31
0
0
LINE
5
1578
330
C
100
AcDbEntity
8
0
100
AcDbLine
10
660.004
20
142.546
30
0
11
659.961
21
142.626
31
0
0
LINE
5
1579
330
C
100
AcDbEntity
8
0
100
AcDbLine
10
659.961
20
142.626
30
0
11
659.914
21
142.702
31
0
0
LINE
5
157A
330
C
100
AcDbEntity
8
0
100
AcDbLine
10
659.914
20
142.702
30
0
11
659.865
21
142.774
31
0
0
LINE
5
157B
330
C
100
AcDbEntity
8
0
100
AcDbLine
10
659.865
20
142.774
30
0
11
659.814
21
142.843
31
0
0
LINE
5
157C
330
C
100
AcDbEntity
8
0
100
AcDbLine
10
659.814
20
142.843
30
0
11
659.759
21
142.908
31
0
0
LINE
5
157D
330
C
100
AcDbEntity
8
0
100
AcDbLine
10
659.759
20
142.908
30
0
11
659.702
21
142.969
31
0
0
LINE
5
157E
330
C
100
AcDbEntity
8
0
100
AcDbLine
10
659.702
20
142.969
30
0
11
659.642
21
143.026
31
0
0
LINE
5
157F
330
C
100
AcDbEntity
8
0
100
AcDbLine
10
659.642
20
143.026
30
0
11
659.58
21
143.079
31
0
0
LINE
5
1580
330
C
100
AcDbEntity
8
0
100
AcDbLine
10
659.58
20
143.079
30
0
11
659.514
21
143.129
31
0
0
LINE
5
1581
330
C
100
AcDbEntity
8
0
100
AcDbLine
10
659.514
20
143.129
30
0
11
659.446
21
143.175
31
0
0
LINE
5
1582
330
C
100
AcDbEntity
8
0
100
AcDbLine
10
659.446
20
143.175
30
0
11
659.376
21
143.217
31
0
0
LINE
5
1583
330
C
100
AcDbEntity
8
0
100
AcDbLine
10
659.376
20
143.217
30
0
11
659.303
21
143.255
31
0
0
LINE
5
1584
330
C
100
AcDbEntity
8
0
100
AcDbLine
10
659.303
20
143.255
30
0
11
659.23
21
143.289
31
0
0
LINE
5
1585
330
C
100
AcDbEntity
8
0
100
AcDbLine
10
659.23
20
143.289
30
0
11
659.155
21
143.32
31
0
0
LINE
5
1586
330
C
100
AcDbEntity
8
0
100
AcDbLine
10
659.155
20
143.32
30
0
11
659.079
21
143.346
31
0
0
LINE
5
1587
330
C
100
AcDbEntity
8
0
100
AcDbLine
10
659.079
20
143.346
30
0
11
659.002
21
143.368
31
0
0
LINE
5
1588
330
C
100
AcDbEntity
8
0
100
AcDbLine
10
659.002
20
143.368
30
0
11
658.924
21
143.386
31
0
0
LINE
5
1589
330
C
100
AcDbEntity
8
0
100
AcDbLine
10
658.924
20
143.386
30
0
11
658.845
21
143.4
31
0
0
LINE
5
158A
330
C
100
AcDbEntity
8
0
100
AcDbLine
10
658.845
20
143.4
30
0
11
658.765
21
143.41
31
0
0
LINE
5
158B
330
C
100
AcDbEntity
8
0
100
AcDbLine
10
658.765
20
143.41
30
0
11
658.684
21
143.416
31
0
0
LINE
5
158C
330
C
100
AcDbEntity
8
0
100
AcDbLine
10
658.684
20
143.416
30
0
11
658.602
21
143.418
31
0
0
LINE
5
158D
330
C
100
AcDbEntity
8
0
100
AcDbLine
10
658.602
20
143.418
30
0
11
658.602
21
143.418
31
0
0
LINE
5
158E
330
C
100
AcDbEntity
8
0
100
AcDbLine
10
658.602
20
143.418
30
0
11
658.509
21
143.415
31
0
0
LINE
5
158F
330
C
100
AcDbEntity
8
0
100
AcDbLine
10
658.509
20
143.415
30
0
11
658.418
21
143.408
31
0
0
LINE
5
1590
330
C
100
AcDbEntity
8
0
100
AcDbLine
10
658.418
20
143.408
30
0
11
658.328
21
143.395
31
0
0
LINE
5
1591
330
C
100
AcDbEntity
8
0
100
AcDbLine
10
658.328
20
143.395
30
0
11
658.24
21
143.376
31
0
0
LINE
5
1592
330
C
100
AcDbEntity
8
0
100
AcDbLine
10
658.24
20
143.376
30
0
11
658.154
21
143.353
31
0
0
LINE
5
1593
330
C
100
AcDbEntity
8
0
100
AcDbLine
10
658.154
20
143.353
30
0
11
658.069
21
143.324
31
0
0
LINE
5
1594
330
C
100
AcDbEntity
8
0
100
AcDbLine
10
658.069
20
143.324
30
0
11
657.986
21
143.29
31
0
0
LINE
5
1595
330
C
100
AcDbEntity
8
0
100
AcDbLine
10
657.986
20
143.29
30
0
11
657.905
21
143.251
31
0
0
LINE
5
1596
330
C
100
AcDbEntity
8
0
100
AcDbLine
10
657.905
20
143.251
30
0
11
657.825
21
143.207
31
0
0
LINE
5
1597
330
C
100
AcDbEntity
8
0
100
AcDbLine
10
657.825
20
143.207
30
0
11
657.747
21
143.157
31
0
0
LINE
5
1598
330
C
100
AcDbEntity
8
0
100
AcDbLine
10
657.747
20
143.157
30
0
11
657.671
21
143.103
31
0
0
LINE
5
1599
330
C
100
AcDbEntity
8
0
100
AcDbLine
10
657.671
20
143.103
30
0
11
657.598
21
143.044
31
0
0
LINE
5
159A
330
C
100
AcDbEntity
8
0
100
AcDbLine
10
657.598
20
143.044
30
0
11
657.529
21
142.98
31
0
0
LINE
5
159B
330
C
100
AcDbEntity
8
0
100
AcDbLine
10
657.529
20
142.98
30
0
11
657.462
21
142.913
31
0
0
LINE
5
159C
330
C
100
AcDbEntity
8
0
100
AcDbLine
10
657.462
20
142.913
30
0
11
657.399
21
142.84
31
0
0
LINE
5
159D
330
C
100
AcDbEntity
8
0
100
AcDbLine
10
657.399
20
142.84
30
0
11
657.339
21
142.764
31
0
0
LINE
5
159E
330
C
100
AcDbEntity
8
0
100
AcDbLine
10
657.339
20
142.764
30
0
11
657.281
21
142.683
31
0
0
LINE
5
159F
330
C
100
AcDbEntity
8
0
100
AcDbLine
10
657.281
20
142.683
30
0
11
657.227
21
142.597
31
0
0
LINE
5
15A0
330
C
100
AcDbEntity
8
0
100
AcDbLine
10
657.227
20
142.597
30
0
11
657.177
21
142.507
31
0
0
LINE
5
15A1
330
C
100
AcDbEntity
8
0
100
AcDbLine
10
657.177
20
142.507
30
0
11
657.129
21
142.413
31
0
0
LINE
5
15A2
330
C
100
AcDbEntity
8
0
100
AcDbLine
10
657.129
20
142.413
30
0
11
657.085
21
142.315
31
0
0
LINE
5
15A3
330
C
100
AcDbEntity
8
0
100
AcDbLine
10
657.085
20
142.315
30
0
11
657.046
21
142.212
31
0
0
LINE
5
15A4
330
C
100
AcDbEntity
8
0
100
AcDbLine
10
657.046
20
142.212
30
0
11
657.011
21
142.106
31
0
0
LINE
5
15A5
330
C
100
AcDbEntity
8
0
100
AcDbLine
10
657.011
20
142.106
30
0
11
656.981
21
141.996
31
0
0
LINE
5
15A6
330
C
100
AcDbEntity
8
0
100
AcDbLine
10
656.981
20
141.996
30
0
11
656.956
21
141.883
31
0
0
LINE
5
15A7
330
C
100
AcDbEntity
8
0
100
AcDbLine
10
656.956
20
141.883
30
0
11
656.935
21
141.765
31
0
0
LINE
5
15A8
330
C
100
AcDbEntity
8
0
100
AcDbLine
10
656.935
20
141.765
30
0
11
656.919
21
141.644
31
0
0
LINE
5
15A9
330
C
100
AcDbEntity
8
0
100
AcDbLine
10
656.919
20
141.644
30
0
11
656.907
21
141.519
31
0
0
LINE
5
15AA
330
C
100
AcDbEntity
8
0
100
AcDbLine
10
656.907
20
141.519
30
0
11
656.9
21
141.391
31
0
0
LINE
5
15AB
330
C
100
AcDbEntity
8
0
100
AcDbLine
10
656.9
20
141.391
30
0
11
656.898
21
141.258
31
0
0
LINE
5
15AC
330
C
100
AcDbEntity
8
0
100
AcDbLine
10
656.898
20
141.258
30
0
11
656.898
21
141.258
31
0
0
LINE
5
15AD
330
C
100
AcDbEntity
8
0
100
AcDbLine
10
656.898
20
141.258
30
0
11
656.9
21
141.123
31
0
0
LINE
5
15AE
330
C
100
AcDbEntity
8
0
100
AcDbLine
10
656.9
20
141.123
30
0
11
656.907
21
140.992
31
0
0
LINE
5
15AF
330
C
100
AcDbEntity
8
0
100
AcDbLine
10
656.907
20
140.992
30
0
11
656.919
21
140.865
31
0
0
LINE
5
15B0
330
C
100
AcDbEntity
8
0
100
AcDbLine
10
656.919
20
140.865
30
0
11
656.935
21
140.742
31
0
0
LINE
5
15B1
330
C
100
AcDbEntity
8
0
100
AcDbLine
10
656.935
20
140.742
30
0
11
656.956
21
140.622
31
0
0
LINE
5
15B2
330
C
100
AcDbEntity
8
0
100
AcDbLine
10
656.956
20
140.622
30
0
11
656.981
21
140.506
31
0
0
LINE
5
15B3
330
C
100
AcDbEntity
8
0
100
AcDbLine
10
656.981
20
140.506
30
0
11
657.011
21
140.394
31
0
0
LINE
5
15B4
330
C
100
AcDbEntity
8
0
100
AcDbLine
10
657.011
20
140.394
30
0
11
657.046
21
140.286
31
0
0
LINE
5
15B5
330
C
100
AcDbEntity
8
0
100
AcDbLine
10
657.046
20
140.286
30
0
11
657.085
21
140.182
31
0
0
LINE
5
15B6
330
C
100
AcDbEntity
8
0
100
AcDbLine
10
657.085
20
140.182
30
0
11
657.129
21
140.082
31
0
0
LINE
5
15B7
330
C
100
AcDbEntity
8
0
100
AcDbLine
10
657.129
20
140.082
30
0
11
657.177
21
139.986
31
0
0
LINE
5
15B8
330
C
100
AcDbEntity
8
0
100
AcDbLine
10
657.177
20
139.986
30
0
11
657.227
21
139.894
31
0
0
LINE
5
15B9
330
C
100
AcDbEntity
8
0
100
AcDbLine
10
657.227
20
139.894
30
0
11
657.281
21
139.807
31
0
0
LINE
5
15BA
330
C
100
AcDbEntity
8
0
100
AcDbLine
10
657.281
20
139.807
30
0
11
657.339
21
139.725
31
0
0
LINE
5
15BB
330
C
100
AcDbEntity
8
0
100
AcDbLine
10
657.339
20
139.725
30
0
11
657.399
21
139.647
31
0
0
LINE
5
15BC
330
C
100
AcDbEntity
8
0
100
AcDbLine
10
657.399
20
139.647
30
0
11
657.462
21
139.574
31
0
0
LINE
5
15BD
330
C
100
AcDbEntity
8
0
100
AcDbLine
10
657.462
20
139.574
30
0
11
657.529
21
139.505
31
0
0
LINE
5
15BE
330
C
100
AcDbEntity
8
0
100
AcDbLine
10
657.529
20
139.505
30
0
11
657.598
21
139.441
31
0
0
LINE
5
15BF
330
C
100
AcDbEntity
8
0
100
AcDbLine
10
657.598
20
139.441
30
0
11
657.671
21
139.381
31
0
0
LINE
5
15C0
330
C
100
AcDbEntity
8
0
100
AcDbLine
10
657.671
20
139.381
30
0
11
657.747
21
139.326
31
0
0
LINE
5
15C1
330
C
100
AcDbEntity
8
0
100
AcDbLine
10
657.747
20
139.326
30
0
11
657.825
21
139.276
31
0
0
LINE
5
15C2
330
C
100
AcDbEntity
8
0
100
AcDbLine
10
657.825
20
139.276
30
0
11
657.905
21
139.231
31
0
0
LINE
5
15C3
330
C
100
AcDbEntity
8
0
100
AcDbLine
10
657.905
20
139.231
30
0
11
657.986
21
139.191
31
0
0
LINE
5
15C4
330
C
100
AcDbEntity
8
0
100
AcDbLine
10
657.986
20
139.191
30
0
11
658.069
21
139.157
31
0
0
LINE
5
15C5
330
C
100
AcDbEntity
8
0
100
AcDbLine
10
658.069
20
139.157
30
0
11
658.154
21
139.128
31
0
0
LINE
5
15C6
330
C
100
AcDbEntity
8
0
100
AcDbLine
10
658.154
20
139.128
30
0
11
658.24
21
139.104
31
0
0
LINE
5
15C7
330
C
100
AcDbEntity
8
0
100
AcDbLine
10
658.24
20
139.104
30
0
11
658.328
21
139.086
31
0
0
LINE
5
15C8
330
C
100
AcDbEntity
8
0
100
AcDbLine
10
658.328
20
139.086
30
0
11
658.418
21
139.073
31
0
0
LINE
5
15C9
330
C
100
AcDbEntity
8
0
100
AcDbLine
10
658.418
20
139.073
30
0
11
658.509
21
139.065
31
0
0
LINE
5
15CA
330
C
100
AcDbEntity
8
0
100
AcDbLine
10
658.509
20
139.065
30
0
11
658.602
21
139.062
31
0
0
LINE
5
15CB
330
C
100
AcDbEntity
8
0
100
AcDbLine
10
658.602
20
139.062
30
0
11
658.602
21
139.062
31
0
0
LINE
5
15CC
330
C
100
AcDbEntity
8
0
100
AcDbLine
10
658.602
20
139.062
30
0
11
658.679
21
139.064
31
0
0
LINE
5
15CD
330
C
100
AcDbEntity
8
0
100
AcDbLine
10
658.679
20
139.064
30
0
11
658.757
21
139.07
31
0
0
LINE
5
15CE
330
C
100
AcDbEntity
8
0
100
AcDbLine
10
658.757
20
139.07
30
0
11
658.833
21
139.08
31
0
0
LINE
5
15CF
330
C
100
AcDbEntity
8
0
100
AcDbLine
10
658.833
20
139.08
30
0
11
658.909
21
139.095
31
0
0
LINE
5
15D0
330
C
100
AcDbEntity
8
0
100
AcDbLine
10
658.909
20
139.095
30
0
11
658.985
21
139.113
31
0
0
LINE
5
15D1
330
C
100
AcDbEntity
8
0
100
AcDbLine
10
658.985
20
139.113
30
0
11
659.06
21
139.135
31
0
0
LINE
5
15D2
330
C
100
AcDbEntity
8
0
100
AcDbLine
10
659.06
20
139.135
30
0
11
659.135
21
139.162
31
0
0
LINE
5
15D3
330
C
100
AcDbEntity
8
0
100
AcDbLine
10
659.135
20
139.162
30
0
11
659.208
21
139.193
31
0
0
LINE
5
15D4
330
C
100
AcDbEntity
8
0
100
AcDbLine
10
659.208
20
139.193
30
0
11
659.282
21
139.227
31
0
0
LINE
5
15D5
330
C
100
AcDbEntity
8
0
100
AcDbLine
10
659.282
20
139.227
30
0
11
659.355
21
139.266
31
0
0
LINE
5
15D6
330
C
100
AcDbEntity
8
0
100
AcDbLine
10
659.355
20
139.266
30
0
11
659.426
21
139.309
31
0
0
LINE
5
15D7
330
C
100
AcDbEntity
8
0
100
AcDbLine
10
659.426
20
139.309
30
0
11
659.495
21
139.355
31
0
0
LINE
5
15D8
330
C
100
AcDbEntity
8
0
100
AcDbLine
10
659.495
20
139.355
30
0
11
659.561
21
139.405
31
0
0
LINE
5
15D9
330
C
100
AcDbEntity
8
0
100
AcDbLine
10
659.561
20
139.405
30
0
11
659.625
21
139.459
31
0
0
LINE
5
15DA
330
C
100
AcDbEntity
8
0
100
AcDbLine
10
659.625
20
139.459
30
0
11
659.686
21
139.517
31
0
0
LINE
5
15DB
330
C
100
AcDbEntity
8
0
100
AcDbLine
10
659.686
20
139.517
30
0
11
659.744
21
139.579
31
0
0
LINE
5
15DC
330
C
100
AcDbEntity
8
0
100
AcDbLine
10
659.744
20
139.579
30
0
11
659.8
21
139.644
31
0
0
LINE
5
15DD
330
C
100
AcDbEntity
8
0
100
AcDbLine
10
659.8
20
139.644
30
0
11
659.853
21
139.713
31
0
0
LINE
5
15DE
330
C
100
AcDbEntity
8
0
100
AcDbLine
10
659.853
20
139.713
30
0
11
659.904
21
139.786
31
0
0
LINE
5
15DF
330
C
100
AcDbEntity
8
0
100
AcDbLine
10
659.904
20
139.786
30
0
11
659.952
21
139.863
31
0
0
LINE
5
15E0
330
C
100
AcDbEntity
8
0
100
AcDbLine
10
659.952
20
139.863
30
0
11
659.996
21
139.943
31
0
0
LINE
5
15E1
330
C
100
AcDbEntity
8
0
100
AcDbLine
10
659.996
20
139.943
30
0
11
660.036
21
140.027
31
0
0
LINE
5
15E2
330
C
100
AcDbEntity
8
0
100
AcDbLine
10
660.036
20
140.027
30
0
11
660.071
21
140.114
31
0
0
LINE
5
15E3
330
C
100
AcDbEntity
8
0
100
AcDbLine
10
660.071
20
140.114
30
0
11
660.102
21
140.204
31
0
0
LINE
5
15E4
330
C
100
AcDbEntity
8
0
100
AcDbLine
10
660.102
20
140.204
30
0
11
660.127
21
140.297
31
0
0
LINE
5
15E5
330
C
100
AcDbEntity
8
0
100
AcDbLine
10
660.127
20
140.297
30
0
11
660.148
21
140.394
31
0
0
LINE
5
15E6
330
C
100
AcDbEntity
8
0
100
AcDbLine
10
660.148
20
140.394
30
0
11
660.165
21
140.494
31
0
0
LINE
5
15E7
330
C
100
AcDbEntity
8
0
100
AcDbLine
10
660.165
20
140.494
30
0
11
660.176
21
140.597
31
0
0
LINE
5
15E8
330
C
100
AcDbEntity
8
0
100
AcDbLine
10
660.176
20
140.597
30
0
11
660.183
21
140.704
31
0
0
LINE
5
15E9
330
C
100
AcDbEntity
8
0
100
AcDbLine
10
660.183
20
140.704
30
0
11
660.186
21
140.814
31
0
0
LINE
5
15EA
330
C
100
AcDbEntity
8
0
100
AcDbLine
10
660.186
20
140.814
30
0
11
660.186
21
140.814
31
0
0
LINE
5
15EB
330
C
100
AcDbEntity
8
0
100
AcDbLine
10
660.186
20
140.814
30
0
11
660.546
21
140.814
31
0
0
LINE
5
15EC
330
C
100
AcDbEntity
8
0
100
AcDbLine
10
660.546
20
140.814
30
0
11
660.543
21
140.65
31
0
0
LINE
5
15ED
330
C
100
AcDbEntity
8
0
100
AcDbLine
10
660.543
20
140.65
30
0
11
660.535
21
140.491
31
0
0
LINE
5
15EE
330
C
100
AcDbEntity
8
0
100
AcDbLine
10
660.535
20
140.491
30
0
11
660.521
21
140.337
31
0
0
LINE
5
15EF
330
C
100
AcDbEntity
8
0
100
AcDbLine
10
660.521
20
140.337
30
0
11
660.502
21
140.188
31
0
0
LINE
5
15F0
330
C
100
AcDbEntity
8
0
100
AcDbLine
10
660.502
20
140.188
30
0
11
660.478
21
140.044
31
0
0
LINE
5
15F1
330
C
100
AcDbEntity
8
0
100
AcDbLine
10
660.478
20
140.044
30
0
11
660.447
21
139.905
31
0
0
LINE
5
15F2
330
C
100
AcDbEntity
8
0
100
AcDbLine
10
660.447
20
139.905
30
0
11
660.412
21
139.771
31
0
0
LINE
5
15F3
330
C
100
AcDbEntity
8
0
100
AcDbLine
10
660.412
20
139.771
30
0
11
660.371
21
139.643
31
0
0
LINE
5
15F4
330
C
100
AcDbEntity
8
0
100
AcDbLine
10
660.371
20
139.643
30
0
11
660.325
21
139.519
31
0
0
LINE
5
15F5
330
C
100
AcDbEntity
8
0
100
AcDbLine
10
660.325
20
139.519
30
0
11
660.273
21
139.401
31
0
0
LINE
5
15F6
330
C
100
AcDbEntity
8
0
100
AcDbLine
10
660.273
20
139.401
30
0
11
660.216
21
139.288
31
0
0
LINE
5
15F7
330
C
100
AcDbEntity
8
0
100
AcDbLine
10
660.216
20
139.288
30
0
11
660.156
21
139.181
31
0
0
LINE
5
15F8
330
C
100
AcDbEntity
8
0
100
AcDbLine
10
660.156
20
139.181
30
0
11
660.092
21
139.079
31
0
0
LINE
5
15F9
330
C
100
AcDbEntity
8
0
100
AcDbLine
10
660.092
20
139.079
30
0
11
660.024
21
138.982
31
0
0
LINE
5
15FA
330
C
100
AcDbEntity
8
0
100
AcDbLine
10
660.024
20
138.982
30
0
11
659.952
21
138.892
31
0
0
LINE
5
15FB
330
C
100
AcDbEntity
8
0
100
AcDbLine
10
659.952
20
138.892
30
0
11
659.876
21
138.807
31
0
0
LINE
5
15FC
330
C
100
AcDbEntity
8
0
100
AcDbLine
10
659.876
20
138.807
30
0
11
659.796
21
138.727
31
0
0
LINE
5
15FD
330
C
100
AcDbEntity
8
0
100
AcDbLine
10
659.796
20
138.727
30
0
11
659.713
21
138.653
31
0
0
LINE
5
15FE
330
C
100
AcDbEntity
8
0
100
AcDbLine
10
659.713
20
138.653
30
0
11
659.626
21
138.585
31
0
0
LINE
5
15FF
330
C
100
AcDbEntity
8
0
100
AcDbLine
10
659.626
20
138.585
30
0
11
659.535
21
138.522
31
0
0
LINE
5
1600
330
C
100
AcDbEntity
8
0
100
AcDbLine
10
659.535
20
138.522
30
0
11
659.441
21
138.465
31
0
0
LINE
5
1601
330
C
100
AcDbEntity
8
0
100
AcDbLine
10
659.441
20
138.465
30
0
11
659.344
21
138.414
31
0
0
LINE
5
1602
330
C
100
AcDbEntity
8
0
100
AcDbLine
10
659.344
20
138.414
30
0
11
659.246
21
138.369
31
0
0
LINE
5
1603
330
C
100
AcDbEntity
8
0
100
AcDbLine
10
659.246
20
138.369
30
0
11
659.145
21
138.33
31
0
0
LINE
5
1604
330
C
100
AcDbEntity
8
0
100
AcDbLine
10
659.145
20
138.33
30
0
11
659.042
21
138.297
31
0
0
LINE
5
1605
330
C
100
AcDbEntity
8
0
100
AcDbLine
10
659.042
20
138.297
30
0
11
658.937
21
138.27
31
0
0
LINE
5
1606
330
C
100
AcDbEntity
8
0
100
AcDbLine
10
658.937
20
138.27
30
0
11
658.829
21
138.249
31
0
0
LINE
5
1607
330
C
100
AcDbEntity
8
0
100
AcDbLine
10
658.829
20
138.249
30
0
11
658.72
21
138.234
31
0
0
LINE
5
1608
330
C
100
AcDbEntity
8
0
100
AcDbLine
10
658.72
20
138.234
30
0
11
658.608
21
138.225
31
0
0
LINE
5
1609
330
C
100
AcDbEntity
8
0
100
AcDbLine
10
658.608
20
138.225
30
0
11
658.494
21
138.222
31
0
0
LINE
5
160A
330
C
100
AcDbEntity
8
0
100
AcDbLine
10
658.494
20
138.222
30
0
11
658.494
21
138.222
31
0
0
LINE
5
160B
330
C
100
AcDbEntity
8
0
100
AcDbLine
10
661.122
20
138.366
30
0
11
660.342
21
138.366
31
0
0
LINE
5
160C
330
C
100
AcDbEntity
8
0
100
AcDbLine
10
660.342
20
138.366
30
0
11
660.186
21
139.71
31
0
0
LINE
5
160D
330
C
100
AcDbEntity
8
0
100
AcDbLine
10
660.186
20
139.71
30
0
11
660.186
21
146.55
31
0
0
LINE
5
160E
330
C
100
AcDbEntity
8
0
100
AcDbLine
10
660.186
20
146.55
30
0
11
661.122
21
146.55
31
0
0
LINE
5
160F
330
C
100
AcDbEntity
8
0
100
AcDbLine
10
661.122
20
146.55
30
0
11
661.122
21
138.366
31
0
0
LINE
5
1610
330
C
100
AcDbEntity
8
0
100
AcDbLine
10
661.122
20
138.366
30
0
11
661.122
21
138.366
31
0
0
LINE
5
1611
330
C
100
AcDbEntity
8
0
100
AcDbLine
10
665.544
20
138.222
30
0
11
665.544
21
138.222
31
0
0
LINE
5
1612
330
C
100
AcDbEntity
8
0
100
AcDbLine
10
665.544
20
138.222
30
0
11
665.397
21
138.226
31
0
0
LINE
5
1613
330
C
100
AcDbEntity
8
0
100
AcDbLine
10
665.397
20
138.226
30
0
11
665.253
21
138.237
31
0
0
LINE
5
1614
330
C
100
AcDbEntity
8
0
100
AcDbLine
10
665.253
20
138.237
30
0
11
665.112
21
138.256
31
0
0
LINE
5
1615
330
C
100
AcDbEntity
8
0
100
AcDbLine
10
665.112
20
138.256
30
0
11
664.974
21
138.283
31
0
0
LINE
5
1616
330
C
100
AcDbEntity
8
0
100
AcDbLine
10
664.974
20
138.283
30
0
11
664.84
21
138.317
31
0
0
LINE
5
1617
330
C
100
AcDbEntity
8
0
100
AcDbLine
10
664.84
20
138.317
30
0
11
664.708
21
138.359
31
0
0
LINE
5
1618
330
C
100
AcDbEntity
8
0
100
AcDbLine
10
664.708
20
138.359
30
0
11
664.58
21
138.409
31
0
0
LINE
5
1619
330
C
100
AcDbEntity
8
0
100
AcDbLine
10
664.58
20
138.409
30
0
11
664.455
21
138.466
31
0
0
LINE
5
161A
330
C
100
AcDbEntity
8
0
100
AcDbLine
10
664.455
20
138.466
30
0
11
664.333
21
138.531
31
0
0
LINE
5
161B
330
C
100
AcDbEntity
8
0
100
AcDbLine
10
664.333
20
138.531
30
0
11
664.215
21
138.603
31
0
0
LINE
5
161C
330
C
100
AcDbEntity
8
0
100
AcDbLine
10
664.215
20
138.603
30
0
11
664.1
21
138.682
31
0
0
LINE
5
161D
330
C
100
AcDbEntity
8
0
100
AcDbLine
10
664.1
20
138.682
30
0
11
663.991
21
138.767
31
0
0
LINE
5
161E
330
C
100
AcDbEntity
8
0
100
AcDbLine
10
663.991
20
138.767
30
0
11
663.886
21
138.858
31
0
0
LINE
5
161F
330
C
100
AcDbEntity
8
0
100
AcDbLine
10
663.886
20
138.858
30
0
11
663.786
21
138.955
31
0
0
LINE
5
1620
330
C
100
AcDbEntity
8
0
100
AcDbLine
10
663.786
20
138.955
30
0
11
663.691
21
139.058
31
0
0
LINE
5
1621
330
C
100
AcDbEntity
8
0
100
AcDbLine
10
663.691
20
139.058
30
0
11
663.601
21
139.167
31
0
0
LINE
5
1622
330
C
100
AcDbEntity
8
0
100
AcDbLine
10
663.601
20
139.167
30
0
11
663.516
21
139.282
31
0
0
LINE
5
1623
330
C
100
AcDbEntity
8
0
100
AcDbLine
10
663.516
20
139.282
30
0
11
663.436
21
139.403
31
0
0
LINE
5
1624
330
C
100
AcDbEntity
8
0
100
AcDbLine
10
663.436
20
139.403
30
0
11
663.361
21
139.529
31
0
0
LINE
5
1625
330
C
100
AcDbEntity
8
0
100
AcDbLine
10
663.361
20
139.529
30
0
11
663.291
21
139.662
31
0
0
LINE
5
1626
330
C
100
AcDbEntity
8
0
100
AcDbLine
10
663.291
20
139.662
30
0
11
663.226
21
139.8
31
0
0
LINE
5
1627
330
C
100
AcDbEntity
8
0
100
AcDbLine
10
663.226
20
139.8
30
0
11
663.169
21
139.941
31
0
0
LINE
5
1628
330
C
100
AcDbEntity
8
0
100
AcDbLine
10
663.169
20
139.941
30
0
11
663.118
21
140.087
31
0
0
LINE
5
1629
330
C
100
AcDbEntity
8
0
100
AcDbLine
10
663.118
20
140.087
30
0
11
663.074
21
140.237
31
0
0
LINE
5
162A
330
C
100
AcDbEntity
8
0
100
AcDbLine
10
663.074
20
140.237
30
0
11
663.037
21
140.391
31
0
0
LINE
5
162B
330
C
100
AcDbEntity
8
0
100
AcDbLine
10
663.037
20
140.391
30
0
11
663.006
21
140.549
31
0
0
LINE
5
162C
330
C
100
AcDbEntity
8
0
100
AcDbLine
10
663.006
20
140.549
30
0
11
662.982
21
140.711
31
0
0
LINE
5
162D
330
C
100
AcDbEntity
8
0
100
AcDbLine
10
662.982
20
140.711
30
0
11
662.965
21
140.877
31
0
0
LINE
5
162E
330
C
100
AcDbEntity
8
0
100
AcDbLine
10
662.965
20
140.877
30
0
11
662.955
21
141.048
31
0
0
LINE
5
162F
330
C
100
AcDbEntity
8
0
100
AcDbLine
10
662.955
20
141.048
30
0
11
662.952
21
141.222
31
0
0
LINE
5
1630
330
C
100
AcDbEntity
8
0
100
AcDbLine
10
662.952
20
141.222
30
0
11
662.952
21
141.222
31
0
0
LINE
5
1631
330
C
100
AcDbEntity
8
0
100
AcDbLine
10
662.952
20
141.222
30
0
11
662.955
21
141.408
31
0
0
LINE
5
1632
330
C
100
AcDbEntity
8
0
100
AcDbLine
10
662.955
20
141.408
30
0
11
662.965
21
141.588
31
0
0
LINE
5
1633
330
C
100
AcDbEntity
8
0
100
AcDbLine
10
662.965
20
141.588
30
0
11
662.982
21
141.763
31
0
0
LINE
5
1634
330
C
100
AcDbEntity
8
0
100
AcDbLine
10
662.982
20
141.763
30
0
11
663.006
21
141.933
31
0
0
LINE
5
1635
330
C
100
AcDbEntity
8
0
100
AcDbLine
10
663.006
20
141.933
30
0
11
663.036
21
142.098
31
0
0
LINE
5
1636
330
C
100
AcDbEntity
8
0
100
AcDbLine
10
663.036
20
142.098
30
0
11
663.073
21
142.257
31
0
0
LINE
5
1637
330
C
100
AcDbEntity
8
0
100
AcDbLine
10
663.073
20
142.257
30
0
11
663.116
21
142.411
31
0
0
LINE
5
1638
330
C
100
AcDbEntity
8
0
100
AcDbLine
10
663.116
20
142.411
30
0
11
663.167
21
142.56
31
0
0
LINE
5
1639
330
C
100
AcDbEntity
8
0
100
AcDbLine
10
663.167
20
142.56
30
0
11
663.224
21
142.704
31
0
0
LINE
5
163A
330
C
100
AcDbEntity
8
0
100
AcDbLine
10
663.224
20
142.704
30
0
11
663.288
21
142.842
31
0
0
LINE
5
163B
330
C
100
AcDbEntity
8
0
100
AcDbLine
10
663.288
20
142.842
30
0
11
663.357
21
142.974
31
0
0
LINE
5
163C
330
C
100
AcDbEntity
8
0
100
AcDbLine
10
663.357
20
142.974
30
0
11
663.432
21
143.101
31
0
0
LINE
5
163D
330
C
100
AcDbEntity
8
0
100
AcDbLine
10
663.432
20
143.101
30
0
11
663.512
21
143.22
31
0
0
LINE
5
163E
330
C
100
AcDbEntity
8
0
100
AcDbLine
10
663.512
20
143.22
30
0
11
663.596
21
143.334
31
0
0
LINE
5
163F
330
C
100
AcDbEntity
8
0
100
AcDbLine
10
663.596
20
143.334
30
0
11
663.686
21
143.441
31
0
0
LINE
5
1640
330
C
100
AcDbEntity
8
0
100
AcDbLine
10
663.686
20
143.441
30
0
11
663.781
21
143.542
31
0
0
LINE
5
1641
330
C
100
AcDbEntity
8
0
100
AcDbLine
10
663.781
20
143.542
30
0
11
663.88
21
143.637
31
0
0
LINE
5
1642
330
C
100
AcDbEntity
8
0
100
AcDbLine
10
663.88
20
143.637
30
0
11
663.985
21
143.725
31
0
0
LINE
5
1643
330
C
100
AcDbEntity
8
0
100
AcDbLine
10
663.985
20
143.725
30
0
11
664.094
21
143.807
31
0
0
LINE
5
1644
330
C
100
AcDbEntity
8
0
100
AcDbLine
10
664.094
20
143.807
30
0
11
664.209
21
143.883
31
0
0
LINE
5
1645
330
C
100
AcDbEntity
8
0
100
AcDbLine
10
664.209
20
143.883
30
0
11
664.327
21
143.952
31
0
0
LINE
5
1646
330
C
100
AcDbEntity
8
0
100
AcDbLine
10
664.327
20
143.952
30
0
11
664.449
21
144.014
31
0
0
LINE
5
1647
330
C
100
AcDbEntity
8
0
100
AcDbLine
10
664.449
20
144.014
30
0
11
664.575
21
144.068
31
0
0
LINE
5
1648
330
C
100
AcDbEntity
8
0
100
AcDbLine
10
664.575
20
144.068
30
0
11
664.703
21
144.115
31
0
0
LINE
5
1649
330
C
100
AcDbEntity
8
0
100
AcDbLine
10
664.703
20
144.115
30
0
11
664.835
21
144.155
31
0
0
LINE
5
164A
330
C
100
AcDbEntity
8
0
100
AcDbLine
10
664.835
20
144.155
30
0
11
664.97
21
144.188
31
0
0
LINE
5
164B
330
C
100
AcDbEntity
8
0
100
AcDbLine
10
664.97
20
144.188
30
0
11
665.109
21
144.213
31
0
0
LINE
5
164C
330
C
100
AcDbEntity
8
0
100
AcDbLine
10
665.109
20
144.213
30
0
11
665.25
21
144.231
31
0
0
LINE
5
164D
330
C
100
AcDbEntity
8
0
100
AcDbLine
10
665.25
20
144.231
30
0
11
665.395
21
144.242
31
0
0
LINE
5
164E
330
C
100
AcDbEntity
8
0
100
AcDbLine
10
665.395
20
144.242
30
0
11
665.544
21
144.246
31
0
0
LINE
5
164F
330
C
100
AcDbEntity
8
0
100
AcDbLine
10
665.544
20
144.246
30
0
11
665.544
21
144.246
31
0
0
LINE
5
1650
330
C
100
AcDbEntity
8
0
100
AcDbLine
10
665.544
20
144.246
30
0
11
665.673
21
144.243
31
0
0
LINE
5
1651
330
C
100
AcDbEntity
8
0
100
AcDbLine
10
665.673
20
144.243
30
0
11
665.798
21
144.235
31
0
0
LINE
5
1652
330
C
100
AcDbEntity
8
0
100
AcDbLine
10
665.798
20
144.235
30
0
11
665.919
21
144.222
31
0
0
LINE
5
1653
330
C
100
AcDbEntity
8
0
100
AcDbLine
10
665.919
20
144.222
30
0
11
666.036
21
144.204
31
0
0
LINE
5
1654
330
C
100
AcDbEntity
8
0
100
AcDbLine
10
666.036
20
144.204
30
0
11
666.15
21
144.18
31
0
0
LINE
5
1655
330
C
100
AcDbEntity
8
0
100
AcDbLine
10
666.15
20
144.18
30
0
11
666.259
21
144.151
31
0
0
LINE
5
1656
330
C
100
AcDbEntity
8
0
100
AcDbLine
10
666.259
20
144.151
30
0
11
666.365
21
144.117
31
0
0
LINE
5
1657
330
C
100
AcDbEntity
8
0
100
AcDbLine
10
666.365
20
144.117
30
0
11
666.467
21
144.077
31
0
0
LINE
5
1658
330
C
100
AcDbEntity
8
0
100
AcDbLine
10
666.467
20
144.077
30
0
11
666.565
21
144.032
31
0
0
LINE
5
1659
330
C
100
AcDbEntity
8
0
100
AcDbLine
10
666.565
20
144.032
30
0
11
666.66
21
143.982
31
0
0
LINE
5
165A
330
C
100
AcDbEntity
8
0
100
AcDbLine
10
666.66
20
143.982
30
0
11
666.75
21
143.927
31
0
0
LINE
5
165B
330
C
100
AcDbEntity
8
0
100
AcDbLine
10
666.75
20
143.927
30
0
11
666.837
21
143.869
31
0
0
LINE
5
165C
330
C
100
AcDbEntity
8
0
100
AcDbLine
10
666.837
20
143.869
30
0
11
666.921
21
143.807
31
0
0
LINE
5
165D
330
C
100
AcDbEntity
8
0
100
AcDbLine
10
666.921
20
143.807
30
0
11
667.001
21
143.741
31
0
0
LINE
5
165E
330
C
100
AcDbEntity
8
0
100
AcDbLine
10
667.001
20
143.741
30
0
11
667.077
21
143.672
31
0
0
LINE
5
165F
330
C
100
AcDbEntity
8
0
100
AcDbLine
10
667.077
20
143.672
30
0
11
667.149
21
143.598
31
0
0
LINE
5
1660
330
C
100
AcDbEntity
8
0
100
AcDbLine
10
667.149
20
143.598
30
0
11
667.218
21
143.521
31
0
0
LINE
5
1661
330
C
100
AcDbEntity
8
0
100
AcDbLine
10
667.218
20
143.521
30
0
11
667.284
21
143.441
31
0
0
LINE
5
1662
330
C
100
AcDbEntity
8
0
100
AcDbLine
10
667.284
20
143.441
30
0
11
667.346
21
143.356
31
0
0
LINE
5
1663
330
C
100
AcDbEntity
8
0
100
AcDbLine
10
667.346
20
143.356
30
0
11
667.404
21
143.268
31
0
0
LINE
5
1664
330
C
100
AcDbEntity
8
0
100
AcDbLine
10
667.404
20
143.268
30
0
11
667.458
21
143.177
31
0
0
LINE
5
1665
330
C
100
AcDbEntity
8
0
100
AcDbLine
10
667.458
20
143.177
30
0
11
667.51
21
143.083
31
0
0
LINE
5
1666
330
C
100
AcDbEntity
8
0
100
AcDbLine
10
667.51
20
143.083
30
0
11
667.558
21
142.987
31
0
0
LINE
5
1667
330
C
100
AcDbEntity
8
0
100
AcDbLine
10
667.558
20
142.987
30
0
11
667.602
21
142.889
31
0
0
LINE
5
1668
330
C
100
AcDbEntity
8
0
100
AcDbLine
10
667.602
20
142.889
30
0
11
667.643
21
142.789
31
0
0
LINE
5
1669
330
C
100
AcDbEntity
8
0
100
AcDbLine
10
667.643
20
142.789
30
0
11
667.681
21
142.686
31
0
0
LINE
5
166A
330
C
100
AcDbEntity
8
0
100
AcDbLine
10
667.681
20
142.686
30
0
11
667.715
21
142.581
31
0
0
LINE
5
166B
330
C
100
AcDbEntity
8
0
100
AcDbLine
10
667.715
20
142.581
30
0
11
667.746
21
142.473
31
0
0
LINE
5
166C
330
C
100
AcDbEntity
8
0
100
AcDbLine
10
667.746
20
142.473
30
0
11
667.773
21
142.363
31
0
0
LINE
5
166D
330
C
100
AcDbEntity
8
0
100
AcDbLine
10
667.773
20
142.363
30
0
11
667.797
21
142.251
31
0
0
LINE
5
166E
330
C
100
AcDbEntity
8
0
100
AcDbLine
10
667.797
20
142.251
30
0
11
667.817
21
142.137
31
0
0
LINE
5
166F
330
C
100
AcDbEntity
8
0
100
AcDbLine
10
667.817
20
142.137
30
0
11
667.835
21
142.023
31
0
0
LINE
5
1670
330
C
100
AcDbEntity
8
0
100
AcDbLine
10
667.835
20
142.023
30
0
11
667.849
21
141.907
31
0
0
LINE
5
1671
330
C
100
AcDbEntity
8
0
100
AcDbLine
10
667.849
20
141.907
30
0
11
667.86
21
141.791
31
0
0
LINE
5
1672
330
C
100
AcDbEntity
8
0
100
AcDbLine
10
667.86
20
141.791
30
0
11
667.868
21
141.674
31
0
0
LINE
5
1673
330
C
100
AcDbEntity
8
0
100
AcDbLine
10
667.868
20
141.674
30
0
11
667.873
21
141.557
31
0
0
LINE
5
1674
330
C
100
AcDbEntity
8
0
100
AcDbLine
10
667.873
20
141.557
30
0
11
667.874
21
141.438
31
0
0
LINE
5
1675
330
C
100
AcDbEntity
8
0
100
AcDbLine
10
667.874
20
141.438
30
0
11
667.873
21
141.319
31
0
0
LINE
5
1676
330
C
100
AcDbEntity
8
0
100
AcDbLine
10
667.873
20
141.319
30
0
11
667.868
21
141.199
31
0
0
LINE
5
1677
330
C
100
AcDbEntity
8
0
100
AcDbLine
10
667.868
20
141.199
30
0
11
667.86
21
141.078
31
0
0
LINE
5
1678
330
C
100
AcDbEntity
8
0
100
AcDbLine
10
667.86
20
141.078
30
0
11
667.86
21
141.078
31
0
0
LINE
5
1679
330
C
100
AcDbEntity
8
0
100
AcDbLine
10
667.86
20
141.078
30
0
11
663.708
21
141.078
31
0
0
LINE
5
167A
330
C
100
AcDbEntity
8
0
100
AcDbLine
10
663.708
20
141.078
30
0
11
663.708
21
141.654
31
0
0
LINE
5
167B
330
C
100
AcDbEntity
8
0
100
AcDbLine
10
663.708
20
141.654
30
0
11
667.242
21
141.654
31
0
0
LINE
5
167C
330
C
100
AcDbEntity
8
0
100
AcDbLine
10
667.242
20
141.654
30
0
11
666.966
21
141.474
31
0
0
LINE
5
167D
330
C
100
AcDbEntity
8
0
100
AcDbLine
10
666.966
20
141.474
30
0
11
666.969
21
141.545
31
0
0
LINE
5
167E
330
C
100
AcDbEntity
8
0
100
AcDbLine
10
666.969
20
141.545
30
0
11
666.97
21
141.616
31
0
0
LINE
5
167F
330
C
100
AcDbEntity
8
0
100
AcDbLine
10
666.97
20
141.616
30
0
11
666.97
21
141.686
31
0
0
LINE
5
1680
330
C
100
AcDbEntity
8
0
100
AcDbLine
10
666.97
20
141.686
30
0
11
666.968
21
141.757
31
0
0
LINE
5
1681
330
C
100
AcDbEntity
8
0
100
AcDbLine
10
666.968
20
141.757
30
0
11
666.965
21
141.828
31
0
0
LINE
5
1682
330
C
100
AcDbEntity
8
0
100
AcDbLine
10
666.965
20
141.828
30
0
11
666.96
21
141.899
31
0
0
LINE
5
1683
330
C
100
AcDbEntity
8
0
100
AcDbLine
10
666.96
20
141.899
30
0
11
666.954
21
141.97
31
0
0
LINE
5
1684
330
C
100
AcDbEntity
8
0
100
AcDbLine
10
666.954
20
141.97
30
0
11
666.947
21
142.04
31
0
0
LINE
5
1685
330
C
100
AcDbEntity
8
0
100
AcDbLine
10
666.947
20
142.04
30
0
11
666.937
21
142.111
31
0
0
LINE
5
1686
330
C
100
AcDbEntity
8
0
100
AcDbLine
10
666.937
20
142.111
30
0
11
666.927
21
142.182
31
0
0
LINE
5
1687
330
C
100
AcDbEntity
8
0
100
AcDbLine
10
666.927
20
142.182
30
0
11
666.914
21
142.252
31
0
0
LINE
5
1688
330
C
100
AcDbEntity
8
0
100
AcDbLine
10
666.914
20
142.252
30
0
11
666.9
21
142.321
31
0
0
LINE
5
1689
330
C
100
AcDbEntity
8
0
100
AcDbLine
10
666.9
20
142.321
30
0
11
666.884
21
142.389
31
0
0
LINE
5
168A
330
C
100
AcDbEntity
8
0
100
AcDbLine
10
666.884
20
142.389
30
0
11
666.865
21
142.456
31
0
0
LINE
5
168B
330
C
100
AcDbEntity
8
0
100
AcDbLine
10
666.865
20
142.456
30
0
11
666.845
21
142.522
31
0
0
LINE
5
168C
330
C
100
AcDbEntity
8
0
100
AcDbLine
10
666.845
20
142.522
30
0
11
666.823
21
142.586
31
0
0
LINE
5
168D
330
C
100
AcDbEntity
8
0
100
AcDbLine
10
666.823
20
142.586
30
0
11
666.798
21
142.65
31
0
0
LINE
5
168E
330
C
100
AcDbEntity
8
0
100
AcDbLine
10
666.798
20
142.65
30
0
11
666.772
21
142.712
31
0
0
LINE
5
168F
330
C
100
AcDbEntity
8
0
100
AcDbLine
10
666.772
20
142.712
30
0
11
666.744
21
142.773
31
0
0
LINE
5
1690
330
C
100
AcDbEntity
8
0
100
AcDbLine
10
666.744
20
142.773
30
0
11
666.714
21
142.833
31
0
0
LINE
5
1691
330
C
100
AcDbEntity
8
0
100
AcDbLine
10
666.714
20
142.833
30
0
11
666.681
21
142.891
31
0
0
LINE
5
1692
330
C
100
AcDbEntity
8
0
100
AcDbLine
10
666.681
20
142.891
30
0
11
666.646
21
142.947
31
0
0
LINE
5
1693
330
C
100
AcDbEntity
8
0
100
AcDbLine
10
666.646
20
142.947
30
0
11
666.609
21
143.001
31
0
0
LINE
5
1694
330
C
100
AcDbEntity
8
0
100
AcDbLine
10
666.609
20
143.001
30
0
11
666.569
21
143.052
31
0
0
LINE
5
1695
330
C
100
AcDbEntity
8
0
100
AcDbLine
10
666.569
20
143.052
30
0
11
666.526
21
143.101
31
0
0
LINE
5
1696
330
C
100
AcDbEntity
8
0
100
AcDbLine
10
666.526
20
143.101
30
0
11
666.481
21
143.147
31
0
0
LINE
5
1697
330
C
100
AcDbEntity
8
0
100
AcDbLine
10
666.481
20
143.147
30
0
11
666.434
21
143.191
31
0
0
LINE
5
1698
330
C
100
AcDbEntity
8
0
100
AcDbLine
10
666.434
20
143.191
30
0
11
666.384
21
143.233
31
0
0
LINE
5
1699
330
C
100
AcDbEntity
8
0
100
AcDbLine
10
666.384
20
143.233
30
0
11
666.331
21
143.273
31
0
0
LINE
5
169A
330
C
100
AcDbEntity
8
0
100
AcDbLine
10
666.331
20
143.273
30
0
11
666.276
21
143.31
31
0
0
LINE
5
169B
330
C
100
AcDbEntity
8
0
100
AcDbLine
10
666.276
20
143.31
30
0
11
666.218
21
143.344
31
0
0
LINE
5
169C
330
C
100
AcDbEntity
8
0
100
AcDbLine
10
666.218
20
143.344
30
0
11
666.157
21
143.375
31
0
0
LINE
5
169D
330
C
100
AcDbEntity
8
0
100
AcDbLine
10
666.157
20
143.375
30
0
11
666.093
21
143.402
31
0
0
LINE
5
169E
330
C
100
AcDbEntity
8
0
100
AcDbLine
10
666.093
20
143.402
30
0
11
666.025
21
143.425
31
0
0
LINE
5
169F
330
C
100
AcDbEntity
8
0
100
AcDbLine
10
666.025
20
143.425
30
0
11
665.955
21
143.445
31
0
0
LINE
5
16A0
330
C
100
AcDbEntity
8
0
100
AcDbLine
10
665.955
20
143.445
30
0
11
665.881
21
143.461
31
0
0
LINE
5
16A1
330
C
100
AcDbEntity
8
0
100
AcDbLine
10
665.881
20
143.461
30
0
11
665.805
21
143.474
31
0
0
LINE
5
16A2
330
C
100
AcDbEntity
8
0
100
AcDbLine
10
665.805
20
143.474
30
0
11
665.725
21
143.483
31
0
0
LINE
5
16A3
330
C
100
AcDbEntity
8
0
100
AcDbLine
10
665.725
20
143.483
30
0
11
665.642
21
143.488
31
0
0
LINE
5
16A4
330
C
100
AcDbEntity
8
0
100
AcDbLine
10
665.642
20
143.488
30
0
11
665.556
21
143.49
31
0
0
LINE
5
16A5
330
C
100
AcDbEntity
8
0
100
AcDbLine
10
665.556
20
143.49
30
0
11
665.556
21
143.49
31
0
0
LINE
5
16A6
330
C
100
AcDbEntity
8
0
100
AcDbLine
10
665.556
20
143.49
30
0
11
665.447
21
143.487
31
0
0
LINE
5
16A7
330
C
100
AcDbEntity
8
0
100
AcDbLine
10
665.447
20
143.487
30
0
11
665.342
21
143.479
31
0
0
LINE
5
16A8
330
C
100
AcDbEntity
8
0
100
AcDbLine
10
665.342
20
143.479
30
0
11
665.241
21
143.465
31
0
0
LINE
5
16A9
330
C
100
AcDbEntity
8
0
100
AcDbLine
10
665.241
20
143.465
30
0
11
665.143
21
143.445
31
0
0
LINE
5
16AA
330
C
100
AcDbEntity
8
0
100
AcDbLine
10
665.143
20
143.445
30
0
11
665.049
21
143.419
31
0
0
LINE
5
16AB
330
C
100
AcDbEntity
8
0
100
AcDbLine
10
665.049
20
143.419
30
0
11
664.958
21
143.388
31
0
0
LINE
5
16AC
330
C
100
AcDbEntity
8
0
100
AcDbLine
10
664.958
20
143.388
30
0
11
664.871
21
143.352
31
0
0
LINE
5
16AD
330
C
100
AcDbEntity
8
0
100
AcDbLine
10
664.871
20
143.352
30
0
11
664.788
21
143.31
31
0
0
LINE
5
16AE
330
C
100
AcDbEntity
8
0
100
AcDbLine
10
664.788
20
143.31
30
0
11
664.708
21
143.262
31
0
0
LINE
5
16AF
330
C
100
AcDbEntity
8
0
100
AcDbLine
10
664.708
20
143.262
30
0
11
664.632
21
143.208
31
0
0
LINE
5
16B0
330
C
100
AcDbEntity
8
0
100
AcDbLine
10
664.632
20
143.208
30
0
11
664.559
21
143.15
31
0
0
LINE
5
16B1
330
C
100
AcDbEntity
8
0
100
AcDbLine
10
664.559
20
143.15
30
0
11
664.49
21
143.088
31
0
0
LINE
5
16B2
330
C
100
AcDbEntity
8
0
100
AcDbLine
10
664.49
20
143.088
30
0
11
664.425
21
143.023
31
0
0
LINE
5
16B3
330
C
100
AcDbEntity
8
0
100
AcDbLine
10
664.425
20
143.023
30
0
11
664.364
21
142.954
31
0
0
LINE
5
16B4
330
C
100
AcDbEntity
8
0
100
AcDbLine
10
664.364
20
142.954
30
0
11
664.306
21
142.882
31
0
0
LINE
5
16B5
330
C
100
AcDbEntity
8
0
100
AcDbLine
10
664.306
20
142.882
30
0
11
664.252
21
142.806
31
0
0
LINE
5
16B6
330
C
100
AcDbEntity
8
0
100
AcDbLine
10
664.252
20
142.806
30
0
11
664.202
21
142.726
31
0
0
LINE
5
16B7
330
C
100
AcDbEntity
8
0
100
AcDbLine
10
664.202
20
142.726
30
0
11
664.156
21
142.644
31
0
0
LINE
5
16B8
330
C
100
AcDbEntity
8
0
100
AcDbLine
10
664.156
20
142.644
30
0
11
664.113
21
142.557
31
0
0
LINE
5
16B9
330
C
100
AcDbEntity
8
0
100
AcDbLine
10
664.113
20
142.557
30
0
11
664.074
21
142.467
31
0
0
LINE
5
16BA
330
C
100
AcDbEntity
8
0
100
AcDbLine
10
664.074
20
142.467
30
0
11
664.038
21
142.374
31
0
0
LINE
5
16BB
330
C
100
AcDbEntity
8
0
100
AcDbLine
10
664.038
20
142.374
30
0
11
664.007
21
142.28
31
0
0
LINE
5
16BC
330
C
100
AcDbEntity
8
0
100
AcDbLine
10
664.007
20
142.28
30
0
11
663.979
21
142.185
31
0
0
LINE
5
16BD
330
C
100
AcDbEntity
8
0
100
AcDbLine
10
663.979
20
142.185
30
0
11
663.955
21
142.088
31
0
0
LINE
5
16BE
330
C
100
AcDbEntity
8
0
100
AcDbLine
10
663.955
20
142.088
30
0
11
663.934
21
141.989
31
0
0
LINE
5
16BF
330
C
100
AcDbEntity
8
0
100
AcDbLine
10
663.934
20
141.989
30
0
11
663.918
21
141.889
31
0
0
LINE
5
16C0
330
C
100
AcDbEntity
8
0
100
AcDbLine
10
663.918
20
141.889
30
0
11
663.904
21
141.788
31
0
0
LINE
5
16C1
330
C
100
AcDbEntity
8
0
100
AcDbLine
10
663.904
20
141.788
30
0
11
663.895
21
141.685
31
0
0
LINE
5
16C2
330
C
100
AcDbEntity
8
0
100
AcDbLine
10
663.895
20
141.685
30
0
11
663.89
21
141.58
31
0
0
LINE
5
16C3
330
C
100
AcDbEntity
8
0
100
AcDbLine
10
663.89
20
141.58
30
0
11
663.888
21
141.474
31
0
0
LINE
5
16C4
330
C
100
AcDbEntity
8
0
100
AcDbLine
10
663.888
20
141.474
30
0
11
663.888
21
141.474
31
0
0
LINE
5
16C5
330
C
100
AcDbEntity
8
0
100
AcDbLine
10
663.888
20
141.474
30
0
11
663.888
21
141.09
31
0
0
LINE
5
16C6
330
C
100
AcDbEntity
8
0
100
AcDbLine
10
663.888
20
141.09
30
0
11
663.89
21
140.971
31
0
0
LINE
5
16C7
330
C
100
AcDbEntity
8
0
100
AcDbLine
10
663.89
20
140.971
30
0
11
663.895
21
140.855
31
0
0
LINE
5
16C8
330
C
100
AcDbEntity
8
0
100
AcDbLine
10
663.895
20
140.855
30
0
11
663.904
21
140.741
31
0
0
LINE
5
16C9
330
C
100
AcDbEntity
8
0
100
AcDbLine
10
663.904
20
140.741
30
0
11
663.917
21
140.63
31
0
0
LINE
5
16CA
330
C
100
AcDbEntity
8
0
100
AcDbLine
10
663.917
20
140.63
30
0
11
663.934
21
140.522
31
0
0
LINE
5
16CB
330
C
100
AcDbEntity
8
0
100
AcDbLine
10
663.934
20
140.522
30
0
11
663.954
21
140.415
31
0
0
LINE
5
16CC
330
C
100
AcDbEntity
8
0
100
AcDbLine
10
663.954
20
140.415
30
0
11
663.977
21
140.312
31
0
0
LINE
5
16CD
330
C
100
AcDbEntity
8
0
100
AcDbLine
10
663.977
20
140.312
30
0
11
664.005
21
140.211
31
0
0
LINE
5
16CE
330
C
100
AcDbEntity
8
0
100
AcDbLine
10
664.005
20
140.211
30
0
11
664.036
21
140.112
31
0
0
LINE
5
16CF
330
C
100
AcDbEntity
8
0
100
AcDbLine
10
664.036
20
140.112
30
0
11
664.071
21
140.016
31
0
0
LINE
5
16D0
330
C
100
AcDbEntity
8
0
100
AcDbLine
10
664.071
20
140.016
30
0
11
664.109
21
139.923
31
0
0
LINE
5
16D1
330
C
100
AcDbEntity
8
0
100
AcDbLine
10
664.109
20
139.923
30
0
11
664.151
21
139.834
31
0
0
LINE
5
16D2
330
C
100
AcDbEntity
8
0
100
AcDbLine
10
664.151
20
139.834
30
0
11
664.197
21
139.749
31
0
0
LINE
5
16D3
330
C
100
AcDbEntity
8
0
100
AcDbLine
10
664.197
20
139.749
30
0
11
664.246
21
139.668
31
0
0
LINE
5
16D4
330
C
100
AcDbEntity
8
0
100
AcDbLine
10
664.246
20
139.668
30
0
11
664.3
21
139.591
31
0
0
LINE
5
16D5
330
C
100
AcDbEntity
8
0
100
AcDbLine
10
664.3
20
139.591
30
0
11
664.356
21
139.518
31
0
0
LINE
5
16D6
330
C
100
AcDbEntity
8
0
100
AcDbLine
10
664.356
20
139.518
30
0
11
664.417
21
139.449
31
0
0
LINE
5
16D7
330
C
100
AcDbEntity
8
0
100
AcDbLine
10
664.417
20
139.449
30
0
11
664.481
21
139.384
31
0
0
LINE
5
16D8
330
C
100
AcDbEntity
8
0
100
AcDbLine
10
664.481
20
139.384
30
0
11
664.548
21
139.323
31
0
0
LINE
5
16D9
330
C
100
AcDbEntity
8
0
100
AcDbLine
10
664.548
20
139.323
30
0
11
664.62
21
139.266
31
0
0
LINE
5
16DA
330
C
100
AcDbEntity
8
0
100
AcDbLine
10
664.62
20
139.266
30
0
11
664.695
21
139.214
31
0
0
LINE
5
16DB
330
C
100
AcDbEntity
8
0
100
AcDbLine
10
664.695
20
139.214
30
0
11
664.774
21
139.167
31
0
0
LINE
5
16DC
330
C
100
AcDbEntity
8
0
100
AcDbLine
10
664.774
20
139.167
30
0
11
664.857
21
139.125
31
0
0
LINE
5
16DD
330
C
100
AcDbEntity
8
0
100
AcDbLine
10
664.857
20
139.125
30
0
11
664.943
21
139.089
31
0
0
LINE
5
16DE
330
C
100
AcDbEntity
8
0
100
AcDbLine
10
664.943
20
139.089
30
0
11
665.034
21
139.059
31
0
0
LINE
5
16DF
330
C
100
AcDbEntity
8
0
100
AcDbLine
10
665.034
20
139.059
30
0
11
665.128
21
139.034
31
0
0
LINE
5
16E0
330
C
100
AcDbEntity
8
0
100
AcDbLine
10
665.128
20
139.034
30
0
11
665.226
21
139.015
31
0
0
LINE
5
16E1
330
C
100
AcDbEntity
8
0
100
AcDbLine
10
665.226
20
139.015
30
0
11
665.328
21
139.001
31
0
0
LINE
5
16E2
330
C
100
AcDbEntity
8
0
100
AcDbLine
10
665.328
20
139.001
30
0
11
665.434
21
138.993
31
0
0
LINE
5
16E3
330
C
100
AcDbEntity
8
0
100
AcDbLine
10
665.434
20
138.993
30
0
11
665.544
21
138.99
31
0
0
LINE
5
16E4
330
C
100
AcDbEntity
8
0
100
AcDbLine
10
665.544
20
138.99
30
0
11
665.544
21
138.99
31
0
0
LINE
5
16E5
330
C
100
AcDbEntity
8
0
100
AcDbLine
10
665.544
20
138.99
30
0
11
665.653
21
138.993
31
0
0
LINE
5
16E6
330
C
100
AcDbEntity
8
0
100
AcDbLine
10
665.653
20
138.993
30
0
11
665.759
21
139.001
31
0
0
LINE
5
16E7
330
C
100
AcDbEntity
8
0
100
AcDbLine
10
665.759
20
139.001
30
0
11
665.861
21
139.014
31
0
0
LINE
5
16E8
330
C
100
AcDbEntity
8
0
100
AcDbLine
10
665.861
20
139.014
30
0
11
665.958
21
139.033
31
0
0
LINE
5
16E9
330
C
100
AcDbEntity
8
0
100
AcDbLine
10
665.958
20
139.033
30
0
11
666.052
21
139.058
31
0
0
LINE
5
16EA
330
C
100
AcDbEntity
8
0
100
AcDbLine
10
666.052
20
139.058
30
0
11
666.142
21
139.087
31
0
0
LINE
5
16EB
330
C
100
AcDbEntity
8
0
100
AcDbLine
10
666.142
20
139.087
30
0
11
666.228
21
139.122
31
0
0
LINE
5
16EC
330
C
100
AcDbEntity
8
0
100
AcDbLine
10
666.228
20
139.122
30
0
11
666.31
21
139.163
31
0
0
LINE
5
16ED
330
C
100
AcDbEntity
8
0
100
AcDbLine
10
666.31
20
139.163
30
0
11
666.388
21
139.209
31
0
0
LINE
5
16EE
330
C
100
AcDbEntity
8
0
100
AcDbLine
10
666.388
20
139.209
30
0
11
666.462
21
139.26
31
0
0
LINE
5
16EF
330
C
100
AcDbEntity
8
0
100
AcDbLine
10
666.462
20
139.26
30
0
11
666.531
21
139.317
31
0
0
LINE
5
16F0
330
C
100
AcDbEntity
8
0
100
AcDbLine
10
666.531
20
139.317
30
0
11
666.594
21
139.378
31
0
0
LINE
5
16F1
330
C
100
AcDbEntity
8
0
100
AcDbLine
10
666.594
20
139.378
30
0
11
666.652
21
139.445
31
0
0
LINE
5
16F2
330
C
100
AcDbEntity
8
0
100
AcDbLine
10
666.652
20
139.445
30
0
11
666.705
21
139.517
31
0
0
LINE
5
16F3
330
C
100
AcDbEntity
8
0
100
AcDbLine
10
666.705
20
139.517
30
0
11
666.751
21
139.595
31
0
0
LINE
5
16F4
330
C
100
AcDbEntity
8
0
100
AcDbLine
10
666.751
20
139.595
30
0
11
666.792
21
139.677
31
0
0
LINE
5
16F5
330
C
100
AcDbEntity
8
0
100
AcDbLine
10
666.792
20
139.677
30
0
11
666.828
21
139.764
31
0
0
LINE
5
16F6
330
C
100
AcDbEntity
8
0
100
AcDbLine
10
666.828
20
139.764
30
0
11
666.857
21
139.857
31
0
0
LINE
5
16F7
330
C
100
AcDbEntity
8
0
100
AcDbLine
10
666.857
20
139.857
30
0
11
666.881
21
139.955
31
0
0
LINE
5
16F8
330
C
100
AcDbEntity
8
0
100
AcDbLine
10
666.881
20
139.955
30
0
11
666.9
21
140.058
31
0
0
LINE
5
16F9
330
C
100
AcDbEntity
8
0
100
AcDbLine
10
666.9
20
140.058
30
0
11
666.9
21
140.058
31
0
0
LINE
5
16FA
330
C
100
AcDbEntity
8
0
100
AcDbLine
10
666.9
20
140.058
30
0
11
667.872
21
140.058
31
0
0
LINE
5
16FB
330
C
100
AcDbEntity
8
0
100
AcDbLine
10
667.872
20
140.058
30
0
11
667.851
21
139.946
31
0
0
LINE
5
16FC
330
C
100
AcDbEntity
8
0
100
AcDbLine
10
667.851
20
139.946
30
0
11
667.827
21
139.836
31
0
0
LINE
5
16FD
330
C
100
AcDbEntity
8
0
100
AcDbLine
10
667.827
20
139.836
30
0
11
667.797
21
139.73
31
0
0
LINE
5
16FE
330
C
100
AcDbEntity
8
0
100
AcDbLine
10
667.797
20
139.73
30
0
11
667.763
21
139.627
31
0
0
LINE
5
16FF
330
C
100
AcDbEntity
8
0
100
AcDbLine
10
667.763
20
139.627
30
0
11
667.725
21
139.528
31
0
0
LINE
5
1700
330
C
100
AcDbEntity
8
0
100
AcDbLine
10
667.725
20
139.528
30
0
11
667.682
21
139.431
31
0
0
LINE
5
1701
330
C
100
AcDbEntity
8
0
100
AcDbLine
10
667.682
20
139.431
30
0
11
667.634
21
139.338
31
0
0
LINE
5
1702
330
C
100
AcDbEntity
8
0
100
AcDbLine
10
667.634
20
139.338
30
0
11
667.582
21
139.248
31
0
0
LINE
5
1703
330
C
100
AcDbEntity
8
0
100
AcDbLine
10
667.582
20
139.248
30
0
11
667.525
21
139.161
31
0
0
LINE
5
1704
330
C
100
AcDbEntity
8
0
100
AcDbLine
10
667.525
20
139.161
30
0
11
667.464
21
139.077
31
0
0
LINE
5
1705
330
C
100
AcDbEntity
8
0
100
AcDbLine
10
667.464
20
139.077
30
0
11
667.398
21
138.997
31
0
0
LINE
5
1706
330
C
100
AcDbEntity
8
0
100
AcDbLine
10
667.398
20
138.997
30
0
11
667.33
21
138.92
31
0
0
LINE
5
1707
330
C
100
AcDbEntity
8
0
100
AcDbLine
10
667.33
20
138.92
30
0
11
667.257
21
138.847
31
0
0
LINE
5
1708
330
C
100
AcDbEntity
8
0
100
AcDbLine
10
667.257
20
138.847
30
0
11
667.182
21
138.778
31
0
0
LINE
5
1709
330
C
100
AcDbEntity
8
0
100
AcDbLine
10
667.182
20
138.778
30
0
11
667.102
21
138.713
31
0
0
LINE
5
170A
330
C
100
AcDbEntity
8
0
100
AcDbLine
10
667.102
20
138.713
30
0
11
667.02
21
138.652
31
0
0
LINE
5
170B
330
C
100
AcDbEntity
8
0
100
AcDbLine
10
667.02
20
138.652
30
0
11
666.933
21
138.594
31
0
0
LINE
5
170C
330
C
100
AcDbEntity
8
0
100
AcDbLine
10
666.933
20
138.594
30
0
11
666.844
21
138.54
31
0
0
LINE
5
170D
330
C
100
AcDbEntity
8
0
100
AcDbLine
10
666.844
20
138.54
30
0
11
666.75
21
138.49
31
0
0
LINE
5
170E
330
C
100
AcDbEntity
8
0
100
AcDbLine
10
666.75
20
138.49
30
0
11
666.654
21
138.444
31
0
0
LINE
5
170F
330
C
100
AcDbEntity
8
0
100
AcDbLine
10
666.654
20
138.444
30
0
11
666.554
21
138.402
31
0
0
LINE
5
1710
330
C
100
AcDbEntity
8
0
100
AcDbLine
10
666.554
20
138.402
30
0
11
666.452
21
138.364
31
0
0
LINE
5
1711
330
C
100
AcDbEntity
8
0
100
AcDbLine
10
666.452
20
138.364
30
0
11
666.347
21
138.331
31
0
0
LINE
5
1712
330
C
100
AcDbEntity
8
0
100
AcDbLine
10
666.347
20
138.331
30
0
11
666.24
21
138.302
31
0
0
LINE
5
1713
330
C
100
AcDbEntity
8
0
100
AcDbLine
10
666.24
20
138.302
30
0
11
666.13
21
138.278
31
0
0
LINE
5
1714
330
C
100
AcDbEntity
8
0
100
AcDbLine
10
666.13
20
138.278
30
0
11
666.018
21
138.258
31
0
0
LINE
5
1715
330
C
100
AcDbEntity
8
0
100
AcDbLine
10
666.018
20
138.258
30
0
11
665.903
21
138.242
31
0
0
LINE
5
1716
330
C
100
AcDbEntity
8
0
100
AcDbLine
10
665.903
20
138.242
30
0
11
665.786
21
138.231
31
0
0
LINE
5
1717
330
C
100
AcDbEntity
8
0
100
AcDbLine
10
665.786
20
138.231
30
0
11
665.666
21
138.224
31
0
0
LINE
5
1718
330
C
100
AcDbEntity
8
0
100
AcDbLine
10
665.666
20
138.224
30
0
11
665.544
21
138.222
31
0
0
LINE
5
1719
330
C
100
AcDbEntity
8
0
100
AcDbLine
10
665.544
20
138.222
30
0
11
665.544
21
138.222
31
0
0
LINE
5
171A
330
C
100
AcDbEntity
8
0
100
AcDbLine
10
668.814
20
140.922
30
0
11
672.762
21
146.01
31
0
0
LINE
5
171B
330
C
100
AcDbEntity
8
0
100
AcDbLine
10
672.762
20
146.01
30
0
11
673.638
21
146.01
31
0
0
LINE
5
171C
330
C
100
AcDbEntity
8
0
100
AcDbLine
10
673.638
20
146.01
30
0
11
673.638
21
140.994
31
0
0
LINE
5
171D
330
C
100
AcDbEntity
8
0
100
AcDbLine
10
673.638
20
140.994
30
0
11
674.946
21
140.994
31
0
0
LINE
5
171E
330
C
100
AcDbEntity
8
0
100
AcDbLine
10
674.946
20
140.994
30
0
11
674.946
21
140.202
31
0
0
LINE
5
171F
330
C
100
AcDbEntity
8
0
100
AcDbLine
10
674.946
20
140.202
30
0
11
673.638
21
140.202
31
0
0
LINE
5
1720
330
C
100
AcDbEntity
8
0
100
AcDbLine
10
673.638
20
140.202
30
0
11
673.638
21
138.366
31
0
0
LINE
5
1721
330
C
100
AcDbEntity
8
0
100
AcDbLine
10
673.638
20
138.366
30
0
11
672.714
21
138.366
31
0
0
LINE
5
1722
330
C
100
AcDbEntity
8
0
100
AcDbLine
10
672.714
20
138.366
30
0
11
672.714
21
140.202
31
0
0
LINE
5
1723
330
C
100
AcDbEntity
8
0
100
AcDbLine
10
672.714
20
140.202
30
0
11
668.814
21
140.202
31
0
0
LINE
5
1724
330
C
100
AcDbEntity
8
0
100
AcDbLine
10
668.814
20
140.202
30
0
11
668.814
21
140.922
31
0
0
LINE
5
1725
330
C
100
AcDbEntity
8
0
100
AcDbLine
10
668.814
20
140.922
30
0
11
668.814
21
140.922
31
0
0
LINE
5
1726
330
C
100
AcDbEntity
8
0
100
AcDbLine
10
672.75
20
140.922
30
0
11
672.75
21
144.534
31
0
0
LINE
5
1727
330
C
100
AcDbEntity
8
0
100
AcDbLine
10
672.75
20
144.534
30
0
11
669.93
21
140.922
31
0
0
LINE
5
1728
330
C
100
AcDbEntity
8
0
100
AcDbLine
10
669.93
20
140.922
30
0
11
672.75
21
140.922
31
0
0
LINE
5
1729
330
C
100
AcDbEntity
8
0
100
AcDbLine
10
672.75
20
140.922
30
0
11
672.75
21
140.922
31
0
0
LINE
5
172A
330
C
100
AcDbEntity
8
0
100
AcDbLine
10
517.196
20
161
30
0
11
517.196
21
158
31
0
0
LINE
5
172B
330
C
100
AcDbEntity
8
0
100
AcDbLine
10
517.196
20
158
30
0
11
518.411
21
158
31
0
0
LINE
5
172C
330
C
100
AcDbEntity
8
0
100
AcDbLine
10
518.411
20
158
30
0
11
518.411
21
161
31
0
0
LINE
5
172D
330
C
100
AcDbEntity
8
0
100
AcDbLine
10
518.411
20
161
30
0
11
525.309
21
161
31
0
0
LINE
5
172E
330
C
100
AcDbEntity
8
0
100
AcDbLine
10
525.309
20
161
30
0
11
525.309
21
158
31
0
0
LINE
5
172F
330
C
100
AcDbEntity
8
0
100
AcDbLine
10
525.309
20
158
30
0
11
532.205
21
158
31
0
0
LINE
5
1730
330
C
100
AcDbEntity
8
0
100
AcDbLine
10
532.205
20
158
30
0
11
532.205
21
161
31
0
0
LINE
5
1731
330
C
100
AcDbEntity
8
0
100
AcDbLine
10
532.205
20
161
30
0
11
539.103
21
161
31
0
0
LINE
5
1732
330
C
100
AcDbEntity
8
0
100
AcDbLine
10
539.103
20
161
30
0
11
539.103
21
158
31
0
0
LINE
5
1733
330
C
100
AcDbEntity
8
0
100
AcDbLine
10
539.103
20
158
30
0
11
546
21
158
31
0
0
LINE
5
1734
330
C
100
AcDbEntity
8
0
100
AcDbLine
10
546
20
158
30
0
11
546
21
161
31
0
0
LINE
5
1735
330
C
100
AcDbEntity
8
0
100
AcDbLine
10
546
20
161
30
0
11
552.896
21
161
31
0
0
LINE
5
1736
330
C
100
AcDbEntity
8
0
100
AcDbLine
10
552.896
20
161
30
0
11
552.896
21
158
31
0
0
LINE
5
1737
330
C
100
AcDbEntity
8
0
100
AcDbLine
10
552.896
20
158
30
0
11
559.794
21
158
31
0
0
LINE
5
1738
330
C
100
AcDbEntity
8
0
100
AcDbLine
10
559.794
20
158
30
0
11
559.794
21
161
31
0
0
LINE
5
1739
330
C
100
AcDbEntity
8
0
100
AcDbLine
10
559.794
20
161
30
0
11
566.691
21
161
31
0
0
LINE
5
173A
330
C
100
AcDbEntity
8
0
100
AcDbLine
10
566.691
20
161
30
0
11
566.691
21
158
31
0
0
LINE
5
173B
330
C
100
AcDbEntity
8
0
100
AcDbLine
10
566.691
20
158
30
0
11
573.588
21
158
31
0
0
LINE
5
173C
330
C
100
AcDbEntity
8
0
100
AcDbLine
10
573.588
20
158
30
0
11
573.588
21
161
31
0
0
LINE
5
173D
330
C
100
AcDbEntity
8
0
100
AcDbLine
10
573.588
20
161
30
0
11
580.485
21
161
31
0
0
LINE
5
173E
330
C
100
AcDbEntity
8
0
100
AcDbLine
10
580.485
20
161
30
0
11
580.485
21
158
31
0
0
LINE
5
173F
330
C
100
AcDbEntity
8
0
100
AcDbLine
10
580.485
20
158
30
0
11
587.383
21
158
31
0
0
LINE
5
1740
330
C
100
AcDbEntity
8
0
100
AcDbLine
10
587.383
20
158
30
0
11
587.383
21
161
31
0
0
LINE
5
1741
330
C
100
AcDbEntity
8
0
100
AcDbLine
10
587.383
20
161
30
0
11
594.279
21
161
31
0
0
LINE
5
1742
330
C
100
AcDbEntity
8
0
100
AcDbLine
10
594.279
20
161
30
0
11
594.279
21
158
31
0
0
LINE
5
1743
330
C
100
AcDbEntity
8
0
100
AcDbLine
10
594.279
20
158
30
0
11
601.177
21
158
31
0
0
LINE
5
1744
330
C
100
AcDbEntity
8
0
100
AcDbLine
10
601.177
20
158
30
0
11
601.177
21
161
31
0
0
LINE
5
1745
330
C
100
AcDbEntity
8
0
100
AcDbLine
10
601.177
20
161
30
0
11
608.073
21
161
31
0
0
LINE
5
1746
330
C
100
AcDbEntity
8
0
100
AcDbLine
10
608.073
20
161
30
0
11
608.073
21
158
31
0
0
LINE
5
1747
330
C
100
AcDbEntity
8
0
100
AcDbLine
10
608.073
20
158
30
0
11
614.971
21
158
31
0
0
LINE
5
1748
330
C
100
AcDbEntity
8
0
100
AcDbLine
10
614.971
20
158
30
0
11
614.971
21
161
31
0
0
LINE
5
1749
330
C
100
AcDbEntity
8
0
100
AcDbLine
10
614.971
20
161
30
0
11
621.868
21
161
31
0
0
LINE
5
174A
330
C
100
AcDbEntity
8
0
100
AcDbLine
10
621.868
20
161
30
0
11
621.868
21
158
31
0
0
LINE
5
174B
330
C
100
AcDbEntity
8
0
100
AcDbLine
10
621.868
20
158
30
0
11
628.765
21
158
31
0
0
LINE
5
174C
330
C
100
AcDbEntity
8
0
100
AcDbLine
10
628.765
20
158
30
0
11
628.765
21
161
31
0
0
LINE
5
174D
330
C
100
AcDbEntity
8
0
100
AcDbLine
10
628.765
20
161
30
0
11
635.662
21
161
31
0
0
LINE
5
174E
330
C
100
AcDbEntity
8
0
100
AcDbLine
10
635.662
20
161
30
0
11
635.662
21
158
31
0
0
LINE
5
174F
330
C
100
AcDbEntity
8
0
100
AcDbLine
10
635.662
20
158
30
0
11
642.56
21
158
31
0
0
LINE
5
1750
330
C
100
AcDbEntity
8
0
100
AcDbLine
10
642.56
20
158
30
0
11
642.56
21
161
31
0
0
LINE
5
1751
330
C
100
AcDbEntity
8
0
100
AcDbLine
10
642.56
20
161
30
0
11
649.456
21
161
31
0
0
LINE
5
1752
330
C
100
AcDbEntity
8
0
100
AcDbLine
10
649.456
20
161
30
0
11
649.456
21
158
31
0
0
LINE
5
1753
330
C
100
AcDbEntity
8
0
100
AcDbLine
10
649.456
20
158
30
0
11
656.354
21
158
31
0
0
LINE
5
1754
330
C
100
AcDbEntity
8
0
100
AcDbLine
10
656.354
20
158
30
0
11
656.354
21
161
31
0
0
LINE
5
1755
330
C
100
AcDbEntity
8
0
100
AcDbLine
10
656.354
20
161
30
0
11
663.251
21
161
31
0
0
LINE
5
1756
330
C
100
AcDbEntity
8
0
100
AcDbLine
10
663.251
20
161
30
0
11
663.251
21
158
31
0
0
LINE
5
1757
330
C
100
AcDbEntity
8
0
100
AcDbLine
10
663.251
20
158
30
0
11
670.147
21
158
31
0
0
LINE
5
1758
330
C
100
AcDbEntity
8
0
100
AcDbLine
10
670.147
20
158
30
0
11
670.147
21
161
31
0
0
LINE
5
1759
330
C
100
AcDbEntity
8
0
100
AcDbLine
10
670.147
20
161
30
0
11
677.045
21
161
31
0
0
LINE
5
175A
330
C
100
AcDbEntity
8
0
100
AcDbLine
10
677.045
20
161
30
0
11
677.045
21
158
31
0
0
LINE
5
175B
330
C
100
AcDbEntity
8
0
100
AcDbLine
10
677.045
20
158
30
0
11
683.942
21
158
31
0
0
LINE
5
175C
330
C
100
AcDbEntity
8
0
100
AcDbLine
10
683.942
20
158
30
0
11
683.942
21
161
31
0
0
LINE
5
175D
330
C
100
AcDbEntity
8
0
100
AcDbLine
10
683.942
20
161
30
0
11
690.839
21
161
31
0
0
LINE
5
175E
330
C
100
AcDbEntity
8
0
100
AcDbLine
10
690.839
20
161
30
0
11
690.839
21
158
31
0
0
LINE
5
175F
330
C
100
AcDbEntity
8
0
100
AcDbLine
10
690.839
20
158
30
0
11
697.736
21
158
31
0
0
LINE
5
1760
330
C
100
AcDbEntity
8
0
100
AcDbLine
10
697.736
20
158
30
0
11
697.736
21
161
31
0
0
LINE
5
1761
330
C
100
AcDbEntity
8
0
100
AcDbLine
10
697.736
20
161
30
0
11
704.634
21
161
31
0
0
LINE
5
1762
330
C
100
AcDbEntity
8
0
100
AcDbLine
10
704.634
20
161
30
0
11
704.634
21
158
31
0
0
LINE
5
1763
330
C
100
AcDbEntity
8
0
100
AcDbLine
10
704.634
20
158
30
0
11
711.53
21
158
31
0
0
LINE
5
1764
330
C
100
AcDbEntity
8
0
100
AcDbLine
10
711.53
20
158
30
0
11
711.53
21
161
31
0
0
LINE
5
1765
330
C
100
AcDbEntity
8
0
100
AcDbLine
10
711.53
20
161
30
0
11
718.428
21
161
31
0
0
LINE
5
1766
330
C
100
AcDbEntity
8
0
100
AcDbLine
10
718.428
20
161
30
0
11
718.428
21
158
31
0
0
LINE
5
1767
330
C
100
AcDbEntity
8
0
100
AcDbLine
10
718.428
20
158
30
0
11
725.324
21
158
31
0
0
LINE
5
1768
330
C
100
AcDbEntity
8
0
100
AcDbLine
10
725.324
20
158
30
0
11
725.324
21
161
31
0
0
LINE
5
1769
330
C
100
AcDbEntity
8
0
100
AcDbLine
10
725.324
20
161
30
0
11
732.222
21
161
31
0
0
LINE
5
176A
330
C
100
AcDbEntity
8
0
100
AcDbLine
10
732.222
20
161
30
0
11
732.222
21
158
31
0
0
LINE
5
176B
330
C
100
AcDbEntity
8
0
100
AcDbLine
10
732.222
20
158
30
0
11
739.119
21
158
31
0
0
LINE
5
176C
330
C
100
AcDbEntity
8
0
100
AcDbLine
10
739.119
20
158
30
0
11
739.119
21
161
31
0
0
LINE
5
176D
330
C
100
AcDbEntity
8
0
100
AcDbLine
10
739.119
20
161
30
0
11
746.016
21
161
31
0
0
LINE
5
176E
330
C
100
AcDbEntity
8
0
100
AcDbLine
10
746.016
20
161
30
0
11
746.016
21
158
31
0
0
LINE
5
176F
330
C
100
AcDbEntity
8
0
100
AcDbLine
10
746.016
20
158
30
0
11
752.913
21
158
31
0
0
LINE
5
1770
330
C
100
AcDbEntity
8
0
100
AcDbLine
10
752.913
20
158
30
0
11
752.913
21
161
31
0
0
LINE
5
1771
330
C
100
AcDbEntity
8
0
100
AcDbLine
10
752.913
20
161
30
0
11
759.811
21
161
31
0
0
LINE
5
1772
330
C
100
AcDbEntity
8
0
100
AcDbLine
10
759.811
20
161
30
0
11
759.811
21
158
31
0
0
LINE
5
1773
330
C
100
AcDbEntity
8
0
100
AcDbLine
10
759.811
20
158
30
0
11
766.707
21
158
31
0
0
LINE
5
1774
330
C
100
AcDbEntity
8
0
100
AcDbLine
10
766.707
20
158
30
0
11
766.707
21
161
31
0
0
LINE
5
1775
330
C
100
AcDbEntity
8
0
100
AcDbLine
10
766.707
20
161
30
0
11
773.604
21
161
31
0
0
LINE
5
1776
330
C
100
AcDbEntity
8
0
100
AcDbLine
10
773.604
20
161
30
0
11
773.604
21
158
31
0
0
LINE
5
1777
330
C
100
AcDbEntity
8
0
100
AcDbLine
10
773.604
20
158
30
0
11
780.502
21
158
31
0
0
LINE
5
1778
330
C
100
AcDbEntity
8
0
100
AcDbLine
10
780.502
20
158
30
0
11
780.502
21
161
31
0
0
LINE
5
1779
330
C
100
AcDbEntity
8
0
100
AcDbLine
10
780.502
20
161
30
0
11
787.398
21
161
31
0
0
LINE
5
177A
330
C
100
AcDbEntity
8
0
100
AcDbLine
10
787.398
20
161
30
0
11
787.398
21
158
31
0
0
LINE
5
177B
330
C
100
AcDbEntity
8
0
100
AcDbLine
10
787.398
20
158
30
0
11
794.296
21
158
31
0
0
LINE
5
177C
330
C
100
AcDbEntity
8
0
100
AcDbLine
10
794.296
20
158
30
0
11
794.296
21
161
31
0
0
LINE
5
177D
330
C
100
AcDbEntity
8
0
100
AcDbLine
10
794.296
20
161
30
0
11
801.192
21
161
31
0
0
LINE
5
177E
330
C
100
AcDbEntity
8
0
100
AcDbLine
10
801.192
20
161
30
0
11
801.192
21
158
31
0
0
LINE
5
177F
330
C
100
AcDbEntity
8
0
100
AcDbLine
10
801.192
20
158
30
0
11
802.407
21
158
31
0
0
LINE
5
1780
330
C
100
AcDbEntity
8
0
100
AcDbLine
10
802.407
20
158
30
0
11
802.407
21
161
31
0
0
LINE
5
1781
330
C
100
AcDbEntity
8
0
100
AcDbLine
10
802.407
20
161
30
0
11
802.407
21
163.154
31
0
0
LINE
5
1782
330
C
100
AcDbEntity
8
0
100
AcDbLine
10
802.407
20
163.154
30
0
11
807.604
21
163.154
31
0
0
LINE
5
1783
330
C
100
AcDbEntity
8
0
100
AcDbLine
10
807.604
20
163.154
30
0
11
807.604
21
170.051
31
0
0
LINE
5
1784
330
C
100
AcDbEntity
8
0
100
AcDbLine
10
807.604
20
170.051
30
0
11
802.407
21
170.051
31
0
0
LINE
5
1785
330
C
100
AcDbEntity
8
0
100
AcDbLine
10
802.407
20
170.051
30
0
11
802.407
21
176.948
31
0
0
LINE
5
1786
330
C
100
AcDbEntity
8
0
100
AcDbLine
10
802.407
20
176.948
30
0
11
807.604
21
176.948
31
0
0
LINE
5
1787
330
C
100
AcDbEntity
8
0
100
AcDbLine
10
807.604
20
176.948
30
0
11
807.604
21
183.846
31
0
0
LINE
5
1788
330
C
100
AcDbEntity
8
0
100
AcDbLine
10
807.604
20
183.846
30
0
11
802.407
21
183.846
31
0
0
LINE
5
1789
330
C
100
AcDbEntity
8
0
100
AcDbLine
10
802.407
20
183.846
30
0
11
802.407
21
186
31
0
0
LINE
5
178A
330
C
100
AcDbEntity
8
0
100
AcDbLine
10
802.407
20
186
30
0
11
517.196
21
186
31
0
0
LINE
5
178B
330
C
100
AcDbEntity
8
0
100
AcDbLine
10
517.196
20
186
30
0
11
512
21
186
31
0
0
LINE
5
178C
330
C
100
AcDbEntity
8
0
100
AcDbLine
10
512
20
186
30
0
11
512
21
183.846
31
0
0
LINE
5
178D
330
C
100
AcDbEntity
8
0
100
AcDbLine
10
512
20
183.846
30
0
11
517.196
21
183.846
31
0
0
LINE
5
178E
330
C
100
AcDbEntity
8
0
100
AcDbLine
10
517.196
20
183.846
30
0
11
517.196
21
176.949
31
0
0
LINE
5
178F
330
C
100
AcDbEntity
8
0
100
AcDbLine
10
517.196
20
176.949
30
0
11
512
21
176.949
31
0
0
LINE
5
1790
330
C
100
AcDbEntity
8
0
100
AcDbLine
10
512
20
176.949
30
0
11
512
21
170.052
31
0
0
LINE
5
1791
330
C
100
AcDbEntity
8
0
100
AcDbLine
10
512
20
170.052
30
0
11
517.196
21
170.052
31
0
0
LINE
5
1792
330
C
100
AcDbEntity
8
0
100
AcDbLine
10
517.196
20
170.052
30
0
11
517.196
21
163.154
31
0
0
LINE
5
1793
330
C
100
AcDbEntity
8
0
100
AcDbLine
10
517.196
20
163.154
30
0
11
512
21
163.154
31
0
0
LINE
5
1794
330
C
100
AcDbEntity
8
0
100
AcDbLine
10
512
20
163.154
30
0
11
512
21
161
31
0
0
LINE
5
1795
330
C
100
AcDbEntity
8
0
100
AcDbLine
10
512
20
161
30
0
11
517.196
21
161
31
0
0
LINE
5
1796
330
C
100
AcDbEntity
8
0
100
AcDbLine
10
647.988
20
169.222
30
0
11
647.988
21
169.222
31
0
0
LINE
5
1797
330
C
100
AcDbEntity
8
0
100
AcDbLine
10
647.988
20
169.222
30
0
11
647.838
21
169.225
31
0
0
LINE
5
1798
330
C
100
AcDbEntity
8
0
100
AcDbLine
10
647.838
20
169.225
30
0
11
647.69
21
169.233
31
0
0
LINE
5
1799
330
C
100
AcDbEntity
8
0
100
AcDbLine
10
647.69
20
169.233
30
0
11
647.545
21
169.247
31
0
0
LINE
5
179A
330
C
100
AcDbEntity
8
0
100
AcDbLine
10
647.545
20
169.247
30
0
11
647.403
21
169.266
31
0
0
LINE
5
179B
330
C
100
AcDbEntity
8
0
100
AcDbLine
10
647.403
20
169.266
30
0
11
647.263
21
169.29
31
0
0
LINE
5
179C
330
C
100
AcDbEntity
8
0
100
AcDbLine
10
647.263
20
169.29
30
0
11
647.126
21
169.32
31
0
0
LINE
5
179D
330
C
100
AcDbEntity
8
0
100
AcDbLine
10
647.126
20
169.32
30
0
11
646.991
21
169.356
31
0
0
LINE
5
179E
330
C
100
AcDbEntity
8
0
100
AcDbLine
10
646.991
20
169.356
30
0
11
646.859
21
169.397
31
0
0
LINE
5
179F
330
C
100
AcDbEntity
8
0
100
AcDbLine
10
646.859
20
169.397
30
0
11
646.729
21
169.443
31
0
0
LINE
5
17A0
330
C
100
AcDbEntity
8
0
100
AcDbLine
10
646.729
20
169.443
30
0
11
646.602
21
169.495
31
0
0
LINE
5
17A1
330
C
100
AcDbEntity
8
0
100
AcDbLine
10
646.602
20
169.495
30
0
11
646.478
21
169.552
31
0
0
LINE
5
17A2
330
C
100
AcDbEntity
8
0
100
AcDbLine
10
646.478
20
169.552
30
0
11
646.36
21
169.615
31
0
0
LINE
5
17A3
330
C
100
AcDbEntity
8
0
100
AcDbLine
10
646.36
20
169.615
30
0
11
646.246
21
169.682
31
0
0
LINE
5
17A4
330
C
100
AcDbEntity
8
0
100
AcDbLine
10
646.246
20
169.682
30
0
11
646.137
21
169.755
31
0
0
LINE
5
17A5
330
C
100
AcDbEntity
8
0
100
AcDbLine
10
646.137
20
169.755
30
0
11
646.033
21
169.833
31
0
0
LINE
5
17A6
330
C
100
AcDbEntity
8
0
100
AcDbLine
10
646.033
20
169.833
30
0
11
645.934
21
169.917
31
0
0
LINE
5
17A7
330
C
100
AcDbEntity
8
0
100
AcDbLine
10
645.934
20
169.917
30
0
11
645.84
21
170.005
31
0
0
LINE
5
17A8
330
C
100
AcDbEntity
8
0
100
AcDbLine
10
645.84
20
170.005
30
0
11
645.751
21
170.099
31
0
0
LINE
5
17A9
330
C
100
AcDbEntity
8
0
100
AcDbLine
10
645.751
20
170.099
30
0
11
645.667
21
170.198
31
0
0
LINE
5
17AA
330
C
100
AcDbEntity
8
0
100
AcDbLine
10
645.667
20
170.198
30
0
11
645.588
21
170.302
31
0
0
LINE
5
17AB
330
C
100
AcDbEntity
8
0
100
AcDbLine
10
645.588
20
170.302
30
0
11
645.515
21
170.411
31
0
0
LINE
5
17AC
330
C
100
AcDbEntity
8
0
100
AcDbLine
10
645.515
20
170.411
30
0
11
645.449
21
170.526
31
0
0
LINE
5
17AD
330
C
100
AcDbEntity
8
0
100
AcDbLine
10
645.449
20
170.526
30
0
11
645.391
21
170.645
31
0
0
LINE
5
17AE
330
C
100
AcDbEntity
8
0
100
AcDbLine
10
645.391
20
170.645
30
0
11
645.34
21
170.77
31
0
0
LINE
5
17AF
330
C
100
AcDbEntity
8
0
100
AcDbLine
10
645.34
20
170.77
30
0
11
645.297
21
170.899
31
0
0
LINE
5
17B0
330
C
100
AcDbEntity
8
0
100
AcDbLine
10
645.297
20
170.899
30
0
11
645.261
21
171.034
31
0
0
LINE
5
17B1
330
C
100
AcDbEntity
8
0
100
AcDbLine
10
645.261
20
171.034
30
0
11
645.232
21
171.173
31
0
0
LINE
5
17B2
330
C
100
AcDbEntity
8
0
100
AcDbLine
10
645.232
20
171.173
30
0
11
645.211
21
171.318
31
0
0
LINE
5
17B3
330
C
100
AcDbEntity
8
0
100
AcDbLine
10
645.211
20
171.318
30
0
11
645.198
21
171.467
31
0
0
LINE
5
17B4
330
C
100
AcDbEntity
8
0
100
AcDbLine
10
645.198
20
171.467
30
0
11
645.192
21
171.622
31
0
0
LINE
5
17B5
330
C
100
AcDbEntity
8
0
100
AcDbLine
10
645.192
20
171.622
30
0
11
645.192
21
171.622
31
0
0
LINE
5
17B6
330
C
100
AcDbEntity
8
0
100
AcDbLine
10
645.192
20
171.622
30
0
11
646.104
21
171.622
31
0
0
LINE
5
17B7
330
C
100
AcDbEntity
8
0
100
AcDbLine
10
646.104
20
171.622
30
0
11
646.106
21
171.518
31
0
0
LINE
5
17B8
330
C
100
AcDbEntity
8
0
100
AcDbLine
10
646.106
20
171.518
30
0
11
646.114
21
171.418
31
0
0
LINE
5
17B9
330
C
100
AcDbEntity
8
0
100
AcDbLine
10
646.114
20
171.418
30
0
11
646.127
21
171.322
31
0
0
LINE
5
17BA
330
C
100
AcDbEntity
8
0
100
AcDbLine
10
646.127
20
171.322
30
0
11
646.145
21
171.23
31
0
0
LINE
5
17BB
330
C
100
AcDbEntity
8
0
100
AcDbLine
10
646.145
20
171.23
30
0
11
646.168
21
171.141
31
0
0
LINE
5
17BC
330
C
100
AcDbEntity
8
0
100
AcDbLine
10
646.168
20
171.141
30
0
11
646.197
21
171.056
31
0
0
LINE
5
17BD
330
C
100
AcDbEntity
8
0
100
AcDbLine
10
646.197
20
171.056
30
0
11
646.23
21
170.975
31
0
0
LINE
5
17BE
330
C
100
AcDbEntity
8
0
100
AcDbLine
10
646.23
20
170.975
30
0
11
646.269
21
170.898
31
0
0
LINE
5
17BF
330
C
100
AcDbEntity
8
0
100
AcDbLine
10
646.269
20
170.898
30
0
11
646.313
21
170.825
31
0
0
LINE
5
17C0
330
C
100
AcDbEntity
8
0
100
AcDbLine
10
646.313
20
170.825
30
0
11
646.362
21
170.755
31
0
0
LINE
5
17C1
330
C
100
AcDbEntity
8
0
100
AcDbLine
10
646.362
20
170.755
30
0
11
646.415
21
170.689
31
0
0
LINE
5
17C2
330
C
100
AcDbEntity
8
0
100
AcDbLine
10
646.415
20
170.689
30
0
11
646.472
21
170.626
31
0
0
LINE
5
17C3
330
C
100
AcDbEntity
8
0
100
AcDbLine
10
646.472
20
170.626
30
0
11
646.532
21
170.567
31
0
0
LINE
5
17C4
330
C
100
AcDbEntity
8
0
100
AcDbLine
10
646.532
20
170.567
30
0
11
646.595
21
170.512
31
0
0
LINE
5
17C5
330
C
100
AcDbEntity
8
0
100
AcDbLine
10
646.595
20
170.512
30
0
11
646.662
21
170.459
31
0
0
LINE
5
17C6
330
C
100
AcDbEntity
8
0
100
AcDbLine
10
646.662
20
170.459
30
0
11
646.732
21
170.411
31
0
0
LINE
5
17C7
330
C
100
AcDbEntity
8
0
100
AcDbLine
10
646.732
20
170.411
30
0
11
646.805
21
170.366
31
0
0
LINE
5
17C8
330
C
100
AcDbEntity
8
0
100
AcDbLine
10
646.805
20
170.366
30
0
11
646.882
21
170.324
31
0
0
LINE
5
17C9
330
C
100
AcDbEntity
8
0
100
AcDbLine
10
646.882
20
170.324
30
0
11
646.962
21
170.286
31
0
0
LINE
5
17CA
330
C
100
AcDbEntity
8
0
100
AcDbLine
10
646.962
20
170.286
30
0
11
647.046
21
170.251
31
0
0
LINE
5
17CB
330
C
100
AcDbEntity
8
0
100
AcDbLine
10
647.046
20
170.251
30
0
11
647.132
21
170.22
31
0
0
LINE
5
17CC
330
C
100
AcDbEntity
8
0
100
AcDbLine
10
647.132
20
170.22
30
0
11
647.219
21
170.192
31
0
0
LINE
5
17CD
330
C
100
AcDbEntity
8
0
100
AcDbLine
10
647.219
20
170.192
30
0
11
647.308
21
170.167
31
0
0
LINE
5
17CE
330
C
100
AcDbEntity
8
0
100
AcDbLine
10
647.308
20
170.167
30
0
11
647.399
21
170.145
31
0
0
LINE
5
17CF
330
C
100
AcDbEntity
8
0
100
AcDbLine
10
647.399
20
170.145
30
0
11
647.491
21
170.127
31
0
0
LINE
5
17D0
330
C
100
AcDbEntity
8
0
100
AcDbLine
10
647.491
20
170.127
30
0
11
647.585
21
170.112
31
0
0
LINE
5
17D1
330
C
100
AcDbEntity
8
0
100
AcDbLine
10
647.585
20
170.112
30
0
11
647.68
21
170.101
31
0
0
LINE
5
17D2
330
C
100
AcDbEntity
8
0
100
AcDbLine
10
647.68
20
170.101
30
0
11
647.777
21
170.093
31
0
0
LINE
5
17D3
330
C
100
AcDbEntity
8
0
100
AcDbLine
10
647.777
20
170.093
30
0
11
647.876
21
170.088
31
0
0
LINE
5
17D4
330
C
100
AcDbEntity
8
0
100
AcDbLine
10
647.876
20
170.088
30
0
11
647.976
21
170.086
31
0
0
LINE
5
17D5
330
C
100
AcDbEntity
8
0
100
AcDbLine
10
647.976
20
170.086
30
0
11
647.976
21
170.086
31
0
0
LINE
5
17D6
330
C
100
AcDbEntity
8
0
100
AcDbLine
10
647.976
20
170.086
30
0
11
648.084
21
170.088
31
0
0
LINE
5
17D7
330
C
100
AcDbEntity
8
0
100
AcDbLine
10
648.084
20
170.088
30
0
11
648.188
21
170.093
31
0
0
LINE
5
17D8
330
C
100
AcDbEntity
8
0
100
AcDbLine
10
648.188
20
170.093
30
0
11
648.29
21
170.102
31
0
0
LINE
5
17D9
330
C
100
AcDbEntity
8
0
100
AcDbLine
10
648.29
20
170.102
30
0
11
648.39
21
170.114
31
0
0
LINE
5
17DA
330
C
100
AcDbEntity
8
0
100
AcDbLine
10
648.39
20
170.114
30
0
11
648.486
21
170.13
31
0
0
LINE
5
17DB
330
C
100
AcDbEntity
8
0
100
AcDbLine
10
648.486
20
170.13
30
0
11
648.579
21
170.149
31
0
0
LINE
5
17DC
330
C
100
AcDbEntity
8
0
100
AcDbLine
10
648.579
20
170.149
30
0
11
648.67
21
170.171
31
0
0
LINE
5
17DD
330
C
100
AcDbEntity
8
0
100
AcDbLine
10
648.67
20
170.171
30
0
11
648.757
21
170.197
31
0
0
LINE
5
17DE
330
C
100
AcDbEntity
8
0
100
AcDbLine
10
648.757
20
170.197
30
0
11
648.842
21
170.227
31
0
0
LINE
5
17DF
330
C
100
AcDbEntity
8
0
100
AcDbLine
10
648.842
20
170.227
30
0
11
648.924
21
170.26
31
0
0
LINE
5
17E0
330
C
100
AcDbEntity
8
0
100
AcDbLine
10
648.924
20
170.26
30
0
11
649.002
21
170.296
31
0
0
LINE
5
17E1
330
C
100
AcDbEntity
8
0
100
AcDbLine
10
649.002
20
170.296
30
0
11
649.077
21
170.334
31
0
0
LINE
5
17E2
330
C
100
AcDbEntity
8
0
100
AcDbLine
10
649.077
20
170.334
30
0
11
649.148
21
170.374
31
0
0
LINE
5
17E3
330
C
100
AcDbEntity
8
0
100
AcDbLine
10
649.148
20
170.374
30
0
11
649.216
21
170.417
31
0
0
LINE
5
17E4
330
C
100
AcDbEntity
8
0
100
AcDbLine
10
649.216
20
170.417
30
0
11
649.28
21
170.462
31
0
0
LINE
5
17E5
330
C
100
AcDbEntity
8
0
100
AcDbLine
10
649.28
20
170.462
30
0
11
649.34
21
170.509
31
0
0
LINE
5
17E6
330
C
100
AcDbEntity
8
0
100
AcDbLine
10
649.34
20
170.509
30
0
11
649.397
21
170.558
31
0
0
LINE
5
17E7
330
C
100
AcDbEntity
8
0
100
AcDbLine
10
649.397
20
170.558
30
0
11
649.45
21
170.609
31
0
0
LINE
5
17E8
330
C
100
AcDbEntity
8
0
100
AcDbLine
10
649.45
20
170.609
30
0
11
649.499
21
170.663
31
0
0
LINE
5
17E9
330
C
100
AcDbEntity
8
0
100
AcDbLine
10
649.499
20
170.663
30
0
11
649.545
21
170.719
31
0
0
LINE
5
17EA
330
C
100
AcDbEntity
8
0
100
AcDbLine
10
649.545
20
170.719
30
0
11
649.586
21
170.777
31
0
0
LINE
5
17EB
330
C
100
AcDbEntity
8
0
100
AcDbLine
10
649.586
20
170.777
30
0
11
649.624
21
170.835
31
0
0
LINE
5
17EC
330
C
100
AcDbEntity
8
0
100
AcDbLine
10
649.624
20
170.835
30
0
11
649.656
21
170.895
31
0
0
LINE
5
17ED
330
C
100
AcDbEntity
8
0
100
AcDbLine
10
649.656
20
170.895
30
0
11
649.685
21
170.956
31
0
0
LINE
5
17EE
330
C
100
AcDbEntity
8
0
100
AcDbLine
10
649.685
20
170.956
30
0
11
649.709
21
171.018
31
0
0
LINE
5
17EF
330
C
100
AcDbEntity
8
0
100
AcDbLine
10
649.709
20
171.018
30
0
11
649.729
21
171.082
31
0
0
LINE
5
17F0
330
C
100
AcDbEntity
8
0
100
AcDbLine
10
649.729
20
171.082
30
0
11
649.744
21
171.146
31
0
0
LINE
5
17F1
330
C
100
AcDbEntity
8
0
100
AcDbLine
10
649.744
20
171.146
30
0
11
649.755
21
171.211
31
0
0
LINE
5
17F2
330
C
100
AcDbEntity
8
0
100
AcDbLine
10
649.755
20
171.211
30
0
11
649.762
21
171.278
31
0
0
LINE
5
17F3
330
C
100
AcDbEntity
8
0
100
AcDbLine
10
649.762
20
171.278
30
0
11
649.764
21
171.346
31
0
0
LINE
5
17F4
330
C
100
AcDbEntity
8
0
100
AcDbLine
10
649.764
20
171.346
30
0
11
649.764
21
171.346
31
0
0
LINE
5
17F5
330
C
100
AcDbEntity
8
0
100
AcDbLine
10
649.764
20
171.346
30
0
11
649.761
21
171.44
31
0
0
LINE
5
17F6
330
C
100
AcDbEntity
8
0
100
AcDbLine
10
649.761
20
171.44
30
0
11
649.752
21
171.531
31
0
0
LINE
5
17F7
330
C
100
AcDbEntity
8
0
100
AcDbLine
10
649.752
20
171.531
30
0
11
649.737
21
171.618
31
0
0
LINE
5
17F8
330
C
100
AcDbEntity
8
0
100
AcDbLine
10
649.737
20
171.618
30
0
11
649.717
21
171.701
31
0
0
LINE
5
17F9
330
C
100
AcDbEntity
8
0
100
AcDbLine
10
649.717
20
171.701
30
0
11
649.69
21
171.78
31
0
0
LINE
5
17FA
330
C
100
AcDbEntity
8
0
100
AcDbLine
10
649.69
20
171.78
30
0
11
649.658
21
171.856
31
0
0
LINE
5
17FB
330
C
100
AcDbEntity
8
0
100
AcDbLine
10
649.658
20
171.856
30
0
11
649.62
21
171.928
31
0
0
LINE
5
17FC
330
C
100
AcDbEntity
8
0
100
AcDbLine
10
649.62
20
171.928
30
0
11
649.576
21
171.997
31
0
0
LINE
5
17FD
330
C
100
AcDbEntity
8
0
100
AcDbLine
10
649.576
20
171.997
30
0
11
649.526
21
172.062
31
0
0
LINE
5
17FE
330
C
100
AcDbEntity
8
0
100
AcDbLine
10
649.526
20
172.062
30
0
11
649.47
21
172.123
31
0
0
LINE
5
17FF
330
C
100
AcDbEntity
8
0
100
AcDbLine
10
649.47
20
172.123
30
0
11
649.408
21
172.181
31
0
0
LINE
5
1800
330
C
100
AcDbEntity
8
0
100
AcDbLine
10
649.408
20
172.181
30
0
11
649.341
21
172.237
31
0
0
LINE
5
1801
330
C
100
AcDbEntity
8
0
100
AcDbLine
10
649.341
20
172.237
30
0
11
649.268
21
172.291
31
0
0
LINE
5
1802
330
C
100
AcDbEntity
8
0
100
AcDbLine
10
649.268
20
172.291
30
0
11
649.189
21
172.343
31
0
0
LINE
5
1803
330
C
100
AcDbEntity
8
0
100
AcDbLine
10
649.189
20
172.343
30
0
11
649.105
21
172.392
31
0
0
LINE
5
1804
330
C
100
AcDbEntity
8
0
100
AcDbLine
10
649.105
20
172.392
30
0
11
649.015
21
172.439
31
0
0
LINE
5
1805
330
C
100
AcDbEntity
8
0
100
AcDbLine
10
649.015
20
172.439
30
0
11
648.92
21
172.484
31
0
0
LINE
5
1806
330
C
100
AcDbEntity
8
0
100
AcDbLine
10
648.92
20
172.484
30
0
11
648.819
21
172.527
31
0
0
LINE
5
1807
330
C
100
AcDbEntity
8
0
100
AcDbLine
10
648.819
20
172.527
30
0
11
648.712
21
172.568
31
0
0
LINE
5
1808
330
C
100
AcDbEntity
8
0
100
AcDbLine
10
648.712
20
172.568
30
0
11
648.6
21
172.606
31
0
0
LINE
5
1809
330
C
100
AcDbEntity
8
0
100
AcDbLine
10
648.6
20
172.606
30
0
11
648.6
21
172.606
31
0
0
LINE
5
180A
330
C
100
AcDbEntity
8
0
100
AcDbLine
10
648.6
20
172.606
30
0
11
647.268
21
173.074
31
0
0
LINE
5
180B
330
C
100
AcDbEntity
8
0
100
AcDbLine
10
647.268
20
173.074
30
0
11
647.085
21
173.142
31
0
0
LINE
5
180C
330
C
100
AcDbEntity
8
0
100
AcDbLine
10
647.085
20
173.142
30
0
11
646.912
21
173.212
31
0
0
LINE
5
180D
330
C
100
AcDbEntity
8
0
100
AcDbLine
10
646.912
20
173.212
30
0
11
646.747
21
173.284
31
0
0
LINE
5
180E
330
C
100
AcDbEntity
8
0
100
AcDbLine
10
646.747
20
173.284
30
0
11
646.592
21
173.358
31
0
0
LINE
5
180F
330
C
100
AcDbEntity
8
0
100
AcDbLine
10
646.592
20
173.358
30
0
11
646.446
21
173.434
31
0
0
LINE
5
1810
330
C
100
AcDbEntity
8
0
100
AcDbLine
10
646.446
20
173.434
30
0
11
646.309
21
173.512
31
0
0
LINE
5
1811
330
C
100
AcDbEntity
8
0
100
AcDbLine
10
646.309
20
173.512
30
0
11
646.181
21
173.591
31
0
0
LINE
5
1812
330
C
100
AcDbEntity
8
0
100
AcDbLine
10
646.181
20
173.591
30
0
11
646.062
21
173.673
31
0
0
LINE
5
1813
330
C
100
AcDbEntity
8
0
100
AcDbLine
10
646.062
20
173.673
30
0
11
645.952
21
173.757
31
0
0
LINE
5
1814
330
C
100
AcDbEntity
8
0
100
AcDbLine
10
645.952
20
173.757
30
0
11
645.852
21
173.842
31
0
0
LINE
5
1815
330
C
100
AcDbEntity
8
0
100
AcDbLine
10
645.852
20
173.842
30
0
11
645.761
21
173.932
31
0
0
LINE
5
1816
330
C
100
AcDbEntity
8
0
100
AcDbLine
10
645.761
20
173.932
30
0
11
645.679
21
174.029
31
0
0
LINE
5
1817
330
C
100
AcDbEntity
8
0
100
AcDbLine
10
645.679
20
174.029
30
0
11
645.607
21
174.133
31
0
0
LINE
5
1818
330
C
100
AcDbEntity
8
0
100
AcDbLine
10
645.607
20
174.133
30
0
11
645.545
21
174.243
31
0
0
LINE
5
1819
330
C
100
AcDbEntity
8
0
100
AcDbLine
10
645.545
20
174.243
30
0
11
645.492
21
174.361
31
0
0
LINE
5
181A
330
C
100
AcDbEntity
8
0
100
AcDbLine
10
645.492
20
174.361
30
0
11
645.449
21
174.486
31
0
0
LINE
5
181B
330
C
100
AcDbEntity
8
0
100
AcDbLine
10
645.449
20
174.486
30
0
11
645.415
21
174.617
31
0
0
LINE
5
181C
330
C
100
AcDbEntity
8
0
100
AcDbLine
10
645.415
20
174.617
30
0
11
645.391
21
174.756
31
0
0
LINE
5
181D
330
C
100
AcDbEntity
8
0
100
AcDbLine
10
645.391
20
174.756
30
0
11
645.377
21
174.901
31
0
0
LINE
5
181E
330
C
100
AcDbEntity
8
0
100
AcDbLine
10
645.377
20
174.901
30
0
11
645.372
21
175.054
31
0
0
LINE
5
181F
330
C
100
AcDbEntity
8
0
100
AcDbLine
10
645.372
20
175.054
30
0
11
645.372
21
175.054
31
0
0
LINE
5
1820
330
C
100
AcDbEntity
8
0
100
AcDbLine
10
645.372
20
175.054
30
0
11
645.379
21
175.226
31
0
0
LINE
5
1821
330
C
100
AcDbEntity
8
0
100
AcDbLine
10
645.379
20
175.226
30
0
11
645.399
21
175.391
31
0
0
LINE
5
1822
330
C
100
AcDbEntity
8
0
100
AcDbLine
10
645.399
20
175.391
30
0
11
645.433
21
175.55
31
0
0
LINE
5
1823
330
C
100
AcDbEntity
8
0
100
AcDbLine
10
645.433
20
175.55
30
0
11
645.48
21
175.703
31
0
0
LINE
5
1824
330
C
100
AcDbEntity
8
0
100
AcDbLine
10
645.48
20
175.703
30
0
11
645.541
21
175.849
31
0
0
LINE
5
1825
330
C
100
AcDbEntity
8
0
100
AcDbLine
10
645.541
20
175.849
30
0
11
645.615
21
175.989
31
0
0
LINE
5
1826
330
C
100
AcDbEntity
8
0
100
AcDbLine
10
645.615
20
175.989
30
0
11
645.703
21
176.122
31
0
0
LINE
5
1827
330
C
100
AcDbEntity
8
0
100
AcDbLine
10
645.703
20
176.122
30
0
11
645.804
21
176.248
31
0
0
LINE
5
1828
330
C
100
AcDbEntity
8
0
100
AcDbLine
10
645.804
20
176.248
30
0
11
645.919
21
176.368
31
0
0
LINE
5
1829
330
C
100
AcDbEntity
8
0
100
AcDbLine
10
645.919
20
176.368
30
0
11
646.047
21
176.482
31
0
0
LINE
5
182A
330
C
100
AcDbEntity
8
0
100
AcDbLine
10
646.047
20
176.482
30
0
11
646.187
21
176.587
31
0
0
LINE
5
182B
330
C
100
AcDbEntity
8
0
100
AcDbLine
10
646.187
20
176.587
30
0
11
646.339
21
176.681
31
0
0
LINE
5
182C
330
C
100
AcDbEntity
8
0
100
AcDbLine
10
646.339
20
176.681
30
0
11
646.503
21
176.764
31
0
0
LINE
5
182D
330
C
100
AcDbEntity
8
0
100
AcDbLine
10
646.503
20
176.764
30
0
11
646.677
21
176.835
31
0
0
LINE
5
182E
330
C
100
AcDbEntity
8
0
100
AcDbLine
10
646.677
20
176.835
30
0
11
646.864
21
176.896
31
0
0
LINE
5
182F
330
C
100
AcDbEntity
8
0
100
AcDbLine
10
646.864
20
176.896
30
0
11
647.061
21
176.946
31
0
0
LINE
5
1830
330
C
100
AcDbEntity
8
0
100
AcDbLine
10
647.061
20
176.946
30
0
11
647.27
21
176.984
31
0
0
LINE
5
1831
330
C
100
AcDbEntity
8
0
100
AcDbLine
10
647.27
20
176.984
30
0
11
647.49
21
177.012
31
0
0
LINE
5
1832
330
C
100
AcDbEntity
8
0
100
AcDbLine
10
647.49
20
177.012
30
0
11
647.721
21
177.028
31
0
0
LINE
5
1833
330
C
100
AcDbEntity
8
0
100
AcDbLine
10
647.721
20
177.028
30
0
11
647.964
21
177.034
31
0
0
LINE
5
1834
330
C
100
AcDbEntity
8
0
100
AcDbLine
10
647.964
20
177.034
30
0
11
647.964
21
177.034
31
0
0
LINE
5
1835
330
C
100
AcDbEntity
8
0
100
AcDbLine
10
647.964
20
177.034
30
0
11
648.189
21
177.029
31
0
0
LINE
5
1836
330
C
100
AcDbEntity
8
0
100
AcDbLine
10
648.189
20
177.029
30
0
11
648.404
21
177.013
31
0
0
LINE
5
1837
330
C
100
AcDbEntity
8
0
100
AcDbLine
10
648.404
20
177.013
30
0
11
648.61
21
176.986
31
0
0
LINE
5
1838
330
C
100
AcDbEntity
8
0
100
AcDbLine
10
648.61
20
176.986
30
0
11
648.805
21
176.949
31
0
0
LINE
5
1839
330
C
100
AcDbEntity
8
0
100
AcDbLine
10
648.805
20
176.949
30
0
11
648.99
21
176.901
31
0
0
LINE
5
183A
330
C
100
AcDbEntity
8
0
100
AcDbLine
10
648.99
20
176.901
30
0
11
649.165
21
176.843
31
0
0
LINE
5
183B
330
C
100
AcDbEntity
8
0
100
AcDbLine
10
649.165
20
176.843
30
0
11
649.33
21
176.774
31
0
0
LINE
5
183C
330
C
100
AcDbEntity
8
0
100
AcDbLine
10
649.33
20
176.774
30
0
11
649.484
21
176.694
31
0
0
LINE
5
183D
330
C
100
AcDbEntity
8
0
100
AcDbLine
10
649.484
20
176.694
30
0
11
649.629
21
176.604
31
0
0
LINE
5
183E
330
C
100
AcDbEntity
8
0
100
AcDbLine
10
649.629
20
176.604
30
0
11
649.764
21
176.503
31
0
0
LINE
5
183F
330
C
100
AcDbEntity
8
0
100
AcDbLine
10
649.764
20
176.503
30
0
11
649.888
21
176.393
31
0
0
LINE
5
1840
330
C
100
AcDbEntity
8
0
100
AcDbLine
10
649.888
20
176.393
30
0
11
650.001
21
176.276
31
0
0
LINE
5
1841
330
C
100
AcDbEntity
8
0
100
AcDbLine
10
650.001
20
176.276
30
0
11
650.103
21
176.152
31
0
0
LINE
5
1842
330
C
100
AcDbEntity
8
0
100
AcDbLine
10
650.103
20
176.152
30
0
11
650.194
21
176.02
31
0
0
LINE
5
1843
330
C
100
AcDbEntity
8
0
100
AcDbLine
10
650.194
20
176.02
30
0
11
650.274
21
175.881
31
0
0
LINE
5
1844
330
C
100
AcDbEntity
8
0
100
AcDbLine
10
650.274
20
175.881
30
0
11
650.343
21
175.735
31
0
0
LINE
5
1845
330
C
100
AcDbEntity
8
0
100
AcDbLine
10
650.343
20
175.735
30
0
11
650.4
21
175.582
31
0
0
LINE
5
1846
330
C
100
AcDbEntity
8
0
100
AcDbLine
10
650.4
20
175.582
30
0
11
650.447
21
175.421
31
0
0
LINE
5
1847
330
C
100
AcDbEntity
8
0
100
AcDbLine
10
650.447
20
175.421
30
0
11
650.483
21
175.253
31
0
0
LINE
5
1848
330
C
100
AcDbEntity
8
0
100
AcDbLine
10
650.483
20
175.253
30
0
11
650.508
21
175.078
31
0
0
LINE
5
1849
330
C
100
AcDbEntity
8
0
100
AcDbLine
10
650.508
20
175.078
30
0
11
650.508
21
175.078
31
0
0
LINE
5
184A
330
C
100
AcDbEntity
8
0
100
AcDbLine
10
650.508
20
175.078
30
0
11
649.584
21
175.078
31
0
0
LINE
5
184B
330
C
100
AcDbEntity
8
0
100
AcDbLine
10
649.584
20
175.078
30
0
11
649.563
21
175.18
31
0
0
LINE
5
184C
330
C
100
AcDbEntity
8
0
100
AcDbLine
10
649.563
20
175.18
30
0
11
649.535
21
175.278
31
0
0
LINE
5
184D
330
C
100
AcDbEntity
8
0
100
AcDbLine
10
649.535
20
175.278
30
0
11
649.502
21
175.37
31
0
0
LINE
5
184E
330
C
100
AcDbEntity
8
0
100
AcDbLine
10
649.502
20
175.37
30
0
11
649.462
21
175.459
31
0
0
LINE
5
184F
330
C
100
AcDbEntity
8
0
100
AcDbLine
10
649.462
20
175.459
30
0
11
649.417
21
175.542
31
0
0
LINE
5
1850
330
C
100
AcDbEntity
8
0
100
AcDbLine
10
649.417
20
175.542
30
0
11
649.365
21
175.621
31
0
0
LINE
5
1851
330
C
100
AcDbEntity
8
0
100
AcDbLine
10
649.365
20
175.621
30
0
11
649.306
21
175.696
31
0
0
LINE
5
1852
330
C
100
AcDbEntity
8
0
100
AcDbLine
10
649.306
20
175.696
30
0
11
649.242
21
175.765
31
0
0
LINE
5
1853
330
C
100
AcDbEntity
8
0
100
AcDbLine
10
649.242
20
175.765
30
0
11
649.171
21
175.83
31
0
0
LINE
5
1854
330
C
100
AcDbEntity
8
0
100
AcDbLine
10
649.171
20
175.83
30
0
11
649.095
21
175.891
31
0
0
LINE
5
1855
330
C
100
AcDbEntity
8
0
100
AcDbLine
10
649.095
20
175.891
30
0
11
649.012
21
175.946
31
0
0
LINE
5
1856
330
C
100
AcDbEntity
8
0
100
AcDbLine
10
649.012
20
175.946
30
0
11
648.922
21
175.996
31
0
0
LINE
5
1857
330
C
100
AcDbEntity
8
0
100
AcDbLine
10
648.922
20
175.996
30
0
11
648.825
21
176.039
31
0
0
LINE
5
1858
330
C
100
AcDbEntity
8
0
100
AcDbLine
10
648.825
20
176.039
30
0
11
648.722
21
176.077
31
0
0
LINE
5
1859
330
C
100
AcDbEntity
8
0
100
AcDbLine
10
648.722
20
176.077
30
0
11
648.613
21
176.109
31
0
0
LINE
5
185A
330
C
100
AcDbEntity
8
0
100
AcDbLine
10
648.613
20
176.109
30
0
11
648.496
21
176.135
31
0
0
LINE
5
185B
330
C
100
AcDbEntity
8
0
100
AcDbLine
10
648.496
20
176.135
30
0
11
648.373
21
176.156
31
0
0
LINE
5
185C
330
C
100
AcDbEntity
8
0
100
AcDbLine
10
648.373
20
176.156
30
0
11
648.243
21
176.17
31
0
0
LINE
5
185D
330
C
100
AcDbEntity
8
0
100
AcDbLine
10
648.243
20
176.17
30
0
11
648.107
21
176.179
31
0
0
LINE
5
185E
330
C
100
AcDbEntity
8
0
100
AcDbLine
10
648.107
20
176.179
30
0
11
647.964
21
176.182
31
0
0
LINE
5
185F
330
C
100
AcDbEntity
8
0
100
AcDbLine
10
647.964
20
176.182
30
0
11
647.964
21
176.182
31
0
0
LINE
5
1860
330
C
100
AcDbEntity
8
0
100
AcDbLine
10
647.964
20
176.182
30
0
11
647.818
21
176.179
31
0
0
LINE
5
1861
330
C
100
AcDbEntity
8
0
100
AcDbLine
10
647.818
20
176.179
30
0
11
647.679
21
176.169
31
0
0
LINE
5
1862
330
C
100
AcDbEntity
8
0
100
AcDbLine
10
647.679
20
176.169
30
0
11
647.547
21
176.152
31
0
0
LINE
5
1863
330
C
100
AcDbEntity
8
0
100
AcDbLine
10
647.547
20
176.152
30
0
11
647.421
21
176.129
31
0
0
LINE
5
1864
330
C
100
AcDbEntity
8
0
100
AcDbLine
10
647.421
20
176.129
30
0
11
647.302
21
176.1
31
0
0
LINE
5
1865
330
C
100
AcDbEntity
8
0
100
AcDbLine
10
647.302
20
176.1
30
0
11
647.19
21
176.063
31
0
0
LINE
5
1866
330
C
100
AcDbEntity
8
0
100
AcDbLine
10
647.19
20
176.063
30
0
11
647.084
21
176.02
31
0
0
LINE
5
1867
330
C
100
AcDbEntity
8
0
100
AcDbLine
10
647.084
20
176.02
30
0
11
646.985
21
175.971
31
0
0
LINE
5
1868
330
C
100
AcDbEntity
8
0
100
AcDbLine
10
646.985
20
175.971
30
0
11
646.892
21
175.915
31
0
0
LINE
5
1869
330
C
100
AcDbEntity
8
0
100
AcDbLine
10
646.892
20
175.915
30
0
11
646.806
21
175.852
31
0
0
LINE
5
186A
330
C
100
AcDbEntity
8
0
100
AcDbLine
10
646.806
20
175.852
30
0
11
646.727
21
175.784
31
0
0
LINE
5
186B
330
C
100
AcDbEntity
8
0
100
AcDbLine
10
646.727
20
175.784
30
0
11
646.657
21
175.713
31
0
0
LINE
5
186C
330
C
100
AcDbEntity
8
0
100
AcDbLine
10
646.657
20
175.713
30
0
11
646.595
21
175.638
31
0
0
LINE
5
186D
330
C
100
AcDbEntity
8
0
100
AcDbLine
10
646.595
20
175.638
30
0
11
646.541
21
175.56
31
0
0
LINE
5
186E
330
C
100
AcDbEntity
8
0
100
AcDbLine
10
646.541
20
175.56
30
0
11
646.495
21
175.478
31
0
0
LINE
5
186F
330
C
100
AcDbEntity
8
0
100
AcDbLine
10
646.495
20
175.478
30
0
11
646.458
21
175.393
31
0
0
LINE
5
1870
330
C
100
AcDbEntity
8
0
100
AcDbLine
10
646.458
20
175.393
30
0
11
646.429
21
175.305
31
0
0
LINE
5
1871
330
C
100
AcDbEntity
8
0
100
AcDbLine
10
646.429
20
175.305
30
0
11
646.408
21
175.213
31
0
0
LINE
5
1872
330
C
100
AcDbEntity
8
0
100
AcDbLine
10
646.408
20
175.213
30
0
11
646.396
21
175.117
31
0
0
LINE
5
1873
330
C
100
AcDbEntity
8
0
100
AcDbLine
10
646.396
20
175.117
30
0
11
646.392
21
175.018
31
0
0
LINE
5
1874
330
C
100
AcDbEntity
8
0
100
AcDbLine
10
646.392
20
175.018
30
0
11
646.392
21
175.018
31
0
0
LINE
5
1875
330
C
100
AcDbEntity
8
0
100
AcDbLine
10
646.392
20
175.018
30
0
11
646.394
21
174.937
31
0
0
LINE
5
1876
330
C
100
AcDbEntity
8
0
100
AcDbLine
10
646.394
20
174.937
30
0
11
646.402
21
174.859
31
0
0
LINE
5
1877
330
C
100
AcDbEntity
8
0
100
AcDbLine
10
646.402
20
174.859
30
0
11
646.415
21
174.785
31
0
0
LINE
5
1878
330
C
100
AcDbEntity
8
0
100
AcDbLine
10
646.415
20
174.785
30
0
11
646.434
21
174.714
31
0
0
LINE
5
1879
330
C
100
AcDbEntity
8
0
100
AcDbLine
10
646.434
20
174.714
30
0
11
646.457
21
174.647
31
0
0
LINE
5
187A
330
C
100
AcDbEntity
8
0
100
AcDbLine
10
646.457
20
174.647
30
0
11
646.486
21
174.583
31
0
0
LINE
5
187B
330
C
100
AcDbEntity
8
0
100
AcDbLine
10
646.486
20
174.583
30
0
11
646.52
21
174.522
31
0
0
LINE
5
187C
330
C
100
AcDbEntity
8
0
100
AcDbLine
10
646.52
20
174.522
30
0
11
646.559
21
174.465
31
0
0
LINE
5
187D
330
C
100
AcDbEntity
8
0
100
AcDbLine
10
646.559
20
174.465
30
0
11
646.603
21
174.411
31
0
0
LINE
5
187E
330
C
100
AcDbEntity
8
0
100
AcDbLine
10
646.603
20
174.411
30
0
11
646.653
21
174.361
31
0
0
LINE
5
187F
330
C
100
AcDbEntity
8
0
100
AcDbLine
10
646.653
20
174.361
30
0
11
646.708
21
174.313
31
0
0
LINE
5
1880
330
C
100
AcDbEntity
8
0
100
AcDbLine
10
646.708
20
174.313
30
0
11
646.769
21
174.266
31
0
0
LINE
5
1881
330
C
100
AcDbEntity
8
0
100
AcDbLine
10
646.769
20
174.266
30
0
11
646.836
21
174.22
31
0
0
LINE
5
1882
330
C
100
AcDbEntity
8
0
100
AcDbLine
10
646.836
20
174.22
30
0
11
646.909
21
174.175
31
0
0
LINE
5
1883
330
C
100
AcDbEntity
8
0
100
AcDbLine
10
646.909
20
174.175
30
0
11
646.988
21
174.131
31
0
0
LINE
5
1884
330
C
100
AcDbEntity
8
0
100
AcDbLine
10
646.988
20
174.131
30
0
11
647.073
21
174.088
31
0
0
LINE
5
1885
330
C
100
AcDbEntity
8
0
100
AcDbLine
10
647.073
20
174.088
30
0
11
647.164
21
174.046
31
0
0
LINE
5
1886
330
C
100
AcDbEntity
8
0
100
AcDbLine
10
647.164
20
174.046
30
0
11
647.26
21
174.005
31
0
0
LINE
5
1887
330
C
100
AcDbEntity
8
0
100
AcDbLine
10
647.26
20
174.005
30
0
11
647.363
21
173.965
31
0
0
LINE
5
1888
330
C
100
AcDbEntity
8
0
100
AcDbLine
10
647.363
20
173.965
30
0
11
647.472
21
173.926
31
0
0
LINE
5
1889
330
C
100
AcDbEntity
8
0
100
AcDbLine
10
647.472
20
173.926
30
0
11
647.472
21
173.926
31
0
0
LINE
5
188A
330
C
100
AcDbEntity
8
0
100
AcDbLine
10
647.472
20
173.926
30
0
11
649.032
21
173.386
31
0
0
LINE
5
188B
330
C
100
AcDbEntity
8
0
100
AcDbLine
10
649.032
20
173.386
30
0
11
649.19
21
173.33
31
0
0
LINE
5
188C
330
C
100
AcDbEntity
8
0
100
AcDbLine
10
649.19
20
173.33
30
0
11
649.342
21
173.269
31
0
0
LINE
5
188D
330
C
100
AcDbEntity
8
0
100
AcDbLine
10
649.342
20
173.269
30
0
11
649.487
21
173.205
31
0
0
LINE
5
188E
330
C
100
AcDbEntity
8
0
100
AcDbLine
10
649.487
20
173.205
30
0
11
649.626
21
173.135
31
0
0
LINE
5
188F
330
C
100
AcDbEntity
8
0
100
AcDbLine
10
649.626
20
173.135
30
0
11
649.757
21
173.062
31
0
0
LINE
5
1890
330
C
100
AcDbEntity
8
0
100
AcDbLine
10
649.757
20
173.062
30
0
11
649.882
21
172.984
31
0
0
LINE
5
1891
330
C
100
AcDbEntity
8
0
100
AcDbLine
10
649.882
20
172.984
30
0
11
650
21
172.902
31
0
0
LINE
5
1892
330
C
100
AcDbEntity
8
0
100
AcDbLine
10
650
20
172.902
30
0
11
650.111
21
172.816
31
0
0
LINE
5
1893
330
C
100
AcDbEntity
8
0
100
AcDbLine
10
650.111
20
172.816
30
0
11
650.215
21
172.725
31
0
0
LINE
5
1894
330
C
100
AcDbEntity
8
0
100
AcDbLine
10
650.215
20
172.725
30
0
11
650.313
21
172.63
31
0
0
LINE
5
1895
330
C
100
AcDbEntity
8
0
100
AcDbLine
10
650.313
20
172.63
30
0
11
650.402
21
172.53
31
0
0
LINE
5
1896
330
C
100
AcDbEntity
8
0
100
AcDbLine
10
650.402
20
172.53
30
0
11
650.482
21
172.424
31
0
0
LINE
5
1897
330
C
100
AcDbEntity
8
0
100
AcDbLine
10
650.482
20
172.424
30
0
11
650.553
21
172.312
31
0
0
LINE
5
1898
330
C
100
AcDbEntity
8
0
100
AcDbLine
10
650.553
20
172.312
30
0
11
650.614
21
172.195
31
0
0
LINE
5
1899
330
C
100
AcDbEntity
8
0
100
AcDbLine
10
650.614
20
172.195
30
0
11
650.666
21
172.072
31
0
0
LINE
5
189A
330
C
100
AcDbEntity
8
0
100
AcDbLine
10
650.666
20
172.072
30
0
11
650.708
21
171.943
31
0
0
LINE
5
189B
330
C
100
AcDbEntity
8
0
100
AcDbLine
10
650.708
20
171.943
30
0
11
650.741
21
171.808
31
0
0
LINE
5
189C
330
C
100
AcDbEntity
8
0
100
AcDbLine
10
650.741
20
171.808
30
0
11
650.765
21
171.668
31
0
0
LINE
5
189D
330
C
100
AcDbEntity
8
0
100
AcDbLine
10
650.765
20
171.668
30
0
11
650.779
21
171.522
31
0
0
LINE
5
189E
330
C
100
AcDbEntity
8
0
100
AcDbLine
10
650.779
20
171.522
30
0
11
650.784
21
171.37
31
0
0
LINE
5
189F
330
C
100
AcDbEntity
8
0
100
AcDbLine
10
650.784
20
171.37
30
0
11
650.784
21
171.37
31
0
0
LINE
5
18A0
330
C
100
AcDbEntity
8
0
100
AcDbLine
10
650.784
20
171.37
30
0
11
650.781
21
171.251
31
0
0
LINE
5
18A1
330
C
100
AcDbEntity
8
0
100
AcDbLine
10
650.781
20
171.251
30
0
11
650.771
21
171.135
31
0
0
LINE
5
18A2
330
C
100
AcDbEntity
8
0
100
AcDbLine
10
650.771
20
171.135
30
0
11
650.755
21
171.02
31
0
0
LINE
5
18A3
330
C
100
AcDbEntity
8
0
100
AcDbLine
10
650.755
20
171.02
30
0
11
650.732
21
170.908
31
0
0
LINE
5
18A4
330
C
100
AcDbEntity
8
0
100
AcDbLine
10
650.732
20
170.908
30
0
11
650.704
21
170.798
31
0
0
LINE
5
18A5
330
C
100
AcDbEntity
8
0
100
AcDbLine
10
650.704
20
170.798
30
0
11
650.668
21
170.691
31
0
0
LINE
5
18A6
330
C
100
AcDbEntity
8
0
100
AcDbLine
10
650.668
20
170.691
30
0
11
650.626
21
170.586
31
0
0
LINE
5
18A7
330
C
100
AcDbEntity
8
0
100
AcDbLine
10
650.626
20
170.586
30
0
11
650.578
21
170.483
31
0
0
LINE
5
18A8
330
C
100
AcDbEntity
8
0
100
AcDbLine
10
650.578
20
170.483
30
0
11
650.524
21
170.382
31
0
0
LINE
5
18A9
330
C
100
AcDbEntity
8
0
100
AcDbLine
10
650.524
20
170.382
30
0
11
650.463
21
170.284
31
0
0
LINE
5
18AA
330
C
100
AcDbEntity
8
0
100
AcDbLine
10
650.463
20
170.284
30
0
11
650.396
21
170.189
31
0
0
LINE
5
18AB
330
C
100
AcDbEntity
8
0
100
AcDbLine
10
650.396
20
170.189
30
0
11
650.322
21
170.098
31
0
0
LINE
5
18AC
330
C
100
AcDbEntity
8
0
100
AcDbLine
10
650.322
20
170.098
30
0
11
650.243
21
170.01
31
0
0
LINE
5
18AD
330
C
100
AcDbEntity
8
0
100
AcDbLine
10
650.243
20
170.01
30
0
11
650.157
21
169.927
31
0
0
LINE
5
18AE
330
C
100
AcDbEntity
8
0
100
AcDbLine
10
650.157
20
169.927
30
0
11
650.066
21
169.847
31
0
0
LINE
5
18AF
330
C
100
AcDbEntity
8
0
100
AcDbLine
10
650.066
20
169.847
30
0
11
649.968
21
169.772
31
0
0
LINE
5
18B0
330
C
100
AcDbEntity
8
0
100
AcDbLine
10
649.968
20
169.772
30
0
11
649.865
21
169.701
31
0
0
LINE
5
18B1
330
C
100
AcDbEntity
8
0
100
AcDbLine
10
649.865
20
169.701
30
0
11
649.755
21
169.633
31
0
0
LINE
5
18B2
330
C
100
AcDbEntity
8
0
100
AcDbLine
10
649.755
20
169.633
30
0
11
649.64
21
169.57
31
0
0
LINE
5
18B3
330
C
100
AcDbEntity
8
0
100
AcDbLine
10
649.64
20
169.57
30
0
11
649.518
21
169.51
31
0
0
LINE
5
18B4
330
C
100
AcDbEntity
8
0
100
AcDbLine
10
649.518
20
169.51
30
0
11
649.39
21
169.455
31
0
0
LINE
5
18B5
330
C
100
AcDbEntity
8
0
100
AcDbLine
10
649.39
20
169.455
30
0
11
649.257
21
169.406
31
0
0
LINE
5
18B6
330
C
100
AcDbEntity
8
0
100
AcDbLine
10
649.257
20
169.406
30
0
11
649.118
21
169.363
31
0
0
LINE
5
18B7
330
C
100
AcDbEntity
8
0
100
AcDbLine
10
649.118
20
169.363
30
0
11
648.973
21
169.326
31
0
0
LINE
5
18B8
330
C
100
AcDbEntity
8
0
100
AcDbLine
10
648.973
20
169.326
30
0
11
648.823
21
169.294
31
0
0
LINE
5
18B9
330
C
100
AcDbEntity
8
0
100
AcDbLine
10
648.823
20
169.294
30
0
11
648.667
21
169.268
31
0
0
LINE
5
18BA
330
C
100
AcDbEntity
8
0
100
AcDbLine
10
648.667
20
169.268
30
0
11
648.506
21
169.248
31
0
0
LINE
5
18BB
330
C
100
AcDbEntity
8
0
100
AcDbLine
10
648.506
20
169.248
30
0
11
648.339
21
169.234
31
0
0
LINE
5
18BC
330
C
100
AcDbEntity
8
0
100
AcDbLine
10
648.339
20
169.234
30
0
11
648.166
21
169.225
31
0
0
LINE
5
18BD
330
C
100
AcDbEntity
8
0
100
AcDbLine
10
648.166
20
169.225
30
0
11
647.988
21
169.222
31
0
0
LINE
5
18BE
330
C
100
AcDbEntity
8
0
100
AcDbLine
10
647.988
20
169.222
30
0
11
647.988
21
169.222
31
0
0
LINE
5
18BF
330
C
100
AcDbEntity
8
0
100
AcDbLine
10
653.358
20
176.458
30
0
11
653.358
21
176.458
31
0
0
LINE
5
18C0
330
C
100
AcDbEntity
8
0
100
AcDbLine
10
653.358
20
176.458
30
0
11
653.301
21
176.46
31
0
0
LINE
5
18C1
330
C
100
AcDbEntity
8
0
100
AcDbLine
10
653.301
20
176.46
30
0
11
653.247
21
176.465
31
0
0
LINE
5
18C2
330
C
100
AcDbEntity
8
0
100
AcDbLine
10
653.247
20
176.465
30
0
11
653.196
21
176.473
31
0
0
LINE
5
18C3
330
C
100
AcDbEntity
8
0
100
AcDbLine
10
653.196
20
176.473
30
0
11
653.147
21
176.484
31
0
0
LINE
5
18C4
330
C
100
AcDbEntity
8
0
100
AcDbLine
10
653.147
20
176.484
30
0
11
653.1
21
176.499
31
0
0
LINE
5
18C5
330
C
100
AcDbEntity
8
0
100
AcDbLine
10
653.1
20
176.499
30
0
11
653.055
21
176.517
31
0
0
LINE
5
18C6
330
C
100
AcDbEntity
8
0
100
AcDbLine
10
653.055
20
176.517
30
0
11
653.013
21
176.539
31
0
0
LINE
5
18C7
330
C
100
AcDbEntity
8
0
100
AcDbLine
10
653.013
20
176.539
30
0
11
652.974
21
176.564
31
0
0
LINE
5
18C8
330
C
100
AcDbEntity
8
0
100
AcDbLine
10
652.974
20
176.564
30
0
11
652.937
21
176.592
31
0
0
LINE
5
18C9
330
C
100
AcDbEntity
8
0
100
AcDbLine
10
652.937
20
176.592
30
0
11
652.902
21
176.623
31
0
0
LINE
5
18CA
330
C
100
AcDbEntity
8
0
100
AcDbLine
10
652.902
20
176.623
30
0
11
652.87
21
176.657
31
0
0
LINE
5
18CB
330
C
100
AcDbEntity
8
0
100
AcDbLine
10
652.87
20
176.657
30
0
11
652.841
21
176.693
31
0
0
LINE
5
18CC
330
C
100
AcDbEntity
8
0
100
AcDbLine
10
652.841
20
176.693
30
0
11
652.816
21
176.731
31
0
0
LINE
5
18CD
330
C
100
AcDbEntity
8
0
100
AcDbLine
10
652.816
20
176.731
30
0
11
652.794
21
176.772
31
0
0
LINE
5
18CE
330
C
100
AcDbEntity
8
0
100
AcDbLine
10
652.794
20
176.772
30
0
11
652.776
21
176.814
31
0
0
LINE
5
18CF
330
C
100
AcDbEntity
8
0
100
AcDbLine
10
652.776
20
176.814
30
0
11
652.761
21
176.859
31
0
0
LINE
5
18D0
330
C
100
AcDbEntity
8
0
100
AcDbLine
10
652.761
20
176.859
30
0
11
652.749
21
176.905
31
0
0
LINE
5
18D1
330
C
100
AcDbEntity
8
0
100
AcDbLine
10
652.749
20
176.905
30
0
11
652.74
21
176.954
31
0
0
LINE
5
18D2
330
C
100
AcDbEntity
8
0
100
AcDbLine
10
652.74
20
176.954
30
0
11
652.735
21
177.005
31
0
0
LINE
5
18D3
330
C
100
AcDbEntity
8
0
100
AcDbLine
10
652.735
20
177.005
30
0
11
652.734
21
177.058
31
0
0
LINE
5
18D4
330
C
100
AcDbEntity
8
0
100
AcDbLine
10
652.734
20
177.058
30
0
11
652.734
21
177.058
31
0
0
LINE
5
18D5
330
C
100
AcDbEntity
8
0
100
AcDbLine
10
652.734
20
177.058
30
0
11
652.735
21
177.11
31
0
0
LINE
5
18D6
330
C
100
AcDbEntity
8
0
100
AcDbLine
10
652.735
20
177.11
30
0
11
652.74
21
177.159
31
0
0
LINE
5
18D7
330
C
100
AcDbEntity
8
0
100
AcDbLine
10
652.74
20
177.159
30
0
11
652.749
21
177.207
31
0
0
LINE
5
18D8
330
C
100
AcDbEntity
8
0
100
AcDbLine
10
652.749
20
177.207
30
0
11
652.761
21
177.252
31
0
0
LINE
5
18D9
330
C
100
AcDbEntity
8
0
100
AcDbLine
10
652.761
20
177.252
30
0
11
652.776
21
177.295
31
0
0
LINE
5
18DA
330
C
100
AcDbEntity
8
0
100
AcDbLine
10
652.776
20
177.295
30
0
11
652.794
21
177.336
31
0
0
LINE
5
18DB
330
C
100
AcDbEntity
8
0
100
AcDbLine
10
652.794
20
177.336
30
0
11
652.816
21
177.375
31
0
0
LINE
5
18DC
330
C
100
AcDbEntity
8
0
100
AcDbLine
10
652.816
20
177.375
30
0
11
652.841
21
177.411
31
0
0
LINE
5
18DD
330
C
100
AcDbEntity
8
0
100
AcDbLine
10
652.841
20
177.411
30
0
11
652.87
21
177.446
31
0
0
LINE
5
18DE
330
C
100
AcDbEntity
8
0
100
AcDbLine
10
652.87
20
177.446
30
0
11
652.902
21
177.478
31
0
0
LINE
5
18DF
330
C
100
AcDbEntity
8
0
100
AcDbLine
10
652.902
20
177.478
30
0
11
652.937
21
177.508
31
0
0
LINE
5
18E0
330
C
100
AcDbEntity
8
0
100
AcDbLine
10
652.937
20
177.508
30
0
11
652.974
21
177.534
31
0
0
LINE
5
18E1
330
C
100
AcDbEntity
8
0
100
AcDbLine
10
652.974
20
177.534
30
0
11
653.013
21
177.558
31
0
0
LINE
5
18E2
330
C
100
AcDbEntity
8
0
100
AcDbLine
10
653.013
20
177.558
30
0
11
653.055
21
177.578
31
0
0
LINE
5
18E3
330
C
100
AcDbEntity
8
0
100
AcDbLine
10
653.055
20
177.578
30
0
11
653.1
21
177.595
31
0
0
LINE
5
18E4
330
C
100
AcDbEntity
8
0
100
AcDbLine
10
653.1
20
177.595
30
0
11
653.147
21
177.609
31
0
0
LINE
5
18E5
330
C
100
AcDbEntity
8
0
100
AcDbLine
10
653.147
20
177.609
30
0
11
653.196
21
177.62
31
0
0
LINE
5
18E6
330
C
100
AcDbEntity
8
0
100
AcDbLine
10
653.196
20
177.62
30
0
11
653.247
21
177.628
31
0
0
LINE
5
18E7
330
C
100
AcDbEntity
8
0
100
AcDbLine
10
653.247
20
177.628
30
0
11
653.301
21
177.632
31
0
0
LINE
5
18E8
330
C
100
AcDbEntity
8
0
100
AcDbLine
10
653.301
20
177.632
30
0
11
653.358
21
177.634
31
0
0
LINE
5
18E9
330
C
100
AcDbEntity
8
0
100
AcDbLine
10
653.358
20
177.634
30
0
11
653.358
21
177.634
31
0
0
LINE
5
18EA
330
C
100
AcDbEntity
8
0
100
AcDbLine
10
653.358
20
177.634
30
0
11
653.414
21
177.632
31
0
0
LINE
5
18EB
330
C
100
AcDbEntity
8
0
100
AcDbLine
10
653.414
20
177.632
30
0
11
653.468
21
177.628
31
0
0
LINE
5
18EC
330
C
100
AcDbEntity
8
0
100
AcDbLine
10
653.468
20
177.628
30
0
11
653.52
21
177.62
31
0
0
LINE
5
18ED
330
C
100
AcDbEntity
8
0
100
AcDbLine
10
653.52
20
177.62
30
0
11
653.569
21
177.609
31
0
0
LINE
5
18EE
330
C
100
AcDbEntity
8
0
100
AcDbLine
10
653.569
20
177.609
30
0
11
653.616
21
177.595
31
0
0
LINE
5
18EF
330
C
100
AcDbEntity
8
0
100
AcDbLine
10
653.616
20
177.595
30
0
11
653.66
21
177.578
31
0
0
LINE
5
18F0
330
C
100
AcDbEntity
8
0
100
AcDbLine
10
653.66
20
177.578
30
0
11
653.702
21
177.558
31
0
0
LINE
5
18F1
330
C
100
AcDbEntity
8
0
100
AcDbLine
10
653.702
20
177.558
30
0
11
653.742
21
177.534
31
0
0
LINE
5
18F2
330
C
100
AcDbEntity
8
0
100
AcDbLine
10
653.742
20
177.534
30
0
11
653.779
21
177.508
31
0
0
LINE
5
18F3
330
C
100
AcDbEntity
8
0
100
AcDbLine
10
653.779
20
177.508
30
0
11
653.814
21
177.478
31
0
0
LINE
5
18F4
330
C
100
AcDbEntity
8
0
100
AcDbLine
10
653.814
20
177.478
30
0
11
653.846
21
177.446
31
0
0
LINE
5
18F5
330
C
100
AcDbEntity
8
0
100
AcDbLine
10
653.846
20
177.446
30
0
11
653.874
21
177.411
31
0
0
LINE
5
18F6
330
C
100
AcDbEntity
8
0
100
AcDbLine
10
653.874
20
177.411
30
0
11
653.899
21
177.375
31
0
0
LINE
5
18F7
330
C
100
AcDbEntity
8
0
100
AcDbLine
10
653.899
20
177.375
30
0
11
653.921
21
177.336
31
0
0
LINE
5
18F8
330
C
100
AcDbEntity
8
0
100
AcDbLine
10
653.921
20
177.336
30
0
11
653.94
21
177.295
31
0
0
LINE
5
18F9
330
C
100
AcDbEntity
8
0
100
AcDbLine
10
653.94
20
177.295
30
0
11
653.955
21
177.252
31
0
0
LINE
5
18FA
330
C
100
AcDbEntity
8
0
100
AcDbLine
10
653.955
20
177.252
30
0
11
653.967
21
177.207
31
0
0
LINE
5
18FB
330
C
100
AcDbEntity
8
0
100
AcDbLine
10
653.967
20
177.207
30
0
11
653.975
21
177.159
31
0
0
LINE
5
18FC
330
C
100
AcDbEntity
8
0
100
AcDbLine
10
653.975
20
177.159
30
0
11
653.98
21
177.11
31
0
0
LINE
5
18FD
330
C
100
AcDbEntity
8
0
100
AcDbLine
10
653.98
20
177.11
30
0
11
653.982
21
177.058
31
0
0
LINE
5
18FE
330
C
100
AcDbEntity
8
0
100
AcDbLine
10
653.982
20
177.058
30
0
11
653.982
21
177.058
31
0
0
LINE
5
18FF
330
C
100
AcDbEntity
8
0
100
AcDbLine
10
653.982
20
177.058
30
0
11
653.98
21
177.005
31
0
0
LINE
5
1900
330
C
100
AcDbEntity
8
0
100
AcDbLine
10
653.98
20
177.005
30
0
11
653.975
21
176.954
31
0
0
LINE
5
1901
330
C
100
AcDbEntity
8
0
100
AcDbLine
10
653.975
20
176.954
30
0
11
653.967
21
176.905
31
0
0
LINE
5
1902
330
C
100
AcDbEntity
8
0
100
AcDbLine
10
653.967
20
176.905
30
0
11
653.955
21
176.859
31
0
0
LINE
5
1903
330
C
100
AcDbEntity
8
0
100
AcDbLine
10
653.955
20
176.859
30
0
11
653.94
21
176.814
31
0
0
LINE
5
1904
330
C
100
AcDbEntity
8
0
100
AcDbLine
10
653.94
20
176.814
30
0
11
653.921
21
176.772
31
0
0
LINE
5
1905
330
C
100
AcDbEntity
8
0
100
AcDbLine
10
653.921
20
176.772
30
0
11
653.899
21
176.731
31
0
0
LINE
5
1906
330
C
100
AcDbEntity
8
0
100
AcDbLine
10
653.899
20
176.731
30
0
11
653.874
21
176.693
31
0
0
LINE
5
1907
330
C
100
AcDbEntity
8
0
100
AcDbLine
10
653.874
20
176.693
30
0
11
653.846
21
176.657
31
0
0
LINE
5
1908
330
C
100
AcDbEntity
8
0
100
AcDbLine
10
653.846
20
176.657
30
0
11
653.814
21
176.623
31
0
0
LINE
5
1909
330
C
100
AcDbEntity
8
0
100
AcDbLine
10
653.814
20
176.623
30
0
11
653.779
21
176.592
31
0
0
LINE
5
190A
330
C
100
AcDbEntity
8
0
100
AcDbLine
10
653.779
20
176.592
30
0
11
653.742
21
176.564
31
0
0
LINE
5
190B
330
C
100
AcDbEntity
8
0
100
AcDbLine
10
653.742
20
176.564
30
0
11
653.702
21
176.539
31
0
0
LINE
5
190C
330
C
100
AcDbEntity
8
0
100
AcDbLine
10
653.702
20
176.539
30
0
11
653.66
21
176.517
31
0
0
LINE
5
190D
330
C
100
AcDbEntity
8
0
100
AcDbLine
10
653.66
20
176.517
30
0
11
653.616
21
176.499
31
0
0
LINE
5
190E
330
C
100
AcDbEntity
8
0
100
AcDbLine
10
653.616
20
176.499
30
0
11
653.569
21
176.484
31
0
0
LINE
5
190F
330
C
100
AcDbEntity
8
0
100
AcDbLine
10
653.569
20
176.484
30
0
11
653.52
21
176.473
31
0
0
LINE
5
1910
330
C
100
AcDbEntity
8
0
100
AcDbLine
10
653.52
20
176.473
30
0
11
653.468
21
176.465
31
0
0
LINE
5
1911
330
C
100
AcDbEntity
8
0
100
AcDbLine
10
653.468
20
176.465
30
0
11
653.414
21
176.46
31
0
0
LINE
5
1912
330
C
100
AcDbEntity
8
0
100
AcDbLine
10
653.414
20
176.46
30
0
11
653.358
21
176.458
31
0
0
LINE
5
1913
330
C
100
AcDbEntity
8
0
100
AcDbLine
10
653.358
20
176.458
30
0
11
653.358
21
176.458
31
0
0
LINE
5
1914
330
C
100
AcDbEntity
8
0
100
AcDbLine
10
653.826
20
169.366
30
0
11
652.89
21
169.366
31
0
0
LINE
5
1915
330
C
100
AcDbEntity
8
0
100
AcDbLine
10
652.89
20
169.366
30
0
11
652.89
21
175.114
31
0
0
LINE
5
1916
330
C
100
AcDbEntity
8
0
100
AcDbLine
10
652.89
20
175.114
30
0
11
653.826
21
175.114
31
0
0
LINE
5
1917
330
C
100
AcDbEntity
8
0
100
AcDbLine
10
653.826
20
175.114
30
0
11
653.826
21
169.366
31
0
0
LINE
5
1918
330
C
100
AcDbEntity
8
0
100
AcDbLine
10
653.826
20
169.366
30
0
11
653.826
21
169.366
31
0
0
LINE
5
1919
330
C
100
AcDbEntity
8
0
100
AcDbLine
10
658.458
20
169.222
30
0
11
658.458
21
169.222
31
0
0
LINE
5
191A
330
C
100
AcDbEntity
8
0
100
AcDbLine
10
658.458
20
169.222
30
0
11
658.32
21
169.226
31
0
0
LINE
5
191B
330
C
100
AcDbEntity
8
0
100
AcDbLine
10
658.32
20
169.226
30
0
11
658.184
21
169.237
31
0
0
LINE
5
191C
330
C
100
AcDbEntity
8
0
100
AcDbLine
10
658.184
20
169.237
30
0
11
658.05
21
169.256
31
0
0
LINE
5
191D
330
C
100
AcDbEntity
8
0
100
AcDbLine
10
658.05
20
169.256
30
0
11
657.919
21
169.282
31
0
0
LINE
5
191E
330
C
100
AcDbEntity
8
0
100
AcDbLine
10
657.919
20
169.282
30
0
11
657.79
21
169.316
31
0
0
LINE
5
191F
330
C
100
AcDbEntity
8
0
100
AcDbLine
10
657.79
20
169.316
30
0
11
657.664
21
169.357
31
0
0
LINE
5
1920
330
C
100
AcDbEntity
8
0
100
AcDbLine
10
657.664
20
169.357
30
0
11
657.539
21
169.406
31
0
0
LINE
5
1921
330
C
100
AcDbEntity
8
0
100
AcDbLine
10
657.539
20
169.406
30
0
11
657.417
21
169.462
31
0
0
LINE
5
1922
330
C
100
AcDbEntity
8
0
100
AcDbLine
10
657.417
20
169.462
30
0
11
657.297
21
169.526
31
0
0
LINE
5
1923
330
C
100
AcDbEntity
8
0
100
AcDbLine
10
657.297
20
169.526
30
0
11
657.18
21
169.597
31
0
0
LINE
5
1924
330
C
100
AcDbEntity
8
0
100
AcDbLine
10
657.18
20
169.597
30
0
11
657.066
21
169.675
31
0
0
LINE
5
1925
330
C
100
AcDbEntity
8
0
100
AcDbLine
10
657.066
20
169.675
30
0
11
656.956
21
169.759
31
0
0
LINE
5
1926
330
C
100
AcDbEntity
8
0
100
AcDbLine
10
656.956
20
169.759
30
0
11
656.852
21
169.85
31
0
0
LINE
5
1927
330
C
100
AcDbEntity
8
0
100
AcDbLine
10
656.852
20
169.85
30
0
11
656.752
21
169.946
31
0
0
LINE
5
1928
330
C
100
AcDbEntity
8
0
100
AcDbLine
10
656.752
20
169.946
30
0
11
656.656
21
170.048
31
0
0
LINE
5
1929
330
C
100
AcDbEntity
8
0
100
AcDbLine
10
656.656
20
170.048
30
0
11
656.566
21
170.157
31
0
0
LINE
5
192A
330
C
100
AcDbEntity
8
0
100
AcDbLine
10
656.566
20
170.157
30
0
11
656.48
21
170.272
31
0
0
LINE
5
192B
330
C
100
AcDbEntity
8
0
100
AcDbLine
10
656.48
20
170.272
30
0
11
656.398
21
170.393
31
0
0
LINE
5
192C
330
C
100
AcDbEntity
8
0
100
AcDbLine
10
656.398
20
170.393
30
0
11
656.322
21
170.52
31
0
0
LINE
5
192D
330
C
100
AcDbEntity
8
0
100
AcDbLine
10
656.322
20
170.52
30
0
11
656.25
21
170.653
31
0
0
LINE
5
192E
330
C
100
AcDbEntity
8
0
100
AcDbLine
10
656.25
20
170.653
30
0
11
656.184
21
170.792
31
0
0
LINE
5
192F
330
C
100
AcDbEntity
8
0
100
AcDbLine
10
656.184
20
170.792
30
0
11
656.124
21
170.935
31
0
0
LINE
5
1930
330
C
100
AcDbEntity
8
0
100
AcDbLine
10
656.124
20
170.935
30
0
11
656.072
21
171.083
31
0
0
LINE
5
1931
330
C
100
AcDbEntity
8
0
100
AcDbLine
10
656.072
20
171.083
30
0
11
656.027
21
171.237
31
0
0
LINE
5
1932
330
C
100
AcDbEntity
8
0
100
AcDbLine
10
656.027
20
171.237
30
0
11
655.989
21
171.395
31
0
0
LINE
5
1933
330
C
100
AcDbEntity
8
0
100
AcDbLine
10
655.989
20
171.395
30
0
11
655.957
21
171.558
31
0
0
LINE
5
1934
330
C
100
AcDbEntity
8
0
100
AcDbLine
10
655.957
20
171.558
30
0
11
655.933
21
171.725
31
0
0
LINE
5
1935
330
C
100
AcDbEntity
8
0
100
AcDbLine
10
655.933
20
171.725
30
0
11
655.916
21
171.898
31
0
0
LINE
5
1936
330
C
100
AcDbEntity
8
0
100
AcDbLine
10
655.916
20
171.898
30
0
11
655.905
21
172.076
31
0
0
LINE
5
1937
330
C
100
AcDbEntity
8
0
100
AcDbLine
10
655.905
20
172.076
30
0
11
655.902
21
172.258
31
0
0
LINE
5
1938
330
C
100
AcDbEntity
8
0
100
AcDbLine
10
655.902
20
172.258
30
0
11
655.902
21
172.258
31
0
0
LINE
5
1939
330
C
100
AcDbEntity
8
0
100
AcDbLine
10
655.902
20
172.258
30
0
11
655.905
21
172.439
31
0
0
LINE
5
193A
330
C
100
AcDbEntity
8
0
100
AcDbLine
10
655.905
20
172.439
30
0
11
655.915
21
172.615
31
0
0
LINE
5
193B
330
C
100
AcDbEntity
8
0
100
AcDbLine
10
655.915
20
172.615
30
0
11
655.933
21
172.787
31
0
0
LINE
5
193C
330
C
100
AcDbEntity
8
0
100
AcDbLine
10
655.933
20
172.787
30
0
11
655.956
21
172.953
31
0
0
LINE
5
193D
330
C
100
AcDbEntity
8
0
100
AcDbLine
10
655.956
20
172.953
30
0
11
655.987
21
173.114
31
0
0
LINE
5
193E
330
C
100
AcDbEntity
8
0
100
AcDbLine
10
655.987
20
173.114
30
0
11
656.025
21
173.271
31
0
0
LINE
5
193F
330
C
100
AcDbEntity
8
0
100
AcDbLine
10
656.025
20
173.271
30
0
11
656.069
21
173.423
31
0
0
LINE
5
1940
330
C
100
AcDbEntity
8
0
100
AcDbLine
10
656.069
20
173.423
30
0
11
656.121
21
173.569
31
0
0
LINE
5
1941
330
C
100
AcDbEntity
8
0
100
AcDbLine
10
656.121
20
173.569
30
0
11
656.179
21
173.711
31
0
0
LINE
5
1942
330
C
100
AcDbEntity
8
0
100
AcDbLine
10
656.179
20
173.711
30
0
11
656.244
21
173.848
31
0
0
LINE
5
1943
330
C
100
AcDbEntity
8
0
100
AcDbLine
10
656.244
20
173.848
30
0
11
656.314
21
173.979
31
0
0
LINE
5
1944
330
C
100
AcDbEntity
8
0
100
AcDbLine
10
656.314
20
173.979
30
0
11
656.39
21
174.104
31
0
0
LINE
5
1945
330
C
100
AcDbEntity
8
0
100
AcDbLine
10
656.39
20
174.104
30
0
11
656.469
21
174.223
31
0
0
LINE
5
1946
330
C
100
AcDbEntity
8
0
100
AcDbLine
10
656.469
20
174.223
30
0
11
656.553
21
174.336
31
0
0
LINE
5
1947
330
C
100
AcDbEntity
8
0
100
AcDbLine
10
656.553
20
174.336
30
0
11
656.642
21
174.443
31
0
0
LINE
5
1948
330
C
100
AcDbEntity
8
0
100
AcDbLine
10
656.642
20
174.443
30
0
11
656.735
21
174.543
31
0
0
LINE
5
1949
330
C
100
AcDbEntity
8
0
100
AcDbLine
10
656.735
20
174.543
30
0
11
656.833
21
174.637
31
0
0
LINE
5
194A
330
C
100
AcDbEntity
8
0
100
AcDbLine
10
656.833
20
174.637
30
0
11
656.935
21
174.725
31
0
0
LINE
5
194B
330
C
100
AcDbEntity
8
0
100
AcDbLine
10
656.935
20
174.725
30
0
11
657.042
21
174.807
31
0
0
LINE
5
194C
330
C
100
AcDbEntity
8
0
100
AcDbLine
10
657.042
20
174.807
30
0
11
657.153
21
174.883
31
0
0
LINE
5
194D
330
C
100
AcDbEntity
8
0
100
AcDbLine
10
657.153
20
174.883
30
0
11
657.267
21
174.952
31
0
0
LINE
5
194E
330
C
100
AcDbEntity
8
0
100
AcDbLine
10
657.267
20
174.952
30
0
11
657.384
21
175.014
31
0
0
LINE
5
194F
330
C
100
AcDbEntity
8
0
100
AcDbLine
10
657.384
20
175.014
30
0
11
657.503
21
175.068
31
0
0
LINE
5
1950
330
C
100
AcDbEntity
8
0
100
AcDbLine
10
657.503
20
175.068
30
0
11
657.624
21
175.115
31
0
0
LINE
5
1951
330
C
100
AcDbEntity
8
0
100
AcDbLine
10
657.624
20
175.115
30
0
11
657.748
21
175.155
31
0
0
LINE
5
1952
330
C
100
AcDbEntity
8
0
100
AcDbLine
10
657.748
20
175.155
30
0
11
657.873
21
175.188
31
0
0
LINE
5
1953
330
C
100
AcDbEntity
8
0
100
AcDbLine
10
657.873
20
175.188
30
0
11
658.001
21
175.213
31
0
0
LINE
5
1954
330
C
100
AcDbEntity
8
0
100
AcDbLine
10
658.001
20
175.213
30
0
11
658.131
21
175.231
31
0
0
LINE
5
1955
330
C
100
AcDbEntity
8
0
100
AcDbLine
10
658.131
20
175.231
30
0
11
658.263
21
175.242
31
0
0
LINE
5
1956
330
C
100
AcDbEntity
8
0
100
AcDbLine
10
658.263
20
175.242
30
0
11
658.398
21
175.246
31
0
0
LINE
5
1957
330
C
100
AcDbEntity
8
0
100
AcDbLine
10
658.398
20
175.246
30
0
11
658.398
21
175.246
31
0
0
LINE
5
1958
330
C
100
AcDbEntity
8
0
100
AcDbLine
10
658.398
20
175.246
30
0
11
658.522
21
175.243
31
0
0
LINE
5
1959
330
C
100
AcDbEntity
8
0
100
AcDbLine
10
658.522
20
175.243
30
0
11
658.644
21
175.234
31
0
0
LINE
5
195A
330
C
100
AcDbEntity
8
0
100
AcDbLine
10
658.644
20
175.234
30
0
11
658.762
21
175.218
31
0
0
LINE
5
195B
330
C
100
AcDbEntity
8
0
100
AcDbLine
10
658.762
20
175.218
30
0
11
658.877
21
175.197
31
0
0
LINE
5
195C
330
C
100
AcDbEntity
8
0
100
AcDbLine
10
658.877
20
175.197
30
0
11
658.99
21
175.169
31
0
0
LINE
5
195D
330
C
100
AcDbEntity
8
0
100
AcDbLine
10
658.99
20
175.169
30
0
11
659.099
21
175.136
31
0
0
LINE
5
195E
330
C
100
AcDbEntity
8
0
100
AcDbLine
10
659.099
20
175.136
30
0
11
659.205
21
175.096
31
0
0
LINE
5
195F
330
C
100
AcDbEntity
8
0
100
AcDbLine
10
659.205
20
175.096
30
0
11
659.308
21
175.05
31
0
0
LINE
5
1960
330
C
100
AcDbEntity
8
0
100
AcDbLine
10
659.308
20
175.05
30
0
11
659.408
21
174.998
31
0
0
LINE
5
1961
330
C
100
AcDbEntity
8
0
100
AcDbLine
10
659.408
20
174.998
30
0
11
659.505
21
174.94
31
0
0
LINE
5
1962
330
C
100
AcDbEntity
8
0
100
AcDbLine
10
659.505
20
174.94
30
0
11
659.598
21
174.876
31
0
0
LINE
5
1963
330
C
100
AcDbEntity
8
0
100
AcDbLine
10
659.598
20
174.876
30
0
11
659.687
21
174.807
31
0
0
LINE
5
1964
330
C
100
AcDbEntity
8
0
100
AcDbLine
10
659.687
20
174.807
30
0
11
659.772
21
174.732
31
0
0
LINE
5
1965
330
C
100
AcDbEntity
8
0
100
AcDbLine
10
659.772
20
174.732
30
0
11
659.852
21
174.652
31
0
0
LINE
5
1966
330
C
100
AcDbEntity
8
0
100
AcDbLine
10
659.852
20
174.652
30
0
11
659.929
21
174.566
31
0
0
LINE
5
1967
330
C
100
AcDbEntity
8
0
100
AcDbLine
10
659.929
20
174.566
30
0
11
660
21
174.476
31
0
0
LINE
5
1968
330
C
100
AcDbEntity
8
0
100
AcDbLine
10
660
20
174.476
30
0
11
660.068
21
174.379
31
0
0
LINE
5
1969
330
C
100
AcDbEntity
8
0
100
AcDbLine
10
660.068
20
174.379
30
0
11
660.132
21
174.278
31
0
0
LINE
5
196A
330
C
100
AcDbEntity
8
0
100
AcDbLine
10
660.132
20
174.278
30
0
11
660.191
21
174.171
31
0
0
LINE
5
196B
330
C
100
AcDbEntity
8
0
100
AcDbLine
10
660.191
20
174.171
30
0
11
660.246
21
174.058
31
0
0
LINE
5
196C
330
C
100
AcDbEntity
8
0
100
AcDbLine
10
660.246
20
174.058
30
0
11
660.296
21
173.94
31
0
0
LINE
5
196D
330
C
100
AcDbEntity
8
0
100
AcDbLine
10
660.296
20
173.94
30
0
11
660.341
21
173.818
31
0
0
LINE
5
196E
330
C
100
AcDbEntity
8
0
100
AcDbLine
10
660.341
20
173.818
30
0
11
660.38
21
173.691
31
0
0
LINE
5
196F
330
C
100
AcDbEntity
8
0
100
AcDbLine
10
660.38
20
173.691
30
0
11
660.415
21
173.559
31
0
0
LINE
5
1970
330
C
100
AcDbEntity
8
0
100
AcDbLine
10
660.415
20
173.559
30
0
11
660.444
21
173.422
31
0
0
LINE
5
1971
330
C
100
AcDbEntity
8
0
100
AcDbLine
10
660.444
20
173.422
30
0
11
660.468
21
173.28
31
0
0
LINE
5
1972
330
C
100
AcDbEntity
8
0
100
AcDbLine
10
660.468
20
173.28
30
0
11
660.486
21
173.134
31
0
0
LINE
5
1973
330
C
100
AcDbEntity
8
0
100
AcDbLine
10
660.486
20
173.134
30
0
11
660.499
21
172.983
31
0
0
LINE
5
1974
330
C
100
AcDbEntity
8
0
100
AcDbLine
10
660.499
20
172.983
30
0
11
660.507
21
172.827
31
0
0
LINE
5
1975
330
C
100
AcDbEntity
8
0
100
AcDbLine
10
660.507
20
172.827
30
0
11
660.51
21
172.666
31
0
0
LINE
5
1976
330
C
100
AcDbEntity
8
0
100
AcDbLine
10
660.51
20
172.666
30
0
11
660.51
21
172.666
31
0
0
LINE
5
1977
330
C
100
AcDbEntity
8
0
100
AcDbLine
10
660.51
20
172.666
30
0
11
660.15
21
172.666
31
0
0
LINE
5
1978
330
C
100
AcDbEntity
8
0
100
AcDbLine
10
660.15
20
172.666
30
0
11
660.148
21
172.778
31
0
0
LINE
5
1979
330
C
100
AcDbEntity
8
0
100
AcDbLine
10
660.148
20
172.778
30
0
11
660.141
21
172.887
31
0
0
LINE
5
197A
330
C
100
AcDbEntity
8
0
100
AcDbLine
10
660.141
20
172.887
30
0
11
660.13
21
172.992
31
0
0
LINE
5
197B
330
C
100
AcDbEntity
8
0
100
AcDbLine
10
660.13
20
172.992
30
0
11
660.114
21
173.093
31
0
0
LINE
5
197C
330
C
100
AcDbEntity
8
0
100
AcDbLine
10
660.114
20
173.093
30
0
11
660.094
21
173.191
31
0
0
LINE
5
197D
330
C
100
AcDbEntity
8
0
100
AcDbLine
10
660.094
20
173.191
30
0
11
660.069
21
173.285
31
0
0
LINE
5
197E
330
C
100
AcDbEntity
8
0
100
AcDbLine
10
660.069
20
173.285
30
0
11
660.04
21
173.376
31
0
0
LINE
5
197F
330
C
100
AcDbEntity
8
0
100
AcDbLine
10
660.04
20
173.376
30
0
11
660.006
21
173.463
31
0
0
LINE
5
1980
330
C
100
AcDbEntity
8
0
100
AcDbLine
10
660.006
20
173.463
30
0
11
659.968
21
173.546
31
0
0
LINE
5
1981
330
C
100
AcDbEntity
8
0
100
AcDbLine
10
659.968
20
173.546
30
0
11
659.925
21
173.626
31
0
0
LINE
5
1982
330
C
100
AcDbEntity
8
0
100
AcDbLine
10
659.925
20
173.626
30
0
11
659.878
21
173.702
31
0
0
LINE
5
1983
330
C
100
AcDbEntity
8
0
100
AcDbLine
10
659.878
20
173.702
30
0
11
659.829
21
173.774
31
0
0
LINE
5
1984
330
C
100
AcDbEntity
8
0
100
AcDbLine
10
659.829
20
173.774
30
0
11
659.778
21
173.843
31
0
0
LINE
5
1985
330
C
100
AcDbEntity
8
0
100
AcDbLine
10
659.778
20
173.843
30
0
11
659.723
21
173.908
31
0
0
LINE
5
1986
330
C
100
AcDbEntity
8
0
100
AcDbLine
10
659.723
20
173.908
30
0
11
659.666
21
173.969
31
0
0
LINE
5
1987
330
C
100
AcDbEntity
8
0
100
AcDbLine
10
659.666
20
173.969
30
0
11
659.606
21
174.026
31
0
0
LINE
5
1988
330
C
100
AcDbEntity
8
0
100
AcDbLine
10
659.606
20
174.026
30
0
11
659.544
21
174.079
31
0
0
LINE
5
1989
330
C
100
AcDbEntity
8
0
100
AcDbLine
10
659.544
20
174.079
30
0
11
659.478
21
174.129
31
0
0
LINE
5
198A
330
C
100
AcDbEntity
8
0
100
AcDbLine
10
659.478
20
174.129
30
0
11
659.41
21
174.175
31
0
0
LINE
5
198B
330
C
100
AcDbEntity
8
0
100
AcDbLine
10
659.41
20
174.175
30
0
11
659.34
21
174.217
31
0
0
LINE
5
198C
330
C
100
AcDbEntity
8
0
100
AcDbLine
10
659.34
20
174.217
30
0
11
659.267
21
174.255
31
0
0
LINE
5
198D
330
C
100
AcDbEntity
8
0
100
AcDbLine
10
659.267
20
174.255
30
0
11
659.194
21
174.289
31
0
0
LINE
5
198E
330
C
100
AcDbEntity
8
0
100
AcDbLine
10
659.194
20
174.289
30
0
11
659.119
21
174.32
31
0
0
LINE
5
198F
330
C
100
AcDbEntity
8
0
100
AcDbLine
10
659.119
20
174.32
30
0
11
659.043
21
174.346
31
0
0
LINE
5
1990
330
C
100
AcDbEntity
8
0
100
AcDbLine
10
659.043
20
174.346
30
0
11
658.966
21
174.368
31
0
0
LINE
5
1991
330
C
100
AcDbEntity
8
0
100
AcDbLine
10
658.966
20
174.368
30
0
11
658.888
21
174.386
31
0
0
LINE
5
1992
330
C
100
AcDbEntity
8
0
100
AcDbLine
10
658.888
20
174.386
30
0
11
658.809
21
174.4
31
0
0
LINE
5
1993
330
C
100
AcDbEntity
8
0
100
AcDbLine
10
658.809
20
174.4
30
0
11
658.729
21
174.41
31
0
0
LINE
5
1994
330
C
100
AcDbEntity
8
0
100
AcDbLine
10
658.729
20
174.41
30
0
11
658.648
21
174.416
31
0
0
LINE
5
1995
330
C
100
AcDbEntity
8
0
100
AcDbLine
10
658.648
20
174.416
30
0
11
658.566
21
174.418
31
0
0
LINE
5
1996
330
C
100
AcDbEntity
8
0
100
AcDbLine
10
658.566
20
174.418
30
0
11
658.566
21
174.418
31
0
0
LINE
5
1997
330
C
100
AcDbEntity
8
0
100
AcDbLine
10
658.566
20
174.418
30
0
11
658.473
21
174.415
31
0
0
LINE
5
1998
330
C
100
AcDbEntity
8
0
100
AcDbLine
10
658.473
20
174.415
30
0
11
658.382
21
174.408
31
0
0
LINE
5
1999
330
C
100
AcDbEntity
8
0
100
AcDbLine
10
658.382
20
174.408
30
0
11
658.292
21
174.395
31
0
0
LINE
5
199A
330
C
100
AcDbEntity
8
0
100
AcDbLine
10
658.292
20
174.395
30
0
11
658.204
21
174.376
31
0
0
LINE
5
199B
330
C
100
AcDbEntity
8
0
100
AcDbLine
10
658.204
20
174.376
30
0
11
658.118
21
174.353
31
0
0
LINE
5
199C
330
C
100
AcDbEntity
8
0
100
AcDbLine
10
658.118
20
174.353
30
0
11
658.033
21
174.324
31
0
0
LINE
5
199D
330
C
100
AcDbEntity
8
0
100
AcDbLine
10
658.033
20
174.324
30
0
11
657.95
21
174.29
31
0
0
LINE
5
199E
330
C
100
AcDbEntity
8
0
100
AcDbLine
10
657.95
20
174.29
30
0
11
657.869
21
174.251
31
0
0
LINE
5
199F
330
C
100
AcDbEntity
8
0
100
AcDbLine
10
657.869
20
174.251
30
0
11
657.789
21
174.207
31
0
0
LINE
5
19A0
330
C
100
AcDbEntity
8
0
100
AcDbLine
10
657.789
20
174.207
30
0
11
657.711
21
174.157
31
0
0
LINE
5
19A1
330
C
100
AcDbEntity
8
0
100
AcDbLine
10
657.711
20
174.157
30
0
11
657.635
21
174.103
31
0
0
LINE
5
19A2
330
C
100
AcDbEntity
8
0
100
AcDbLine
10
657.635
20
174.103
30
0
11
657.562
21
174.044
31
0
0
LINE
5
19A3
330
C
100
AcDbEntity
8
0
100
AcDbLine
10
657.562
20
174.044
30
0
11
657.493
21
173.98
31
0
0
LINE
5
19A4
330
C
100
AcDbEntity
8
0
100
AcDbLine
10
657.493
20
173.98
30
0
11
657.426
21
173.913
31
0
0
LINE
5
19A5
330
C
100
AcDbEntity
8
0
100
AcDbLine
10
657.426
20
173.913
30
0
11
657.363
21
173.84
31
0
0
LINE
5
19A6
330
C
100
AcDbEntity
8
0
100
AcDbLine
10
657.363
20
173.84
30
0
11
657.303
21
173.764
31
0
0
LINE
5
19A7
330
C
100
AcDbEntity
8
0
100
AcDbLine
10
657.303
20
173.764
30
0
11
657.245
21
173.683
31
0
0
LINE
5
19A8
330
C
100
AcDbEntity
8
0
100
AcDbLine
10
657.245
20
173.683
30
0
11
657.191
21
173.597
31
0
0
LINE
5
19A9
330
C
100
AcDbEntity
8
0
100
AcDbLine
10
657.191
20
173.597
30
0
11
657.141
21
173.507
31
0
0
LINE
5
19AA
330
C
100
AcDbEntity
8
0
100
AcDbLine
10
657.141
20
173.507
30
0
11
657.093
21
173.413
31
0
0
LINE
5
19AB
330
C
100
AcDbEntity
8
0
100
AcDbLine
10
657.093
20
173.413
30
0
11
657.049
21
173.315
31
0
0
LINE
5
19AC
330
C
100
AcDbEntity
8
0
100
AcDbLine
10
657.049
20
173.315
30
0
11
657.01
21
173.212
31
0
0
LINE
5
19AD
330
C
100
AcDbEntity
8
0
100
AcDbLine
10
657.01
20
173.212
30
0
11
656.975
21
173.106
31
0
0
LINE
5
19AE
330
C
100
AcDbEntity
8
0
100
AcDbLine
10
656.975
20
173.106
30
0
11
656.945
21
172.996
31
0
0
LINE
5
19AF
330
C
100
AcDbEntity
8
0
100
AcDbLine
10
656.945
20
172.996
30
0
11
656.92
21
172.883
31
0
0
LINE
5
19B0
330
C
100
AcDbEntity
8
0
100
AcDbLine
10
656.92
20
172.883
30
0
11
656.899
21
172.765
31
0
0
LINE
5
19B1
330
C
100
AcDbEntity
8
0
100
AcDbLine
10
656.899
20
172.765
30
0
11
656.883
21
172.644
31
0
0
LINE
5
19B2
330
C
100
AcDbEntity
8
0
100
AcDbLine
10
656.883
20
172.644
30
0
11
656.871
21
172.519
31
0
0
LINE
5
19B3
330
C
100
AcDbEntity
8
0
100
AcDbLine
10
656.871
20
172.519
30
0
11
656.864
21
172.391
31
0
0
LINE
5
19B4
330
C
100
AcDbEntity
8
0
100
AcDbLine
10
656.864
20
172.391
30
0
11
656.862
21
172.258
31
0
0
LINE
5
19B5
330
C
100
AcDbEntity
8
0
100
AcDbLine
10
656.862
20
172.258
30
0
11
656.862
21
172.258
31
0
0
LINE
5
19B6
330
C
100
AcDbEntity
8
0
100
AcDbLine
10
656.862
20
172.258
30
0
11
656.864
21
172.123
31
0
0
LINE
5
19B7
330
C
100
AcDbEntity
8
0
100
AcDbLine
10
656.864
20
172.123
30
0
11
656.871
21
171.992
31
0
0
LINE
5
19B8
330
C
100
AcDbEntity
8
0
100
AcDbLine
10
656.871
20
171.992
30
0
11
656.883
21
171.865
31
0
0
LINE
5
19B9
330
C
100
AcDbEntity
8
0
100
AcDbLine
10
656.883
20
171.865
30
0
11
656.899
21
171.742
31
0
0
LINE
5
19BA
330
C
100
AcDbEntity
8
0
100
AcDbLine
10
656.899
20
171.742
30
0
11
656.92
21
171.622
31
0
0
LINE
5
19BB
330
C
100
AcDbEntity
8
0
100
AcDbLine
10
656.92
20
171.622
30
0
11
656.945
21
171.506
31
0
0
LINE
5
19BC
330
C
100
AcDbEntity
8
0
100
AcDbLine
10
656.945
20
171.506
30
0
11
656.975
21
171.394
31
0
0
LINE
5
19BD
330
C
100
AcDbEntity
8
0
100
AcDbLine
10
656.975
20
171.394
30
0
11
657.01
21
171.286
31
0
0
LINE
5
19BE
330
C
100
AcDbEntity
8
0
100
AcDbLine
10
657.01
20
171.286
30
0
11
657.049
21
171.182
31
0
0
LINE
5
19BF
330
C
100
AcDbEntity
8
0
100
AcDbLine
10
657.049
20
171.182
30
0
11
657.093
21
171.082
31
0
0
LINE
5
19C0
330
C
100
AcDbEntity
8
0
100
AcDbLine
10
657.093
20
171.082
30
0
11
657.141
21
170.986
31
0
0
LINE
5
19C1
330
C
100
AcDbEntity
8
0
100
AcDbLine
10
657.141
20
170.986
30
0
11
657.191
21
170.894
31
0
0
LINE
5
19C2
330
C
100
AcDbEntity
8
0
100
AcDbLine
10
657.191
20
170.894
30
0
11
657.245
21
170.807
31
0
0
LINE
5
19C3
330
C
100
AcDbEntity
8
0
100
AcDbLine
10
657.245
20
170.807
30
0
11
657.303
21
170.725
31
0
0
LINE
5
19C4
330
C
100
AcDbEntity
8
0
100
AcDbLine
10
657.303
20
170.725
30
0
11
657.363
21
170.647
31
0
0
LINE
5
19C5
330
C
100
AcDbEntity
8
0
100
AcDbLine
10
657.363
20
170.647
30
0
11
657.426
21
170.574
31
0
0
LINE
5
19C6
330
C
100
AcDbEntity
8
0
100
AcDbLine
10
657.426
20
170.574
30
0
11
657.493
21
170.505
31
0
0
LINE
5
19C7
330
C
100
AcDbEntity
8
0
100
AcDbLine
10
657.493
20
170.505
30
0
11
657.562
21
170.441
31
0
0
LINE
5
19C8
330
C
100
AcDbEntity
8
0
100
AcDbLine
10
657.562
20
170.441
30
0
11
657.635
21
170.381
31
0
0
LINE
5
19C9
330
C
100
AcDbEntity
8
0
100
AcDbLine
10
657.635
20
170.381
30
0
11
657.711
21
170.326
31
0
0
LINE
5
19CA
330
C
100
AcDbEntity
8
0
100
AcDbLine
10
657.711
20
170.326
30
0
11
657.789
21
170.276
31
0
0
LINE
5
19CB
330
C
100
AcDbEntity
8
0
100
AcDbLine
10
657.789
20
170.276
30
0
11
657.869
21
170.231
31
0
0
LINE
5
19CC
330
C
100
AcDbEntity
8
0
100
AcDbLine
10
657.869
20
170.231
30
0
11
657.95
21
170.191
31
0
0
LINE
5
19CD
330
C
100
AcDbEntity
8
0
100
AcDbLine
10
657.95
20
170.191
30
0
11
658.033
21
170.157
31
0
0
LINE
5
19CE
330
C
100
AcDbEntity
8
0
100
AcDbLine
10
658.033
20
170.157
30
0
11
658.118
21
170.128
31
0
0
LINE
5
19CF
330
C
100
AcDbEntity
8
0
100
AcDbLine
10
658.118
20
170.128
30
0
11
658.204
21
170.104
31
0
0
LINE
5
19D0
330
C
100
AcDbEntity
8
0
100
AcDbLine
10
658.204
20
170.104
30
0
11
658.292
21
170.086
31
0
0
LINE
5
19D1
330
C
100
AcDbEntity
8
0
100
AcDbLine
10
658.292
20
170.086
30
0
11
658.382
21
170.073
31
0
0
LINE
5
19D2
330
C
100
AcDbEntity
8
0
100
AcDbLine
10
658.382
20
170.073
30
0
11
658.473
21
170.065
31
0
0
LINE
5
19D3
330
C
100
AcDbEntity
8
0
100
AcDbLine
10
658.473
20
170.065
30
0
11
658.566
21
170.062
31
0
0
LINE
5
19D4
330
C
100
AcDbEntity
8
0
100
AcDbLine
10
658.566
20
170.062
30
0
11
658.566
21
170.062
31
0
0
LINE
5
19D5
330
C
100
AcDbEntity
8
0
100
AcDbLine
10
658.566
20
170.062
30
0
11
658.643
21
170.064
31
0
0
LINE
5
19D6
330
C
100
AcDbEntity
8
0
100
AcDbLine
10
658.643
20
170.064
30
0
11
658.721
21
170.07
31
0
0
LINE
5
19D7
330
C
100
AcDbEntity
8
0
100
AcDbLine
10
658.721
20
170.07
30
0
11
658.797
21
170.08
31
0
0
LINE
5
19D8
330
C
100
AcDbEntity
8
0
100
AcDbLine
10
658.797
20
170.08
30
0
11
658.873
21
170.095
31
0
0
LINE
5
19D9
330
C
100
AcDbEntity
8
0
100
AcDbLine
10
658.873
20
170.095
30
0
11
658.949
21
170.113
31
0
0
LINE
5
19DA
330
C
100
AcDbEntity
8
0
100
AcDbLine
10
658.949
20
170.113
30
0
11
659.024
21
170.135
31
0
0
LINE
5
19DB
330
C
100
AcDbEntity
8
0
100
AcDbLine
10
659.024
20
170.135
30
0
11
659.099
21
170.162
31
0
0
LINE
5
19DC
330
C
100
AcDbEntity
8
0
100
AcDbLine
10
659.099
20
170.162
30
0
11
659.172
21
170.193
31
0
0
LINE
5
19DD
330
C
100
AcDbEntity
8
0
100
AcDbLine
10
659.172
20
170.193
30
0
11
659.246
21
170.227
31
0
0
LINE
5
19DE
330
C
100
AcDbEntity
8
0
100
AcDbLine
10
659.246
20
170.227
30
0
11
659.319
21
170.266
31
0
0
LINE
5
19DF
330
C
100
AcDbEntity
8
0
100
AcDbLine
10
659.319
20
170.266
30
0
11
659.39
21
170.309
31
0
0
LINE
5
19E0
330
C
100
AcDbEntity
8
0
100
AcDbLine
10
659.39
20
170.309
30
0
11
659.459
21
170.355
31
0
0
LINE
5
19E1
330
C
100
AcDbEntity
8
0
100
AcDbLine
10
659.459
20
170.355
30
0
11
659.525
21
170.405
31
0
0
LINE
5
19E2
330
C
100
AcDbEntity
8
0
100
AcDbLine
10
659.525
20
170.405
30
0
11
659.589
21
170.459
31
0
0
LINE
5
19E3
330
C
100
AcDbEntity
8
0
100
AcDbLine
10
659.589
20
170.459
30
0
11
659.65
21
170.517
31
0
0
LINE
5
19E4
330
C
100
AcDbEntity
8
0
100
AcDbLine
10
659.65
20
170.517
30
0
11
659.708
21
170.579
31
0
0
LINE
5
19E5
330
C
100
AcDbEntity
8
0
100
AcDbLine
10
659.708
20
170.579
30
0
11
659.764
21
170.644
31
0
0
LINE
5
19E6
330
C
100
AcDbEntity
8
0
100
AcDbLine
10
659.764
20
170.644
30
0
11
659.817
21
170.713
31
0
0
LINE
5
19E7
330
C
100
AcDbEntity
8
0
100
AcDbLine
10
659.817
20
170.713
30
0
11
659.868
21
170.786
31
0
0
LINE
5
19E8
330
C
100
AcDbEntity
8
0
100
AcDbLine
10
659.868
20
170.786
30
0
11
659.916
21
170.863
31
0
0
LINE
5
19E9
330
C
100
AcDbEntity
8
0
100
AcDbLine
10
659.916
20
170.863
30
0
11
659.96
21
170.943
31
0
0
LINE
5
19EA
330
C
100
AcDbEntity
8
0
100
AcDbLine
10
659.96
20
170.943
30
0
11
660
21
171.027
31
0
0
LINE
5
19EB
330
C
100
AcDbEntity
8
0
100
AcDbLine
10
660
20
171.027
30
0
11
660.035
21
171.114
31
0
0
LINE
5
19EC
330
C
100
AcDbEntity
8
0
100
AcDbLine
10
660.035
20
171.114
30
0
11
660.066
21
171.204
31
0
0
LINE
5
19ED
330
C
100
AcDbEntity
8
0
100
AcDbLine
10
660.066
20
171.204
30
0
11
660.091
21
171.297
31
0
0
LINE
5
19EE
330
C
100
AcDbEntity
8
0
100
AcDbLine
10
660.091
20
171.297
30
0
11
660.112
21
171.394
31
0
0
LINE
5
19EF
330
C
100
AcDbEntity
8
0
100
AcDbLine
10
660.112
20
171.394
30
0
11
660.129
21
171.494
31
0
0
LINE
5
19F0
330
C
100
AcDbEntity
8
0
100
AcDbLine
10
660.129
20
171.494
30
0
11
660.14
21
171.597
31
0
0
LINE
5
19F1
330
C
100
AcDbEntity
8
0
100
AcDbLine
10
660.14
20
171.597
30
0
11
660.147
21
171.704
31
0
0
LINE
5
19F2
330
C
100
AcDbEntity
8
0
100
AcDbLine
10
660.147
20
171.704
30
0
11
660.15
21
171.814
31
0
0
LINE
5
19F3
330
C
100
AcDbEntity
8
0
100
AcDbLine
10
660.15
20
171.814
30
0
11
660.15
21
171.814
31
0
0
LINE
5
19F4
330
C
100
AcDbEntity
8
0
100
AcDbLine
10
660.15
20
171.814
30
0
11
660.51
21
171.814
31
0
0
LINE
5
19F5
330
C
100
AcDbEntity
8
0
100
AcDbLine
10
660.51
20
171.814
30
0
11
660.507
21
171.65
31
0
0
LINE
5
19F6
330
C
100
AcDbEntity
8
0
100
AcDbLine
10
660.507
20
171.65
30
0
11
660.499
21
171.491
31
0
0
LINE
5
19F7
330
C
100
AcDbEntity
8
0
100
AcDbLine
10
660.499
20
171.491
30
0
11
660.485
21
171.337
31
0
0
LINE
5
19F8
330
C
100
AcDbEntity
8
0
100
AcDbLine
10
660.485
20
171.337
30
0
11
660.466
21
171.188
31
0
0
LINE
5
19F9
330
C
100
AcDbEntity
8
0
100
AcDbLine
10
660.466
20
171.188
30
0
11
660.442
21
171.044
31
0
0
LINE
5
19FA
330
C
100
AcDbEntity
8
0
100
AcDbLine
10
660.442
20
171.044
30
0
11
660.411
21
170.905
31
0
0
LINE
5
19FB
330
C
100
AcDbEntity
8
0
100
AcDbLine
10
660.411
20
170.905
30
0
11
660.376
21
170.771
31
0
0
LINE
5
19FC
330
C
100
AcDbEntity
8
0
100
AcDbLine
10
660.376
20
170.771
30
0
11
660.335
21
170.643
31
0
0
LINE
5
19FD
330
C
100
AcDbEntity
8
0
100
AcDbLine
10
660.335
20
170.643
30
0
11
660.289
21
170.519
31
0
0
LINE
5
19FE
330
C
100
AcDbEntity
8
0
100
AcDbLine
10
660.289
20
170.519
30
0
11
660.237
21
170.401
31
0
0
LINE
5
19FF
330
C
100
AcDbEntity
8
0
100
AcDbLine
10
660.237
20
170.401
30
0
11
660.18
21
170.288
31
0
0
LINE
5
1A00
330
C
100
AcDbEntity
8
0
100
AcDbLine
10
660.18
20
170.288
30
0
11
660.12
21
170.181
31
0
0
LINE
5
1A01
330
C
100
AcDbEntity
8
0
100
AcDbLine
10
660.12
20
170.181
30
0
11
660.056
21
170.079
31
0
0
LINE
5
1A02
330
C
100
AcDbEntity
8
0
100
AcDbLine
10
660.056
20
170.079
30
0
11
659.988
21
169.982
31
0
0
LINE
5
1A03
330
C
100
AcDbEntity
8
0
100
AcDbLine
10
659.988
20
169.982
30
0
11
659.916
21
169.892
31
0
0
LINE
5
1A04
330
C
100
AcDbEntity
8
0
100
AcDbLine
10
659.916
20
169.892
30
0
11
659.84
21
169.807
31
0
0
LINE
5
1A05
330
C
100
AcDbEntity
8
0
100
AcDbLine
10
659.84
20
169.807
30
0
11
659.76
21
169.727
31
0
0
LINE
5
1A06
330
C
100
AcDbEntity
8
0
100
AcDbLine
10
659.76
20
169.727
30
0
11
659.677
21
169.653
31
0
0
LINE
5
1A07
330
C
100
AcDbEntity
8
0
100
AcDbLine
10
659.677
20
169.653
30
0
11
659.59
21
169.585
31
0
0
LINE
5
1A08
330
C
100
AcDbEntity
8
0
100
AcDbLine
10
659.59
20
169.585
30
0
11
659.499
21
169.522
31
0
0
LINE
5
1A09
330
C
100
AcDbEntity
8
0
100
AcDbLine
10
659.499
20
169.522
30
0
11
659.405
21
169.465
31
0
0
LINE
5
1A0A
330
C
100
AcDbEntity
8
0
100
AcDbLine
10
659.405
20
169.465
30
0
11
659.308
21
169.414
31
0
0
LINE
5
1A0B
330
C
100
AcDbEntity
8
0
100
AcDbLine
10
659.308
20
169.414
30
0
11
659.21
21
169.369
31
0
0
LINE
5
1A0C
330
C
100
AcDbEntity
8
0
100
AcDbLine
10
659.21
20
169.369
30
0
11
659.109
21
169.33
31
0
0
LINE
5
1A0D
330
C
100
AcDbEntity
8
0
100
AcDbLine
10
659.109
20
169.33
30
0
11
659.006
21
169.297
31
0
0
LINE
5
1A0E
330
C
100
AcDbEntity
8
0
100
AcDbLine
10
659.006
20
169.297
30
0
11
658.901
21
169.27
31
0
0
LINE
5
1A0F
330
C
100
AcDbEntity
8
0
100
AcDbLine
10
658.901
20
169.27
30
0
11
658.793
21
169.249
31
0
0
LINE
5
1A10
330
C
100
AcDbEntity
8
0
100
AcDbLine
10
658.793
20
169.249
30
0
11
658.684
21
169.234
31
0
0
LINE
5
1A11
330
C
100
AcDbEntity
8
0
100
AcDbLine
10
658.684
20
169.234
30
0
11
658.572
21
169.225
31
0
0
LINE
5
1A12
330
C
100
AcDbEntity
8
0
100
AcDbLine
10
658.572
20
169.225
30
0
11
658.458
21
169.222
31
0
0
LINE
5
1A13
330
C
100
AcDbEntity
8
0
100
AcDbLine
10
658.458
20
169.222
30
0
11
658.458
21
169.222
31
0
0
LINE
5
1A14
330
C
100
AcDbEntity
8
0
100
AcDbLine
10
661.086
20
169.366
30
0
11
660.306
21
169.366
31
0
0
LINE
5
1A15
330
C
100
AcDbEntity
8
0
100
AcDbLine
10
660.306
20
169.366
30
0
11
660.15
21
170.71
31
0
0
LINE
5
1A16
330
C
100
AcDbEntity
8
0
100
AcDbLine
10
660.15
20
170.71
30
0
11
660.15
21
177.55
31
0
0
LINE
5
1A17
330
C
100
AcDbEntity
8
0
100
AcDbLine
10
660.15
20
177.55
30
0
11
661.086
21
177.55
31
0
0
LINE
5
1A18
330
C
100
AcDbEntity
8
0
100
AcDbLine
10
661.086
20
177.55
30
0
11
661.086
21
169.366
31
0
0
LINE
5
1A19
330
C
100
AcDbEntity
8
0
100
AcDbLine
10
661.086
20
169.366
30
0
11
661.086
21
169.366
31
0
0
LINE
5
1A1A
330
C
100
AcDbEntity
8
0
100
AcDbLine
10
665.508
20
169.222
30
0
11
665.508
21
169.222
31
0
0
LINE
5
1A1B
330
C
100
AcDbEntity
8
0
100
AcDbLine
10
665.508
20
169.222
30
0
11
665.361
21
169.226
31
0
0
LINE
5
1A1C
330
C
100
AcDbEntity
8
0
100
AcDbLine
10
665.361
20
169.226
30
0
11
665.217
21
169.237
31
0
0
LINE
5
1A1D
330
C
100
AcDbEntity
8
0
100
AcDbLine
10
665.217
20
169.237
30
0
11
665.076
21
169.256
31
0
0
LINE
5
1A1E
330
C
100
AcDbEntity
8
0
100
AcDbLine
10
665.076
20
169.256
30
0
11
664.938
21
169.283
31
0
0
LINE
5
1A1F
330
C
100
AcDbEntity
8
0
100
AcDbLine
10
664.938
20
169.283
30
0
11
664.804
21
169.317
31
0
0
LINE
5
1A20
330
C
100
AcDbEntity
8
0
100
AcDbLine
10
664.804
20
169.317
30
0
11
664.672
21
169.359
31
0
0
LINE
5
1A21
330
C
100
AcDbEntity
8
0
100
AcDbLine
10
664.672
20
169.359
30
0
11
664.544
21
169.409
31
0
0
LINE
5
1A22
330
C
100
AcDbEntity
8
0
100
AcDbLine
10
664.544
20
169.409
30
0
11
664.419
21
169.466
31
0
0
LINE
5
1A23
330
C
100
AcDbEntity
8
0
100
AcDbLine
10
664.419
20
169.466
30
0
11
664.297
21
169.531
31
0
0
LINE
5
1A24
330
C
100
AcDbEntity
8
0
100
AcDbLine
10
664.297
20
169.531
30
0
11
664.179
21
169.603
31
0
0
LINE
5
1A25
330
C
100
AcDbEntity
8
0
100
AcDbLine
10
664.179
20
169.603
30
0
11
664.064
21
169.682
31
0
0
LINE
5
1A26
330
C
100
AcDbEntity
8
0
100
AcDbLine
10
664.064
20
169.682
30
0
11
663.955
21
169.767
31
0
0
LINE
5
1A27
330
C
100
AcDbEntity
8
0
100
AcDbLine
10
663.955
20
169.767
30
0
11
663.85
21
169.858
31
0
0
LINE
5
1A28
330
C
100
AcDbEntity
8
0
100
AcDbLine
10
663.85
20
169.858
30
0
11
663.75
21
169.955
31
0
0
LINE
5
1A29
330
C
100
AcDbEntity
8
0
100
AcDbLine
10
663.75
20
169.955
30
0
11
663.655
21
170.058
31
0
0
LINE
5
1A2A
330
C
100
AcDbEntity
8
0
100
AcDbLine
10
663.655
20
170.058
30
0
11
663.565
21
170.167
31
0
0
LINE
5
1A2B
330
C
100
AcDbEntity
8
0
100
AcDbLine
10
663.565
20
170.167
30
0
11
663.48
21
170.282
31
0
0
LINE
5
1A2C
330
C
100
AcDbEntity
8
0
100
AcDbLine
10
663.48
20
170.282
30
0
11
663.4
21
170.403
31
0
0
LINE
5
1A2D
330
C
100
AcDbEntity
8
0
100
AcDbLine
10
663.4
20
170.403
30
0
11
663.325
21
170.529
31
0
0
LINE
5
1A2E
330
C
100
AcDbEntity
8
0
100
AcDbLine
10
663.325
20
170.529
30
0
11
663.255
21
170.662
31
0
0
LINE
5
1A2F
330
C
100
AcDbEntity
8
0
100
AcDbLine
10
663.255
20
170.662
30
0
11
663.19
21
170.8
31
0
0
LINE
5
1A30
330
C
100
AcDbEntity
8
0
100
AcDbLine
10
663.19
20
170.8
30
0
11
663.133
21
170.941
31
0
0
LINE
5
1A31
330
C
100
AcDbEntity
8
0
100
AcDbLine
10
663.133
20
170.941
30
0
11
663.082
21
171.087
31
0
0
LINE
5
1A32
330
C
100
AcDbEntity
8
0
100
AcDbLine
10
663.082
20
171.087
30
0
11
663.038
21
171.237
31
0
0
LINE
5
1A33
330
C
100
AcDbEntity
8
0
100
AcDbLine
10
663.038
20
171.237
30
0
11
663.001
21
171.391
31
0
0
LINE
5
1A34
330
C
100
AcDbEntity
8
0
100
AcDbLine
10
663.001
20
171.391
30
0
11
662.97
21
171.549
31
0
0
LINE
5
1A35
330
C
100
AcDbEntity
8
0
100
AcDbLine
10
662.97
20
171.549
30
0
11
662.946
21
171.711
31
0
0
LINE
5
1A36
330
C
100
AcDbEntity
8
0
100
AcDbLine
10
662.946
20
171.711
30
0
11
662.929
21
171.877
31
0
0
LINE
5
1A37
330
C
100
AcDbEntity
8
0
100
AcDbLine
10
662.929
20
171.877
30
0
11
662.919
21
172.048
31
0
0
LINE
5
1A38
330
C
100
AcDbEntity
8
0
100
AcDbLine
10
662.919
20
172.048
30
0
11
662.916
21
172.222
31
0
0
LINE
5
1A39
330
C
100
AcDbEntity
8
0
100
AcDbLine
10
662.916
20
172.222
30
0
11
662.916
21
172.222
31
0
0
LINE
5
1A3A
330
C
100
AcDbEntity
8
0
100
AcDbLine
10
662.916
20
172.222
30
0
11
662.919
21
172.408
31
0
0
LINE
5
1A3B
330
C
100
AcDbEntity
8
0
100
AcDbLine
10
662.919
20
172.408
30
0
11
662.929
21
172.588
31
0
0
LINE
5
1A3C
330
C
100
AcDbEntity
8
0
100
AcDbLine
10
662.929
20
172.588
30
0
11
662.946
21
172.763
31
0
0
LINE
5
1A3D
330
C
100
AcDbEntity
8
0
100
AcDbLine
10
662.946
20
172.763
30
0
11
662.97
21
172.933
31
0
0
LINE
5
1A3E
330
C
100
AcDbEntity
8
0
100
AcDbLine
10
662.97
20
172.933
30
0
11
663
21
173.098
31
0
0
LINE
5
1A3F
330
C
100
AcDbEntity
8
0
100
AcDbLine
10
663
20
173.098
30
0
11
663.037
21
173.257
31
0
0
LINE
5
1A40
330
C
100
AcDbEntity
8
0
100
AcDbLine
10
663.037
20
173.257
30
0
11
663.08
21
173.411
31
0
0
LINE
5
1A41
330
C
100
AcDbEntity
8
0
100
AcDbLine
10
663.08
20
173.411
30
0
11
663.131
21
173.56
31
0
0
LINE
5
1A42
330
C
100
AcDbEntity
8
0
100
AcDbLine
10
663.131
20
173.56
30
0
11
663.188
21
173.704
31
0
0
LINE
5
1A43
330
C
100
AcDbEntity
8
0
100
AcDbLine
10
663.188
20
173.704
30
0
11
663.252
21
173.842
31
0
0
LINE
5
1A44
330
C
100
AcDbEntity
8
0
100
AcDbLine
10
663.252
20
173.842
30
0
11
663.321
21
173.974
31
0
0
LINE
5
1A45
330
C
100
AcDbEntity
8
0
100
AcDbLine
10
663.321
20
173.974
30
0
11
663.396
21
174.101
31
0
0
LINE
5
1A46
330
C
100
AcDbEntity
8
0
100
AcDbLine
10
663.396
20
174.101
30
0
11
663.476
21
174.22
31
0
0
LINE
5
1A47
330
C
100
AcDbEntity
8
0
100
AcDbLine
10
663.476
20
174.22
30
0
11
663.56
21
174.334
31
0
0
LINE
5
1A48
330
C
100
AcDbEntity
8
0
100
AcDbLine
10
663.56
20
174.334
30
0
11
663.65
21
174.441
31
0
0
LINE
5
1A49
330
C
100
AcDbEntity
8
0
100
AcDbLine
10
663.65
20
174.441
30
0
11
663.745
21
174.542
31
0
0
LINE
5
1A4A
330
C
100
AcDbEntity
8
0
100
AcDbLine
10
663.745
20
174.542
30
0
11
663.844
21
174.637
31
0
0
LINE
5
1A4B
330
C
100
AcDbEntity
8
0
100
AcDbLine
10
663.844
20
174.637
30
0
11
663.949
21
174.725
31
0
0
LINE
5
1A4C
330
C
100
AcDbEntity
8
0
100
AcDbLine
10
663.949
20
174.725
30
0
11
664.058
21
174.807
31
0
0
LINE
5
1A4D
330
C
100
AcDbEntity
8
0
100
AcDbLine
10
664.058
20
174.807
30
0
11
664.173
21
174.883
31
0
0
LINE
5
1A4E
330
C
100
AcDbEntity
8
0
100
AcDbLine
10
664.173
20
174.883
30
0
11
664.291
21
174.952
31
0
0
LINE
5
1A4F
330
C
100
AcDbEntity
8
0
100
AcDbLine
10
664.291
20
174.952
30
0
11
664.413
21
175.014
31
0
0
LINE
5
1A50
330
C
100
AcDbEntity
8
0
100
AcDbLine
10
664.413
20
175.014
30
0
11
664.539
21
175.068
31
0
0
LINE
5
1A51
330
C
100
AcDbEntity
8
0
100
AcDbLine
10
664.539
20
175.068
30
0
11
664.667
21
175.115
31
0
0
LINE
5
1A52
330
C
100
AcDbEntity
8
0
100
AcDbLine
10
664.667
20
175.115
30
0
11
664.799
21
175.155
31
0
0
LINE
5
1A53
330
C
100
AcDbEntity
8
0
100
AcDbLine
10
664.799
20
175.155
30
0
11
664.934
21
175.188
31
0
0
LINE
5
1A54
330
C
100
AcDbEntity
8
0
100
AcDbLine
10
664.934
20
175.188
30
0
11
665.073
21
175.213
31
0
0
LINE
5
1A55
330
C
100
AcDbEntity
8
0
100
AcDbLine
10
665.073
20
175.213
30
0
11
665.214
21
175.231
31
0
0
LINE
5
1A56
330
C
100
AcDbEntity
8
0
100
AcDbLine
10
665.214
20
175.231
30
0
11
665.359
21
175.242
31
0
0
LINE
5
1A57
330
C
100
AcDbEntity
8
0
100
AcDbLine
10
665.359
20
175.242
30
0
11
665.508
21
175.246
31
0
0
LINE
5
1A58
330
C
100
AcDbEntity
8
0
100
AcDbLine
10
665.508
20
175.246
30
0
11
665.508
21
175.246
31
0
0
LINE
5
1A59
330
C
100
AcDbEntity
8
0
100
AcDbLine
10
665.508
20
175.246
30
0
11
665.637
21
175.243
31
0
0
LINE
5
1A5A
330
C
100
AcDbEntity
8
0
100
AcDbLine
10
665.637
20
175.243
30
0
11
665.762
21
175.235
31
0
0
LINE
5
1A5B
330
C
100
AcDbEntity
8
0
100
AcDbLine
10
665.762
20
175.235
30
0
11
665.883
21
175.222
31
0
0
LINE
5
1A5C
330
C
100
AcDbEntity
8
0
100
AcDbLine
10
665.883
20
175.222
30
0
11
666
21
175.204
31
0
0
LINE
5
1A5D
330
C
100
AcDbEntity
8
0
100
AcDbLine
10
666
20
175.204
30
0
11
666.114
21
175.18
31
0
0
LINE
5
1A5E
330
C
100
AcDbEntity
8
0
100
AcDbLine
10
666.114
20
175.18
30
0
11
666.223
21
175.151
31
0
0
LINE
5
1A5F
330
C
100
AcDbEntity
8
0
100
AcDbLine
10
666.223
20
175.151
30
0
11
666.329
21
175.117
31
0
0
LINE
5
1A60
330
C
100
AcDbEntity
8
0
100
AcDbLine
10
666.329
20
175.117
30
0
11
666.431
21
175.077
31
0
0
LINE
5
1A61
330
C
100
AcDbEntity
8
0
100
AcDbLine
10
666.431
20
175.077
30
0
11
666.529
21
175.032
31
0
0
LINE
5
1A62
330
C
100
AcDbEntity
8
0
100
AcDbLine
10
666.529
20
175.032
30
0
11
666.624
21
174.982
31
0
0
LINE
5
1A63
330
C
100
AcDbEntity
8
0
100
AcDbLine
10
666.624
20
174.982
30
0
11
666.714
21
174.927
31
0
0
LINE
5
1A64
330
C
100
AcDbEntity
8
0
100
AcDbLine
10
666.714
20
174.927
30
0
11
666.801
21
174.869
31
0
0
LINE
5
1A65
330
C
100
AcDbEntity
8
0
100
AcDbLine
10
666.801
20
174.869
30
0
11
666.885
21
174.807
31
0
0
LINE
5
1A66
330
C
100
AcDbEntity
8
0
100
AcDbLine
10
666.885
20
174.807
30
0
11
666.965
21
174.741
31
0
0
LINE
5
1A67
330
C
100
AcDbEntity
8
0
100
AcDbLine
10
666.965
20
174.741
30
0
11
667.041
21
174.672
31
0
0
LINE
5
1A68
330
C
100
AcDbEntity
8
0
100
AcDbLine
10
667.041
20
174.672
30
0
11
667.113
21
174.598
31
0
0
LINE
5
1A69
330
C
100
AcDbEntity
8
0
100
AcDbLine
10
667.113
20
174.598
30
0
11
667.182
21
174.521
31
0
0
LINE
5
1A6A
330
C
100
AcDbEntity
8
0
100
AcDbLine
10
667.182
20
174.521
30
0
11
667.248
21
174.441
31
0
0
LINE
5
1A6B
330
C
100
AcDbEntity
8
0
100
AcDbLine
10
667.248
20
174.441
30
0
11
667.31
21
174.356
31
0
0
LINE
5
1A6C
330
C
100
AcDbEntity
8
0
100
AcDbLine
10
667.31
20
174.356
30
0
11
667.368
21
174.268
31
0
0
LINE
5
1A6D
330
C
100
AcDbEntity
8
0
100
AcDbLine
10
667.368
20
174.268
30
0
11
667.422
21
174.177
31
0
0
LINE
5
1A6E
330
C
100
AcDbEntity
8
0
100
AcDbLine
10
667.422
20
174.177
30
0
11
667.474
21
174.083
31
0
0
LINE
5
1A6F
330
C
100
AcDbEntity
8
0
100
AcDbLine
10
667.474
20
174.083
30
0
11
667.522
21
173.987
31
0
0
LINE
5
1A70
330
C
100
AcDbEntity
8
0
100
AcDbLine
10
667.522
20
173.987
30
0
11
667.566
21
173.889
31
0
0
LINE
5
1A71
330
C
100
AcDbEntity
8
0
100
AcDbLine
10
667.566
20
173.889
30
0
11
667.607
21
173.789
31
0
0
LINE
5
1A72
330
C
100
AcDbEntity
8
0
100
AcDbLine
10
667.607
20
173.789
30
0
11
667.645
21
173.686
31
0
0
LINE
5
1A73
330
C
100
AcDbEntity
8
0
100
AcDbLine
10
667.645
20
173.686
30
0
11
667.679
21
173.581
31
0
0
LINE
5
1A74
330
C
100
AcDbEntity
8
0
100
AcDbLine
10
667.679
20
173.581
30
0
11
667.71
21
173.473
31
0
0
LINE
5
1A75
330
C
100
AcDbEntity
8
0
100
AcDbLine
10
667.71
20
173.473
30
0
11
667.737
21
173.363
31
0
0
LINE
5
1A76
330
C
100
AcDbEntity
8
0
100
AcDbLine
10
667.737
20
173.363
30
0
11
667.761
21
173.251
31
0
0
LINE
5
1A77
330
C
100
AcDbEntity
8
0
100
AcDbLine
10
667.761
20
173.251
30
0
11
667.781
21
173.137
31
0
0
LINE
5
1A78
330
C
100
AcDbEntity
8
0
100
AcDbLine
10
667.781
20
173.137
30
0
11
667.799
21
173.023
31
0
0
LINE
5
1A79
330
C
100
AcDbEntity
8
0
100
AcDbLine
10
667.799
20
173.023
30
0
11
667.813
21
172.907
31
0
0
LINE
5
1A7A
330
C
100
AcDbEntity
8
0
100
AcDbLine
10
667.813
20
172.907
30
0
11
667.824
21
172.791
31
0
0
LINE
5
1A7B
330
C
100
AcDbEntity
8
0
100
AcDbLine
10
667.824
20
172.791
30
0
11
667.832
21
172.674
31
0
0
LINE
5
1A7C
330
C
100
AcDbEntity
8
0
100
AcDbLine
10
667.832
20
172.674
30
0
11
667.837
21
172.557
31
0
0
LINE
5
1A7D
330
C
100
AcDbEntity
8
0
100
AcDbLine
10
667.837
20
172.557
30
0
11
667.838
21
172.438
31
0
0
LINE
5
1A7E
330
C
100
AcDbEntity
8
0
100
AcDbLine
10
667.838
20
172.438
30
0
11
667.837
21
172.319
31
0
0
LINE
5
1A7F
330
C
100
AcDbEntity
8
0
100
AcDbLine
10
667.837
20
172.319
30
0
11
667.832
21
172.199
31
0
0
LINE
5
1A80
330
C
100
AcDbEntity
8
0
100
AcDbLine
10
667.832
20
172.199
30
0
11
667.824
21
172.078
31
0
0
LINE
5
1A81
330
C
100
AcDbEntity
8
0
100
AcDbLine
10
667.824
20
172.078
30
0
11
667.824
21
172.078
31
0
0
LINE
5
1A82
330
C
100
AcDbEntity
8
0
100
AcDbLine
10
667.824
20
172.078
30
0
11
663.672
21
172.078
31
0
0
LINE
5
1A83
330
C
100
AcDbEntity
8
0
100
AcDbLine
10
663.672
20
172.078
30
0
11
663.672
21
172.654
31
0
0
LINE
5
1A84
330
C
100
AcDbEntity
8
0
100
AcDbLine
10
663.672
20
172.654
30
0
11
667.206
21
172.654
31
0
0
LINE
5
1A85
330
C
100
AcDbEntity
8
0
100
AcDbLine
10
667.206
20
172.654
30
0
11
666.93
21
172.474
31
0
0
LINE
5
1A86
330
C
100
AcDbEntity
8
0
100
AcDbLine
10
666.93
20
172.474
30
0
11
666.933
21
172.545
31
0
0
LINE
5
1A87
330
C
100
AcDbEntity
8
0
100
AcDbLine
10
666.933
20
172.545
30
0
11
666.934
21
172.616
31
0
0
LINE
5
1A88
330
C
100
AcDbEntity
8
0
100
AcDbLine
10
666.934
20
172.616
30
0
11
666.934
21
172.686
31
0
0
LINE
5
1A89
330
C
100
AcDbEntity
8
0
100
AcDbLine
10
666.934
20
172.686
30
0
11
666.932
21
172.757
31
0
0
LINE
5
1A8A
330
C
100
AcDbEntity
8
0
100
AcDbLine
10
666.932
20
172.757
30
0
11
666.929
21
172.828
31
0
0
LINE
5
1A8B
330
C
100
AcDbEntity
8
0
100
AcDbLine
10
666.929
20
172.828
30
0
11
666.924
21
172.899
31
0
0
LINE
5
1A8C
330
C
100
AcDbEntity
8
0
100
AcDbLine
10
666.924
20
172.899
30
0
11
666.918
21
172.97
31
0
0
LINE
5
1A8D
330
C
100
AcDbEntity
8
0
100
AcDbLine
10
666.918
20
172.97
30
0
11
666.911
21
173.04
31
0
0
LINE
5
1A8E
330
C
100
AcDbEntity
8
0
100
AcDbLine
10
666.911
20
173.04
30
0
11
666.901
21
173.111
31
0
0
LINE
5
1A8F
330
C
100
AcDbEntity
8
0
100
AcDbLine
10
666.901
20
173.111
30
0
11
666.891
21
173.182
31
0
0
LINE
5
1A90
330
C
100
AcDbEntity
8
0
100
AcDbLine
10
666.891
20
173.182
30
0
11
666.878
21
173.252
31
0
0
LINE
5
1A91
330
C
100
AcDbEntity
8
0
100
AcDbLine
10
666.878
20
173.252
30
0
11
666.864
21
173.321
31
0
0
LINE
5
1A92
330
C
100
AcDbEntity
8
0
100
AcDbLine
10
666.864
20
173.321
30
0
11
666.848
21
173.389
31
0
0
LINE
5
1A93
330
C
100
AcDbEntity
8
0
100
AcDbLine
10
666.848
20
173.389
30
0
11
666.829
21
173.456
31
0
0
LINE
5
1A94
330
C
100
AcDbEntity
8
0
100
AcDbLine
10
666.829
20
173.456
30
0
11
666.809
21
173.522
31
0
0
LINE
5
1A95
330
C
100
AcDbEntity
8
0
100
AcDbLine
10
666.809
20
173.522
30
0
11
666.787
21
173.586
31
0
0
LINE
5
1A96
330
C
100
AcDbEntity
8
0
100
AcDbLine
10
666.787
20
173.586
30
0
11
666.762
21
173.65
31
0
0
LINE
5
1A97
330
C
100
AcDbEntity
8
0
100
AcDbLine
10
666.762
20
173.65
30
0
11
666.736
21
173.712
31
0
0
LINE
5
1A98
330
C
100
AcDbEntity
8
0
100
AcDbLine
10
666.736
20
173.712
30
0
11
666.708
21
173.773
31
0
0
LINE
5
1A99
330
C
100
AcDbEntity
8
0
100
AcDbLine
10
666.708
20
173.773
30
0
11
666.678
21
173.833
31
0
0
LINE
5
1A9A
330
C
100
AcDbEntity
8
0
100
AcDbLine
10
666.678
20
173.833
30
0
11
666.645
21
173.891
31
0
0
LINE
5
1A9B
330
C
100
AcDbEntity
8
0
100
AcDbLine
10
666.645
20
173.891
30
0
11
666.61
21
173.947
31
0
0
LINE
5
1A9C
330
C
100
AcDbEntity
8
0
100
AcDbLine
10
666.61
20
173.947
30
0
11
666.573
21
174.001
31
0
0
LINE
5
1A9D
330
C
100
AcDbEntity
8
0
100
AcDbLine
10
666.573
20
174.001
30
0
11
666.533
21
174.052
31
0
0
LINE
5
1A9E
330
C
100
AcDbEntity
8
0
100
AcDbLine
10
666.533
20
174.052
30
0
11
666.49
21
174.101
31
0
0
LINE
5
1A9F
330
C
100
AcDbEntity
8
0
100
AcDbLine
10
666.49
20
174.101
30
0
11
666.445
21
174.147
31
0
0
LINE
5
1AA0
330
C
100
AcDbEntity
8
0
100
AcDbLine
10
666.445
20
174.147
30
0
11
666.398
21
174.191
31
0
0
LINE
5
1AA1
330
C
100
AcDbEntity
8
0
100
AcDbLine
10
666.398
20
174.191
30
0
11
666.348
21
174.233
31
0
0
LINE
5
1AA2
330
C
100
AcDbEntity
8
0
100
AcDbLine
10
666.348
20
174.233
30
0
11
666.295
21
174.273
31
0
0
LINE
5
1AA3
330
C
100
AcDbEntity
8
0
100
AcDbLine
10
666.295
20
174.273
30
0
11
666.24
21
174.31
31
0
0
LINE
5
1AA4
330
C
100
AcDbEntity
8
0
100
AcDbLine
10
666.24
20
174.31
30
0
11
666.182
21
174.344
31
0
0
LINE
5
1AA5
330
C
100
AcDbEntity
8
0
100
AcDbLine
10
666.182
20
174.344
30
0
11
666.121
21
174.375
31
0
0
LINE
5
1AA6
330
C
100
AcDbEntity
8
0
100
AcDbLine
10
666.121
20
174.375
30
0
11
666.057
21
174.402
31
0
0
LINE
5
1AA7
330
C
100
AcDbEntity
8
0
100
AcDbLine
10
666.057
20
174.402
30
0
11
665.989
21
174.425
31
0
0
LINE
5
1AA8
330
C
100
AcDbEntity
8
0
100
AcDbLine
10
665.989
20
174.425
30
0
11
665.919
21
174.445
31
0
0
LINE
5
1AA9
330
C
100
AcDbEntity
8
0
100
AcDbLine
10
665.919
20
174.445
30
0
11
665.845
21
174.461
31
0
0
LINE
5
1AAA
330
C
100
AcDbEntity
8
0
100
AcDbLine
10
665.845
20
174.461
30
0
11
665.769
21
174.474
31
0
0
LINE
5
1AAB
330
C
100
AcDbEntity
8
0
100
AcDbLine
10
665.769
20
174.474
30
0
11
665.689
21
174.483
31
0
0
LINE
5
1AAC
330
C
100
AcDbEntity
8
0
100
AcDbLine
10
665.689
20
174.483
30
0
11
665.606
21
174.488
31
0
0
LINE
5
1AAD
330
C
100
AcDbEntity
8
0
100
AcDbLine
10
665.606
20
174.488
30
0
11
665.52
21
174.49
31
0
0
LINE
5
1AAE
330
C
100
AcDbEntity
8
0
100
AcDbLine
10
665.52
20
174.49
30
0
11
665.52
21
174.49
31
0
0
LINE
5
1AAF
330
C
100
AcDbEntity
8
0
100
AcDbLine
10
665.52
20
174.49
30
0
11
665.411
21
174.487
31
0
0
LINE
5
1AB0
330
C
100
AcDbEntity
8
0
100
AcDbLine
10
665.411
20
174.487
30
0
11
665.306
21
174.479
31
0
0
LINE
5
1AB1
330
C
100
AcDbEntity
8
0
100
AcDbLine
10
665.306
20
174.479
30
0
11
665.205
21
174.465
31
0
0
LINE
5
1AB2
330
C
100
AcDbEntity
8
0
100
AcDbLine
10
665.205
20
174.465
30
0
11
665.107
21
174.445
31
0
0
LINE
5
1AB3
330
C
100
AcDbEntity
8
0
100
AcDbLine
10
665.107
20
174.445
30
0
11
665.013
21
174.419
31
0
0
LINE
5
1AB4
330
C
100
AcDbEntity
8
0
100
AcDbLine
10
665.013
20
174.419
30
0
11
664.922
21
174.388
31
0
0
LINE
5
1AB5
330
C
100
AcDbEntity
8
0
100
AcDbLine
10
664.922
20
174.388
30
0
11
664.835
21
174.352
31
0
0
LINE
5
1AB6
330
C
100
AcDbEntity
8
0
100
AcDbLine
10
664.835
20
174.352
30
0
11
664.752
21
174.31
31
0
0
LINE
5
1AB7
330
C
100
AcDbEntity
8
0
100
AcDbLine
10
664.752
20
174.31
30
0
11
664.672
21
174.262
31
0
0
LINE
5
1AB8
330
C
100
AcDbEntity
8
0
100
AcDbLine
10
664.672
20
174.262
30
0
11
664.596
21
174.208
31
0
0
LINE
5
1AB9
330
C
100
AcDbEntity
8
0
100
AcDbLine
10
664.596
20
174.208
30
0
11
664.523
21
174.15
31
0
0
LINE
5
1ABA
330
C
100
AcDbEntity
8
0
100
AcDbLine
10
664.523
20
174.15
30
0
11
664.454
21
174.088
31
0
0
LINE
5
1ABB
330
C
100
AcDbEntity
8
0
100
AcDbLine
10
664.454
20
174.088
30
0
11
664.389
21
174.023
31
0
0
LINE
5
1ABC
330
C
100
AcDbEntity
8
0
100
AcDbLine
10
664.389
20
174.023
30
0
11
664.328
21
173.954
31
0
0
LINE
5
1ABD
330
C
100
AcDbEntity
8
0
100
AcDbLine
10
664.328
20
173.954
30
0
11
664.27
21
173.882
31
0
0
LINE
5
1ABE
330
C
100
AcDbEntity
8
0
100
AcDbLine
10
664.27
20
173.882
30
0
11
664.216
21
173.806
31
0
0
LINE
5
1ABF
330
C
100
AcDbEntity
8
0
100
AcDbLine
10
664.216
20
173.806
30
0
11
664.166
21
173.726
31
0
0
LINE
5
1AC0
330
C
100
AcDbEntity
8
0
100
AcDbLine
10
664.166
20
173.726
30
0
11
664.12
21
173.644
31
0
0
LINE
5
1AC1
330
C
100
AcDbEntity
8
0
100
AcDbLine
10
664.12
20
173.644
30
0
11
664.077
21
173.557
31
0
0
LINE
5
1AC2
330
C
100
AcDbEntity
8
0
100
AcDbLine
10
664.077
20
173.557
30
0
11
664.038
21
173.467
31
0
0
LINE
5
1AC3
330
C
100
AcDbEntity
8
0
100
AcDbLine
10
664.038
20
173.467
30
0
11
664.002
21
173.374
31
0
0
LINE
5
1AC4
330
C
100
AcDbEntity
8
0
100
AcDbLine
10
664.002
20
173.374
30
0
11
663.971
21
173.28
31
0
0
LINE
5
1AC5
330
C
100
AcDbEntity
8
0
100
AcDbLine
10
663.971
20
173.28
30
0
11
663.943
21
173.185
31
0
0
LINE
5
1AC6
330
C
100
AcDbEntity
8
0
100
AcDbLine
10
663.943
20
173.185
30
0
11
663.919
21
173.088
31
0
0
LINE
5
1AC7
330
C
100
AcDbEntity
8
0
100
AcDbLine
10
663.919
20
173.088
30
0
11
663.898
21
172.989
31
0
0
LINE
5
1AC8
330
C
100
AcDbEntity
8
0
100
AcDbLine
10
663.898
20
172.989
30
0
11
663.882
21
172.889
31
0
0
LINE
5
1AC9
330
C
100
AcDbEntity
8
0
100
AcDbLine
10
663.882
20
172.889
30
0
11
663.868
21
172.788
31
0
0
LINE
5
1ACA
330
C
100
AcDbEntity
8
0
100
AcDbLine
10
663.868
20
172.788
30
0
11
663.859
21
172.685
31
0
0
LINE
5
1ACB
330
C
100
AcDbEntity
8
0
100
AcDbLine
10
663.859
20
172.685
30
0
11
663.854
21
172.58
31
0
0
LINE
5
1ACC
330
C
100
AcDbEntity
8
0
100
AcDbLine
10
663.854
20
172.58
30
0
11
663.852
21
172.474
31
0
0
LINE
5
1ACD
330
C
100
AcDbEntity
8
0
100
AcDbLine
10
663.852
20
172.474
30
0
11
663.852
21
172.474
31
0
0
LINE
5
1ACE
330
C
100
AcDbEntity
8
0
100
AcDbLine
10
663.852
20
172.474
30
0
11
663.852
21
172.09
31
0
0
LINE
5
1ACF
330
C
100
AcDbEntity
8
0
100
AcDbLine
10
663.852
20
172.09
30
0
11
663.854
21
171.971
31
0
0
LINE
5
1AD0
330
C
100
AcDbEntity
8
0
100
AcDbLine
10
663.854
20
171.971
30
0
11
663.859
21
171.855
31
0
0
LINE
5
1AD1
330
C
100
AcDbEntity
8
0
100
AcDbLine
10
663.859
20
171.855
30
0
11
663.868
21
171.741
31
0
0
LINE
5
1AD2
330
C
100
AcDbEntity
8
0
100
AcDbLine
10
663.868
20
171.741
30
0
11
663.881
21
171.63
31
0
0
LINE
5
1AD3
330
C
100
AcDbEntity
8
0
100
AcDbLine
10
663.881
20
171.63
30
0
11
663.898
21
171.522
31
0
0
LINE
5
1AD4
330
C
100
AcDbEntity
8
0
100
AcDbLine
10
663.898
20
171.522
30
0
11
663.918
21
171.415
31
0
0
LINE
5
1AD5
330
C
100
AcDbEntity
8
0
100
AcDbLine
10
663.918
20
171.415
30
0
11
663.941
21
171.312
31
0
0
LINE
5
1AD6
330
C
100
AcDbEntity
8
0
100
AcDbLine
10
663.941
20
171.312
30
0
11
663.969
21
171.211
31
0
0
LINE
5
1AD7
330
C
100
AcDbEntity
8
0
100
AcDbLine
10
663.969
20
171.211
30
0
11
664
21
171.112
31
0
0
LINE
5
1AD8
330
C
100
AcDbEntity
8
0
100
AcDbLine
10
664
20
171.112
30
0
11
664.035
21
171.016
31
0
0
LINE
5
1AD9
330
C
100
AcDbEntity
8
0
100
AcDbLine
10
664.035
20
171.016
30
0
11
664.073
21
170.923
31
0
0
LINE
5
1ADA
330
C
100
AcDbEntity
8
0
100
AcDbLine
10
664.073
20
170.923
30
0
11
664.115
21
170.834
31
0
0
LINE
5
1ADB
330
C
100
AcDbEntity
8
0
100
AcDbLine
10
664.115
20
170.834
30
0
11
664.161
21
170.749
31
0
0
LINE
5
1ADC
330
C
100
AcDbEntity
8
0
100
AcDbLine
10
664.161
20
170.749
30
0
11
664.21
21
170.668
31
0
0
LINE
5
1ADD
330
C
100
AcDbEntity
8
0
100
AcDbLine
10
664.21
20
170.668
30
0
11
664.264
21
170.591
31
0
0
LINE
5
1ADE
330
C
100
AcDbEntity
8
0
100
AcDbLine
10
664.264
20
170.591
30
0
11
664.32
21
170.518
31
0
0
LINE
5
1ADF
330
C
100
AcDbEntity
8
0
100
AcDbLine
10
664.32
20
170.518
30
0
11
664.381
21
170.449
31
0
0
LINE
5
1AE0
330
C
100
AcDbEntity
8
0
100
AcDbLine
10
664.381
20
170.449
30
0
11
664.445
21
170.384
31
0
0
LINE
5
1AE1
330
C
100
AcDbEntity
8
0
100
AcDbLine
10
664.445
20
170.384
30
0
11
664.512
21
170.323
31
0
0
LINE
5
1AE2
330
C
100
AcDbEntity
8
0
100
AcDbLine
10
664.512
20
170.323
30
0
11
664.584
21
170.266
31
0
0
LINE
5
1AE3
330
C
100
AcDbEntity
8
0
100
AcDbLine
10
664.584
20
170.266
30
0
11
664.659
21
170.214
31
0
0
LINE
5
1AE4
330
C
100
AcDbEntity
8
0
100
AcDbLine
10
664.659
20
170.214
30
0
11
664.738
21
170.167
31
0
0
LINE
5
1AE5
330
C
100
AcDbEntity
8
0
100
AcDbLine
10
664.738
20
170.167
30
0
11
664.821
21
170.125
31
0
0
LINE
5
1AE6
330
C
100
AcDbEntity
8
0
100
AcDbLine
10
664.821
20
170.125
30
0
11
664.907
21
170.089
31
0
0
LINE
5
1AE7
330
C
100
AcDbEntity
8
0
100
AcDbLine
10
664.907
20
170.089
30
0
11
664.998
21
170.059
31
0
0
LINE
5
1AE8
330
C
100
AcDbEntity
8
0
100
AcDbLine
10
664.998
20
170.059
30
0
11
665.092
21
170.034
31
0
0
LINE
5
1AE9
330
C
100
AcDbEntity
8
0
100
AcDbLine
10
665.092
20
170.034
30
0
11
665.19
21
170.015
31
0
0
LINE
5
1AEA
330
C
100
AcDbEntity
8
0
100
AcDbLine
10
665.19
20
170.015
30
0
11
665.292
21
170.001
31
0
0
LINE
5
1AEB
330
C
100
AcDbEntity
8
0
100
AcDbLine
10
665.292
20
170.001
30
0
11
665.398
21
169.993
31
0
0
LINE
5
1AEC
330
C
100
AcDbEntity
8
0
100
AcDbLine
10
665.398
20
169.993
30
0
11
665.508
21
169.99
31
0
0
LINE
5
1AED
330
C
100
AcDbEntity
8
0
100
AcDbLine
10
665.508
20
169.99
30
0
11
665.508
21
169.99
31
0
0
LINE
5
1AEE
330
C
100
AcDbEntity
8
0
100
AcDbLine
10
665.508
20
169.99
30
0
11
665.617
21
169.993
31
0
0
LINE
5
1AEF
330
C
100
AcDbEntity
8
0
100
AcDbLine
10
665.617
20
169.993
30
0
11
665.723
21
170.001
31
0
0
LINE
5
1AF0
330
C
100
AcDbEntity
8
0
100
AcDbLine
10
665.723
20
170.001
30
0
11
665.825
21
170.014
31
0
0
LINE
5
1AF1
330
C
100
AcDbEntity
8
0
100
AcDbLine
10
665.825
20
170.014
30
0
11
665.922
21
170.033
31
0
0
LINE
5
1AF2
330
C
100
AcDbEntity
8
0
100
AcDbLine
10
665.922
20
170.033
30
0
11
666.016
21
170.058
31
0
0
LINE
5
1AF3
330
C
100
AcDbEntity
8
0
100
AcDbLine
10
666.016
20
170.058
30
0
11
666.106
21
170.087
31
0
0
LINE
5
1AF4
330
C
100
AcDbEntity
8
0
100
AcDbLine
10
666.106
20
170.087
30
0
11
666.192
21
170.122
31
0
0
LINE
5
1AF5
330
C
100
AcDbEntity
8
0
100
AcDbLine
10
666.192
20
170.122
30
0
11
666.274
21
170.163
31
0
0
LINE
5
1AF6
330
C
100
AcDbEntity
8
0
100
AcDbLine
10
666.274
20
170.163
30
0
11
666.352
21
170.209
31
0
0
LINE
5
1AF7
330
C
100
AcDbEntity
8
0
100
AcDbLine
10
666.352
20
170.209
30
0
11
666.426
21
170.26
31
0
0
LINE
5
1AF8
330
C
100
AcDbEntity
8
0
100
AcDbLine
10
666.426
20
170.26
30
0
11
666.495
21
170.317
31
0
0
LINE
5
1AF9
330
C
100
AcDbEntity
8
0
100
AcDbLine
10
666.495
20
170.317
30
0
11
666.558
21
170.378
31
0
0
LINE
5
1AFA
330
C
100
AcDbEntity
8
0
100
AcDbLine
10
666.558
20
170.378
30
0
11
666.616
21
170.445
31
0
0
LINE
5
1AFB
330
C
100
AcDbEntity
8
0
100
AcDbLine
10
666.616
20
170.445
30
0
11
666.669
21
170.517
31
0
0
LINE
5
1AFC
330
C
100
AcDbEntity
8
0
100
AcDbLine
10
666.669
20
170.517
30
0
11
666.715
21
170.595
31
0
0
LINE
5
1AFD
330
C
100
AcDbEntity
8
0
100
AcDbLine
10
666.715
20
170.595
30
0
11
666.756
21
170.677
31
0
0
LINE
5
1AFE
330
C
100
AcDbEntity
8
0
100
AcDbLine
10
666.756
20
170.677
30
0
11
666.792
21
170.764
31
0
0
LINE
5
1AFF
330
C
100
AcDbEntity
8
0
100
AcDbLine
10
666.792
20
170.764
30
0
11
666.821
21
170.857
31
0
0
LINE
5
1B00
330
C
100
AcDbEntity
8
0
100
AcDbLine
10
666.821
20
170.857
30
0
11
666.845
21
170.955
31
0
0
LINE
5
1B01
330
C
100
AcDbEntity
8
0
100
AcDbLine
10
666.845
20
170.955
30
0
11
666.864
21
171.058
31
0
0
LINE
5
1B02
330
C
100
AcDbEntity
8
0
100
AcDbLine
10
666.864
20
171.058
30
0
11
666.864
21
171.058
31
0
0
LINE
5
1B03
330
C
100
AcDbEntity
8
0
100
AcDbLine
10
666.864
20
171.058
30
0
11
667.836
21
171.058
31
0
0
LINE
5
1B04
330
C
100
AcDbEntity
8
0
100
AcDbLine
10
667.836
20
171.058
30
0
11
667.815
21
170.946
31
0
0
LINE
5
1B05
330
C
100
AcDbEntity
8
0
100
AcDbLine
10
667.815
20
170.946
30
0
11
667.791
21
170.836
31
0
0
LINE
5
1B06
330
C
100
AcDbEntity
8
0
100
AcDbLine
10
667.791
20
170.836
30
0
11
667.761
21
170.73
31
0
0
LINE
5
1B07
330
C
100
AcDbEntity
8
0
100
AcDbLine
10
667.761
20
170.73
30
0
11
667.727
21
170.627
31
0
0
LINE
5
1B08
330
C
100
AcDbEntity
8
0
100
AcDbLine
10
667.727
20
170.627
30
0
11
667.689
21
170.528
31
0
0
LINE
5
1B09
330
C
100
AcDbEntity
8
0
100
AcDbLine
10
667.689
20
170.528
30
0
11
667.646
21
170.431
31
0
0
LINE
5
1B0A
330
C
100
AcDbEntity
8
0
100
AcDbLine
10
667.646
20
170.431
30
0
11
667.598
21
170.338
31
0
0
LINE
5
1B0B
330
C
100
AcDbEntity
8
0
100
AcDbLine
10
667.598
20
170.338
30
0
11
667.546
21
170.248
31
0
0
LINE
5
1B0C
330
C
100
AcDbEntity
8
0
100
AcDbLine
10
667.546
20
170.248
30
0
11
667.489
21
170.161
31
0
0
LINE
5
1B0D
330
C
100
AcDbEntity
8
0
100
AcDbLine
10
667.489
20
170.161
30
0
11
667.428
21
170.077
31
0
0
LINE
5
1B0E
330
C
100
AcDbEntity
8
0
100
AcDbLine
10
667.428
20
170.077
30
0
11
667.362
21
169.997
31
0
0
LINE
5
1B0F
330
C
100
AcDbEntity
8
0
100
AcDbLine
10
667.362
20
169.997
30
0
11
667.294
21
169.92
31
0
0
LINE
5
1B10
330
C
100
AcDbEntity
8
0
100
AcDbLine
10
667.294
20
169.92
30
0
11
667.221
21
169.847
31
0
0
LINE
5
1B11
330
C
100
AcDbEntity
8
0
100
AcDbLine
10
667.221
20
169.847
30
0
11
667.146
21
169.778
31
0
0
LINE
5
1B12
330
C
100
AcDbEntity
8
0
100
AcDbLine
10
667.146
20
169.778
30
0
11
667.066
21
169.713
31
0
0
LINE
5
1B13
330
C
100
AcDbEntity
8
0
100
AcDbLine
10
667.066
20
169.713
30
0
11
666.984
21
169.652
31
0
0
LINE
5
1B14
330
C
100
AcDbEntity
8
0
100
AcDbLine
10
666.984
20
169.652
30
0
11
666.897
21
169.594
31
0
0
LINE
5
1B15
330
C
100
AcDbEntity
8
0
100
AcDbLine
10
666.897
20
169.594
30
0
11
666.808
21
169.54
31
0
0
LINE
5
1B16
330
C
100
AcDbEntity
8
0
100
AcDbLine
10
666.808
20
169.54
30
0
11
666.714
21
169.49
31
0
0
LINE
5
1B17
330
C
100
AcDbEntity
8
0
100
AcDbLine
10
666.714
20
169.49
30
0
11
666.618
21
169.444
31
0
0
LINE
5
1B18
330
C
100
AcDbEntity
8
0
100
AcDbLine
10
666.618
20
169.444
30
0
11
666.518
21
169.402
31
0
0
LINE
5
1B19
330
C
100
AcDbEntity
8
0
100
AcDbLine
10
666.518
20
169.402
30
0
11
666.416
21
169.364
31
0
0
LINE
5
1B1A
330
C
100
AcDbEntity
8
0
100
AcDbLine
10
666.416
20
169.364
30
0
11
666.311
21
169.331
31
0
0
LINE
5
1B1B
330
C
100
AcDbEntity
8
0
100
AcDbLine
10
666.311
20
169.331
30
0
11
666.204
21
169.302
31
0
0
LINE
5
1B1C
330
C
100
AcDbEntity
8
0
100
AcDbLine
10
666.204
20
169.302
30
0
11
666.094
21
169.278
31
0
0
LINE
5
1B1D
330
C
100
AcDbEntity
8
0
100
AcDbLine
10
666.094
20
169.278
30
0
11
665.982
21
169.258
31
0
0
LINE
5
1B1E
330
C
100
AcDbEntity
8
0
100
AcDbLine
10
665.982
20
169.258
30
0
11
665.867
21
169.242
31
0
0
LINE
5
1B1F
330
C
100
AcDbEntity
8
0
100
AcDbLine
10
665.867
20
169.242
30
0
11
665.75
21
169.231
31
0
0
LINE
5
1B20
330
C
100
AcDbEntity
8
0
100
AcDbLine
10
665.75
20
169.231
30
0
11
665.63
21
169.224
31
0
0
LINE
5
1B21
330
C
100
AcDbEntity
8
0
100
AcDbLine
10
665.63
20
169.224
30
0
11
665.508
21
169.222
31
0
0
LINE
5
1B22
330
C
100
AcDbEntity
8
0
100
AcDbLine
10
665.508
20
169.222
30
0
11
665.508
21
169.222
31
0
0
LINE
5
1B23
330
C
100
AcDbEntity
8
0
100
AcDbLine
10
671.85
20
169.222
30
0
11
671.85
21
169.222
31
0
0
LINE
5
1B24
330
C
100
AcDbEntity
8
0
100
AcDbLine
10
671.85
20
169.222
30
0
11
671.708
21
169.225
31
0
0
LINE
5
1B25
330
C
100
AcDbEntity
8
0
100
AcDbLine
10
671.708
20
169.225
30
0
11
671.569
21
169.232
31
0
0
LINE
5
1B26
330
C
100
AcDbEntity
8
0
100
AcDbLine
10
671.569
20
169.232
30
0
11
671.433
21
169.245
31
0
0
LINE
5
1B27
330
C
100
AcDbEntity
8
0
100
AcDbLine
10
671.433
20
169.245
30
0
11
671.299
21
169.263
31
0
0
LINE
5
1B28
330
C
100
AcDbEntity
8
0
100
AcDbLine
10
671.299
20
169.263
30
0
11
671.167
21
169.286
31
0
0
LINE
5
1B29
330
C
100
AcDbEntity
8
0
100
AcDbLine
10
671.167
20
169.286
30
0
11
671.038
21
169.315
31
0
0
LINE
5
1B2A
330
C
100
AcDbEntity
8
0
100
AcDbLine
10
671.038
20
169.315
30
0
11
670.912
21
169.348
31
0
0
LINE
5
1B2B
330
C
100
AcDbEntity
8
0
100
AcDbLine
10
670.912
20
169.348
30
0
11
670.788
21
169.387
31
0
0
LINE
5
1B2C
330
C
100
AcDbEntity
8
0
100
AcDbLine
10
670.788
20
169.387
30
0
11
670.667
21
169.431
31
0
0
LINE
5
1B2D
330
C
100
AcDbEntity
8
0
100
AcDbLine
10
670.667
20
169.431
30
0
11
670.548
21
169.48
31
0
0
LINE
5
1B2E
330
C
100
AcDbEntity
8
0
100
AcDbLine
10
670.548
20
169.48
30
0
11
670.432
21
169.534
31
0
0
LINE
5
1B2F
330
C
100
AcDbEntity
8
0
100
AcDbLine
10
670.432
20
169.534
30
0
11
670.322
21
169.593
31
0
0
LINE
5
1B30
330
C
100
AcDbEntity
8
0
100
AcDbLine
10
670.322
20
169.593
30
0
11
670.216
21
169.657
31
0
0
LINE
5
1B31
330
C
100
AcDbEntity
8
0
100
AcDbLine
10
670.216
20
169.657
30
0
11
670.115
21
169.725
31
0
0
LINE
5
1B32
330
C
100
AcDbEntity
8
0
100
AcDbLine
10
670.115
20
169.725
30
0
11
670.018
21
169.799
31
0
0
LINE
5
1B33
330
C
100
AcDbEntity
8
0
100
AcDbLine
10
670.018
20
169.799
30
0
11
669.926
21
169.877
31
0
0
LINE
5
1B34
330
C
100
AcDbEntity
8
0
100
AcDbLine
10
669.926
20
169.877
30
0
11
669.839
21
169.96
31
0
0
LINE
5
1B35
330
C
100
AcDbEntity
8
0
100
AcDbLine
10
669.839
20
169.96
30
0
11
669.757
21
170.048
31
0
0
LINE
5
1B36
330
C
100
AcDbEntity
8
0
100
AcDbLine
10
669.757
20
170.048
30
0
11
669.679
21
170.141
31
0
0
LINE
5
1B37
330
C
100
AcDbEntity
8
0
100
AcDbLine
10
669.679
20
170.141
30
0
11
669.606
21
170.239
31
0
0
LINE
5
1B38
330
C
100
AcDbEntity
8
0
100
AcDbLine
10
669.606
20
170.239
30
0
11
669.538
21
170.341
31
0
0
LINE
5
1B39
330
C
100
AcDbEntity
8
0
100
AcDbLine
10
669.538
20
170.341
30
0
11
669.478
21
170.448
31
0
0
LINE
5
1B3A
330
C
100
AcDbEntity
8
0
100
AcDbLine
10
669.478
20
170.448
30
0
11
669.425
21
170.56
31
0
0
LINE
5
1B3B
330
C
100
AcDbEntity
8
0
100
AcDbLine
10
669.425
20
170.56
30
0
11
669.378
21
170.676
31
0
0
LINE
5
1B3C
330
C
100
AcDbEntity
8
0
100
AcDbLine
10
669.378
20
170.676
30
0
11
669.339
21
170.796
31
0
0
LINE
5
1B3D
330
C
100
AcDbEntity
8
0
100
AcDbLine
10
669.339
20
170.796
30
0
11
669.306
21
170.921
31
0
0
LINE
5
1B3E
330
C
100
AcDbEntity
8
0
100
AcDbLine
10
669.306
20
170.921
30
0
11
669.281
21
171.051
31
0
0
LINE
5
1B3F
330
C
100
AcDbEntity
8
0
100
AcDbLine
10
669.281
20
171.051
30
0
11
669.262
21
171.185
31
0
0
LINE
5
1B40
330
C
100
AcDbEntity
8
0
100
AcDbLine
10
669.262
20
171.185
30
0
11
669.25
21
171.323
31
0
0
LINE
5
1B41
330
C
100
AcDbEntity
8
0
100
AcDbLine
10
669.25
20
171.323
30
0
11
669.246
21
171.466
31
0
0
LINE
5
1B42
330
C
100
AcDbEntity
8
0
100
AcDbLine
10
669.246
20
171.466
30
0
11
669.246
21
171.466
31
0
0
LINE
5
1B43
330
C
100
AcDbEntity
8
0
100
AcDbLine
10
669.246
20
171.466
30
0
11
670.182
21
171.466
31
0
0
LINE
5
1B44
330
C
100
AcDbEntity
8
0
100
AcDbLine
10
670.182
20
171.466
30
0
11
670.187
21
171.333
31
0
0
LINE
5
1B45
330
C
100
AcDbEntity
8
0
100
AcDbLine
10
670.187
20
171.333
30
0
11
670.201
21
171.206
31
0
0
LINE
5
1B46
330
C
100
AcDbEntity
8
0
100
AcDbLine
10
670.201
20
171.206
30
0
11
670.225
21
171.086
31
0
0
LINE
5
1B47
330
C
100
AcDbEntity
8
0
100
AcDbLine
10
670.225
20
171.086
30
0
11
670.259
21
170.973
31
0
0
LINE
5
1B48
330
C
100
AcDbEntity
8
0
100
AcDbLine
10
670.259
20
170.973
30
0
11
670.303
21
170.866
31
0
0
LINE
5
1B49
330
C
100
AcDbEntity
8
0
100
AcDbLine
10
670.303
20
170.866
30
0
11
670.356
21
170.766
31
0
0
LINE
5
1B4A
330
C
100
AcDbEntity
8
0
100
AcDbLine
10
670.356
20
170.766
30
0
11
670.418
21
170.673
31
0
0
LINE
5
1B4B
330
C
100
AcDbEntity
8
0
100
AcDbLine
10
670.418
20
170.673
30
0
11
670.491
21
170.587
31
0
0
LINE
5
1B4C
330
C
100
AcDbEntity
8
0
100
AcDbLine
10
670.491
20
170.587
30
0
11
670.573
21
170.507
31
0
0
LINE
5
1B4D
330
C
100
AcDbEntity
8
0
100
AcDbLine
10
670.573
20
170.507
30
0
11
670.665
21
170.434
31
0
0
LINE
5
1B4E
330
C
100
AcDbEntity
8
0
100
AcDbLine
10
670.665
20
170.434
30
0
11
670.764
21
170.368
31
0
0
LINE
5
1B4F
330
C
100
AcDbEntity
8
0
100
AcDbLine
10
670.764
20
170.368
30
0
11
670.867
21
170.309
31
0
0
LINE
5
1B50
330
C
100
AcDbEntity
8
0
100
AcDbLine
10
670.867
20
170.309
30
0
11
670.974
21
170.257
31
0
0
LINE
5
1B51
330
C
100
AcDbEntity
8
0
100
AcDbLine
10
670.974
20
170.257
30
0
11
671.086
21
170.211
31
0
0
LINE
5
1B52
330
C
100
AcDbEntity
8
0
100
AcDbLine
10
671.086
20
170.211
30
0
11
671.203
21
170.173
31
0
0
LINE
5
1B53
330
C
100
AcDbEntity
8
0
100
AcDbLine
10
671.203
20
170.173
30
0
11
671.323
21
170.142
31
0
0
LINE
5
1B54
330
C
100
AcDbEntity
8
0
100
AcDbLine
10
671.323
20
170.142
30
0
11
671.448
21
170.117
31
0
0
LINE
5
1B55
330
C
100
AcDbEntity
8
0
100
AcDbLine
10
671.448
20
170.117
30
0
11
671.578
21
170.1
31
0
0
LINE
5
1B56
330
C
100
AcDbEntity
8
0
100
AcDbLine
10
671.578
20
170.1
30
0
11
671.712
21
170.089
31
0
0
LINE
5
1B57
330
C
100
AcDbEntity
8
0
100
AcDbLine
10
671.712
20
170.089
30
0
11
671.85
21
170.086
31
0
0
LINE
5
1B58
330
C
100
AcDbEntity
8
0
100
AcDbLine
10
671.85
20
170.086
30
0
11
671.85
21
170.086
31
0
0
LINE
5
1B59
330
C
100
AcDbEntity
8
0
100
AcDbLine
10
671.85
20
170.086
30
0
11
672.008
21
170.091
31
0
0
LINE
5
1B5A
330
C
100
AcDbEntity
8
0
100
AcDbLine
10
672.008
20
170.091
30
0
11
672.16
21
170.106
31
0
0
LINE
5
1B5B
330
C
100
AcDbEntity
8
0
100
AcDbLine
10
672.16
20
170.106
30
0
11
672.305
21
170.131
31
0
0
LINE
5
1B5C
330
C
100
AcDbEntity
8
0
100
AcDbLine
10
672.305
20
170.131
30
0
11
672.443
21
170.165
31
0
0
LINE
5
1B5D
330
C
100
AcDbEntity
8
0
100
AcDbLine
10
672.443
20
170.165
30
0
11
672.574
21
170.21
31
0
0
LINE
5
1B5E
330
C
100
AcDbEntity
8
0
100
AcDbLine
10
672.574
20
170.21
30
0
11
672.698
21
170.264
31
0
0
LINE
5
1B5F
330
C
100
AcDbEntity
8
0
100
AcDbLine
10
672.698
20
170.264
30
0
11
672.815
21
170.329
31
0
0
LINE
5
1B60
330
C
100
AcDbEntity
8
0
100
AcDbLine
10
672.815
20
170.329
30
0
11
672.925
21
170.403
31
0
0
LINE
5
1B61
330
C
100
AcDbEntity
8
0
100
AcDbLine
10
672.925
20
170.403
30
0
11
673.028
21
170.487
31
0
0
LINE
5
1B62
330
C
100
AcDbEntity
8
0
100
AcDbLine
10
673.028
20
170.487
30
0
11
673.125
21
170.581
31
0
0
LINE
5
1B63
330
C
100
AcDbEntity
8
0
100
AcDbLine
10
673.125
20
170.581
30
0
11
673.213
21
170.682
31
0
0
LINE
5
1B64
330
C
100
AcDbEntity
8
0
100
AcDbLine
10
673.213
20
170.682
30
0
11
673.292
21
170.788
31
0
0
LINE
5
1B65
330
C
100
AcDbEntity
8
0
100
AcDbLine
10
673.292
20
170.788
30
0
11
673.362
21
170.899
31
0
0
LINE
5
1B66
330
C
100
AcDbEntity
8
0
100
AcDbLine
10
673.362
20
170.899
30
0
11
673.422
21
171.014
31
0
0
LINE
5
1B67
330
C
100
AcDbEntity
8
0
100
AcDbLine
10
673.422
20
171.014
30
0
11
673.474
21
171.134
31
0
0
LINE
5
1B68
330
C
100
AcDbEntity
8
0
100
AcDbLine
10
673.474
20
171.134
30
0
11
673.515
21
171.258
31
0
0
LINE
5
1B69
330
C
100
AcDbEntity
8
0
100
AcDbLine
10
673.515
20
171.258
30
0
11
673.548
21
171.387
31
0
0
LINE
5
1B6A
330
C
100
AcDbEntity
8
0
100
AcDbLine
10
673.548
20
171.387
30
0
11
673.571
21
171.521
31
0
0
LINE
5
1B6B
330
C
100
AcDbEntity
8
0
100
AcDbLine
10
673.571
20
171.521
30
0
11
673.585
21
171.659
31
0
0
LINE
5
1B6C
330
C
100
AcDbEntity
8
0
100
AcDbLine
10
673.585
20
171.659
30
0
11
673.59
21
171.802
31
0
0
LINE
5
1B6D
330
C
100
AcDbEntity
8
0
100
AcDbLine
10
673.59
20
171.802
30
0
11
673.59
21
171.802
31
0
0
LINE
5
1B6E
330
C
100
AcDbEntity
8
0
100
AcDbLine
10
673.59
20
171.802
30
0
11
673.571
21
172.078
31
0
0
LINE
5
1B6F
330
C
100
AcDbEntity
8
0
100
AcDbLine
10
673.571
20
172.078
30
0
11
673.515
21
172.325
31
0
0
LINE
5
1B70
330
C
100
AcDbEntity
8
0
100
AcDbLine
10
673.515
20
172.325
30
0
11
673.421
21
172.543
31
0
0
LINE
5
1B71
330
C
100
AcDbEntity
8
0
100
AcDbLine
10
673.421
20
172.543
30
0
11
673.29
21
172.731
31
0
0
LINE
5
1B72
330
C
100
AcDbEntity
8
0
100
AcDbLine
10
673.29
20
172.731
30
0
11
673.122
21
172.891
31
0
0
LINE
5
1B73
330
C
100
AcDbEntity
8
0
100
AcDbLine
10
673.122
20
172.891
30
0
11
672.916
21
173.022
31
0
0
LINE
5
1B74
330
C
100
AcDbEntity
8
0
100
AcDbLine
10
672.916
20
173.022
30
0
11
672.672
21
173.123
31
0
0
LINE
5
1B75
330
C
100
AcDbEntity
8
0
100
AcDbLine
10
672.672
20
173.123
30
0
11
672.392
21
173.196
31
0
0
LINE
5
1B76
330
C
100
AcDbEntity
8
0
100
AcDbLine
10
672.392
20
173.196
30
0
11
672.073
21
173.239
31
0
0
LINE
5
1B77
330
C
100
AcDbEntity
8
0
100
AcDbLine
10
672.073
20
173.239
30
0
11
671.718
21
173.254
31
0
0
LINE
5
1B78
330
C
100
AcDbEntity
8
0
100
AcDbLine
10
671.718
20
173.254
30
0
11
671.718
21
173.254
31
0
0
LINE
5
1B79
330
C
100
AcDbEntity
8
0
100
AcDbLine
10
671.718
20
173.254
30
0
11
669.702
21
173.254
31
0
0
LINE
5
1B7A
330
C
100
AcDbEntity
8
0
100
AcDbLine
10
669.702
20
173.254
30
0
11
670.026
21
176.902
31
0
0
LINE
5
1B7B
330
C
100
AcDbEntity
8
0
100
AcDbLine
10
670.026
20
176.902
30
0
11
674.202
21
176.902
31
0
0
LINE
5
1B7C
330
C
100
AcDbEntity
8
0
100
AcDbLine
10
674.202
20
176.902
30
0
11
674.202
21
176.05
31
0
0
LINE
5
1B7D
330
C
100
AcDbEntity
8
0
100
AcDbLine
10
674.202
20
176.05
30
0
11
670.782
21
176.05
31
0
0
LINE
5
1B7E
330
C
100
AcDbEntity
8
0
100
AcDbLine
10
670.782
20
176.05
30
0
11
670.974
21
176.374
31
0
0
LINE
5
1B7F
330
C
100
AcDbEntity
8
0
100
AcDbLine
10
670.974
20
176.374
30
0
11
670.722
21
173.746
31
0
0
LINE
5
1B80
330
C
100
AcDbEntity
8
0
100
AcDbLine
10
670.722
20
173.746
30
0
11
670.602
21
173.854
31
0
0
LINE
5
1B81
330
C
100
AcDbEntity
8
0
100
AcDbLine
10
670.602
20
173.854
30
0
11
670.66
21
173.867
31
0
0
LINE
5
1B82
330
C
100
AcDbEntity
8
0
100
AcDbLine
10
670.66
20
173.867
30
0
11
670.72
21
173.879
31
0
0
LINE
5
1B83
330
C
100
AcDbEntity
8
0
100
AcDbLine
10
670.72
20
173.879
30
0
11
670.782
21
173.89
31
0
0
LINE
5
1B84
330
C
100
AcDbEntity
8
0
100
AcDbLine
10
670.782
20
173.89
30
0
11
670.845
21
173.901
31
0
0
LINE
5
1B85
330
C
100
AcDbEntity
8
0
100
AcDbLine
10
670.845
20
173.901
30
0
11
670.909
21
173.91
31
0
0
LINE
5
1B86
330
C
100
AcDbEntity
8
0
100
AcDbLine
10
670.909
20
173.91
30
0
11
670.975
21
173.919
31
0
0
LINE
5
1B87
330
C
100
AcDbEntity
8
0
100
AcDbLine
10
670.975
20
173.919
30
0
11
671.043
21
173.927
31
0
0
LINE
5
1B88
330
C
100
AcDbEntity
8
0
100
AcDbLine
10
671.043
20
173.927
30
0
11
671.112
21
173.935
31
0
0
LINE
5
1B89
330
C
100
AcDbEntity
8
0
100
AcDbLine
10
671.112
20
173.935
30
0
11
671.183
21
173.941
31
0
0
LINE
5
1B8A
330
C
100
AcDbEntity
8
0
100
AcDbLine
10
671.183
20
173.941
30
0
11
671.256
21
173.947
31
0
0
LINE
5
1B8B
330
C
100
AcDbEntity
8
0
100
AcDbLine
10
671.256
20
173.947
30
0
11
671.328
21
173.952
31
0
0
LINE
5
1B8C
330
C
100
AcDbEntity
8
0
100
AcDbLine
10
671.328
20
173.952
30
0
11
671.399
21
173.957
31
0
0
LINE
5
1B8D
330
C
100
AcDbEntity
8
0
100
AcDbLine
10
671.399
20
173.957
30
0
11
671.468
21
173.961
31
0
0
LINE
5
1B8E
330
C
100
AcDbEntity
8
0
100
AcDbLine
10
671.468
20
173.961
30
0
11
671.536
21
173.964
31
0
0
LINE
5
1B8F
330
C
100
AcDbEntity
8
0
100
AcDbLine
10
671.536
20
173.964
30
0
11
671.602
21
173.967
31
0
0
LINE
5
1B90
330
C
100
AcDbEntity
8
0
100
AcDbLine
10
671.602
20
173.967
30
0
11
671.667
21
173.97
31
0
0
LINE
5
1B91
330
C
100
AcDbEntity
8
0
100
AcDbLine
10
671.667
20
173.97
30
0
11
671.73
21
173.972
31
0
0
LINE
5
1B92
330
C
100
AcDbEntity
8
0
100
AcDbLine
10
671.73
20
173.972
30
0
11
671.791
21
173.973
31
0
0
LINE
5
1B93
330
C
100
AcDbEntity
8
0
100
AcDbLine
10
671.791
20
173.973
30
0
11
671.851
21
173.974
31
0
0
LINE
5
1B94
330
C
100
AcDbEntity
8
0
100
AcDbLine
10
671.851
20
173.974
30
0
11
671.91
21
173.974
31
0
0
LINE
5
1B95
330
C
100
AcDbEntity
8
0
100
AcDbLine
10
671.91
20
173.974
30
0
11
671.91
21
173.974
31
0
0
LINE
5
1B96
330
C
100
AcDbEntity
8
0
100
AcDbLine
10
671.91
20
173.974
30
0
11
672.149
21
173.969
31
0
0
LINE
5
1B97
330
C
100
AcDbEntity
8
0
100
AcDbLine
10
672.149
20
173.969
30
0
11
672.379
21
173.952
31
0
0
LINE
5
1B98
330
C
100
AcDbEntity
8
0
100
AcDbLine
10
672.379
20
173.952
30
0
11
672.598
21
173.925
31
0
0
LINE
5
1B99
330
C
100
AcDbEntity
8
0
100
AcDbLine
10
672.598
20
173.925
30
0
11
672.807
21
173.887
31
0
0
LINE
5
1B9A
330
C
100
AcDbEntity
8
0
100
AcDbLine
10
672.807
20
173.887
30
0
11
673.006
21
173.838
31
0
0
LINE
5
1B9B
330
C
100
AcDbEntity
8
0
100
AcDbLine
10
673.006
20
173.838
30
0
11
673.195
21
173.777
31
0
0
LINE
5
1B9C
330
C
100
AcDbEntity
8
0
100
AcDbLine
10
673.195
20
173.777
30
0
11
673.373
21
173.706
31
0
0
LINE
5
1B9D
330
C
100
AcDbEntity
8
0
100
AcDbLine
10
673.373
20
173.706
30
0
11
673.542
21
173.625
31
0
0
LINE
5
1B9E
330
C
100
AcDbEntity
8
0
100
AcDbLine
10
673.542
20
173.625
30
0
11
673.7
21
173.532
31
0
0
LINE
5
1B9F
330
C
100
AcDbEntity
8
0
100
AcDbLine
10
673.7
20
173.532
30
0
11
673.848
21
173.428
31
0
0
LINE
5
1BA0
330
C
100
AcDbEntity
8
0
100
AcDbLine
10
673.848
20
173.428
30
0
11
673.983
21
173.313
31
0
0
LINE
5
1BA1
330
C
100
AcDbEntity
8
0
100
AcDbLine
10
673.983
20
173.313
30
0
11
674.105
21
173.188
31
0
0
LINE
5
1BA2
330
C
100
AcDbEntity
8
0
100
AcDbLine
10
674.105
20
173.188
30
0
11
674.212
21
173.052
31
0
0
LINE
5
1BA3
330
C
100
AcDbEntity
8
0
100
AcDbLine
10
674.212
20
173.052
30
0
11
674.305
21
172.906
31
0
0
LINE
5
1BA4
330
C
100
AcDbEntity
8
0
100
AcDbLine
10
674.305
20
172.906
30
0
11
674.383
21
172.749
31
0
0
LINE
5
1BA5
330
C
100
AcDbEntity
8
0
100
AcDbLine
10
674.383
20
172.749
30
0
11
674.448
21
172.581
31
0
0
LINE
5
1BA6
330
C
100
AcDbEntity
8
0
100
AcDbLine
10
674.448
20
172.581
30
0
11
674.497
21
172.402
31
0
0
LINE
5
1BA7
330
C
100
AcDbEntity
8
0
100
AcDbLine
10
674.497
20
172.402
30
0
11
674.533
21
172.213
31
0
0
LINE
5
1BA8
330
C
100
AcDbEntity
8
0
100
AcDbLine
10
674.533
20
172.213
30
0
11
674.555
21
172.013
31
0
0
LINE
5
1BA9
330
C
100
AcDbEntity
8
0
100
AcDbLine
10
674.555
20
172.013
30
0
11
674.562
21
171.802
31
0
0
LINE
5
1BAA
330
C
100
AcDbEntity
8
0
100
AcDbLine
10
674.562
20
171.802
30
0
11
674.562
21
171.802
31
0
0
LINE
5
1BAB
330
C
100
AcDbEntity
8
0
100
AcDbLine
10
674.562
20
171.802
30
0
11
674.558
21
171.657
31
0
0
LINE
5
1BAC
330
C
100
AcDbEntity
8
0
100
AcDbLine
10
674.558
20
171.657
30
0
11
674.549
21
171.515
31
0
0
LINE
5
1BAD
330
C
100
AcDbEntity
8
0
100
AcDbLine
10
674.549
20
171.515
30
0
11
674.532
21
171.376
31
0
0
LINE
5
1BAE
330
C
100
AcDbEntity
8
0
100
AcDbLine
10
674.532
20
171.376
30
0
11
674.509
21
171.24
31
0
0
LINE
5
1BAF
330
C
100
AcDbEntity
8
0
100
AcDbLine
10
674.509
20
171.24
30
0
11
674.479
21
171.107
31
0
0
LINE
5
1BB0
330
C
100
AcDbEntity
8
0
100
AcDbLine
10
674.479
20
171.107
30
0
11
674.443
21
170.977
31
0
0
LINE
5
1BB1
330
C
100
AcDbEntity
8
0
100
AcDbLine
10
674.443
20
170.977
30
0
11
674.4
21
170.849
31
0
0
LINE
5
1BB2
330
C
100
AcDbEntity
8
0
100
AcDbLine
10
674.4
20
170.849
30
0
11
674.351
21
170.725
31
0
0
LINE
5
1BB3
330
C
100
AcDbEntity
8
0
100
AcDbLine
10
674.351
20
170.725
30
0
11
674.294
21
170.603
31
0
0
LINE
5
1BB4
330
C
100
AcDbEntity
8
0
100
AcDbLine
10
674.294
20
170.603
30
0
11
674.232
21
170.485
31
0
0
LINE
5
1BB5
330
C
100
AcDbEntity
8
0
100
AcDbLine
10
674.232
20
170.485
30
0
11
674.163
21
170.37
31
0
0
LINE
5
1BB6
330
C
100
AcDbEntity
8
0
100
AcDbLine
10
674.163
20
170.37
30
0
11
674.089
21
170.261
31
0
0
LINE
5
1BB7
330
C
100
AcDbEntity
8
0
100
AcDbLine
10
674.089
20
170.261
30
0
11
674.009
21
170.156
31
0
0
LINE
5
1BB8
330
C
100
AcDbEntity
8
0
100
AcDbLine
10
674.009
20
170.156
30
0
11
673.923
21
170.056
31
0
0
LINE
5
1BB9
330
C
100
AcDbEntity
8
0
100
AcDbLine
10
673.923
20
170.056
30
0
11
673.832
21
169.962
31
0
0
LINE
5
1BBA
330
C
100
AcDbEntity
8
0
100
AcDbLine
10
673.832
20
169.962
30
0
11
673.735
21
169.872
31
0
0
LINE
5
1BBB
330
C
100
AcDbEntity
8
0
100
AcDbLine
10
673.735
20
169.872
30
0
11
673.633
21
169.787
31
0
0
LINE
5
1BBC
330
C
100
AcDbEntity
8
0
100
AcDbLine
10
673.633
20
169.787
30
0
11
673.525
21
169.706
31
0
0
LINE
5
1BBD
330
C
100
AcDbEntity
8
0
100
AcDbLine
10
673.525
20
169.706
30
0
11
673.412
21
169.631
31
0
0
LINE
5
1BBE
330
C
100
AcDbEntity
8
0
100
AcDbLine
10
673.412
20
169.631
30
0
11
673.293
21
169.561
31
0
0
LINE
5
1BBF
330
C
100
AcDbEntity
8
0
100
AcDbLine
10
673.293
20
169.561
30
0
11
673.169
21
169.497
31
0
0
LINE
5
1BC0
330
C
100
AcDbEntity
8
0
100
AcDbLine
10
673.169
20
169.497
30
0
11
673.04
21
169.439
31
0
0
LINE
5
1BC1
330
C
100
AcDbEntity
8
0
100
AcDbLine
10
673.04
20
169.439
30
0
11
672.907
21
169.388
31
0
0
LINE
5
1BC2
330
C
100
AcDbEntity
8
0
100
AcDbLine
10
672.907
20
169.388
30
0
11
672.77
21
169.344
31
0
0
LINE
5
1BC3
330
C
100
AcDbEntity
8
0
100
AcDbLine
10
672.77
20
169.344
30
0
11
672.628
21
169.307
31
0
0
LINE
5
1BC4
330
C
100
AcDbEntity
8
0
100
AcDbLine
10
672.628
20
169.307
30
0
11
672.481
21
169.276
31
0
0
LINE
5
1BC5
330
C
100
AcDbEntity
8
0
100
AcDbLine
10
672.481
20
169.276
30
0
11
672.33
21
169.253
31
0
0
LINE
5
1BC6
330
C
100
AcDbEntity
8
0
100
AcDbLine
10
672.33
20
169.253
30
0
11
672.174
21
169.236
31
0
0
LINE
5
1BC7
330
C
100
AcDbEntity
8
0
100
AcDbLine
10
672.174
20
169.236
30
0
11
672.014
21
169.225
31
0
0
LINE
5
1BC8
330
C
100
AcDbEntity
8
0
100
AcDbLine
10
672.014
20
169.225
30
0
11
671.85
21
169.222
31
0
0
LINE
5
1BC9
330
C
100
AcDbEntity
8
0
100
AcDbLine
10
671.85
20
169.222
30
0
11
671.85
21
169.222
31
0
0
LINE
5
1BCA
330
C
100
AcDbEntity
8
0
100
AcDbLine
10
264.524
20
7.923
30
0
11
266.025
21
5.323
31
0
0
LINE
5
1BCB
330
C
100
AcDbEntity
8
0
100
AcDbLine
10
266.025
20
5.323
30
0
11
271.998
21
8.772
31
0
0
LINE
5
1BCC
330
C
100
AcDbEntity
8
0
100
AcDbLine
10
271.998
20
8.772
30
0
11
270.497
21
11.371
31
0
0
LINE
5
1BCD
330
C
100
AcDbEntity
8
0
100
AcDbLine
10
270.497
20
11.371
30
0
11
276.471
21
14.819
31
0
0
LINE
5
1BCE
330
C
100
AcDbEntity
8
0
100
AcDbLine
10
276.471
20
14.819
30
0
11
277.972
21
12.221
31
0
0
LINE
5
1BCF
330
C
100
AcDbEntity
8
0
100
AcDbLine
10
277.972
20
12.221
30
0
11
283.944
21
15.669
31
0
0
LINE
5
1BD0
330
C
100
AcDbEntity
8
0
100
AcDbLine
10
283.944
20
15.669
30
0
11
282.444
21
18.268
31
0
0
LINE
5
1BD1
330
C
100
AcDbEntity
8
0
100
AcDbLine
10
282.444
20
18.268
30
0
11
288.417
21
21.717
31
0
0
LINE
5
1BD2
330
C
100
AcDbEntity
8
0
100
AcDbLine
10
288.417
20
21.717
30
0
11
289.917
21
19.118
31
0
0
LINE
5
1BD3
330
C
100
AcDbEntity
8
0
100
AcDbLine
10
289.917
20
19.118
30
0
11
295.891
21
22.566
31
0
0
LINE
5
1BD4
330
C
100
AcDbEntity
8
0
100
AcDbLine
10
295.891
20
22.566
30
0
11
294.39
21
25.165
31
0
0
LINE
5
1BD5
330
C
100
AcDbEntity
8
0
100
AcDbLine
10
294.39
20
25.165
30
0
11
300.363
21
28.613
31
0
0
LINE
5
1BD6
330
C
100
AcDbEntity
8
0
100
AcDbLine
10
300.363
20
28.613
30
0
11
301.863
21
26.015
31
0
0
LINE
5
1BD7
330
C
100
AcDbEntity
8
0
100
AcDbLine
10
301.863
20
26.015
30
0
11
307.837
21
29.464
31
0
0
LINE
5
1BD8
330
C
100
AcDbEntity
8
0
100
AcDbLine
10
307.837
20
29.464
30
0
11
306.336
21
32.063
31
0
0
LINE
5
1BD9
330
C
100
AcDbEntity
8
0
100
AcDbLine
10
306.336
20
32.063
30
0
11
312.309
21
35.511
31
0
0
LINE
5
1BDA
330
C
100
AcDbEntity
8
0
100
AcDbLine
10
312.309
20
35.511
30
0
11
313.81
21
32.912
31
0
0
LINE
5
1BDB
330
C
100
AcDbEntity
8
0
100
AcDbLine
10
313.81
20
32.912
30
0
11
319.783
21
36.36
31
0
0
LINE
5
1BDC
330
C
100
AcDbEntity
8
0
100
AcDbLine
10
319.783
20
36.36
30
0
11
318.282
21
38.96
31
0
0
LINE
5
1BDD
330
C
100
AcDbEntity
8
0
100
AcDbLine
10
318.282
20
38.96
30
0
11
324.256
21
42.408
31
0
0
LINE
5
1BDE
330
C
100
AcDbEntity
8
0
100
AcDbLine
10
324.256
20
42.408
30
0
11
325.756
21
39.81
31
0
0
LINE
5
1BDF
330
C
100
AcDbEntity
8
0
100
AcDbLine
10
325.756
20
39.81
30
0
11
331.729
21
43.258
31
0
0
LINE
5
1BE0
330
C
100
AcDbEntity
8
0
100
AcDbLine
10
331.729
20
43.258
30
0
11
330.229
21
45.856
31
0
0
LINE
5
1BE1
330
C
100
AcDbEntity
8
0
100
AcDbLine
10
330.229
20
45.856
30
0
11
336.201
21
49.305
31
0
0
LINE
5
1BE2
330
C
100
AcDbEntity
8
0
100
AcDbLine
10
336.201
20
49.305
30
0
11
337.702
21
46.706
31
0
0
LINE
5
1BE3
330
C
100
AcDbEntity
8
0
100
AcDbLine
10
337.702
20
46.706
30
0
11
343.675
21
50.155
31
0
0
LINE
5
1BE4
330
C
100
AcDbEntity
8
0
100
AcDbLine
10
343.675
20
50.155
30
0
11
342.175
21
52.753
31
0
0
LINE
5
1BE5
330
C
100
AcDbEntity
8
0
100
AcDbLine
10
342.175
20
52.753
30
0
11
348.147
21
56.202
31
0
0
LINE
5
1BE6
330
C
100
AcDbEntity
8
0
100
AcDbLine
10
348.147
20
56.202
30
0
11
349.648
21
53.604
31
0
0
LINE
5
1BE7
330
C
100
AcDbEntity
8
0
100
AcDbLine
10
349.648
20
53.604
30
0
11
355.621
21
57.052
31
0
0
LINE
5
1BE8
330
C
100
AcDbEntity
8
0
100
AcDbLine
10
355.621
20
57.052
30
0
11
354.12
21
59.65
31
0
0
LINE
5
1BE9
330
C
100
AcDbEntity
8
0
100
AcDbLine
10
354.12
20
59.65
30
0
11
360.095
21
63.1
31
0
0
LINE
5
1BEA
330
C
100
AcDbEntity
8
0
100
AcDbLine
10
360.095
20
63.1
30
0
11
361.595
21
60.501
31
0
0
LINE
5
1BEB
330
C
100
AcDbEntity
8
0
100
AcDbLine
10
361.595
20
60.501
30
0
11
367.567
21
63.949
31
0
0
LINE
5
1BEC
330
C
100
AcDbEntity
8
0
100
AcDbLine
10
367.567
20
63.949
30
0
11
366.066
21
66.548
31
0
0
LINE
5
1BED
330
C
100
AcDbEntity
8
0
100
AcDbLine
10
366.066
20
66.548
30
0
11
372.039
21
69.996
31
0
0
LINE
5
1BEE
330
C
100
AcDbEntity
8
0
100
AcDbLine
10
372.039
20
69.996
30
0
11
373.54
21
67.397
31
0
0
LINE
5
1BEF
330
C
100
AcDbEntity
8
0
100
AcDbLine
10
373.54
20
67.397
30
0
11
379.514
21
70.846
31
0
0
LINE
5
1BF0
330
C
100
AcDbEntity
8
0
100
AcDbLine
10
379.514
20
70.846
30
0
11
378.014
21
73.444
31
0
0
LINE
5
1BF1
330
C
100
AcDbEntity
8
0
100
AcDbLine
10
378.014
20
73.444
30
0
11
383.986
21
76.894
31
0
0
LINE
5
1BF2
330
C
100
AcDbEntity
8
0
100
AcDbLine
10
383.986
20
76.894
30
0
11
385.486
21
74.295
31
0
0
LINE
5
1BF3
330
C
100
AcDbEntity
8
0
100
AcDbLine
10
385.486
20
74.295
30
0
11
391.46
21
77.743
31
0
0
LINE
5
1BF4
330
C
100
AcDbEntity
8
0
100
AcDbLine
10
391.46
20
77.743
30
0
11
389.959
21
80.342
31
0
0
LINE
5
1BF5
330
C
100
AcDbEntity
8
0
100
AcDbLine
10
389.959
20
80.342
30
0
11
395.933
21
83.79
31
0
0
LINE
5
1BF6
330
C
100
AcDbEntity
8
0
100
AcDbLine
10
395.933
20
83.79
30
0
11
397.433
21
81.191
31
0
0
LINE
5
1BF7
330
C
100
AcDbEntity
8
0
100
AcDbLine
10
397.433
20
81.191
30
0
11
403.406
21
84.641
31
0
0
LINE
5
1BF8
330
C
100
AcDbEntity
8
0
100
AcDbLine
10
403.406
20
84.641
30
0
11
401.905
21
87.239
31
0
0
LINE
5
1BF9
330
C
100
AcDbEntity
8
0
100
AcDbLine
10
401.905
20
87.239
30
0
11
407.878
21
90.688
31
0
0
LINE
5
1BFA
330
C
100
AcDbEntity
8
0
100
AcDbLine
10
407.878
20
90.688
30
0
11
409.379
21
88.089
31
0
0
LINE
5
1BFB
330
C
100
AcDbEntity
8
0
100
AcDbLine
10
409.379
20
88.089
30
0
11
415.353
21
91.537
31
0
0
LINE
5
1BFC
330
C
100
AcDbEntity
8
0
100
AcDbLine
10
415.353
20
91.537
30
0
11
413.852
21
94.137
31
0
0
LINE
5
1BFD
330
C
100
AcDbEntity
8
0
100
AcDbLine
10
413.852
20
94.137
30
0
11
419.825
21
97.585
31
0
0
LINE
5
1BFE
330
C
100
AcDbEntity
8
0
100
AcDbLine
10
419.825
20
97.585
30
0
11
421.325
21
94.986
31
0
0
LINE
5
1BFF
330
C
100
AcDbEntity
8
0
100
AcDbLine
10
421.325
20
94.986
30
0
11
427.298
21
98.435
31
0
0
LINE
5
1C00
330
C
100
AcDbEntity
8
0
100
AcDbLine
10
427.298
20
98.435
30
0
11
425.798
21
101.033
31
0
0
LINE
5
1C01
330
C
100
AcDbEntity
8
0
100
AcDbLine
10
425.798
20
101.033
30
0
11
431.771
21
104.481
31
0
0
LINE
5
1C02
330
C
100
AcDbEntity
8
0
100
AcDbLine
10
431.771
20
104.481
30
0
11
433.271
21
101.883
31
0
0
LINE
5
1C03
330
C
100
AcDbEntity
8
0
100
AcDbLine
10
433.271
20
101.883
30
0
11
439.244
21
105.332
31
0
0
LINE
5
1C04
330
C
100
AcDbEntity
8
0
100
AcDbLine
10
439.244
20
105.332
30
0
11
437.744
21
107.93
31
0
0
LINE
5
1C05
330
C
100
AcDbEntity
8
0
100
AcDbLine
10
437.744
20
107.93
30
0
11
443.717
21
111.379
31
0
0
LINE
5
1C06
330
C
100
AcDbEntity
8
0
100
AcDbLine
10
443.717
20
111.379
30
0
11
445.218
21
108.78
31
0
0
LINE
5
1C07
330
C
100
AcDbEntity
8
0
100
AcDbLine
10
445.218
20
108.78
30
0
11
451.19
21
112.229
31
0
0
LINE
5
1C08
330
C
100
AcDbEntity
8
0
100
AcDbLine
10
451.19
20
112.229
30
0
11
449.69
21
114.827
31
0
0
LINE
5
1C09
330
C
100
AcDbEntity
8
0
100
AcDbLine
10
449.69
20
114.827
30
0
11
455.664
21
118.276
31
0
0
LINE
5
1C0A
330
C
100
AcDbEntity
8
0
100
AcDbLine
10
455.664
20
118.276
30
0
11
457.164
21
115.678
31
0
0
LINE
5
1C0B
330
C
100
AcDbEntity
8
0
100
AcDbLine
10
457.164
20
115.678
30
0
11
463.137
21
119.126
31
0
0
LINE
5
1C0C
330
C
100
AcDbEntity
8
0
100
AcDbLine
10
463.137
20
119.126
30
0
11
461.636
21
121.725
31
0
0
LINE
5
1C0D
330
C
100
AcDbEntity
8
0
100
AcDbLine
10
461.636
20
121.725
30
0
11
467.609
21
125.173
31
0
0
LINE
5
1C0E
330
C
100
AcDbEntity
8
0
100
AcDbLine
10
467.609
20
125.173
30
0
11
469.109
21
122.574
31
0
0
LINE
5
1C0F
330
C
100
AcDbEntity
8
0
100
AcDbLine
10
469.109
20
122.574
30
0
11
475.083
21
126.023
31
0
0
LINE
5
1C10
330
C
100
AcDbEntity
8
0
100
AcDbLine
10
475.083
20
126.023
30
0
11
473.583
21
128.622
31
0
0
LINE
5
1C11
330
C
100
AcDbEntity
8
0
100
AcDbLine
10
473.583
20
128.622
30
0
11
479.556
21
132.07
31
0
0
LINE
5
1C12
330
C
100
AcDbEntity
8
0
100
AcDbLine
10
479.556
20
132.07
30
0
11
481.056
21
129.472
31
0
0
LINE
5
1C13
330
C
100
AcDbEntity
8
0
100
AcDbLine
10
481.056
20
129.472
30
0
11
487.029
21
132.92
31
0
0
LINE
5
1C14
330
C
100
AcDbEntity
8
0
100
AcDbLine
10
487.029
20
132.92
30
0
11
485.529
21
135.519
31
0
0
LINE
5
1C15
330
C
100
AcDbEntity
8
0
100
AcDbLine
10
485.529
20
135.519
30
0
11
491.502
21
138.967
31
0
0
LINE
5
1C16
330
C
100
AcDbEntity
8
0
100
AcDbLine
10
491.502
20
138.967
30
0
11
493.002
21
136.369
31
0
0
LINE
5
1C17
330
C
100
AcDbEntity
8
0
100
AcDbLine
10
493.002
20
136.369
30
0
11
498.976
21
139.817
31
0
0
LINE
5
1C18
330
C
100
AcDbEntity
8
0
100
AcDbLine
10
498.976
20
139.817
30
0
11
497.475
21
142.416
31
0
0
LINE
5
1C19
330
C
100
AcDbEntity
8
0
100
AcDbLine
10
497.475
20
142.416
30
0
11
506
21
147.337
31
0
0
LINE
5
1C1A
330
C
100
AcDbEntity
8
0
100
AcDbLine
10
506
20
147.337
30
0
11
506
21
157.182
31
0
0
LINE
5
1C1B
330
C
100
AcDbEntity
8
0
100
AcDbLine
10
506
20
157.182
30
0
11
509
21
157.182
31
0
0
LINE
5
1C1C
330
C
100
AcDbEntity
8
0
100
AcDbLine
10
509
20
157.182
30
0
11
509
21
164.078
31
0
0
LINE
5
1C1D
330
C
100
AcDbEntity
8
0
100
AcDbLine
10
509
20
164.078
30
0
11
506
21
164.078
31
0
0
LINE
5
1C1E
330
C
100
AcDbEntity
8
0
100
AcDbLine
10
506
20
164.078
30
0
11
506
21
170.976
31
0
0
LINE
5
1C1F
330
C
100
AcDbEntity
8
0
100
AcDbLine
10
506
20
170.976
30
0
11
509
21
170.976
31
0
0
LINE
5
1C20
330
C
100
AcDbEntity
8
0
100
AcDbLine
10
509
20
170.976
30
0
11
509
21
177.873
31
0
0
LINE
5
1C21
330
C
100
AcDbEntity
8
0
100
AcDbLine
10
509
20
177.873
30
0
11
506
21
177.873
31
0
0
LINE
5
1C22
330
C
100
AcDbEntity
8
0
100
AcDbLine
10
506
20
177.873
30
0
11
506
21
184.77
31
0
0
LINE
5
1C23
330
C
100
AcDbEntity
8
0
100
AcDbLine
10
506
20
184.77
30
0
11
509
21
184.77
31
0
0
LINE
5
1C24
330
C
100
AcDbEntity
8
0
100
AcDbLine
10
509
20
184.77
30
0
11
509
21
191.667
31
0
0
LINE
5
1C25
330
C
100
AcDbEntity
8
0
100
AcDbLine
10
509
20
191.667
30
0
11
506
21
191.667
31
0
0
LINE
5
1C26
330
C
100
AcDbEntity
8
0
100
AcDbLine
10
506
20
191.667
30
0
11
506
21
198.563
31
0
0
LINE
5
1C27
330
C
100
AcDbEntity
8
0
100
AcDbLine
10
506
20
198.563
30
0
11
509
21
198.563
31
0
0
LINE
5
1C28
330
C
100
AcDbEntity
8
0
100
AcDbLine
10
509
20
198.563
30
0
11
509
21
205.461
31
0
0
LINE
5
1C29
330
C
100
AcDbEntity
8
0
100
AcDbLine
10
509
20
205.461
30
0
11
506
21
205.461
31
0
0
LINE
5
1C2A
330
C
100
AcDbEntity
8
0
100
AcDbLine
10
506
20
205.461
30
0
11
506
21
212.358
31
0
0
LINE
5
1C2B
330
C
100
AcDbEntity
8
0
100
AcDbLine
10
506
20
212.358
30
0
11
509
21
212.358
31
0
0
LINE
5
1C2C
330
C
100
AcDbEntity
8
0
100
AcDbLine
10
509
20
212.358
30
0
11
509
21
219.255
31
0
0
LINE
5
1C2D
330
C
100
AcDbEntity
8
0
100
AcDbLine
10
509
20
219.255
30
0
11
506
21
219.255
31
0
0
LINE
5
1C2E
330
C
100
AcDbEntity
8
0
100
AcDbLine
10
506
20
219.255
30
0
11
506
21
226.152
31
0
0
LINE
5
1C2F
330
C
100
AcDbEntity
8
0
100
AcDbLine
10
506
20
226.152
30
0
11
509
21
226.152
31
0
0
LINE
5
1C30
330
C
100
AcDbEntity
8
0
100
AcDbLine
10
509
20
226.152
30
0
11
509
21
233.05
31
0
0
LINE
5
1C31
330
C
100
AcDbEntity
8
0
100
AcDbLine
10
509
20
233.05
30
0
11
506
21
233.05
31
0
0
LINE
5
1C32
330
C
100
AcDbEntity
8
0
100
AcDbLine
10
506
20
233.05
30
0
11
506
21
239.946
31
0
0
LINE
5
1C33
330
C
100
AcDbEntity
8
0
100
AcDbLine
10
506
20
239.946
30
0
11
509
21
239.946
31
0
0
LINE
5
1C34
330
C
100
AcDbEntity
8
0
100
AcDbLine
10
509
20
239.946
30
0
11
509
21
246.844
31
0
0
LINE
5
1C35
330
C
100
AcDbEntity
8
0
100
AcDbLine
10
509
20
246.844
30
0
11
506
21
246.844
31
0
0
LINE
5
1C36
330
C
100
AcDbEntity
8
0
100
AcDbLine
10
506
20
246.844
30
0
11
506
21
253.741
31
0
0
LINE
5
1C37
330
C
100
AcDbEntity
8
0
100
AcDbLine
10
506
20
253.741
30
0
11
509
21
253.741
31
0
0
LINE
5
1C38
330
C
100
AcDbEntity
8
0
100
AcDbLine
10
509
20
253.741
30
0
11
509
21
260.638
31
0
0
LINE
5
1C39
330
C
100
AcDbEntity
8
0
100
AcDbLine
10
509
20
260.638
30
0
11
506
21
260.638
31
0
0
LINE
5
1C3A
330
C
100
AcDbEntity
8
0
100
AcDbLine
10
506
20
260.638
30
0
11
506
21
267.535
31
0
0
LINE
5
1C3B
330
C
100
AcDbEntity
8
0
100
AcDbLine
10
506
20
267.535
30
0
11
509
21
267.535
31
0
0
LINE
5
1C3C
330
C
100
AcDbEntity
8
0
100
AcDbLine
10
509
20
267.535
30
0
11
509
21
274.433
31
0
0
LINE
5
1C3D
330
C
100
AcDbEntity
8
0
100
AcDbLine
10
509
20
274.433
30
0
11
506
21
274.433
31
0
0
LINE
5
1C3E
330
C
100
AcDbEntity
8
0
100
AcDbLine
10
506
20
274.433
30
0
11
506
21
281.329
31
0
0
LINE
5
1C3F
330
C
100
AcDbEntity
8
0
100
AcDbLine
10
506
20
281.329
30
0
11
509
21
281.329
31
0
0
LINE
5
1C40
330
C
100
AcDbEntity
8
0
100
AcDbLine
10
509
20
281.329
30
0
11
509
21
288.227
31
0
0
LINE
5
1C41
330
C
100
AcDbEntity
8
0
100
AcDbLine
10
509
20
288.227
30
0
11
506
21
288.227
31
0
0
LINE
5
1C42
330
C
100
AcDbEntity
8
0
100
AcDbLine
10
506
20
288.227
30
0
11
506
21
295.123
31
0
0
LINE
5
1C43
330
C
100
AcDbEntity
8
0
100
AcDbLine
10
506
20
295.123
30
0
11
509
21
295.123
31
0
0
LINE
5
1C44
330
C
100
AcDbEntity
8
0
100
AcDbLine
10
509
20
295.123
30
0
11
509
21
302.021
31
0
0
LINE
5
1C45
330
C
100
AcDbEntity
8
0
100
AcDbLine
10
509
20
302.021
30
0
11
506
21
302.021
31
0
0
LINE
5
1C46
330
C
100
AcDbEntity
8
0
100
AcDbLine
10
506
20
302.021
30
0
11
506
21
308.918
31
0
0
LINE
5
1C47
330
C
100
AcDbEntity
8
0
100
AcDbLine
10
506
20
308.918
30
0
11
509
21
308.918
31
0
0
LINE
5
1C48
330
C
100
AcDbEntity
8
0
100
AcDbLine
10
509
20
308.918
30
0
11
509
21
315.814
31
0
0
LINE
5
1C49
330
C
100
AcDbEntity
8
0
100
AcDbLine
10
509
20
315.814
30
0
11
506
21
315.814
31
0
0
LINE
5
1C4A
330
C
100
AcDbEntity
8
0
100
AcDbLine
10
506
20
315.814
30
0
11
506
21
322.712
31
0
0
LINE
5
1C4B
330
C
100
AcDbEntity
8
0
100
AcDbLine
10
506
20
322.712
30
0
11
509
21
322.712
31
0
0
LINE
5
1C4C
330
C
100
AcDbEntity
8
0
100
AcDbLine
10
509
20
322.712
30
0
11
509
21
329.609
31
0
0
LINE
5
1C4D
330
C
100
AcDbEntity
8
0
100
AcDbLine
10
509
20
329.609
30
0
11
506
21
329.609
31
0
0
LINE
5
1C4E
330
C
100
AcDbEntity
8
0
100
AcDbLine
10
506
20
329.609
30
0
11
506
21
336.506
31
0
0
LINE
5
1C4F
330
C
100
AcDbEntity
8
0
100
AcDbLine
10
506
20
336.506
30
0
11
509
21
336.506
31
0
0
LINE
5
1C50
330
C
100
AcDbEntity
8
0
100
AcDbLine
10
509
20
336.506
30
0
11
509
21
343.403
31
0
0
LINE
5
1C51
330
C
100
AcDbEntity
8
0
100
AcDbLine
10
509
20
343.403
30
0
11
506
21
343.403
31
0
0
LINE
5
1C52
330
C
100
AcDbEntity
8
0
100
AcDbLine
10
506
20
343.403
30
0
11
506
21
350.301
31
0
0
LINE
5
1C53
330
C
100
AcDbEntity
8
0
100
AcDbLine
10
506
20
350.301
30
0
11
509
21
350.301
31
0
0
LINE
5
1C54
330
C
100
AcDbEntity
8
0
100
AcDbLine
10
509
20
350.301
30
0
11
509
21
357.197
31
0
0
LINE
5
1C55
330
C
100
AcDbEntity
8
0
100
AcDbLine
10
509
20
357.197
30
0
11
506
21
357.197
31
0
0
LINE
5
1C56
330
C
100
AcDbEntity
8
0
100
AcDbLine
10
506
20
357.197
30
0
11
506
21
364.095
31
0
0
LINE
5
1C57
330
C
100
AcDbEntity
8
0
100
AcDbLine
10
506
20
364.095
30
0
11
509
21
364.095
31
0
0
LINE
5
1C58
330
C
100
AcDbEntity
8
0
100
AcDbLine
10
509
20
364.095
30
0
11
509
21
370.992
31
0
0
LINE
5
1C59
330
C
100
AcDbEntity
8
0
100
AcDbLine
10
509
20
370.992
30
0
11
506
21
370.992
31
0
0
LINE
5
1C5A
330
C
100
AcDbEntity
8
0
100
AcDbLine
10
506
20
370.992
30
0
11
506
21
377.889
31
0
0
LINE
5
1C5B
330
C
100
AcDbEntity
8
0
100
AcDbLine
10
506
20
377.889
30
0
11
509
21
377.889
31
0
0
LINE
5
1C5C
330
C
100
AcDbEntity
8
0
100
AcDbLine
10
509
20
377.889
30
0
11
509
21
384.786
31
0
0
LINE
5
1C5D
330
C
100
AcDbEntity
8
0
100
AcDbLine
10
509
20
384.786
30
0
11
506
21
384.786
31
0
0
LINE
5
1C5E
330
C
100
AcDbEntity
8
0
100
AcDbLine
10
506
20
384.786
30
0
11
506
21
391.684
31
0
0
LINE
5
1C5F
330
C
100
AcDbEntity
8
0
100
AcDbLine
10
506
20
391.684
30
0
11
509
21
391.684
31
0
0
LINE
5
1C60
330
C
100
AcDbEntity
8
0
100
AcDbLine
10
509
20
391.684
30
0
11
509
21
398.58
31
0
0
LINE
5
1C61
330
C
100
AcDbEntity
8
0
100
AcDbLine
10
509
20
398.58
30
0
11
506
21
398.58
31
0
0
LINE
5
1C62
330
C
100
AcDbEntity
8
0
100
AcDbLine
10
506
20
398.58
30
0
11
506
21
405.478
31
0
0
LINE
5
1C63
330
C
100
AcDbEntity
8
0
100
AcDbLine
10
506
20
405.478
30
0
11
509
21
405.478
31
0
0
LINE
5
1C64
330
C
100
AcDbEntity
8
0
100
AcDbLine
10
509
20
405.478
30
0
11
509
21
412.374
31
0
0
LINE
5
1C65
330
C
100
AcDbEntity
8
0
100
AcDbLine
10
509
20
412.374
30
0
11
506
21
412.374
31
0
0
LINE
5
1C66
330
C
100
AcDbEntity
8
0
100
AcDbLine
10
506
20
412.374
30
0
11
506
21
419.271
31
0
0
LINE
5
1C67
330
C
100
AcDbEntity
8
0
100
AcDbLine
10
506
20
419.271
30
0
11
509
21
419.271
31
0
0
LINE
5
1C68
330
C
100
AcDbEntity
8
0
100
AcDbLine
10
509
20
419.271
30
0
11
509
21
426.169
31
0
0
LINE
5
1C69
330
C
100
AcDbEntity
8
0
100
AcDbLine
10
509
20
426.169
30
0
11
506
21
426.169
31
0
0
LINE
5
1C6A
330
C
100
AcDbEntity
8
0
100
AcDbLine
10
506
20
426.169
30
0
11
506
21
436.013
31
0
0
LINE
5
1C6B
330
C
100
AcDbEntity
8
0
100
AcDbLine
10
506
20
436.013
30
0
11
497.475
21
440.935
31
0
0
LINE
5
1C6C
330
C
100
AcDbEntity
8
0
100
AcDbLine
10
497.475
20
440.935
30
0
11
498.975
21
443.532
31
0
0
LINE
5
1C6D
330
C
100
AcDbEntity
8
0
100
AcDbLine
10
498.975
20
443.532
30
0
11
493.002
21
446.981
31
0
0
LINE
5
1C6E
330
C
100
AcDbEntity
8
0
100
AcDbLine
10
493.002
20
446.981
30
0
11
491.502
21
444.383
31
0
0
LINE
5
1C6F
330
C
100
AcDbEntity
8
0
100
AcDbLine
10
491.502
20
444.383
30
0
11
485.528
21
447.831
31
0
0
LINE
5
1C70
330
C
100
AcDbEntity
8
0
100
AcDbLine
10
485.528
20
447.831
30
0
11
487.028
21
450.43
31
0
0
LINE
5
1C71
330
C
100
AcDbEntity
8
0
100
AcDbLine
10
487.028
20
450.43
30
0
11
481.056
21
453.878
31
0
0
LINE
5
1C72
330
C
100
AcDbEntity
8
0
100
AcDbLine
10
481.056
20
453.878
30
0
11
479.556
21
451.279
31
0
0
LINE
5
1C73
330
C
100
AcDbEntity
8
0
100
AcDbLine
10
479.556
20
451.279
30
0
11
473.583
21
454.729
31
0
0
LINE
5
1C74
330
C
100
AcDbEntity
8
0
100
AcDbLine
10
473.583
20
454.729
30
0
11
475.083
21
457.327
31
0
0
LINE
5
1C75
330
C
100
AcDbEntity
8
0
100
AcDbLine
10
475.083
20
457.327
30
0
11
469.109
21
460.775
31
0
0
LINE
5
1C76
330
C
100
AcDbEntity
8
0
100
AcDbLine
10
469.109
20
460.775
30
0
11
467.608
21
458.177
31
0
0
LINE
5
1C77
330
C
100
AcDbEntity
8
0
100
AcDbLine
10
467.608
20
458.177
30
0
11
461.636
21
461.625
31
0
0
LINE
5
1C78
330
C
100
AcDbEntity
8
0
100
AcDbLine
10
461.636
20
461.625
30
0
11
463.137
21
464.224
31
0
0
LINE
5
1C79
330
C
100
AcDbEntity
8
0
100
AcDbLine
10
463.137
20
464.224
30
0
11
457.163
21
467.672
31
0
0
LINE
5
1C7A
330
C
100
AcDbEntity
8
0
100
AcDbLine
10
457.163
20
467.672
30
0
11
455.663
21
465.074
31
0
0
LINE
5
1C7B
330
C
100
AcDbEntity
8
0
100
AcDbLine
10
455.663
20
465.074
30
0
11
449.689
21
468.522
31
0
0
LINE
5
1C7C
330
C
100
AcDbEntity
8
0
100
AcDbLine
10
449.689
20
468.522
30
0
11
451.19
21
471.121
31
0
0
LINE
5
1C7D
330
C
100
AcDbEntity
8
0
100
AcDbLine
10
451.19
20
471.121
30
0
11
445.217
21
474.569
31
0
0
LINE
5
1C7E
330
C
100
AcDbEntity
8
0
100
AcDbLine
10
445.217
20
474.569
30
0
11
443.717
21
471.971
31
0
0
LINE
5
1C7F
330
C
100
AcDbEntity
8
0
100
AcDbLine
10
443.717
20
471.971
30
0
11
437.744
21
475.42
31
0
0
LINE
5
1C80
330
C
100
AcDbEntity
8
0
100
AcDbLine
10
437.744
20
475.42
30
0
11
439.244
21
478.018
31
0
0
LINE
5
1C81
330
C
100
AcDbEntity
8
0
100
AcDbLine
10
439.244
20
478.018
30
0
11
433.271
21
481.467
31
0
0
LINE
5
1C82
330
C
100
AcDbEntity
8
0
100
AcDbLine
10
433.271
20
481.467
30
0
11
431.771
21
478.868
31
0
0
LINE
5
1C83
330
C
100
AcDbEntity
8
0
100
AcDbLine
10
431.771
20
478.868
30
0
11
425.798
21
482.316
31
0
0
LINE
5
1C84
330
C
100
AcDbEntity
8
0
100
AcDbLine
10
425.798
20
482.316
30
0
11
427.298
21
484.915
31
0
0
LINE
5
1C85
330
C
100
AcDbEntity
8
0
100
AcDbLine
10
427.298
20
484.915
30
0
11
421.325
21
488.363
31
0
0
LINE
5
1C86
330
C
100
AcDbEntity
8
0
100
AcDbLine
10
421.325
20
488.363
30
0
11
419.825
21
485.765
31
0
0
LINE
5
1C87
330
C
100
AcDbEntity
8
0
100
AcDbLine
10
419.825
20
485.765
30
0
11
413.851
21
489.214
31
0
0
LINE
5
1C88
330
C
100
AcDbEntity
8
0
100
AcDbLine
10
413.851
20
489.214
30
0
11
415.352
21
491.813
31
0
0
LINE
5
1C89
330
C
100
AcDbEntity
8
0
100
AcDbLine
10
415.352
20
491.813
30
0
11
409.379
21
495.261
31
0
0
LINE
5
1C8A
330
C
100
AcDbEntity
8
0
100
AcDbLine
10
409.379
20
495.261
30
0
11
407.878
21
492.662
31
0
0
LINE
5
1C8B
330
C
100
AcDbEntity
8
0
100
AcDbLine
10
407.878
20
492.662
30
0
11
401.905
21
496.111
31
0
0
LINE
5
1C8C
330
C
100
AcDbEntity
8
0
100
AcDbLine
10
401.905
20
496.111
30
0
11
403.405
21
498.709
31
0
0
LINE
5
1C8D
330
C
100
AcDbEntity
8
0
100
AcDbLine
10
403.405
20
498.709
30
0
11
397.433
21
502.158
31
0
0
LINE
5
1C8E
330
C
100
AcDbEntity
8
0
100
AcDbLine
10
397.433
20
502.158
30
0
11
395.933
21
499.56
31
0
0
LINE
5
1C8F
330
C
100
AcDbEntity
8
0
100
AcDbLine
10
395.933
20
499.56
30
0
11
389.959
21
503.008
31
0
0
LINE
5
1C90
330
C
100
AcDbEntity
8
0
100
AcDbLine
10
389.959
20
503.008
30
0
11
391.46
21
505.606
31
0
0
LINE
5
1C91
330
C
100
AcDbEntity
8
0
100
AcDbLine
10
391.46
20
505.606
30
0
11
385.486
21
509.055
31
0
0
LINE
5
1C92
330
C
100
AcDbEntity
8
0
100
AcDbLine
10
385.486
20
509.055
30
0
11
383.986
21
506.456
31
0
0
LINE
5
1C93
330
C
100
AcDbEntity
8
0
100
AcDbLine
10
383.986
20
506.456
30
0
11
378.014
21
509.905
31
0
0
LINE
5
1C94
330
C
100
AcDbEntity
8
0
100
AcDbLine
10
378.014
20
509.905
30
0
11
379.514
21
512.504
31
0
0
LINE
5
1C95
330
C
100
AcDbEntity
8
0
100
AcDbLine
10
379.514
20
512.504
30
0
11
373.54
21
515.952
31
0
0
LINE
5
1C96
330
C
100
AcDbEntity
8
0
100
AcDbLine
10
373.54
20
515.952
30
0
11
372.039
21
513.354
31
0
0
LINE
5
1C97
330
C
100
AcDbEntity
8
0
100
AcDbLine
10
372.039
20
513.354
30
0
11
366.066
21
516.802
31
0
0
LINE
5
1C98
330
C
100
AcDbEntity
8
0
100
AcDbLine
10
366.066
20
516.802
30
0
11
367.567
21
519.4
31
0
0
LINE
5
1C99
330
C
100
AcDbEntity
8
0
100
AcDbLine
10
367.567
20
519.4
30
0
11
361.594
21
522.85
31
0
0
LINE
5
1C9A
330
C
100
AcDbEntity
8
0
100
AcDbLine
10
361.594
20
522.85
30
0
11
360.094
21
520.251
31
0
0
LINE
5
1C9B
330
C
100
AcDbEntity
8
0
100
AcDbLine
10
360.094
20
520.251
30
0
11
354.12
21
523.699
31
0
0
LINE
5
1C9C
330
C
100
AcDbEntity
8
0
100
AcDbLine
10
354.12
20
523.699
30
0
11
355.621
21
526.298
31
0
0
LINE
5
1C9D
330
C
100
AcDbEntity
8
0
100
AcDbLine
10
355.621
20
526.298
30
0
11
349.647
21
529.746
31
0
0
LINE
5
1C9E
330
C
100
AcDbEntity
8
0
100
AcDbLine
10
349.647
20
529.746
30
0
11
348.147
21
527.147
31
0
0
LINE
5
1C9F
330
C
100
AcDbEntity
8
0
100
AcDbLine
10
348.147
20
527.147
30
0
11
342.175
21
530.597
31
0
0
LINE
5
1CA0
330
C
100
AcDbEntity
8
0
100
AcDbLine
10
342.175
20
530.597
30
0
11
343.675
21
533.195
31
0
0
LINE
5
1CA1
330
C
100
AcDbEntity
8
0
100
AcDbLine
10
343.675
20
533.195
30
0
11
337.702
21
536.644
31
0
0
LINE
5
1CA2
330
C
100
AcDbEntity
8
0
100
AcDbLine
10
337.702
20
536.644
30
0
11
336.201
21
534.045
31
0
0
LINE
5
1CA3
330
C
100
AcDbEntity
8
0
100
AcDbLine
10
336.201
20
534.045
30
0
11
330.229
21
537.493
31
0
0
LINE
5
1CA4
330
C
100
AcDbEntity
8
0
100
AcDbLine
10
330.229
20
537.493
30
0
11
331.729
21
540.092
31
0
0
LINE
5
1CA5
330
C
100
AcDbEntity
8
0
100
AcDbLine
10
331.729
20
540.092
30
0
11
325.756
21
543.541
31
0
0
LINE
5
1CA6
330
C
100
AcDbEntity
8
0
100
AcDbLine
10
325.756
20
543.541
30
0
11
324.255
21
540.941
31
0
0
LINE
5
1CA7
330
C
100
AcDbEntity
8
0
100
AcDbLine
10
324.255
20
540.941
30
0
11
318.281
21
544.391
31
0
0
LINE
5
1CA8
330
C
100
AcDbEntity
8
0
100
AcDbLine
10
318.281
20
544.391
30
0
11
319.782
21
546.989
31
0
0
LINE
5
1CA9
330
C
100
AcDbEntity
8
0
100
AcDbLine
10
319.782
20
546.989
30
0
11
313.81
21
550.438
31
0
0
LINE
5
1CAA
330
C
100
AcDbEntity
8
0
100
AcDbLine
10
313.81
20
550.438
30
0
11
312.309
21
547.839
31
0
0
LINE
5
1CAB
330
C
100
AcDbEntity
8
0
100
AcDbLine
10
312.309
20
547.839
30
0
11
306.336
21
551.288
31
0
0
LINE
5
1CAC
330
C
100
AcDbEntity
8
0
100
AcDbLine
10
306.336
20
551.288
30
0
11
307.836
21
553.887
31
0
0
LINE
5
1CAD
330
C
100
AcDbEntity
8
0
100
AcDbLine
10
307.836
20
553.887
30
0
11
301.863
21
557.335
31
0
0
LINE
5
1CAE
330
C
100
AcDbEntity
8
0
100
AcDbLine
10
301.863
20
557.335
30
0
11
300.362
21
554.736
31
0
0
LINE
5
1CAF
330
C
100
AcDbEntity
8
0
100
AcDbLine
10
300.362
20
554.736
30
0
11
294.39
21
558.185
31
0
0
LINE
5
1CB0
330
C
100
AcDbEntity
8
0
100
AcDbLine
10
294.39
20
558.185
30
0
11
295.891
21
560.783
31
0
0
LINE
5
1CB1
330
C
100
AcDbEntity
8
0
100
AcDbLine
10
295.891
20
560.783
30
0
11
289.917
21
564.232
31
0
0
LINE
5
1CB2
330
C
100
AcDbEntity
8
0
100
AcDbLine
10
289.917
20
564.232
30
0
11
288.416
21
561.633
31
0
0
LINE
5
1CB3
330
C
100
AcDbEntity
8
0
100
AcDbLine
10
288.416
20
561.633
30
0
11
282.443
21
565.082
31
0
0
LINE
5
1CB4
330
C
100
AcDbEntity
8
0
100
AcDbLine
10
282.443
20
565.082
30
0
11
283.944
21
567.681
31
0
0
LINE
5
1CB5
330
C
100
AcDbEntity
8
0
100
AcDbLine
10
283.944
20
567.681
30
0
11
277.971
21
571.129
31
0
0
LINE
5
1CB6
330
C
100
AcDbEntity
8
0
100
AcDbLine
10
277.971
20
571.129
30
0
11
276.47
21
568.53
31
0
0
LINE
5
1CB7
330
C
100
AcDbEntity
8
0
100
AcDbLine
10
276.47
20
568.53
30
0
11
270.497
21
571.979
31
0
0
LINE
5
1CB8
330
C
100
AcDbEntity
8
0
100
AcDbLine
10
270.497
20
571.979
30
0
11
271.998
21
574.577
31
0
0
LINE
5
1CB9
330
C
100
AcDbEntity
8
0
100
AcDbLine
10
271.998
20
574.577
30
0
11
266.024
21
578.026
31
0
0
LINE
5
1CBA
330
C
100
AcDbEntity
8
0
100
AcDbLine
10
266.024
20
578.026
30
0
11
264.523
21
575.428
31
0
0
LINE
5
1CBB
330
C
100
AcDbEntity
8
0
100
AcDbLine
10
264.523
20
575.428
30
0
11
256
21
580.35
31
0
0
LINE
5
1CBC
330
C
100
AcDbEntity
8
0
100
AcDbLine
10
256
20
580.35
30
0
11
247.476
21
575.427
31
0
0
LINE
5
1CBD
330
C
100
AcDbEntity
8
0
100
AcDbLine
10
247.476
20
575.427
30
0
11
245.975
21
578.026
31
0
0
LINE
5
1CBE
330
C
100
AcDbEntity
8
0
100
AcDbLine
10
245.975
20
578.026
30
0
11
240.002
21
574.577
31
0
0
LINE
5
1CBF
330
C
100
AcDbEntity
8
0
100
AcDbLine
10
240.002
20
574.577
30
0
11
241.503
21
571.979
31
0
0
LINE
5
1CC0
330
C
100
AcDbEntity
8
0
100
AcDbLine
10
241.503
20
571.979
30
0
11
235.529
21
568.53
31
0
0
LINE
5
1CC1
330
C
100
AcDbEntity
8
0
100
AcDbLine
10
235.529
20
568.53
30
0
11
234.028
21
571.129
31
0
0
LINE
5
1CC2
330
C
100
AcDbEntity
8
0
100
AcDbLine
10
234.028
20
571.129
30
0
11
228.056
21
567.681
31
0
0
LINE
5
1CC3
330
C
100
AcDbEntity
8
0
100
AcDbLine
10
228.056
20
567.681
30
0
11
229.556
21
565.082
31
0
0
LINE
5
1CC4
330
C
100
AcDbEntity
8
0
100
AcDbLine
10
229.556
20
565.082
30
0
11
223.583
21
561.633
31
0
0
LINE
5
1CC5
330
C
100
AcDbEntity
8
0
100
AcDbLine
10
223.583
20
561.633
30
0
11
222.083
21
564.231
31
0
0
LINE
5
1CC6
330
C
100
AcDbEntity
8
0
100
AcDbLine
10
222.083
20
564.231
30
0
11
216.109
21
560.783
31
0
0
LINE
5
1CC7
330
C
100
AcDbEntity
8
0
100
AcDbLine
10
216.109
20
560.783
30
0
11
217.61
21
558.185
31
0
0
LINE
5
1CC8
330
C
100
AcDbEntity
8
0
100
AcDbLine
10
217.61
20
558.185
30
0
11
211.637
21
554.736
31
0
0
LINE
5
1CC9
330
C
100
AcDbEntity
8
0
100
AcDbLine
10
211.637
20
554.736
30
0
11
210.137
21
557.335
31
0
0
LINE
5
1CCA
330
C
100
AcDbEntity
8
0
100
AcDbLine
10
210.137
20
557.335
30
0
11
204.163
21
553.886
31
0
0
LINE
5
1CCB
330
C
100
AcDbEntity
8
0
100
AcDbLine
10
204.163
20
553.886
30
0
11
205.664
21
551.287
31
0
0
LINE
5
1CCC
330
C
100
AcDbEntity
8
0
100
AcDbLine
10
205.664
20
551.287
30
0
11
199.691
21
547.839
31
0
0
LINE
5
1CCD
330
C
100
AcDbEntity
8
0
100
AcDbLine
10
199.691
20
547.839
30
0
11
198.19
21
550.438
31
0
0
LINE
5
1CCE
330
C
100
AcDbEntity
8
0
100
AcDbLine
10
198.19
20
550.438
30
0
11
192.217
21
546.989
31
0
0
LINE
5
1CCF
330
C
100
AcDbEntity
8
0
100
AcDbLine
10
192.217
20
546.989
30
0
11
193.718
21
544.39
31
0
0
LINE
5
1CD0
330
C
100
AcDbEntity
8
0
100
AcDbLine
10
193.718
20
544.39
30
0
11
187.744
21
540.941
31
0
0
LINE
5
1CD1
330
C
100
AcDbEntity
8
0
100
AcDbLine
10
187.744
20
540.941
30
0
11
186.244
21
543.54
31
0
0
LINE
5
1CD2
330
C
100
AcDbEntity
8
0
100
AcDbLine
10
186.244
20
543.54
30
0
11
180.271
21
540.092
31
0
0
LINE
5
1CD3
330
C
100
AcDbEntity
8
0
100
AcDbLine
10
180.271
20
540.092
30
0
11
181.771
21
537.493
31
0
0
LINE
5
1CD4
330
C
100
AcDbEntity
8
0
100
AcDbLine
10
181.771
20
537.493
30
0
11
175.799
21
534.045
31
0
0
LINE
5
1CD5
330
C
100
AcDbEntity
8
0
100
AcDbLine
10
175.799
20
534.045
30
0
11
174.298
21
536.644
31
0
0
LINE
5
1CD6
330
C
100
AcDbEntity
8
0
100
AcDbLine
10
174.298
20
536.644
30
0
11
168.325
21
533.194
31
0
0
LINE
5
1CD7
330
C
100
AcDbEntity
8
0
100
AcDbLine
10
168.325
20
533.194
30
0
11
169.825
21
530.597
31
0
0
LINE
5
1CD8
330
C
100
AcDbEntity
8
0
100
AcDbLine
10
169.825
20
530.597
30
0
11
163.853
21
527.147
31
0
0
LINE
5
1CD9
330
C
100
AcDbEntity
8
0
100
AcDbLine
10
163.853
20
527.147
30
0
11
162.352
21
529.746
31
0
0
LINE
5
1CDA
330
C
100
AcDbEntity
8
0
100
AcDbLine
10
162.352
20
529.746
30
0
11
156.379
21
526.298
31
0
0
LINE
5
1CDB
330
C
100
AcDbEntity
8
0
100
AcDbLine
10
156.379
20
526.298
30
0
11
157.88
21
523.699
31
0
0
LINE
5
1CDC
330
C
100
AcDbEntity
8
0
100
AcDbLine
10
157.88
20
523.699
30
0
11
151.905
21
520.25
31
0
0
LINE
5
1CDD
330
C
100
AcDbEntity
8
0
100
AcDbLine
10
151.905
20
520.25
30
0
11
150.405
21
522.849
31
0
0
LINE
5
1CDE
330
C
100
AcDbEntity
8
0
100
AcDbLine
10
150.405
20
522.849
30
0
11
144.433
21
519.4
31
0
0
LINE
5
1CDF
330
C
100
AcDbEntity
8
0
100
AcDbLine
10
144.433
20
519.4
30
0
11
145.934
21
516.802
31
0
0
LINE
5
1CE0
330
C
100
AcDbEntity
8
0
100
AcDbLine
10
145.934
20
516.802
30
0
11
139.961
21
513.354
31
0
0
LINE
5
1CE1
330
C
100
AcDbEntity
8
0
100
AcDbLine
10
139.961
20
513.354
30
0
11
138.46
21
515.952
31
0
0
LINE
5
1CE2
330
C
100
AcDbEntity
8
0
100
AcDbLine
10
138.46
20
515.952
30
0
11
132.486
21
512.504
31
0
0
LINE
5
1CE3
330
C
100
AcDbEntity
8
0
100
AcDbLine
10
132.486
20
512.504
30
0
11
133.986
21
509.905
31
0
0
LINE
5
1CE4
330
C
100
AcDbEntity
8
0
100
AcDbLine
10
133.986
20
509.905
30
0
11
128.014
21
506.456
31
0
0
LINE
5
1CE5
330
C
100
AcDbEntity
8
0
100
AcDbLine
10
128.014
20
506.456
30
0
11
126.514
21
509.055
31
0
0
LINE
5
1CE6
330
C
100
AcDbEntity
8
0
100
AcDbLine
10
126.514
20
509.055
30
0
11
120.54
21
505.606
31
0
0
LINE
5
1CE7
330
C
100
AcDbEntity
8
0
100
AcDbLine
10
120.54
20
505.606
30
0
11
122.041
21
503.008
31
0
0
LINE
5
1CE8
330
C
100
AcDbEntity
8
0
100
AcDbLine
10
122.041
20
503.008
30
0
11
116.067
21
499.56
31
0
0
LINE
5
1CE9
330
C
100
AcDbEntity
8
0
100
AcDbLine
10
116.067
20
499.56
30
0
11
114.567
21
502.158
31
0
0
LINE
5
1CEA
330
C
100
AcDbEntity
8
0
100
AcDbLine
10
114.567
20
502.158
30
0
11
108.594
21
498.709
31
0
0
LINE
5
1CEB
330
C
100
AcDbEntity
8
0
100
AcDbLine
10
108.594
20
498.709
30
0
11
110.095
21
496.11
31
0
0
LINE
5
1CEC
330
C
100
AcDbEntity
8
0
100
AcDbLine
10
110.095
20
496.11
30
0
11
104.122
21
492.662
31
0
0
LINE
5
1CED
330
C
100
AcDbEntity
8
0
100
AcDbLine
10
104.122
20
492.662
30
0
11
102.621
21
495.261
31
0
0
LINE
5
1CEE
330
C
100
AcDbEntity
8
0
100
AcDbLine
10
102.621
20
495.261
30
0
11
96.647
21
491.813
31
0
0
LINE
5
1CEF
330
C
100
AcDbEntity
8
0
100
AcDbLine
10
96.647
20
491.813
30
0
11
98.148
21
489.213
31
0
0
LINE
5
1CF0
330
C
100
AcDbEntity
8
0
100
AcDbLine
10
98.148
20
489.213
30
0
11
92.175
21
485.765
31
0
0
LINE
5
1CF1
330
C
100
AcDbEntity
8
0
100
AcDbLine
10
92.175
20
485.765
30
0
11
90.675
21
488.363
31
0
0
LINE
5
1CF2
330
C
100
AcDbEntity
8
0
100
AcDbLine
10
90.675
20
488.363
30
0
11
84.702
21
484.915
31
0
0
LINE
5
1CF3
330
C
100
AcDbEntity
8
0
100
AcDbLine
10
84.702
20
484.915
30
0
11
86.202
21
482.316
31
0
0
LINE
5
1CF4
330
C
100
AcDbEntity
8
0
100
AcDbLine
10
86.202
20
482.316
30
0
11
80.229
21
478.868
31
0
0
LINE
5
1CF5
330
C
100
AcDbEntity
8
0
100
AcDbLine
10
80.229
20
478.868
30
0
11
78.729
21
481.467
31
0
0
LINE
5
1CF6
330
C
100
AcDbEntity
8
0
100
AcDbLine
10
78.729
20
481.467
30
0
11
72.756
21
478.018
31
0
0
LINE
5
1CF7
330
C
100
AcDbEntity
8
0
100
AcDbLine
10
72.756
20
478.018
30
0
11
74.256
21
475.42
31
0
0
LINE
5
1CF8
330
C
100
AcDbEntity
8
0
100
AcDbLine
10
74.256
20
475.42
30
0
11
68.283
21
471.971
31
0
0
LINE
5
1CF9
330
C
100
AcDbEntity
8
0
100
AcDbLine
10
68.283
20
471.971
30
0
11
66.782
21
474.569
31
0
0
LINE
5
1CFA
330
C
100
AcDbEntity
8
0
100
AcDbLine
10
66.782
20
474.569
30
0
11
60.81
21
471.121
31
0
0
LINE
5
1CFB
330
C
100
AcDbEntity
8
0
100
AcDbLine
10
60.81
20
471.121
30
0
11
62.31
21
468.522
31
0
0
LINE
5
1CFC
330
C
100
AcDbEntity
8
0
100
AcDbLine
10
62.31
20
468.522
30
0
11
56.336
21
465.073
31
0
0
LINE
5
1CFD
330
C
100
AcDbEntity
8
0
100
AcDbLine
10
56.336
20
465.073
30
0
11
54.836
21
467.672
31
0
0
LINE
5
1CFE
330
C
100
AcDbEntity
8
0
100
AcDbLine
10
54.836
20
467.672
30
0
11
48.863
21
464.224
31
0
0
LINE
5
1CFF
330
C
100
AcDbEntity
8
0
100
AcDbLine
10
48.863
20
464.224
30
0
11
50.364
21
461.625
31
0
0
LINE
5
1D00
330
C
100
AcDbEntity
8
0
100
AcDbLine
10
50.364
20
461.625
30
0
11
44.391
21
458.177
31
0
0
LINE
5
1D01
330
C
100
AcDbEntity
8
0
100
AcDbLine
10
44.391
20
458.177
30
0
11
42.891
21
460.775
31
0
0
LINE
5
1D02
330
C
100
AcDbEntity
8
0
100
AcDbLine
10
42.891
20
460.775
30
0
11
36.917
21
457.326
31
0
0
LINE
5
1D03
330
C
100
AcDbEntity
8
0
100
AcDbLine
10
36.917
20
457.326
30
0
11
38.417
21
454.728
31
0
0
LINE
5
1D04
330
C
100
AcDbEntity
8
0
100
AcDbLine
10
38.417
20
454.728
30
0
11
32.444
21
451.279
31
0
0
LINE
5
1D05
330
C
100
AcDbEntity
8
0
100
AcDbLine
10
32.444
20
451.279
30
0
11
30.944
21
453.878
31
0
0
LINE
5
1D06
330
C
100
AcDbEntity
8
0
100
AcDbLine
10
30.944
20
453.878
30
0
11
24.971
21
450.43
31
0
0
LINE
5
1D07
330
C
100
AcDbEntity
8
0
100
AcDbLine
10
24.971
20
450.43
30
0
11
26.471
21
447.831
31
0
0
LINE
5
1D08
330
C
100
AcDbEntity
8
0
100
AcDbLine
10
26.471
20
447.831
30
0
11
20.498
21
444.383
31
0
0
LINE
5
1D09
330
C
100
AcDbEntity
8
0
100
AcDbLine
10
20.498
20
444.383
30
0
11
18.998
21
446.98
31
0
0
LINE
5
1D0A
330
C
100
AcDbEntity
8
0
100
AcDbLine
10
18.998
20
446.98
30
0
11
13.024
21
443.532
31
0
0
LINE
5
1D0B
330
C
100
AcDbEntity
8
0
100
AcDbLine
10
13.024
20
443.532
30
0
11
14.525
21
440.934
31
0
0
LINE
5
1D0C
330
C
100
AcDbEntity
8
0
100
AcDbLine
10
14.525
20
440.934
30
0
11
6
21
436.013
31
0
0
LINE
5
1D0D
330
C
100
AcDbEntity
8
0
100
AcDbLine
10
6
20
436.013
30
0
11
6
21
426.168
31
0
0
LINE
5
1D0E
330
C
100
AcDbEntity
8
0
100
AcDbLine
10
6
20
426.168
30
0
11
3
21
426.168
31
0
0
LINE
5
1D0F
330
C
100
AcDbEntity
8
0
100
AcDbLine
10
3
20
426.168
30
0
11
3
21
419.271
31
0
0
LINE
5
1D10
330
C
100
AcDbEntity
8
0
100
AcDbLine
10
3
20
419.271
30
0
11
6
21
419.271
31
0
0
LINE
5
1D11
330
C
100
AcDbEntity
8
0
100
AcDbLine
10
6
20
419.271
30
0
11
6
21
412.374
31
0
0
LINE
5
1D12
330
C
100
AcDbEntity
8
0
100
AcDbLine
10
6
20
412.374
30
0
11
3
21
412.374
31
0
0
LINE
5
1D13
330
C
100
AcDbEntity
8
0
100
AcDbLine
10
3
20
412.374
30
0
11
3
21
405.477
31
0
0
LINE
5
1D14
330
C
100
AcDbEntity
8
0
100
AcDbLine
10
3
20
405.477
30
0
11
6
21
405.477
31
0
0
LINE
5
1D15
330
C
100
AcDbEntity
8
0
100
AcDbLine
10
6
20
405.477
30
0
11
6
21
398.58
31
0
0
LINE
5
1D16
330
C
100
AcDbEntity
8
0
100
AcDbLine
10
6
20
398.58
30
0
11
3
21
398.58
31
0
0
LINE
5
1D17
330
C
100
AcDbEntity
8
0
100
AcDbLine
10
3
20
398.58
30
0
11
3
21
391.683
31
0
0
LINE
5
1D18
330
C
100
AcDbEntity
8
0
100
AcDbLine
10
3
20
391.683
30
0
11
6
21
391.683
31
0
0
LINE
5
1D19
330
C
100
AcDbEntity
8
0
100
AcDbLine
10
6
20
391.683
30
0
11
6
21
384.786
31
0
0
LINE
5
1D1A
330
C
100
AcDbEntity
8
0
100
AcDbLine
10
6
20
384.786
30
0
11
3
21
384.786
31
0
0
LINE
5
1D1B
330
C
100
AcDbEntity
8
0
100
AcDbLine
10
3
20
384.786
30
0
11
3
21
377.889
31
0
0
LINE
5
1D1C
330
C
100
AcDbEntity
8
0
100
AcDbLine
10
3
20
377.889
30
0
11
6
21
377.889
31
0
0
LINE
5
1D1D
330
C
100
AcDbEntity
8
0
100
AcDbLine
10
6
20
377.889
30
0
11
6
21
370.991
31
0
0
LINE
5
1D1E
330
C
100
AcDbEntity
8
0
100
AcDbLine
10
6
20
370.991
30
0
11
3
21
370.991
31
0
0
LINE
5
1D1F
330
C
100
AcDbEntity
8
0
100
AcDbLine
10
3
20
370.991
30
0
11
3
21
364.095
31
0
0
LINE
5
1D20
330
C
100
AcDbEntity
8
0
100
AcDbLine
10
3
20
364.095
30
0
11
6
21
364.095
31
0
0
LINE
5
1D21
330
C
100
AcDbEntity
8
0
100
AcDbLine
10
6
20
364.095
30
0
11
6
21
357.197
31
0
0
LINE
5
1D22
330
C
100
AcDbEntity
8
0
100
AcDbLine
10
6
20
357.197
30
0
11
3
21
357.197
31
0
0
LINE
5
1D23
330
C
100
AcDbEntity
8
0
100
AcDbLine
10
3
20
357.197
30
0
11
3
21
350.3
31
0
0
LINE
5
1D24
330
C
100
AcDbEntity
8
0
100
AcDbLine
10
3
20
350.3
30
0
11
6
21
350.3
31
0
0
LINE
5
1D25
330
C
100
AcDbEntity
8
0
100
AcDbLine
10
6
20
350.3
30
0
11
6
21
343.403
31
0
0
LINE
5
1D26
330
C
100
AcDbEntity
8
0
100
AcDbLine
10
6
20
343.403
30
0
11
3
21
343.403
31
0
0
LINE
5
1D27
330
C
100
AcDbEntity
8
0
100
AcDbLine
10
3
20
343.403
30
0
11
3
21
336.506
31
0
0
LINE
5
1D28
330
C
100
AcDbEntity
8
0
100
AcDbLine
10
3
20
336.506
30
0
11
6
21
336.506
31
0
0
LINE
5
1D29
330
C
100
AcDbEntity
8
0
100
AcDbLine
10
6
20
336.506
30
0
11
6
21
329.608
31
0
0
LINE
5
1D2A
330
C
100
AcDbEntity
8
0
100
AcDbLine
10
6
20
329.608
30
0
11
3
21
329.608
31
0
0
LINE
5
1D2B
330
C
100
AcDbEntity
8
0
100
AcDbLine
10
3
20
329.608
30
0
11
3
21
322.712
31
0
0
LINE
5
1D2C
330
C
100
AcDbEntity
8
0
100
AcDbLine
10
3
20
322.712
30
0
11
6
21
322.712
31
0
0
LINE
5
1D2D
330
C
100
AcDbEntity
8
0
100
AcDbLine
10
6
20
322.712
30
0
11
6
21
315.814
31
0
0
LINE
5
1D2E
330
C
100
AcDbEntity
8
0
100
AcDbLine
10
6
20
315.814
30
0
11
3
21
315.814
31
0
0
LINE
5
1D2F
330
C
100
AcDbEntity
8
0
100
AcDbLine
10
3
20
315.814
30
0
11
3
21
308.917
31
0
0
LINE
5
1D30
330
C
100
AcDbEntity
8
0
100
AcDbLine
10
3
20
308.917
30
0
11
6
21
308.917
31
0
0
LINE
5
1D31
330
C
100
AcDbEntity
8
0
100
AcDbLine
10
6
20
308.917
30
0
11
6
21
302.021
31
0
0
LINE
5
1D32
330
C
100
AcDbEntity
8
0
100
AcDbLine
10
6
20
302.021
30
0
11
3
21
302.021
31
0
0
LINE
5
1D33
330
C
100
AcDbEntity
8
0
100
AcDbLine
10
3
20
302.021
30
0
11
3
21
295.123
31
0
0
LINE
5
1D34
330
C
100
AcDbEntity
8
0
100
AcDbLine
10
3
20
295.123
30
0
11
6
21
295.123
31
0
0
LINE
5
1D35
330
C
100
AcDbEntity
8
0
100
AcDbLine
10
6
20
295.123
30
0
11
6
21
288.227
31
0
0
LINE
5
1D36
330
C
100
AcDbEntity
8
0
100
AcDbLine
10
6
20
288.227
30
0
11
3
21
288.227
31
0
0
LINE
5
1D37
330
C
100
AcDbEntity
8
0
100
AcDbLine
10
3
20
288.227
30
0
11
3
21
281.329
31
0
0
LINE
5
1D38
330
C
100
AcDbEntity
8
0
100
AcDbLine
10
3
20
281.329
30
0
11
6
21
281.329
31
0
0
LINE
5
1D39
330
C
100
AcDbEntity
8
0
100
AcDbLine
10
6
20
281.329
30
0
11
6
21
274.432
31
0
0
LINE
5
1D3A
330
C
100
AcDbEntity
8
0
100
AcDbLine
10
6
20
274.432
30
0
11
3
21
274.432
31
0
0
LINE
5
1D3B
330
C
100
AcDbEntity
8
0
100
AcDbLine
10
3
20
274.432
30
0
11
3
21
267.535
31
0
0
LINE
5
1D3C
330
C
100
AcDbEntity
8
0
100
AcDbLine
10
3
20
267.535
30
0
11
6
21
267.535
31
0
0
LINE
5
1D3D
330
C
100
AcDbEntity
8
0
100
AcDbLine
10
6
20
267.535
30
0
11
6
21
260.638
31
0
0
LINE
5
1D3E
330
C
100
AcDbEntity
8
0
100
AcDbLine
10
6
20
260.638
30
0
11
3
21
260.638
31
0
0
LINE
5
1D3F
330
C
100
AcDbEntity
8
0
100
AcDbLine
10
3
20
260.638
30
0
11
3
21
253.74
31
0
0
LINE
5
1D40
330
C
100
AcDbEntity
8
0
100
AcDbLine
10
3
20
253.74
30
0
11
6
21
253.74
31
0
0
LINE
5
1D41
330
C
100
AcDbEntity
8
0
100
AcDbLine
10
6
20
253.74
30
0
11
6
21
246.844
31
0
0
LINE
5
1D42
330
C
100
AcDbEntity
8
0
100
AcDbLine
10
6
20
246.844
30
0
11
3
21
246.844
31
0
0
LINE
5
1D43
330
C
100
AcDbEntity
8
0
100
AcDbLine
10
3
20
246.844
30
0
11
3
21
239.946
31
0
0
LINE
5
1D44
330
C
100
AcDbEntity
8
0
100
AcDbLine
10
3
20
239.946
30
0
11
6
21
239.946
31
0
0
LINE
5
1D45
330
C
100
AcDbEntity
8
0
100
AcDbLine
10
6
20
239.946
30
0
11
6
21
233.049
31
0
0
LINE
5
1D46
330
C
100
AcDbEntity
8
0
100
AcDbLine
10
6
20
233.049
30
0
11
3
21
233.049
31
0
0
LINE
5
1D47
330
C
100
AcDbEntity
8
0
100
AcDbLine
10
3
20
233.049
30
0
11
3
21
226.152
31
0
0
LINE
5
1D48
330
C
100
AcDbEntity
8
0
100
AcDbLine
10
3
20
226.152
30
0
11
6
21
226.152
31
0
0
LINE
5
1D49
330
C
100
AcDbEntity
8
0
100
AcDbLine
10
6
20
226.152
30
0
11
6
21
219.255
31
0
0
LINE
5
1D4A
330
C
100
AcDbEntity
8
0
100
AcDbLine
10
6
20
219.255
30
0
11
3
21
219.255
31
0
0
LINE
5
1D4B
330
C
100
AcDbEntity
8
0
100
AcDbLine
10
3
20
219.255
30
0
11
3
21
212.357
31
0
0
LINE
5
1D4C
330
C
100
AcDbEntity
8
0
100
AcDbLine
10
3
20
212.357
30
0
11
6
21
212.357
31
0
0
LINE
5
1D4D
330
C
100
AcDbEntity
8
0
100
AcDbLine
10
6
20
212.357
30
0
11
6
21
205.461
31
0
0
LINE
5
1D4E
330
C
100
AcDbEntity
8
0
100
AcDbLine
10
6
20
205.461
30
0
11
3
21
205.461
31
0
0
LINE
5
1D4F
330
C
100
AcDbEntity
8
0
100
AcDbLine
10
3
20
205.461
30
0
11
3
21
198.563
31
0
0
LINE
5
1D50
330
C
100
AcDbEntity
8
0
100
AcDbLine
10
3
20
198.563
30
0
11
6
21
198.563
31
0
0
LINE
5
1D51
330
C
100
AcDbEntity
8
0
100
AcDbLine
10
6
20
198.563
30
0
11
6
21
191.666
31
0
0
LINE
5
1D52
330
C
100
AcDbEntity
8
0
100
AcDbLine
10
6
20
191.666
30
0
11
3
21
191.666
31
0
0
LINE
5
1D53
330
C
100
AcDbEntity
8
0
100
AcDbLine
10
3
20
191.666
30
0
11
3
21
184.77
31
0
0
LINE
5
1D54
330
C
100
AcDbEntity
8
0
100
AcDbLine
10
3
20
184.77
30
0
11
6
21
184.77
31
0
0
LINE
5
1D55
330
C
100
AcDbEntity
8
0
100
AcDbLine
10
6
20
184.77
30
0
11
6
21
177.872
31
0
0
LINE
5
1D56
330
C
100
AcDbEntity
8
0
100
AcDbLine
10
6
20
177.872
30
0
11
3
21
177.872
31
0
0
LINE
5
1D57
330
C
100
AcDbEntity
8
0
100
AcDbLine
10
3
20
177.872
30
0
11
3
21
170.976
31
0
0
LINE
5
1D58
330
C
100
AcDbEntity
8
0
100
AcDbLine
10
3
20
170.976
30
0
11
6
21
170.976
31
0
0
LINE
5
1D59
330
C
100
AcDbEntity
8
0
100
AcDbLine
10
6
20
170.976
30
0
11
6
21
164.078
31
0
0
LINE
5
1D5A
330
C
100
AcDbEntity
8
0
100
AcDbLine
10
6
20
164.078
30
0
11
3
21
164.078
31
0
0
LINE
5
1D5B
330
C
100
AcDbEntity
8
0
100
AcDbLine
10
3
20
164.078
30
0
11
3
21
157.181
31
0
0
LINE
5
1D5C
330
C
100
AcDbEntity
8
0
100
AcDbLine
10
3
20
157.181
30
0
11
6
21
157.181
31
0
0
LINE
5
1D5D
330
C
100
AcDbEntity
8
0
100
AcDbLine
10
6
20
157.181
30
0
11
6
21
147.337
31
0
0
LINE
5
1D5E
330
C
100
AcDbEntity
8
0
100
AcDbLine
10
6
20
147.337
30
0
11
14.525
21
142.415
31
0
0
LINE
5
1D5F
330
C
100
AcDbEntity
8
0
100
AcDbLine
10
14.525
20
142.415
30
0
11
13.025
21
139.817
31
0
0
LINE
5
1D60
330
C
100
AcDbEntity
8
0
100
AcDbLine
10
13.025
20
139.817
30
0
11
18.998
21
136.368
31
0
0
LINE
5
1D61
330
C
100
AcDbEntity
8
0
100
AcDbLine
10
18.998
20
136.368
30
0
11
20.498
21
138.967
31
0
0
LINE
5
1D62
330
C
100
AcDbEntity
8
0
100
AcDbLine
10
20.498
20
138.967
30
0
11
26.472
21
135.519
31
0
0
LINE
5
1D63
330
C
100
AcDbEntity
8
0
100
AcDbLine
10
26.472
20
135.519
30
0
11
24.972
21
132.92
31
0
0
LINE
5
1D64
330
C
100
AcDbEntity
8
0
100
AcDbLine
10
24.972
20
132.92
30
0
11
30.944
21
129.472
31
0
0
LINE
5
1D65
330
C
100
AcDbEntity
8
0
100
AcDbLine
10
30.944
20
129.472
30
0
11
32.444
21
132.07
31
0
0
LINE
5
1D66
330
C
100
AcDbEntity
8
0
100
AcDbLine
10
32.444
20
132.07
30
0
11
38.417
21
128.621
31
0
0
LINE
5
1D67
330
C
100
AcDbEntity
8
0
100
AcDbLine
10
38.417
20
128.621
30
0
11
36.917
21
126.022
31
0
0
LINE
5
1D68
330
C
100
AcDbEntity
8
0
100
AcDbLine
10
36.917
20
126.022
30
0
11
42.891
21
122.574
31
0
0
LINE
5
1D69
330
C
100
AcDbEntity
8
0
100
AcDbLine
10
42.891
20
122.574
30
0
11
44.392
21
125.173
31
0
0
LINE
5
1D6A
330
C
100
AcDbEntity
8
0
100
AcDbLine
10
44.392
20
125.173
30
0
11
50.364
21
121.725
31
0
0
LINE
5
1D6B
330
C
100
AcDbEntity
8
0
100
AcDbLine
10
50.364
20
121.725
30
0
11
48.863
21
119.126
31
0
0
LINE
5
1D6C
330
C
100
AcDbEntity
8
0
100
AcDbLine
10
48.863
20
119.126
30
0
11
54.837
21
115.678
31
0
0
LINE
5
1D6D
330
C
100
AcDbEntity
8
0
100
AcDbLine
10
54.837
20
115.678
30
0
11
56.337
21
118.275
31
0
0
LINE
5
1D6E
330
C
100
AcDbEntity
8
0
100
AcDbLine
10
56.337
20
118.275
30
0
11
62.311
21
114.827
31
0
0
LINE
5
1D6F
330
C
100
AcDbEntity
8
0
100
AcDbLine
10
62.311
20
114.827
30
0
11
60.81
21
112.229
31
0
0
LINE
5
1D70
330
C
100
AcDbEntity
8
0
100
AcDbLine
10
60.81
20
112.229
30
0
11
66.783
21
108.78
31
0
0
LINE
5
1D71
330
C
100
AcDbEntity
8
0
100
AcDbLine
10
66.783
20
108.78
30
0
11
68.283
21
111.379
31
0
0
LINE
5
1D72
330
C
100
AcDbEntity
8
0
100
AcDbLine
10
68.283
20
111.379
30
0
11
74.256
21
107.93
31
0
0
LINE
5
1D73
330
C
100
AcDbEntity
8
0
100
AcDbLine
10
74.256
20
107.93
30
0
11
72.756
21
105.332
31
0
0
LINE
5
1D74
330
C
100
AcDbEntity
8
0
100
AcDbLine
10
72.756
20
105.332
30
0
11
78.729
21
101.883
31
0
0
LINE
5
1D75
330
C
100
AcDbEntity
8
0
100
AcDbLine
10
78.729
20
101.883
30
0
11
80.229
21
104.481
31
0
0
LINE
5
1D76
330
C
100
AcDbEntity
8
0
100
AcDbLine
10
80.229
20
104.481
30
0
11
86.202
21
101.033
31
0
0
LINE
5
1D77
330
C
100
AcDbEntity
8
0
100
AcDbLine
10
86.202
20
101.033
30
0
11
84.702
21
98.435
31
0
0
LINE
5
1D78
330
C
100
AcDbEntity
8
0
100
AcDbLine
10
84.702
20
98.435
30
0
11
90.675
21
94.986
31
0
0
LINE
5
1D79
330
C
100
AcDbEntity
8
0
100
AcDbLine
10
90.675
20
94.986
30
0
11
92.175
21
97.585
31
0
0
LINE
5
1D7A
330
C
100
AcDbEntity
8
0
100
AcDbLine
10
92.175
20
97.585
30
0
11
98.149
21
94.136
31
0
0
LINE
5
1D7B
330
C
100
AcDbEntity
8
0
100
AcDbLine
10
98.149
20
94.136
30
0
11
96.648
21
91.537
31
0
0
LINE
5
1D7C
330
C
100
AcDbEntity
8
0
100
AcDbLine
10
96.648
20
91.537
30
0
11
102.621
21
88.089
31
0
0
LINE
5
1D7D
330
C
100
AcDbEntity
8
0
100
AcDbLine
10
102.621
20
88.089
30
0
11
104.122
21
90.688
31
0
0
LINE
5
1D7E
330
C
100
AcDbEntity
8
0
100
AcDbLine
10
104.122
20
90.688
30
0
11
110.095
21
87.238
31
0
0
LINE
5
1D7F
330
C
100
AcDbEntity
8
0
100
AcDbLine
10
110.095
20
87.238
30
0
11
108.595
21
84.641
31
0
0
LINE
5
1D80
330
C
100
AcDbEntity
8
0
100
AcDbLine
10
108.595
20
84.641
30
0
11
114.567
21
81.191
31
0
0
LINE
5
1D81
330
C
100
AcDbEntity
8
0
100
AcDbLine
10
114.567
20
81.191
30
0
11
116.067
21
83.79
31
0
0
LINE
5
1D82
330
C
100
AcDbEntity
8
0
100
AcDbLine
10
116.067
20
83.79
30
0
11
122.041
21
80.342
31
0
0
LINE
5
1D83
330
C
100
AcDbEntity
8
0
100
AcDbLine
10
122.041
20
80.342
30
0
11
120.54
21
77.743
31
0
0
LINE
5
1D84
330
C
100
AcDbEntity
8
0
100
AcDbLine
10
120.54
20
77.743
30
0
11
126.514
21
74.295
31
0
0
LINE
5
1D85
330
C
100
AcDbEntity
8
0
100
AcDbLine
10
126.514
20
74.295
30
0
11
128.014
21
76.894
31
0
0
LINE
5
1D86
330
C
100
AcDbEntity
8
0
100
AcDbLine
10
128.014
20
76.894
30
0
11
133.986
21
73.444
31
0
0
LINE
5
1D87
330
C
100
AcDbEntity
8
0
100
AcDbLine
10
133.986
20
73.444
30
0
11
132.486
21
70.846
31
0
0
LINE
5
1D88
330
C
100
AcDbEntity
8
0
100
AcDbLine
10
132.486
20
70.846
30
0
11
138.46
21
67.397
31
0
0
LINE
5
1D89
330
C
100
AcDbEntity
8
0
100
AcDbLine
10
138.46
20
67.397
30
0
11
139.961
21
69.996
31
0
0
LINE
5
1D8A
330
C
100
AcDbEntity
8
0
100
AcDbLine
10
139.961
20
69.996
30
0
11
145.934
21
66.548
31
0
0
LINE
5
1D8B
330
C
100
AcDbEntity
8
0
100
AcDbLine
10
145.934
20
66.548
30
0
11
144.433
21
63.949
31
0
0
LINE
5
1D8C
330
C
100
AcDbEntity
8
0
100
AcDbLine
10
144.433
20
63.949
30
0
11
150.406
21
60.5
31
0
0
LINE
5
1D8D
330
C
100
AcDbEntity
8
0
100
AcDbLine
10
150.406
20
60.5
30
0
11
151.906
21
63.099
31
0
0
LINE
5
1D8E
330
C
100
AcDbEntity
8
0
100
AcDbLine
10
151.906
20
63.099
30
0
11
157.88
21
59.65
31
0
0
LINE
5
1D8F
330
C
100
AcDbEntity
8
0
100
AcDbLine
10
157.88
20
59.65
30
0
11
156.379
21
57.052
31
0
0
LINE
5
1D90
330
C
100
AcDbEntity
8
0
100
AcDbLine
10
156.379
20
57.052
30
0
11
162.353
21
53.604
31
0
0
LINE
5
1D91
330
C
100
AcDbEntity
8
0
100
AcDbLine
10
162.353
20
53.604
30
0
11
163.853
21
56.202
31
0
0
LINE
5
1D92
330
C
100
AcDbEntity
8
0
100
AcDbLine
10
163.853
20
56.202
30
0
11
169.825
21
52.753
31
0
0
LINE
5
1D93
330
C
100
AcDbEntity
8
0
100
AcDbLine
10
169.825
20
52.753
30
0
11
168.325
21
50.154
31
0
0
LINE
5
1D94
330
C
100
AcDbEntity
8
0
100
AcDbLine
10
168.325
20
50.154
30
0
11
174.298
21
46.706
31
0
0
LINE
5
1D95
330
C
100
AcDbEntity
8
0
100
AcDbLine
10
174.298
20
46.706
30
0
11
175.799
21
49.305
31
0
0
LINE
5
1D96
330
C
100
AcDbEntity
8
0
100
AcDbLine
10
175.799
20
49.305
30
0
11
181.771
21
45.856
31
0
0
LINE
5
1D97
330
C
100
AcDbEntity
8
0
100
AcDbLine
10
181.771
20
45.856
30
0
11
180.271
21
43.258
31
0
0
LINE
5
1D98
330
C
100
AcDbEntity
8
0
100
AcDbLine
10
180.271
20
43.258
30
0
11
186.244
21
39.809
31
0
0
LINE
5
1D99
330
C
100
AcDbEntity
8
0
100
AcDbLine
10
186.244
20
39.809
30
0
11
187.745
21
42.408
31
0
0
LINE
5
1D9A
330
C
100
AcDbEntity
8
0
100
AcDbLine
10
187.745
20
42.408
30
0
11
193.719
21
38.959
31
0
0
LINE
5
1D9B
330
C
100
AcDbEntity
8
0
100
AcDbLine
10
193.719
20
38.959
30
0
11
192.218
21
36.36
31
0
0
LINE
5
1D9C
330
C
100
AcDbEntity
8
0
100
AcDbLine
10
192.218
20
36.36
30
0
11
198.19
21
32.912
31
0
0
LINE
5
1D9D
330
C
100
AcDbEntity
8
0
100
AcDbLine
10
198.19
20
32.912
30
0
11
199.691
21
35.511
31
0
0
LINE
5
1D9E
330
C
100
AcDbEntity
8
0
100
AcDbLine
10
199.691
20
35.511
30
0
11
205.664
21
32.062
31
0
0
LINE
5
1D9F
330
C
100
AcDbEntity
8
0
100
AcDbLine
10
205.664
20
32.062
30
0
11
204.164
21
29.463
31
0
0
LINE
5
1DA0
330
C
100
AcDbEntity
8
0
100
AcDbLine
10
204.164
20
29.463
30
0
11
210.137
21
26.015
31
0
0
LINE
5
1DA1
330
C
100
AcDbEntity
8
0
100
AcDbLine
10
210.137
20
26.015
30
0
11
211.638
21
28.613
31
0
0
LINE
5
1DA2
330
C
100
AcDbEntity
8
0
100
AcDbLine
10
211.638
20
28.613
30
0
11
217.61
21
25.165
31
0
0
LINE
5
1DA3
330
C
100
AcDbEntity
8
0
100
AcDbLine
10
217.61
20
25.165
30
0
11
216.109
21
22.566
31
0
0
LINE
5
1DA4
330
C
100
AcDbEntity
8
0
100
AcDbLine
10
216.109
20
22.566
30
0
11
222.083
21
19.117
31
0
0
LINE
5
1DA5
330
C
100
AcDbEntity
8
0
100
AcDbLine
10
222.083
20
19.117
30
0
11
223.584
21
21.717
31
0
0
LINE
5
1DA6
330
C
100
AcDbEntity
8
0
100
AcDbLine
10
223.584
20
21.717
30
0
11
229.557
21
18.268
31
0
0
LINE
5
1DA7
330
C
100
AcDbEntity
8
0
100
AcDbLine
10
229.557
20
18.268
30
0
11
228.056
21
15.669
31
0
0
LINE
5
1DA8
330
C
100
AcDbEntity
8
0
100
AcDbLine
10
228.056
20
15.669
30
0
11
234.029
21
12.221
31
0
0
LINE
5
1DA9
330
C
100
AcDbEntity
8
0
100
AcDbLine
10
234.029
20
12.221
30
0
11
235.53
21
14.819
31
0
0
LINE
5
1DAA
330
C
100
AcDbEntity
8
0
100
AcDbLine
10
235.53
20
14.819
30
0
11
241.503
21
11.371
31
0
0
LINE
5
1DAB
330
C
100
AcDbEntity
8
0
100
AcDbLine
10
241.503
20
11.371
30
0
11
240.002
21
8.772
31
0
0
LINE
5
1DAC
330
C
100
AcDbEntity
8
0
100
AcDbLine
10
240.002
20
8.772
30
0
11
245.976
21
5.323
31
0
0
LINE
5
1DAD
330
C
100
AcDbEntity
8
0
100
AcDbLine
10
245.976
20
5.323
30
0
11
247.477
21
7.922
31
0
0
LINE
5
1DAE
330
C
100
AcDbEntity
8
0
100
AcDbLine
10
247.477
20
7.922
30
0
11
256
21
3
31
0
0
LINE
5
1DAF
330
C
100
AcDbEntity
8
0
100
AcDbLine
10
256
20
3
30
0
11
264.524
21
7.923
31
0
0
LINE
5
1DB0
330
C
100
AcDbEntity
8
0
100
AcDbLine
10
239.62
20
287.907
30
0
11
236.8
21
287.907
31
0
0
LINE
5
1DB1
330
C
100
AcDbEntity
8
0
100
AcDbLine
10
236.8
20
287.907
30
0
11
236.8
21
295.443
31
0
0
LINE
5
1DB2
330
C
100
AcDbEntity
8
0
100
AcDbLine
10
236.8
20
295.443
30
0
11
239.62
21
295.443
31
0
0
LINE
5
1DB3
330
C
100
AcDbEntity
8
0
100
AcDbLine
10
239.62
20
295.443
30
0
11
239.783
21
295.44
31
0
0
LINE
5
1DB4
330
C
100
AcDbEntity
8
0
100
AcDbLine
10
239.783
20
295.44
30
0
11
239.94
21
295.432
31
0
0
LINE
5
1DB5
330
C
100
AcDbEntity
8
0
100
AcDbLine
10
239.94
20
295.432
30
0
11
240.091
21
295.418
31
0
0
LINE
5
1DB6
330
C
100
AcDbEntity
8
0
100
AcDbLine
10
240.091
20
295.418
30
0
11
240.237
21
295.399
31
0
0
LINE
5
1DB7
330
C
100
AcDbEntity
8
0
100
AcDbLine
10
240.237
20
295.399
30
0
11
240.377
21
295.375
31
0
0
LINE
5
1DB8
330
C
100
AcDbEntity
8
0
100
AcDbLine
10
240.377
20
295.375
30
0
11
240.512
21
295.345
31
0
0
LINE
5
1DB9
330
C
100
AcDbEntity
8
0
100
AcDbLine
10
240.512
20
295.345
30
0
11
240.641
21
295.309
31
0
0
LINE
5
1DBA
330
C
100
AcDbEntity
8
0
100
AcDbLine
10
240.641
20
295.309
30
0
11
240.764
21
295.268
31
0
0
LINE
5
1DBB
330
C
100
AcDbEntity
8
0
100
AcDbLine
10
240.764
20
295.268
30
0
11
240.882
21
295.222
31
0
0
LINE
5
1DBC
330
C
100
AcDbEntity
8
0
100
AcDbLine
10
240.882
20
295.222
30
0
11
240.994
21
295.17
31
0
0
LINE
5
1DBD
330
C
100
AcDbEntity
8
0
100
AcDbLine
10
240.994
20
295.17
30
0
11
241.1
21
295.113
31
0
0
LINE
5
1DBE
330
C
100
AcDbEntity
8
0
100
AcDbLine
10
241.1
20
295.113
30
0
11
241.201
21
295.054
31
0
0
LINE
5
1DBF
330
C
100
AcDbEntity
8
0
100
AcDbLine
10
241.201
20
295.054
30
0
11
241.297
21
294.99
31
0
0
LINE
5
1DC0
330
C
100
AcDbEntity
8
0
100
AcDbLine
10
241.297
20
294.99
30
0
11
241.387
21
294.924
31
0
0
LINE
5
1DC1
330
C
100
AcDbEntity
8
0
100
AcDbLine
10
241.387
20
294.924
30
0
11
241.471
21
294.853
31
0
0
LINE
5
1DC2
330
C
100
AcDbEntity
8
0
100
AcDbLine
10
241.471
20
294.853
30
0
11
241.55
21
294.78
31
0
0
LINE
5
1DC3
330
C
100
AcDbEntity
8
0
100
AcDbLine
10
241.55
20
294.78
30
0
11
241.623
21
294.702
31
0
0
LINE
5
1DC4
330
C
100
AcDbEntity
8
0
100
AcDbLine
10
241.623
20
294.702
30
0
11
241.691
21
294.622
31
0
0
LINE
5
1DC5
330
C
100
AcDbEntity
8
0
100
AcDbLine
10
241.691
20
294.622
30
0
11
241.753
21
294.537
31
0
0
LINE
5
1DC6
330
C
100
AcDbEntity
8
0
100
AcDbLine
10
241.753
20
294.537
30
0
11
241.81
21
294.45
31
0
0
LINE
5
1DC7
330
C
100
AcDbEntity
8
0
100
AcDbLine
10
241.81
20
294.45
30
0
11
241.861
21
294.36
31
0
0
LINE
5
1DC8
330
C
100
AcDbEntity
8
0
100
AcDbLine
10
241.861
20
294.36
30
0
11
241.907
21
294.268
31
0
0
LINE
5
1DC9
330
C
100
AcDbEntity
8
0
100
AcDbLine
10
241.907
20
294.268
30
0
11
241.948
21
294.174
31
0
0
LINE
5
1DCA
330
C
100
AcDbEntity
8
0
100
AcDbLine
10
241.948
20
294.174
30
0
11
241.983
21
294.079
31
0
0
LINE
5
1DCB
330
C
100
AcDbEntity
8
0
100
AcDbLine
10
241.983
20
294.079
30
0
11
242.012
21
293.983
31
0
0
LINE
5
1DCC
330
C
100
AcDbEntity
8
0
100
AcDbLine
10
242.012
20
293.983
30
0
11
242.037
21
293.884
31
0
0
LINE
5
1DCD
330
C
100
AcDbEntity
8
0
100
AcDbLine
10
242.037
20
293.884
30
0
11
242.056
21
293.784
31
0
0
LINE
5
1DCE
330
C
100
AcDbEntity
8
0
100
AcDbLine
10
242.056
20
293.784
30
0
11
242.069
21
293.683
31
0
0
LINE
5
1DCF
330
C
100
AcDbEntity
8
0
100
AcDbLine
10
242.069
20
293.683
30
0
11
242.077
21
293.58
31
0
0
LINE
5
1DD0
330
C
100
AcDbEntity
8
0
100
AcDbLine
10
242.077
20
293.58
30
0
11
242.08
21
293.475
31
0
0
LINE
5
1DD1
330
C
100
AcDbEntity
8
0
100
AcDbLine
10
242.08
20
293.475
30
0
11
242.08
21
293.475
31
0
0
LINE
5
1DD2
330
C
100
AcDbEntity
8
0
100
AcDbLine
10
242.08
20
293.475
30
0
11
242.076
21
293.347
31
0
0
LINE
5
1DD3
330
C
100
AcDbEntity
8
0
100
AcDbLine
10
242.076
20
293.347
30
0
11
242.066
21
293.222
31
0
0
LINE
5
1DD4
330
C
100
AcDbEntity
8
0
100
AcDbLine
10
242.066
20
293.222
30
0
11
242.048
21
293.101
31
0
0
LINE
5
1DD5
330
C
100
AcDbEntity
8
0
100
AcDbLine
10
242.048
20
293.101
30
0
11
242.023
21
292.984
31
0
0
LINE
5
1DD6
330
C
100
AcDbEntity
8
0
100
AcDbLine
10
242.023
20
292.984
30
0
11
241.991
21
292.87
31
0
0
LINE
5
1DD7
330
C
100
AcDbEntity
8
0
100
AcDbLine
10
241.991
20
292.87
30
0
11
241.951
21
292.759
31
0
0
LINE
5
1DD8
330
C
100
AcDbEntity
8
0
100
AcDbLine
10
241.951
20
292.759
30
0
11
241.905
21
292.651
31
0
0
LINE
5
1DD9
330
C
100
AcDbEntity
8
0
100
AcDbLine
10
241.905
20
292.651
30
0
11
241.852
21
292.547
31
0
0
LINE
5
1DDA
330
C
100
AcDbEntity
8
0
100
AcDbLine
10
241.852
20
292.547
30
0
11
241.791
21
292.447
31
0
0
LINE
5
1DDB
330
C
100
AcDbEntity
8
0
100
AcDbLine
10
241.791
20
292.447
30
0
11
241.723
21
292.35
31
0
0
LINE
5
1DDC
330
C
100
AcDbEntity
8
0
100
AcDbLine
10
241.723
20
292.35
30
0
11
241.648
21
292.257
31
0
0
LINE
5
1DDD
330
C
100
AcDbEntity
8
0
100
AcDbLine
10
241.648
20
292.257
30
0
11
241.566
21
292.171
31
0
0
LINE
5
1DDE
330
C
100
AcDbEntity
8
0
100
AcDbLine
10
241.566
20
292.171
30
0
11
241.477
21
292.091
31
0
0
LINE
5
1DDF
330
C
100
AcDbEntity
8
0
100
AcDbLine
10
241.477
20
292.091
30
0
11
241.38
21
292.017
31
0
0
LINE
5
1DE0
330
C
100
AcDbEntity
8
0
100
AcDbLine
10
241.38
20
292.017
30
0
11
241.277
21
291.949
31
0
0
LINE
5
1DE1
330
C
100
AcDbEntity
8
0
100
AcDbLine
10
241.277
20
291.949
30
0
11
241.166
21
291.886
31
0
0
LINE
5
1DE2
330
C
100
AcDbEntity
8
0
100
AcDbLine
10
241.166
20
291.886
30
0
11
241.048
21
291.83
31
0
0
LINE
5
1DE3
330
C
100
AcDbEntity
8
0
100
AcDbLine
10
241.048
20
291.83
30
0
11
240.923
21
291.781
31
0
0
LINE
5
1DE4
330
C
100
AcDbEntity
8
0
100
AcDbLine
10
240.923
20
291.781
30
0
11
240.791
21
291.737
31
0
0
LINE
5
1DE5
330
C
100
AcDbEntity
8
0
100
AcDbLine
10
240.791
20
291.737
30
0
11
240.652
21
291.699
31
0
0
LINE
5
1DE6
330
C
100
AcDbEntity
8
0
100
AcDbLine
10
240.652
20
291.699
30
0
11
240.652
21
291.699
31
0
0
LINE
5
1DE7
330
C
100
AcDbEntity
8
0
100
AcDbLine
10
240.652
20
291.699
30
0
11
240.743
21
291.683
31
0
0
LINE
5
1DE8
330
C
100
AcDbEntity
8
0
100
AcDbLine
10
240.743
20
291.683
30
0
11
240.832
21
291.663
31
0
0
LINE
5
1DE9
330
C
100
AcDbEntity
8
0
100
AcDbLine
10
240.832
20
291.663
30
0
11
240.919
21
291.639
31
0
0
LINE
5
1DEA
330
C
100
AcDbEntity
8
0
100
AcDbLine
10
240.919
20
291.639
30
0
11
241.004
21
291.612
31
0
0
LINE
5
1DEB
330
C
100
AcDbEntity
8
0
100
AcDbLine
10
241.004
20
291.612
30
0
11
241.086
21
291.581
31
0
0
LINE
5
1DEC
330
C
100
AcDbEntity
8
0
100
AcDbLine
10
241.086
20
291.581
30
0
11
241.166
21
291.547
31
0
0
LINE
5
1DED
330
C
100
AcDbEntity
8
0
100
AcDbLine
10
241.166
20
291.547
30
0
11
241.244
21
291.508
31
0
0
LINE
5
1DEE
330
C
100
AcDbEntity
8
0
100
AcDbLine
10
241.244
20
291.508
30
0
11
241.32
21
291.466
31
0
0
LINE
5
1DEF
330
C
100
AcDbEntity
8
0
100
AcDbLine
10
241.32
20
291.466
30
0
11
241.394
21
291.421
31
0
0
LINE
5
1DF0
330
C
100
AcDbEntity
8
0
100
AcDbLine
10
241.394
20
291.421
30
0
11
241.465
21
291.372
31
0
0
LINE
5
1DF1
330
C
100
AcDbEntity
8
0
100
AcDbLine
10
241.465
20
291.372
30
0
11
241.534
21
291.32
31
0
0
LINE
5
1DF2
330
C
100
AcDbEntity
8
0
100
AcDbLine
10
241.534
20
291.32
30
0
11
241.599
21
291.265
31
0
0
LINE
5
1DF3
330
C
100
AcDbEntity
8
0
100
AcDbLine
10
241.599
20
291.265
30
0
11
241.662
21
291.209
31
0
0
LINE
5
1DF4
330
C
100
AcDbEntity
8
0
100
AcDbLine
10
241.662
20
291.209
30
0
11
241.721
21
291.15
31
0
0
LINE
5
1DF5
330
C
100
AcDbEntity
8
0
100
AcDbLine
10
241.721
20
291.15
30
0
11
241.778
21
291.088
31
0
0
LINE
5
1DF6
330
C
100
AcDbEntity
8
0
100
AcDbLine
10
241.778
20
291.088
30
0
11
241.831
21
291.025
31
0
0
LINE
5
1DF7
330
C
100
AcDbEntity
8
0
100
AcDbLine
10
241.831
20
291.025
30
0
11
241.881
21
290.959
31
0
0
LINE
5
1DF8
330
C
100
AcDbEntity
8
0
100
AcDbLine
10
241.881
20
290.959
30
0
11
241.929
21
290.891
31
0
0
LINE
5
1DF9
330
C
100
AcDbEntity
8
0
100
AcDbLine
10
241.929
20
290.891
30
0
11
241.973
21
290.82
31
0
0
LINE
5
1DFA
330
C
100
AcDbEntity
8
0
100
AcDbLine
10
241.973
20
290.82
30
0
11
242.014
21
290.748
31
0
0
LINE
5
1DFB
330
C
100
AcDbEntity
8
0
100
AcDbLine
10
242.014
20
290.748
30
0
11
242.052
21
290.673
31
0
0
LINE
5
1DFC
330
C
100
AcDbEntity
8
0
100
AcDbLine
10
242.052
20
290.673
30
0
11
242.085
21
290.598
31
0
0
LINE
5
1DFD
330
C
100
AcDbEntity
8
0
100
AcDbLine
10
242.085
20
290.598
30
0
11
242.115
21
290.522
31
0
0
LINE
5
1DFE
330
C
100
AcDbEntity
8
0
100
AcDbLine
10
242.115
20
290.522
30
0
11
242.141
21
290.444
31
0
0
LINE
5
1DFF
330
C
100
AcDbEntity
8
0
100
AcDbLine
10
242.141
20
290.444
30
0
11
242.162
21
290.366
31
0
0
LINE
5
1E00
330
C
100
AcDbEntity
8
0
100
AcDbLine
10
242.162
20
290.366
30
0
11
242.18
21
290.287
31
0
0
LINE
5
1E01
330
C
100
AcDbEntity
8
0
100
AcDbLine
10
242.18
20
290.287
30
0
11
242.194
21
290.206
31
0
0
LINE
5
1E02
330
C
100
AcDbEntity
8
0
100
AcDbLine
10
242.194
20
290.206
30
0
11
242.204
21
290.125
31
0
0
LINE
5
1E03
330
C
100
AcDbEntity
8
0
100
AcDbLine
10
242.204
20
290.125
30
0
11
242.21
21
290.042
31
0
0
LINE
5
1E04
330
C
100
AcDbEntity
8
0
100
AcDbLine
10
242.21
20
290.042
30
0
11
242.212
21
289.959
31
0
0
LINE
5
1E05
330
C
100
AcDbEntity
8
0
100
AcDbLine
10
242.212
20
289.959
30
0
11
242.212
21
289.959
31
0
0
LINE
5
1E06
330
C
100
AcDbEntity
8
0
100
AcDbLine
10
242.212
20
289.959
30
0
11
242.211
21
289.882
31
0
0
LINE
5
1E07
330
C
100
AcDbEntity
8
0
100
AcDbLine
10
242.211
20
289.882
30
0
11
242.207
21
289.806
31
0
0
LINE
5
1E08
330
C
100
AcDbEntity
8
0
100
AcDbLine
10
242.207
20
289.806
30
0
11
242.2
21
289.73
31
0
0
LINE
5
1E09
330
C
100
AcDbEntity
8
0
100
AcDbLine
10
242.2
20
289.73
30
0
11
242.191
21
289.654
31
0
0
LINE
5
1E0A
330
C
100
AcDbEntity
8
0
100
AcDbLine
10
242.191
20
289.654
30
0
11
242.18
21
289.579
31
0
0
LINE
5
1E0B
330
C
100
AcDbEntity
8
0
100
AcDbLine
10
242.18
20
289.579
30
0
11
242.166
21
289.504
31
0
0
LINE
5
1E0C
330
C
100
AcDbEntity
8
0
100
AcDbLine
10
242.166
20
289.504
30
0
11
242.149
21
289.43
31
0
0
LINE
5
1E0D
330
C
100
AcDbEntity
8
0
100
AcDbLine
10
242.149
20
289.43
30
0
11
242.129
21
289.356
31
0
0
LINE
5
1E0E
330
C
100
AcDbEntity
8
0
100
AcDbLine
10
242.129
20
289.356
30
0
11
242.108
21
289.282
31
0
0
LINE
5
1E0F
330
C
100
AcDbEntity
8
0
100
AcDbLine
10
242.108
20
289.282
30
0
11
242.083
21
289.209
31
0
0
LINE
5
1E10
330
C
100
AcDbEntity
8
0
100
AcDbLine
10
242.083
20
289.209
30
0
11
242.055
21
289.136
31
0
0
LINE
5
1E11
330
C
100
AcDbEntity
8
0
100
AcDbLine
10
242.055
20
289.136
30
0
11
242.025
21
289.065
31
0
0
LINE
5
1E12
330
C
100
AcDbEntity
8
0
100
AcDbLine
10
242.025
20
289.065
30
0
11
241.99
21
288.996
31
0
0
LINE
5
1E13
330
C
100
AcDbEntity
8
0
100
AcDbLine
10
241.99
20
288.996
30
0
11
241.952
21
288.928
31
0
0
LINE
5
1E14
330
C
100
AcDbEntity
8
0
100
AcDbLine
10
241.952
20
288.928
30
0
11
241.911
21
288.861
31
0
0
LINE
5
1E15
330
C
100
AcDbEntity
8
0
100
AcDbLine
10
241.911
20
288.861
30
0
11
241.867
21
288.796
31
0
0
LINE
5
1E16
330
C
100
AcDbEntity
8
0
100
AcDbLine
10
241.867
20
288.796
30
0
11
241.819
21
288.732
31
0
0
LINE
5
1E17
330
C
100
AcDbEntity
8
0
100
AcDbLine
10
241.819
20
288.732
30
0
11
241.767
21
288.669
31
0
0
LINE
5
1E18
330
C
100
AcDbEntity
8
0
100
AcDbLine
10
241.767
20
288.669
30
0
11
241.712
21
288.608
31
0
0
LINE
5
1E19
330
C
100
AcDbEntity
8
0
100
AcDbLine
10
241.712
20
288.608
30
0
11
241.654
21
288.549
31
0
0
LINE
5
1E1A
330
C
100
AcDbEntity
8
0
100
AcDbLine
10
241.654
20
288.549
30
0
11
241.592
21
288.491
31
0
0
LINE
5
1E1B
330
C
100
AcDbEntity
8
0
100
AcDbLine
10
241.592
20
288.491
30
0
11
241.526
21
288.436
31
0
0
LINE
5
1E1C
330
C
100
AcDbEntity
8
0
100
AcDbLine
10
241.526
20
288.436
30
0
11
241.456
21
288.383
31
0
0
LINE
5
1E1D
330
C
100
AcDbEntity
8
0
100
AcDbLine
10
241.456
20
288.383
30
0
11
241.382
21
288.333
31
0
0
LINE
5
1E1E
330
C
100
AcDbEntity
8
0
100
AcDbLine
10
241.382
20
288.333
30
0
11
241.304
21
288.285
31
0
0
LINE
5
1E1F
330
C
100
AcDbEntity
8
0
100
AcDbLine
10
241.304
20
288.285
30
0
11
241.223
21
288.239
31
0
0
LINE
5
1E20
330
C
100
AcDbEntity
8
0
100
AcDbLine
10
241.223
20
288.239
30
0
11
241.137
21
288.196
31
0
0
LINE
5
1E21
330
C
100
AcDbEntity
8
0
100
AcDbLine
10
241.137
20
288.196
30
0
11
241.047
21
288.155
31
0
0
LINE
5
1E22
330
C
100
AcDbEntity
8
0
100
AcDbLine
10
241.047
20
288.155
30
0
11
240.954
21
288.117
31
0
0
LINE
5
1E23
330
C
100
AcDbEntity
8
0
100
AcDbLine
10
240.954
20
288.117
30
0
11
240.856
21
288.081
31
0
0
LINE
5
1E24
330
C
100
AcDbEntity
8
0
100
AcDbLine
10
240.856
20
288.081
30
0
11
240.754
21
288.048
31
0
0
LINE
5
1E25
330
C
100
AcDbEntity
8
0
100
AcDbLine
10
240.754
20
288.048
30
0
11
240.647
21
288.018
31
0
0
LINE
5
1E26
330
C
100
AcDbEntity
8
0
100
AcDbLine
10
240.647
20
288.018
30
0
11
240.536
21
287.992
31
0
0
LINE
5
1E27
330
C
100
AcDbEntity
8
0
100
AcDbLine
10
240.536
20
287.992
30
0
11
240.419
21
287.969
31
0
0
LINE
5
1E28
330
C
100
AcDbEntity
8
0
100
AcDbLine
10
240.419
20
287.969
30
0
11
240.298
21
287.95
31
0
0
LINE
5
1E29
330
C
100
AcDbEntity
8
0
100
AcDbLine
10
240.298
20
287.95
30
0
11
240.172
21
287.935
31
0
0
LINE
5
1E2A
330
C
100
AcDbEntity
8
0
100
AcDbLine
10
240.172
20
287.935
30
0
11
240.041
21
287.922
31
0
0
LINE
5
1E2B
330
C
100
AcDbEntity
8
0
100
AcDbLine
10
240.041
20
287.922
30
0
11
239.906
21
287.914
31
0
0
LINE
5
1E2C
330
C
100
AcDbEntity
8
0
100
AcDbLine
10
239.906
20
287.914
30
0
11
239.765
21
287.909
31
0
0
LINE
5
1E2D
330
C
100
AcDbEntity
8
0
100
AcDbLine
10
239.765
20
287.909
30
0
11
239.62
21
287.907
31
0
0
LINE
5
1E2E
330
C
100
AcDbEntity
8
0
100
AcDbLine
10
239.62
20
287.907
30
0
11
239.62
21
287.907
31
0
0
LINE
5
1E2F
330
C
100
AcDbEntity
8
0
100
AcDbLine
10
239.62
20
287.907
30
0
11
239.62
21
287.907
31
0
0
LINE
5
1E30
330
C
100
AcDbEntity
8
0
100
AcDbLine
10
237.736
20
291.267
30
0
11
237.736
21
288.723
31
0
0
LINE
5
1E31
330
C
100
AcDbEntity
8
0
100
AcDbLine
10
237.736
20
288.723
30
0
11
239.608
21
288.723
31
0
0
LINE
5
1E32
330
C
100
AcDbEntity
8
0
100
AcDbLine
10
239.608
20
288.723
30
0
11
239.775
21
288.726
31
0
0
LINE
5
1E33
330
C
100
AcDbEntity
8
0
100
AcDbLine
10
239.775
20
288.726
30
0
11
239.932
21
288.737
31
0
0
LINE
5
1E34
330
C
100
AcDbEntity
8
0
100
AcDbLine
10
239.932
20
288.737
30
0
11
240.079
21
288.755
31
0
0
LINE
5
1E35
330
C
100
AcDbEntity
8
0
100
AcDbLine
10
240.079
20
288.755
30
0
11
240.217
21
288.78
31
0
0
LINE
5
1E36
330
C
100
AcDbEntity
8
0
100
AcDbLine
10
240.217
20
288.78
30
0
11
240.345
21
288.813
31
0
0
LINE
5
1E37
330
C
100
AcDbEntity
8
0
100
AcDbLine
10
240.345
20
288.813
30
0
11
240.464
21
288.852
31
0
0
LINE
5
1E38
330
C
100
AcDbEntity
8
0
100
AcDbLine
10
240.464
20
288.852
30
0
11
240.573
21
288.899
31
0
0
LINE
5
1E39
330
C
100
AcDbEntity
8
0
100
AcDbLine
10
240.573
20
288.899
30
0
11
240.672
21
288.953
31
0
0
LINE
5
1E3A
330
C
100
AcDbEntity
8
0
100
AcDbLine
10
240.672
20
288.953
30
0
11
240.761
21
289.014
31
0
0
LINE
5
1E3B
330
C
100
AcDbEntity
8
0
100
AcDbLine
10
240.761
20
289.014
30
0
11
240.841
21
289.083
31
0
0
LINE
5
1E3C
330
C
100
AcDbEntity
8
0
100
AcDbLine
10
240.841
20
289.083
30
0
11
240.912
21
289.157
31
0
0
LINE
5
1E3D
330
C
100
AcDbEntity
8
0
100
AcDbLine
10
240.912
20
289.157
30
0
11
240.976
21
289.235
31
0
0
LINE
5
1E3E
330
C
100
AcDbEntity
8
0
100
AcDbLine
10
240.976
20
289.235
30
0
11
241.032
21
289.317
31
0
0
LINE
5
1E3F
330
C
100
AcDbEntity
8
0
100
AcDbLine
10
241.032
20
289.317
30
0
11
241.081
21
289.403
31
0
0
LINE
5
1E40
330
C
100
AcDbEntity
8
0
100
AcDbLine
10
241.081
20
289.403
30
0
11
241.122
21
289.494
31
0
0
LINE
5
1E41
330
C
100
AcDbEntity
8
0
100
AcDbLine
10
241.122
20
289.494
30
0
11
241.156
21
289.588
31
0
0
LINE
5
1E42
330
C
100
AcDbEntity
8
0
100
AcDbLine
10
241.156
20
289.588
30
0
11
241.182
21
289.687
31
0
0
LINE
5
1E43
330
C
100
AcDbEntity
8
0
100
AcDbLine
10
241.182
20
289.687
30
0
11
241.201
21
289.789
31
0
0
LINE
5
1E44
330
C
100
AcDbEntity
8
0
100
AcDbLine
10
241.201
20
289.789
30
0
11
241.212
21
289.896
31
0
0
LINE
5
1E45
330
C
100
AcDbEntity
8
0
100
AcDbLine
10
241.212
20
289.896
30
0
11
241.216
21
290.007
31
0
0
LINE
5
1E46
330
C
100
AcDbEntity
8
0
100
AcDbLine
10
241.216
20
290.007
30
0
11
241.216
21
290.007
31
0
0
LINE
5
1E47
330
C
100
AcDbEntity
8
0
100
AcDbLine
10
241.216
20
290.007
30
0
11
241.212
21
290.119
31
0
0
LINE
5
1E48
330
C
100
AcDbEntity
8
0
100
AcDbLine
10
241.212
20
290.119
30
0
11
241.2
21
290.226
31
0
0
LINE
5
1E49
330
C
100
AcDbEntity
8
0
100
AcDbLine
10
241.2
20
290.226
30
0
11
241.179
21
290.329
31
0
0
LINE
5
1E4A
330
C
100
AcDbEntity
8
0
100
AcDbLine
10
241.179
20
290.329
30
0
11
241.151
21
290.427
31
0
0
LINE
5
1E4B
330
C
100
AcDbEntity
8
0
100
AcDbLine
10
241.151
20
290.427
30
0
11
241.114
21
290.521
31
0
0
LINE
5
1E4C
330
C
100
AcDbEntity
8
0
100
AcDbLine
10
241.114
20
290.521
30
0
11
241.069
21
290.61
31
0
0
LINE
5
1E4D
330
C
100
AcDbEntity
8
0
100
AcDbLine
10
241.069
20
290.61
30
0
11
241.016
21
290.695
31
0
0
LINE
5
1E4E
330
C
100
AcDbEntity
8
0
100
AcDbLine
10
241.016
20
290.695
30
0
11
240.955
21
290.775
31
0
0
LINE
5
1E4F
330
C
100
AcDbEntity
8
0
100
AcDbLine
10
240.955
20
290.775
30
0
11
240.886
21
290.851
31
0
0
LINE
5
1E50
330
C
100
AcDbEntity
8
0
100
AcDbLine
10
240.886
20
290.851
30
0
11
240.808
21
290.922
31
0
0
LINE
5
1E51
330
C
100
AcDbEntity
8
0
100
AcDbLine
10
240.808
20
290.922
30
0
11
240.723
21
290.987
31
0
0
LINE
5
1E52
330
C
100
AcDbEntity
8
0
100
AcDbLine
10
240.723
20
290.987
30
0
11
240.629
21
291.046
31
0
0
LINE
5
1E53
330
C
100
AcDbEntity
8
0
100
AcDbLine
10
240.629
20
291.046
30
0
11
240.529
21
291.098
31
0
0
LINE
5
1E54
330
C
100
AcDbEntity
8
0
100
AcDbLine
10
240.529
20
291.098
30
0
11
240.42
21
291.143
31
0
0
LINE
5
1E55
330
C
100
AcDbEntity
8
0
100
AcDbLine
10
240.42
20
291.143
30
0
11
240.304
21
291.181
31
0
0
LINE
5
1E56
330
C
100
AcDbEntity
8
0
100
AcDbLine
10
240.304
20
291.181
30
0
11
240.18
21
291.212
31
0
0
LINE
5
1E57
330
C
100
AcDbEntity
8
0
100
AcDbLine
10
240.18
20
291.212
30
0
11
240.049
21
291.236
31
0
0
LINE
5
1E58
330
C
100
AcDbEntity
8
0
100
AcDbLine
10
240.049
20
291.236
30
0
11
239.909
21
291.253
31
0
0
LINE
5
1E59
330
C
100
AcDbEntity
8
0
100
AcDbLine
10
239.909
20
291.253
30
0
11
239.763
21
291.263
31
0
0
LINE
5
1E5A
330
C
100
AcDbEntity
8
0
100
AcDbLine
10
239.763
20
291.263
30
0
11
239.608
21
291.267
31
0
0
LINE
5
1E5B
330
C
100
AcDbEntity
8
0
100
AcDbLine
10
239.608
20
291.267
30
0
11
239.608
21
291.267
31
0
0
LINE
5
1E5C
330
C
100
AcDbEntity
8
0
100
AcDbLine
10
239.608
20
291.267
30
0
11
237.736
21
291.267
31
0
0
LINE
5
1E5D
330
C
100
AcDbEntity
8
0
100
AcDbLine
10
237.736
20
291.267
30
0
11
237.736
21
291.267
31
0
0
LINE
5
1E5E
330
C
100
AcDbEntity
8
0
100
AcDbLine
10
239.596
20
294.639
30
0
11
237.736
21
294.639
31
0
0
LINE
5
1E5F
330
C
100
AcDbEntity
8
0
100
AcDbLine
10
237.736
20
294.639
30
0
11
237.736
21
292.071
31
0
0
LINE
5
1E60
330
C
100
AcDbEntity
8
0
100
AcDbLine
10
237.736
20
292.071
30
0
11
239.584
21
292.071
31
0
0
LINE
5
1E61
330
C
100
AcDbEntity
8
0
100
AcDbLine
10
239.584
20
292.071
30
0
11
239.722
21
292.074
31
0
0
LINE
5
1E62
330
C
100
AcDbEntity
8
0
100
AcDbLine
10
239.722
20
292.074
30
0
11
239.853
21
292.085
31
0
0
LINE
5
1E63
330
C
100
AcDbEntity
8
0
100
AcDbLine
10
239.853
20
292.085
30
0
11
239.98
21
292.102
31
0
0
LINE
5
1E64
330
C
100
AcDbEntity
8
0
100
AcDbLine
10
239.98
20
292.102
30
0
11
240.1
21
292.126
31
0
0
LINE
5
1E65
330
C
100
AcDbEntity
8
0
100
AcDbLine
10
240.1
20
292.126
30
0
11
240.215
21
292.157
31
0
0
LINE
5
1E66
330
C
100
AcDbEntity
8
0
100
AcDbLine
10
240.215
20
292.157
30
0
11
240.324
21
292.195
31
0
0
LINE
5
1E67
330
C
100
AcDbEntity
8
0
100
AcDbLine
10
240.324
20
292.195
30
0
11
240.427
21
292.24
31
0
0
LINE
5
1E68
330
C
100
AcDbEntity
8
0
100
AcDbLine
10
240.427
20
292.24
30
0
11
240.525
21
292.292
31
0
0
LINE
5
1E69
330
C
100
AcDbEntity
8
0
100
AcDbLine
10
240.525
20
292.292
30
0
11
240.617
21
292.35
31
0
0
LINE
5
1E6A
330
C
100
AcDbEntity
8
0
100
AcDbLine
10
240.617
20
292.35
30
0
11
240.703
21
292.416
31
0
0
LINE
5
1E6B
330
C
100
AcDbEntity
8
0
100
AcDbLine
10
240.703
20
292.416
30
0
11
240.782
21
292.488
31
0
0
LINE
5
1E6C
330
C
100
AcDbEntity
8
0
100
AcDbLine
10
240.782
20
292.488
30
0
11
240.853
21
292.565
31
0
0
LINE
5
1E6D
330
C
100
AcDbEntity
8
0
100
AcDbLine
10
240.853
20
292.565
30
0
11
240.916
21
292.648
31
0
0
LINE
5
1E6E
330
C
100
AcDbEntity
8
0
100
AcDbLine
10
240.916
20
292.648
30
0
11
240.97
21
292.737
31
0
0
LINE
5
1E6F
330
C
100
AcDbEntity
8
0
100
AcDbLine
10
240.97
20
292.737
30
0
11
241.016
21
292.832
31
0
0
LINE
5
1E70
330
C
100
AcDbEntity
8
0
100
AcDbLine
10
241.016
20
292.832
30
0
11
241.053
21
292.932
31
0
0
LINE
5
1E71
330
C
100
AcDbEntity
8
0
100
AcDbLine
10
241.053
20
292.932
30
0
11
241.082
21
293.038
31
0
0
LINE
5
1E72
330
C
100
AcDbEntity
8
0
100
AcDbLine
10
241.082
20
293.038
30
0
11
241.103
21
293.15
31
0
0
LINE
5
1E73
330
C
100
AcDbEntity
8
0
100
AcDbLine
10
241.103
20
293.15
30
0
11
241.116
21
293.268
31
0
0
LINE
5
1E74
330
C
100
AcDbEntity
8
0
100
AcDbLine
10
241.116
20
293.268
30
0
11
241.12
21
293.391
31
0
0
LINE
5
1E75
330
C
100
AcDbEntity
8
0
100
AcDbLine
10
241.12
20
293.391
30
0
11
241.12
21
293.391
31
0
0
LINE
5
1E76
330
C
100
AcDbEntity
8
0
100
AcDbLine
10
241.12
20
293.391
30
0
11
241.116
21
293.506
31
0
0
LINE
5
1E77
330
C
100
AcDbEntity
8
0
100
AcDbLine
10
241.116
20
293.506
30
0
11
241.104
21
293.616
31
0
0
LINE
5
1E78
330
C
100
AcDbEntity
8
0
100
AcDbLine
10
241.104
20
293.616
30
0
11
241.084
21
293.72
31
0
0
LINE
5
1E79
330
C
100
AcDbEntity
8
0
100
AcDbLine
10
241.084
20
293.72
30
0
11
241.055
21
293.82
31
0
0
LINE
5
1E7A
330
C
100
AcDbEntity
8
0
100
AcDbLine
10
241.055
20
293.82
30
0
11
241.019
21
293.914
31
0
0
LINE
5
1E7B
330
C
100
AcDbEntity
8
0
100
AcDbLine
10
241.019
20
293.914
30
0
11
240.974
21
294.004
31
0
0
LINE
5
1E7C
330
C
100
AcDbEntity
8
0
100
AcDbLine
10
240.974
20
294.004
30
0
11
240.922
21
294.088
31
0
0
LINE
5
1E7D
330
C
100
AcDbEntity
8
0
100
AcDbLine
10
240.922
20
294.088
30
0
11
240.861
21
294.166
31
0
0
LINE
5
1E7E
330
C
100
AcDbEntity
8
0
100
AcDbLine
10
240.861
20
294.166
30
0
11
240.792
21
294.24
31
0
0
LINE
5
1E7F
330
C
100
AcDbEntity
8
0
100
AcDbLine
10
240.792
20
294.24
30
0
11
240.715
21
294.309
31
0
0
LINE
5
1E80
330
C
100
AcDbEntity
8
0
100
AcDbLine
10
240.715
20
294.309
30
0
11
240.631
21
294.372
31
0
0
LINE
5
1E81
330
C
100
AcDbEntity
8
0
100
AcDbLine
10
240.631
20
294.372
30
0
11
240.541
21
294.428
31
0
0
LINE
5
1E82
330
C
100
AcDbEntity
8
0
100
AcDbLine
10
240.541
20
294.428
30
0
11
240.444
21
294.477
31
0
0
LINE
5
1E83
330
C
100
AcDbEntity
8
0
100
AcDbLine
10
240.444
20
294.477
30
0
11
240.342
21
294.52
31
0
0
LINE
5
1E84
330
C
100
AcDbEntity
8
0
100
AcDbLine
10
240.342
20
294.52
30
0
11
240.233
21
294.556
31
0
0
LINE
5
1E85
330
C
100
AcDbEntity
8
0
100
AcDbLine
10
240.233
20
294.556
30
0
11
240.118
21
294.586
31
0
0
LINE
5
1E86
330
C
100
AcDbEntity
8
0
100
AcDbLine
10
240.118
20
294.586
30
0
11
239.997
21
294.609
31
0
0
LINE
5
1E87
330
C
100
AcDbEntity
8
0
100
AcDbLine
10
239.997
20
294.609
30
0
11
239.869
21
294.626
31
0
0
LINE
5
1E88
330
C
100
AcDbEntity
8
0
100
AcDbLine
10
239.869
20
294.626
30
0
11
239.736
21
294.636
31
0
0
LINE
5
1E89
330
C
100
AcDbEntity
8
0
100
AcDbLine
10
239.736
20
294.636
30
0
11
239.596
21
294.639
31
0
0
LINE
5
1E8A
330
C
100
AcDbEntity
8
0
100
AcDbLine
10
239.596
20
294.639
30
0
11
239.596
21
294.639
31
0
0
LINE
5
1E8B
330
C
100
AcDbEntity
8
0
100
AcDbLine
10
239.596
20
294.639
30
0
11
239.596
21
294.639
31
0
0
LINE
5
1E8C
330
C
100
AcDbEntity
8
0
100
AcDbLine
10
246.334
20
287.763
30
0
11
246.334
21
287.763
31
0
0
LINE
5
1E8D
330
C
100
AcDbEntity
8
0
100
AcDbLine
10
246.334
20
287.763
30
0
11
246.181
21
287.766
31
0
0
LINE
5
1E8E
330
C
100
AcDbEntity
8
0
100
AcDbLine
10
246.181
20
287.766
30
0
11
246.031
21
287.776
31
0
0
LINE
5
1E8F
330
C
100
AcDbEntity
8
0
100
AcDbLine
10
246.031
20
287.776
30
0
11
245.885
21
287.794
31
0
0
LINE
5
1E90
330
C
100
AcDbEntity
8
0
100
AcDbLine
10
245.885
20
287.794
30
0
11
245.742
21
287.818
31
0
0
LINE
5
1E91
330
C
100
AcDbEntity
8
0
100
AcDbLine
10
245.742
20
287.818
30
0
11
245.603
21
287.848
31
0
0
LINE
5
1E92
330
C
100
AcDbEntity
8
0
100
AcDbLine
10
245.603
20
287.848
30
0
11
245.467
21
287.886
31
0
0
LINE
5
1E93
330
C
100
AcDbEntity
8
0
100
AcDbLine
10
245.467
20
287.886
30
0
11
245.334
21
287.93
31
0
0
LINE
5
1E94
330
C
100
AcDbEntity
8
0
100
AcDbLine
10
245.334
20
287.93
30
0
11
245.205
21
287.982
31
0
0
LINE
5
1E95
330
C
100
AcDbEntity
8
0
100
AcDbLine
10
245.205
20
287.982
30
0
11
245.079
21
288.04
31
0
0
LINE
5
1E96
330
C
100
AcDbEntity
8
0
100
AcDbLine
10
245.079
20
288.04
30
0
11
244.957
21
288.105
31
0
0
LINE
5
1E97
330
C
100
AcDbEntity
8
0
100
AcDbLine
10
244.957
20
288.105
30
0
11
244.839
21
288.177
31
0
0
LINE
5
1E98
330
C
100
AcDbEntity
8
0
100
AcDbLine
10
244.839
20
288.177
30
0
11
244.726
21
288.255
31
0
0
LINE
5
1E99
330
C
100
AcDbEntity
8
0
100
AcDbLine
10
244.726
20
288.255
30
0
11
244.618
21
288.34
31
0
0
LINE
5
1E9A
330
C
100
AcDbEntity
8
0
100
AcDbLine
10
244.618
20
288.34
30
0
11
244.515
21
288.431
31
0
0
LINE
5
1E9B
330
C
100
AcDbEntity
8
0
100
AcDbLine
10
244.515
20
288.431
30
0
11
244.418
21
288.529
31
0
0
LINE
5
1E9C
330
C
100
AcDbEntity
8
0
100
AcDbLine
10
244.418
20
288.529
30
0
11
244.325
21
288.634
31
0
0
LINE
5
1E9D
330
C
100
AcDbEntity
8
0
100
AcDbLine
10
244.325
20
288.634
30
0
11
244.238
21
288.745
31
0
0
LINE
5
1E9E
330
C
100
AcDbEntity
8
0
100
AcDbLine
10
244.238
20
288.745
30
0
11
244.155
21
288.863
31
0
0
LINE
5
1E9F
330
C
100
AcDbEntity
8
0
100
AcDbLine
10
244.155
20
288.863
30
0
11
244.078
21
288.988
31
0
0
LINE
5
1EA0
330
C
100
AcDbEntity
8
0
100
AcDbLine
10
244.078
20
288.988
30
0
11
244.006
21
289.119
31
0
0
LINE
5
1EA1
330
C
100
AcDbEntity
8
0
100
AcDbLine
10
244.006
20
289.119
30
0
11
243.94
21
289.256
31
0
0
LINE
5
1EA2
330
C
100
AcDbEntity
8
0
100
AcDbLine
10
243.94
20
289.256
30
0
11
243.881
21
289.4
31
0
0
LINE
5
1EA3
330
C
100
AcDbEntity
8
0
100
AcDbLine
10
243.881
20
289.4
30
0
11
243.829
21
289.55
31
0
0
LINE
5
1EA4
330
C
100
AcDbEntity
8
0
100
AcDbLine
10
243.829
20
289.55
30
0
11
243.783
21
289.706
31
0
0
LINE
5
1EA5
330
C
100
AcDbEntity
8
0
100
AcDbLine
10
243.783
20
289.706
30
0
11
243.745
21
289.869
31
0
0
LINE
5
1EA6
330
C
100
AcDbEntity
8
0
100
AcDbLine
10
243.745
20
289.869
30
0
11
243.714
21
290.038
31
0
0
LINE
5
1EA7
330
C
100
AcDbEntity
8
0
100
AcDbLine
10
243.714
20
290.038
30
0
11
243.689
21
290.212
31
0
0
LINE
5
1EA8
330
C
100
AcDbEntity
8
0
100
AcDbLine
10
243.689
20
290.212
30
0
11
243.672
21
290.394
31
0
0
LINE
5
1EA9
330
C
100
AcDbEntity
8
0
100
AcDbLine
10
243.672
20
290.394
30
0
11
243.661
21
290.581
31
0
0
LINE
5
1EAA
330
C
100
AcDbEntity
8
0
100
AcDbLine
10
243.661
20
290.581
30
0
11
243.658
21
290.775
31
0
0
LINE
5
1EAB
330
C
100
AcDbEntity
8
0
100
AcDbLine
10
243.658
20
290.775
30
0
11
243.658
21
290.775
31
0
0
LINE
5
1EAC
330
C
100
AcDbEntity
8
0
100
AcDbLine
10
243.658
20
290.775
30
0
11
243.661
21
290.97
31
0
0
LINE
5
1EAD
330
C
100
AcDbEntity
8
0
100
AcDbLine
10
243.661
20
290.97
30
0
11
243.672
21
291.158
31
0
0
LINE
5
1EAE
330
C
100
AcDbEntity
8
0
100
AcDbLine
10
243.672
20
291.158
30
0
11
243.689
21
291.34
31
0
0
LINE
5
1EAF
330
C
100
AcDbEntity
8
0
100
AcDbLine
10
243.689
20
291.34
30
0
11
243.714
21
291.515
31
0
0
LINE
5
1EB0
330
C
100
AcDbEntity
8
0
100
AcDbLine
10
243.714
20
291.515
30
0
11
243.745
21
291.685
31
0
0
LINE
5
1EB1
330
C
100
AcDbEntity
8
0
100
AcDbLine
10
243.745
20
291.685
30
0
11
243.783
21
291.847
31
0
0
LINE
5
1EB2
330
C
100
AcDbEntity
8
0
100
AcDbLine
10
243.783
20
291.847
30
0
11
243.829
21
292.004
31
0
0
LINE
5
1EB3
330
C
100
AcDbEntity
8
0
100
AcDbLine
10
243.829
20
292.004
30
0
11
243.881
21
292.153
31
0
0
LINE
5
1EB4
330
C
100
AcDbEntity
8
0
100
AcDbLine
10
243.881
20
292.153
30
0
11
243.94
21
292.297
31
0
0
LINE
5
1EB5
330
C
100
AcDbEntity
8
0
100
AcDbLine
10
243.94
20
292.297
30
0
11
244.006
21
292.434
31
0
0
LINE
5
1EB6
330
C
100
AcDbEntity
8
0
100
AcDbLine
10
244.006
20
292.434
30
0
11
244.078
21
292.564
31
0
0
LINE
5
1EB7
330
C
100
AcDbEntity
8
0
100
AcDbLine
10
244.078
20
292.564
30
0
11
244.155
21
292.688
31
0
0
LINE
5
1EB8
330
C
100
AcDbEntity
8
0
100
AcDbLine
10
244.155
20
292.688
30
0
11
244.238
21
292.806
31
0
0
LINE
5
1EB9
330
C
100
AcDbEntity
8
0
100
AcDbLine
10
244.238
20
292.806
30
0
11
244.325
21
292.917
31
0
0
LINE
5
1EBA
330
C
100
AcDbEntity
8
0
100
AcDbLine
10
244.325
20
292.917
30
0
11
244.418
21
293.021
31
0
0
LINE
5
1EBB
330
C
100
AcDbEntity
8
0
100
AcDbLine
10
244.418
20
293.021
30
0
11
244.515
21
293.119
31
0
0
LINE
5
1EBC
330
C
100
AcDbEntity
8
0
100
AcDbLine
10
244.515
20
293.119
30
0
11
244.618
21
293.21
31
0
0
LINE
5
1EBD
330
C
100
AcDbEntity
8
0
100
AcDbLine
10
244.618
20
293.21
30
0
11
244.726
21
293.295
31
0
0
LINE
5
1EBE
330
C
100
AcDbEntity
8
0
100
AcDbLine
10
244.726
20
293.295
30
0
11
244.839
21
293.373
31
0
0
LINE
5
1EBF
330
C
100
AcDbEntity
8
0
100
AcDbLine
10
244.839
20
293.373
30
0
11
244.957
21
293.445
31
0
0
LINE
5
1EC0
330
C
100
AcDbEntity
8
0
100
AcDbLine
10
244.957
20
293.445
30
0
11
245.079
21
293.51
31
0
0
LINE
5
1EC1
330
C
100
AcDbEntity
8
0
100
AcDbLine
10
245.079
20
293.51
30
0
11
245.205
21
293.568
31
0
0
LINE
5
1EC2
330
C
100
AcDbEntity
8
0
100
AcDbLine
10
245.205
20
293.568
30
0
11
245.334
21
293.619
31
0
0
LINE
5
1EC3
330
C
100
AcDbEntity
8
0
100
AcDbLine
10
245.334
20
293.619
30
0
11
245.467
21
293.664
31
0
0
LINE
5
1EC4
330
C
100
AcDbEntity
8
0
100
AcDbLine
10
245.467
20
293.664
30
0
11
245.603
21
293.701
31
0
0
LINE
5
1EC5
330
C
100
AcDbEntity
8
0
100
AcDbLine
10
245.603
20
293.701
30
0
11
245.742
21
293.732
31
0
0
LINE
5
1EC6
330
C
100
AcDbEntity
8
0
100
AcDbLine
10
245.742
20
293.732
30
0
11
245.885
21
293.756
31
0
0
LINE
5
1EC7
330
C
100
AcDbEntity
8
0
100
AcDbLine
10
245.885
20
293.756
30
0
11
246.031
21
293.773
31
0
0
LINE
5
1EC8
330
C
100
AcDbEntity
8
0
100
AcDbLine
10
246.031
20
293.773
30
0
11
246.181
21
293.783
31
0
0
LINE
5
1EC9
330
C
100
AcDbEntity
8
0
100
AcDbLine
10
246.181
20
293.783
30
0
11
246.334
21
293.787
31
0
0
LINE
5
1ECA
330
C
100
AcDbEntity
8
0
100
AcDbLine
10
246.334
20
293.787
30
0
11
246.334
21
293.787
31
0
0
LINE
5
1ECB
330
C
100
AcDbEntity
8
0
100
AcDbLine
10
246.334
20
293.787
30
0
11
246.486
21
293.783
31
0
0
LINE
5
1ECC
330
C
100
AcDbEntity
8
0
100
AcDbLine
10
246.486
20
293.783
30
0
11
246.635
21
293.773
31
0
0
LINE
5
1ECD
330
C
100
AcDbEntity
8
0
100
AcDbLine
10
246.635
20
293.773
30
0
11
246.78
21
293.756
31
0
0
LINE
5
1ECE
330
C
100
AcDbEntity
8
0
100
AcDbLine
10
246.78
20
293.756
30
0
11
246.922
21
293.732
31
0
0
LINE
5
1ECF
330
C
100
AcDbEntity
8
0
100
AcDbLine
10
246.922
20
293.732
30
0
11
247.061
21
293.701
31
0
0
LINE
5
1ED0
330
C
100
AcDbEntity
8
0
100
AcDbLine
10
247.061
20
293.701
30
0
11
247.196
21
293.664
31
0
0
LINE
5
1ED1
330
C
100
AcDbEntity
8
0
100
AcDbLine
10
247.196
20
293.664
30
0
11
247.328
21
293.619
31
0
0
LINE
5
1ED2
330
C
100
AcDbEntity
8
0
100
AcDbLine
10
247.328
20
293.619
30
0
11
247.457
21
293.568
31
0
0
LINE
5
1ED3
330
C
100
AcDbEntity
8
0
100
AcDbLine
10
247.457
20
293.568
30
0
11
247.583
21
293.51
31
0
0
LINE
5
1ED4
330
C
100
AcDbEntity
8
0
100
AcDbLine
10
247.583
20
293.51
30
0
11
247.705
21
293.445
31
0
0
LINE
5
1ED5
330
C
100
AcDbEntity
8
0
100
AcDbLine
10
247.705
20
293.445
30
0
11
247.823
21
293.373
31
0
0
LINE
5
1ED6
330
C
100
AcDbEntity
8
0
100
AcDbLine
10
247.823
20
293.373
30
0
11
247.936
21
293.295
31
0
0
LINE
5
1ED7
330
C
100
AcDbEntity
8
0
100
AcDbLine
10
247.936
20
293.295
30
0
11
248.044
21
293.21
31
0
0
LINE
5
1ED8
330
C
100
AcDbEntity
8
0
100
AcDbLine
10
248.044
20
293.21
30
0
11
248.146
21
293.119
31
0
0
LINE
5
1ED9
330
C
100
AcDbEntity
8
0
100
AcDbLine
10
248.146
20
293.119
30
0
11
248.244
21
293.021
31
0
0
LINE
5
1EDA
330
C
100
AcDbEntity
8
0
100
AcDbLine
10
248.244
20
293.021
30
0
11
248.336
21
292.917
31
0
0
LINE
5
1EDB
330
C
100
AcDbEntity
8
0
100
AcDbLine
10
248.336
20
292.917
30
0
11
248.423
21
292.806
31
0
0
LINE
5
1EDC
330
C
100
AcDbEntity
8
0
100
AcDbLine
10
248.423
20
292.806
30
0
11
248.505
21
292.688
31
0
0
LINE
5
1EDD
330
C
100
AcDbEntity
8
0
100
AcDbLine
10
248.505
20
292.688
30
0
11
248.581
21
292.564
31
0
0
LINE
5
1EDE
330
C
100
AcDbEntity
8
0
100
AcDbLine
10
248.581
20
292.564
30
0
11
248.653
21
292.434
31
0
0
LINE
5
1EDF
330
C
100
AcDbEntity
8
0
100
AcDbLine
10
248.653
20
292.434
30
0
11
248.719
21
292.297
31
0
0
LINE
5
1EE0
330
C
100
AcDbEntity
8
0
100
AcDbLine
10
248.719
20
292.297
30
0
11
248.777
21
292.153
31
0
0
LINE
5
1EE1
330
C
100
AcDbEntity
8
0
100
AcDbLine
10
248.777
20
292.153
30
0
11
248.829
21
292.004
31
0
0
LINE
5
1EE2
330
C
100
AcDbEntity
8
0
100
AcDbLine
10
248.829
20
292.004
30
0
11
248.874
21
291.847
31
0
0
LINE
5
1EE3
330
C
100
AcDbEntity
8
0
100
AcDbLine
10
248.874
20
291.847
30
0
11
248.912
21
291.685
31
0
0
LINE
5
1EE4
330
C
100
AcDbEntity
8
0
100
AcDbLine
10
248.912
20
291.685
30
0
11
248.943
21
291.515
31
0
0
LINE
5
1EE5
330
C
100
AcDbEntity
8
0
100
AcDbLine
10
248.943
20
291.515
30
0
11
248.967
21
291.34
31
0
0
LINE
5
1EE6
330
C
100
AcDbEntity
8
0
100
AcDbLine
10
248.967
20
291.34
30
0
11
248.984
21
291.158
31
0
0
LINE
5
1EE7
330
C
100
AcDbEntity
8
0
100
AcDbLine
10
248.984
20
291.158
30
0
11
248.995
21
290.97
31
0
0
LINE
5
1EE8
330
C
100
AcDbEntity
8
0
100
AcDbLine
10
248.995
20
290.97
30
0
11
248.998
21
290.775
31
0
0
LINE
5
1EE9
330
C
100
AcDbEntity
8
0
100
AcDbLine
10
248.998
20
290.775
30
0
11
248.998
21
290.775
31
0
0
LINE
5
1EEA
330
C
100
AcDbEntity
8
0
100
AcDbLine
10
248.998
20
290.775
30
0
11
248.995
21
290.581
31
0
0
LINE
5
1EEB
330
C
100
AcDbEntity
8
0
100
AcDbLine
10
248.995
20
290.581
30
0
11
248.984
21
290.394
31
0
0
LINE
5
1EEC
330
C
100
AcDbEntity
8
0
100
AcDbLine
10
248.984
20
290.394
30
0
11
248.967
21
290.212
31
0
0
LINE
5
1EED
330
C
100
AcDbEntity
8
0
100
AcDbLine
10
248.967
20
290.212
30
0
11
248.943
21
290.038
31
0
0
LINE
5
1EEE
330
C
100
AcDbEntity
8
0
100
AcDbLine
10
248.943
20
290.038
30
0
11
248.912
21
289.869
31
0
0
LINE
5
1EEF
330
C
100
AcDbEntity
8
0
100
AcDbLine
10
248.912
20
289.869
30
0
11
248.874
21
289.706
31
0
0
LINE
5
1EF0
330
C
100
AcDbEntity
8
0
100
AcDbLine
10
248.874
20
289.706
30
0
11
248.829
21
289.55
31
0
0
LINE
5
1EF1
330
C
100
AcDbEntity
8
0
100
AcDbLine
10
248.829
20
289.55
30
0
11
248.777
21
289.4
31
0
0
LINE
5
1EF2
330
C
100
AcDbEntity
8
0
100
AcDbLine
10
248.777
20
289.4
30
0
11
248.719
21
289.256
31
0
0
LINE
5
1EF3
330
C
100
AcDbEntity
8
0
100
AcDbLine
10
248.719
20
289.256
30
0
11
248.653
21
289.119
31
0
0
LINE
5
1EF4
330
C
100
AcDbEntity
8
0
100
AcDbLine
10
248.653
20
289.119
30
0
11
248.581
21
288.988
31
0
0
LINE
5
1EF5
330
C
100
AcDbEntity
8
0
100
AcDbLine
10
248.581
20
288.988
30
0
11
248.505
21
288.863
31
0
0
LINE
5
1EF6
330
C
100
AcDbEntity
8
0
100
AcDbLine
10
248.505
20
288.863
30
0
11
248.423
21
288.745
31
0
0
LINE
5
1EF7
330
C
100
AcDbEntity
8
0
100
AcDbLine
10
248.423
20
288.745
30
0
11
248.336
21
288.634
31
0
0
LINE
5
1EF8
330
C
100
AcDbEntity
8
0
100
AcDbLine
10
248.336
20
288.634
30
0
11
248.244
21
288.529
31
0
0
LINE
5
1EF9
330
C
100
AcDbEntity
8
0
100
AcDbLine
10
248.244
20
288.529
30
0
11
248.146
21
288.431
31
0
0
LINE
5
1EFA
330
C
100
AcDbEntity
8
0
100
AcDbLine
10
248.146
20
288.431
30
0
11
248.044
21
288.34
31
0
0
LINE
5
1EFB
330
C
100
AcDbEntity
8
0
100
AcDbLine
10
248.044
20
288.34
30
0
11
247.936
21
288.255
31
0
0
LINE
5
1EFC
330
C
100
AcDbEntity
8
0
100
AcDbLine
10
247.936
20
288.255
30
0
11
247.823
21
288.177
31
0
0
LINE
5
1EFD
330
C
100
AcDbEntity
8
0
100
AcDbLine
10
247.823
20
288.177
30
0
11
247.705
21
288.105
31
0
0
LINE
5
1EFE
330
C
100
AcDbEntity
8
0
100
AcDbLine
10
247.705
20
288.105
30
0
11
247.583
21
288.04
31
0
0
LINE
5
1EFF
330
C
100
AcDbEntity
8
0
100
AcDbLine
10
247.583
20
288.04
30
0
11
247.457
21
287.982
31
0
0
LINE
5
1F00
330
C
100
AcDbEntity
8
0
100
AcDbLine
10
247.457
20
287.982
30
0
11
247.328
21
287.93
31
0
0
LINE
5
1F01
330
C
100
AcDbEntity
8
0
100
AcDbLine
10
247.328
20
287.93
30
0
11
247.196
21
287.886
31
0
0
LINE
5
1F02
330
C
100
AcDbEntity
8
0
100
AcDbLine
10
247.196
20
287.886
30
0
11
247.061
21
287.848
31
0
0
LINE
5
1F03
330
C
100
AcDbEntity
8
0
100
AcDbLine
10
247.061
20
287.848
30
0
11
246.922
21
287.818
31
0
0
LINE
5
1F04
330
C
100
AcDbEntity
8
0
100
AcDbLine
10
246.922
20
287.818
30
0
11
246.78
21
287.794
31
0
0
LINE
5
1F05
330
C
100
AcDbEntity
8
0
100
AcDbLine
10
246.78
20
287.794
30
0
11
246.635
21
287.776
31
0
0
LINE
5
1F06
330
C
100
AcDbEntity
8
0
100
AcDbLine
10
246.635
20
287.776
30
0
11
246.486
21
287.766
31
0
0
LINE
5
1F07
330
C
100
AcDbEntity
8
0
100
AcDbLine
10
246.486
20
287.766
30
0
11
246.334
21
287.763
31
0
0
LINE
5
1F08
330
C
100
AcDbEntity
8
0
100
AcDbLine
10
246.334
20
287.763
30
0
11
246.334
21
287.763
31
0
0
LINE
5
1F09
330
C
100
AcDbEntity
8
0
100
AcDbLine
10
246.31
20
288.579
30
0
11
246.31
21
288.579
31
0
0
LINE
5
1F0A
330
C
100
AcDbEntity
8
0
100
AcDbLine
10
246.31
20
288.579
30
0
11
246.42
21
288.581
31
0
0
LINE
5
1F0B
330
C
100
AcDbEntity
8
0
100
AcDbLine
10
246.42
20
288.581
30
0
11
246.526
21
288.589
31
0
0
LINE
5
1F0C
330
C
100
AcDbEntity
8
0
100
AcDbLine
10
246.526
20
288.589
30
0
11
246.63
21
288.603
31
0
0
LINE
5
1F0D
330
C
100
AcDbEntity
8
0
100
AcDbLine
10
246.63
20
288.603
30
0
11
246.73
21
288.622
31
0
0
LINE
5
1F0E
330
C
100
AcDbEntity
8
0
100
AcDbLine
10
246.73
20
288.622
30
0
11
246.826
21
288.646
31
0
0
LINE
5
1F0F
330
C
100
AcDbEntity
8
0
100
AcDbLine
10
246.826
20
288.646
30
0
11
246.919
21
288.675
31
0
0
LINE
5
1F10
330
C
100
AcDbEntity
8
0
100
AcDbLine
10
246.919
20
288.675
30
0
11
247.009
21
288.71
31
0
0
LINE
5
1F11
330
C
100
AcDbEntity
8
0
100
AcDbLine
10
247.009
20
288.71
30
0
11
247.095
21
288.75
31
0
0
LINE
5
1F12
330
C
100
AcDbEntity
8
0
100
AcDbLine
10
247.095
20
288.75
30
0
11
247.178
21
288.795
31
0
0
LINE
5
1F13
330
C
100
AcDbEntity
8
0
100
AcDbLine
10
247.178
20
288.795
30
0
11
247.258
21
288.846
31
0
0
LINE
5
1F14
330
C
100
AcDbEntity
8
0
100
AcDbLine
10
247.258
20
288.846
30
0
11
247.334
21
288.901
31
0
0
LINE
5
1F15
330
C
100
AcDbEntity
8
0
100
AcDbLine
10
247.334
20
288.901
30
0
11
247.406
21
288.962
31
0
0
LINE
5
1F16
330
C
100
AcDbEntity
8
0
100
AcDbLine
10
247.406
20
288.962
30
0
11
247.475
21
289.026
31
0
0
LINE
5
1F17
330
C
100
AcDbEntity
8
0
100
AcDbLine
10
247.475
20
289.026
30
0
11
247.54
21
289.095
31
0
0
LINE
5
1F18
330
C
100
AcDbEntity
8
0
100
AcDbLine
10
247.54
20
289.095
30
0
11
247.601
21
289.169
31
0
0
LINE
5
1F19
330
C
100
AcDbEntity
8
0
100
AcDbLine
10
247.601
20
289.169
30
0
11
247.658
21
289.247
31
0
0
LINE
5
1F1A
330
C
100
AcDbEntity
8
0
100
AcDbLine
10
247.658
20
289.247
30
0
11
247.711
21
289.33
31
0
0
LINE
5
1F1B
330
C
100
AcDbEntity
8
0
100
AcDbLine
10
247.711
20
289.33
30
0
11
247.761
21
289.417
31
0
0
LINE
5
1F1C
330
C
100
AcDbEntity
8
0
100
AcDbLine
10
247.761
20
289.417
30
0
11
247.807
21
289.509
31
0
0
LINE
5
1F1D
330
C
100
AcDbEntity
8
0
100
AcDbLine
10
247.807
20
289.509
30
0
11
247.849
21
289.605
31
0
0
LINE
5
1F1E
330
C
100
AcDbEntity
8
0
100
AcDbLine
10
247.849
20
289.605
30
0
11
247.887
21
289.705
31
0
0
LINE
5
1F1F
330
C
100
AcDbEntity
8
0
100
AcDbLine
10
247.887
20
289.705
30
0
11
247.921
21
289.809
31
0
0
LINE
5
1F20
330
C
100
AcDbEntity
8
0
100
AcDbLine
10
247.921
20
289.809
30
0
11
247.952
21
289.917
31
0
0
LINE
5
1F21
330
C
100
AcDbEntity
8
0
100
AcDbLine
10
247.952
20
289.917
30
0
11
247.978
21
290.028
31
0
0
LINE
5
1F22
330
C
100
AcDbEntity
8
0
100
AcDbLine
10
247.978
20
290.028
30
0
11
248
21
290.143
31
0
0
LINE
5
1F23
330
C
100
AcDbEntity
8
0
100
AcDbLine
10
248
20
290.143
30
0
11
248.018
21
290.262
31
0
0
LINE
5
1F24
330
C
100
AcDbEntity
8
0
100
AcDbLine
10
248.018
20
290.262
30
0
11
248.032
21
290.385
31
0
0
LINE
5
1F25
330
C
100
AcDbEntity
8
0
100
AcDbLine
10
248.032
20
290.385
30
0
11
248.042
21
290.511
31
0
0
LINE
5
1F26
330
C
100
AcDbEntity
8
0
100
AcDbLine
10
248.042
20
290.511
30
0
11
248.048
21
290.641
31
0
0
LINE
5
1F27
330
C
100
AcDbEntity
8
0
100
AcDbLine
10
248.048
20
290.641
30
0
11
248.05
21
290.775
31
0
0
LINE
5
1F28
330
C
100
AcDbEntity
8
0
100
AcDbLine
10
248.05
20
290.775
30
0
11
248.05
21
290.775
31
0
0
LINE
5
1F29
330
C
100
AcDbEntity
8
0
100
AcDbLine
10
248.05
20
290.775
30
0
11
248.046
21
290.976
31
0
0
LINE
5
1F2A
330
C
100
AcDbEntity
8
0
100
AcDbLine
10
248.046
20
290.976
30
0
11
248.033
21
291.168
31
0
0
LINE
5
1F2B
330
C
100
AcDbEntity
8
0
100
AcDbLine
10
248.033
20
291.168
30
0
11
248.012
21
291.351
31
0
0
LINE
5
1F2C
330
C
100
AcDbEntity
8
0
100
AcDbLine
10
248.012
20
291.351
30
0
11
247.982
21
291.526
31
0
0
LINE
5
1F2D
330
C
100
AcDbEntity
8
0
100
AcDbLine
10
247.982
20
291.526
30
0
11
247.944
21
291.692
31
0
0
LINE
5
1F2E
330
C
100
AcDbEntity
8
0
100
AcDbLine
10
247.944
20
291.692
30
0
11
247.897
21
291.849
31
0
0
LINE
5
1F2F
330
C
100
AcDbEntity
8
0
100
AcDbLine
10
247.897
20
291.849
30
0
11
247.841
21
291.998
31
0
0
LINE
5
1F30
330
C
100
AcDbEntity
8
0
100
AcDbLine
10
247.841
20
291.998
30
0
11
247.777
21
292.138
31
0
0
LINE
5
1F31
330
C
100
AcDbEntity
8
0
100
AcDbLine
10
247.777
20
292.138
30
0
11
247.705
21
292.269
31
0
0
LINE
5
1F32
330
C
100
AcDbEntity
8
0
100
AcDbLine
10
247.705
20
292.269
30
0
11
247.624
21
292.392
31
0
0
LINE
5
1F33
330
C
100
AcDbEntity
8
0
100
AcDbLine
10
247.624
20
292.392
30
0
11
247.535
21
292.504
31
0
0
LINE
5
1F34
330
C
100
AcDbEntity
8
0
100
AcDbLine
10
247.535
20
292.504
30
0
11
247.437
21
292.605
31
0
0
LINE
5
1F35
330
C
100
AcDbEntity
8
0
100
AcDbLine
10
247.437
20
292.605
30
0
11
247.331
21
292.693
31
0
0
LINE
5
1F36
330
C
100
AcDbEntity
8
0
100
AcDbLine
10
247.331
20
292.693
30
0
11
247.217
21
292.77
31
0
0
LINE
5
1F37
330
C
100
AcDbEntity
8
0
100
AcDbLine
10
247.217
20
292.77
30
0
11
247.095
21
292.835
31
0
0
LINE
5
1F38
330
C
100
AcDbEntity
8
0
100
AcDbLine
10
247.095
20
292.835
30
0
11
246.964
21
292.888
31
0
0
LINE
5
1F39
330
C
100
AcDbEntity
8
0
100
AcDbLine
10
246.964
20
292.888
30
0
11
246.825
21
292.93
31
0
0
LINE
5
1F3A
330
C
100
AcDbEntity
8
0
100
AcDbLine
10
246.825
20
292.93
30
0
11
246.677
21
292.959
31
0
0
LINE
5
1F3B
330
C
100
AcDbEntity
8
0
100
AcDbLine
10
246.677
20
292.959
30
0
11
246.522
21
292.977
31
0
0
LINE
5
1F3C
330
C
100
AcDbEntity
8
0
100
AcDbLine
10
246.522
20
292.977
30
0
11
246.358
21
292.983
31
0
0
LINE
5
1F3D
330
C
100
AcDbEntity
8
0
100
AcDbLine
10
246.358
20
292.983
30
0
11
246.358
21
292.983
31
0
0
LINE
5
1F3E
330
C
100
AcDbEntity
8
0
100
AcDbLine
10
246.358
20
292.983
30
0
11
246.247
21
292.98
31
0
0
LINE
5
1F3F
330
C
100
AcDbEntity
8
0
100
AcDbLine
10
246.247
20
292.98
30
0
11
246.139
21
292.972
31
0
0
LINE
5
1F40
330
C
100
AcDbEntity
8
0
100
AcDbLine
10
246.139
20
292.972
30
0
11
246.036
21
292.959
31
0
0
LINE
5
1F41
330
C
100
AcDbEntity
8
0
100
AcDbLine
10
246.036
20
292.959
30
0
11
245.935
21
292.94
31
0
0
LINE
5
1F42
330
C
100
AcDbEntity
8
0
100
AcDbLine
10
245.935
20
292.94
30
0
11
245.838
21
292.916
31
0
0
LINE
5
1F43
330
C
100
AcDbEntity
8
0
100
AcDbLine
10
245.838
20
292.916
30
0
11
245.745
21
292.887
31
0
0
LINE
5
1F44
330
C
100
AcDbEntity
8
0
100
AcDbLine
10
245.745
20
292.887
30
0
11
245.655
21
292.852
31
0
0
LINE
5
1F45
330
C
100
AcDbEntity
8
0
100
AcDbLine
10
245.655
20
292.852
30
0
11
245.569
21
292.812
31
0
0
LINE
5
1F46
330
C
100
AcDbEntity
8
0
100
AcDbLine
10
245.569
20
292.812
30
0
11
245.486
21
292.767
31
0
0
LINE
5
1F47
330
C
100
AcDbEntity
8
0
100
AcDbLine
10
245.486
20
292.767
30
0
11
245.407
21
292.716
31
0
0
LINE
5
1F48
330
C
100
AcDbEntity
8
0
100
AcDbLine
10
245.407
20
292.716
30
0
11
245.331
21
292.66
31
0
0
LINE
5
1F49
330
C
100
AcDbEntity
8
0
100
AcDbLine
10
245.331
20
292.66
30
0
11
245.26
21
292.6
31
0
0
LINE
5
1F4A
330
C
100
AcDbEntity
8
0
100
AcDbLine
10
245.26
20
292.6
30
0
11
245.192
21
292.535
31
0
0
LINE
5
1F4B
330
C
100
AcDbEntity
8
0
100
AcDbLine
10
245.192
20
292.535
30
0
11
245.127
21
292.466
31
0
0
LINE
5
1F4C
330
C
100
AcDbEntity
8
0
100
AcDbLine
10
245.127
20
292.466
30
0
11
245.066
21
292.392
31
0
0
LINE
5
1F4D
330
C
100
AcDbEntity
8
0
100
AcDbLine
10
245.066
20
292.392
30
0
11
245.01
21
292.313
31
0
0
LINE
5
1F4E
330
C
100
AcDbEntity
8
0
100
AcDbLine
10
245.01
20
292.313
30
0
11
244.956
21
292.23
31
0
0
LINE
5
1F4F
330
C
100
AcDbEntity
8
0
100
AcDbLine
10
244.956
20
292.23
30
0
11
244.907
21
292.143
31
0
0
LINE
5
1F50
330
C
100
AcDbEntity
8
0
100
AcDbLine
10
244.907
20
292.143
30
0
11
244.861
21
292.051
31
0
0
LINE
5
1F51
330
C
100
AcDbEntity
8
0
100
AcDbLine
10
244.861
20
292.051
30
0
11
244.819
21
291.954
31
0
0
LINE
5
1F52
330
C
100
AcDbEntity
8
0
100
AcDbLine
10
244.819
20
291.954
30
0
11
244.781
21
291.853
31
0
0
LINE
5
1F53
330
C
100
AcDbEntity
8
0
100
AcDbLine
10
244.781
20
291.853
30
0
11
244.747
21
291.748
31
0
0
LINE
5
1F54
330
C
100
AcDbEntity
8
0
100
AcDbLine
10
244.747
20
291.748
30
0
11
244.716
21
291.64
31
0
0
LINE
5
1F55
330
C
100
AcDbEntity
8
0
100
AcDbLine
10
244.716
20
291.64
30
0
11
244.69
21
291.528
31
0
0
LINE
5
1F56
330
C
100
AcDbEntity
8
0
100
AcDbLine
10
244.69
20
291.528
30
0
11
244.668
21
291.412
31
0
0
LINE
5
1F57
330
C
100
AcDbEntity
8
0
100
AcDbLine
10
244.668
20
291.412
30
0
11
244.65
21
291.292
31
0
0
LINE
5
1F58
330
C
100
AcDbEntity
8
0
100
AcDbLine
10
244.65
20
291.292
30
0
11
244.636
21
291.168
31
0
0
LINE
5
1F59
330
C
100
AcDbEntity
8
0
100
AcDbLine
10
244.636
20
291.168
30
0
11
244.626
21
291.041
31
0
0
LINE
5
1F5A
330
C
100
AcDbEntity
8
0
100
AcDbLine
10
244.626
20
291.041
30
0
11
244.62
21
290.91
31
0
0
LINE
5
1F5B
330
C
100
AcDbEntity
8
0
100
AcDbLine
10
244.62
20
290.91
30
0
11
244.618
21
290.775
31
0
0
LINE
5
1F5C
330
C
100
AcDbEntity
8
0
100
AcDbLine
10
244.618
20
290.775
30
0
11
244.618
21
290.775
31
0
0
LINE
5
1F5D
330
C
100
AcDbEntity
8
0
100
AcDbLine
10
244.618
20
290.775
30
0
11
244.622
21
290.576
31
0
0
LINE
5
1F5E
330
C
100
AcDbEntity
8
0
100
AcDbLine
10
244.622
20
290.576
30
0
11
244.635
21
290.386
31
0
0
LINE
5
1F5F
330
C
100
AcDbEntity
8
0
100
AcDbLine
10
244.635
20
290.386
30
0
11
244.657
21
290.204
31
0
0
LINE
5
1F60
330
C
100
AcDbEntity
8
0
100
AcDbLine
10
244.657
20
290.204
30
0
11
244.687
21
290.031
31
0
0
LINE
5
1F61
330
C
100
AcDbEntity
8
0
100
AcDbLine
10
244.687
20
290.031
30
0
11
244.725
21
289.867
31
0
0
LINE
5
1F62
330
C
100
AcDbEntity
8
0
100
AcDbLine
10
244.725
20
289.867
30
0
11
244.772
21
289.71
31
0
0
LINE
5
1F63
330
C
100
AcDbEntity
8
0
100
AcDbLine
10
244.772
20
289.71
30
0
11
244.828
21
289.562
31
0
0
LINE
5
1F64
330
C
100
AcDbEntity
8
0
100
AcDbLine
10
244.828
20
289.562
30
0
11
244.893
21
289.423
31
0
0
LINE
5
1F65
330
C
100
AcDbEntity
8
0
100
AcDbLine
10
244.893
20
289.423
30
0
11
244.965
21
289.292
31
0
0
LINE
5
1F66
330
C
100
AcDbEntity
8
0
100
AcDbLine
10
244.965
20
289.292
30
0
11
245.047
21
289.17
31
0
0
LINE
5
1F67
330
C
100
AcDbEntity
8
0
100
AcDbLine
10
245.047
20
289.17
30
0
11
245.137
21
289.058
31
0
0
LINE
5
1F68
330
C
100
AcDbEntity
8
0
100
AcDbLine
10
245.137
20
289.058
30
0
11
245.235
21
288.957
31
0
0
LINE
5
1F69
330
C
100
AcDbEntity
8
0
100
AcDbLine
10
245.235
20
288.957
30
0
11
245.341
21
288.868
31
0
0
LINE
5
1F6A
330
C
100
AcDbEntity
8
0
100
AcDbLine
10
245.341
20
288.868
30
0
11
245.455
21
288.792
31
0
0
LINE
5
1F6B
330
C
100
AcDbEntity
8
0
100
AcDbLine
10
245.455
20
288.792
30
0
11
245.577
21
288.727
31
0
0
LINE
5
1F6C
330
C
100
AcDbEntity
8
0
100
AcDbLine
10
245.577
20
288.727
30
0
11
245.708
21
288.673
31
0
0
LINE
5
1F6D
330
C
100
AcDbEntity
8
0
100
AcDbLine
10
245.708
20
288.673
30
0
11
245.846
21
288.632
31
0
0
LINE
5
1F6E
330
C
100
AcDbEntity
8
0
100
AcDbLine
10
245.846
20
288.632
30
0
11
245.993
21
288.602
31
0
0
LINE
5
1F6F
330
C
100
AcDbEntity
8
0
100
AcDbLine
10
245.993
20
288.602
30
0
11
246.147
21
288.585
31
0
0
LINE
5
1F70
330
C
100
AcDbEntity
8
0
100
AcDbLine
10
246.147
20
288.585
30
0
11
246.31
21
288.579
31
0
0
LINE
5
1F71
330
C
100
AcDbEntity
8
0
100
AcDbLine
10
246.31
20
288.579
30
0
11
246.31
21
288.579
31
0
0
LINE
5
1F72
330
C
100
AcDbEntity
8
0
100
AcDbLine
10
252.58
20
287.763
30
0
11
252.58
21
287.763
31
0
0
LINE
5
1F73
330
C
100
AcDbEntity
8
0
100
AcDbLine
10
252.58
20
287.763
30
0
11
252.487
21
287.765
31
0
0
LINE
5
1F74
330
C
100
AcDbEntity
8
0
100
AcDbLine
10
252.487
20
287.765
30
0
11
252.397
21
287.77
31
0
0
LINE
5
1F75
330
C
100
AcDbEntity
8
0
100
AcDbLine
10
252.397
20
287.77
30
0
11
252.308
21
287.779
31
0
0
LINE
5
1F76
330
C
100
AcDbEntity
8
0
100
AcDbLine
10
252.308
20
287.779
30
0
11
252.221
21
287.792
31
0
0
LINE
5
1F77
330
C
100
AcDbEntity
8
0
100
AcDbLine
10
252.221
20
287.792
30
0
11
252.136
21
287.808
31
0
0
LINE
5
1F78
330
C
100
AcDbEntity
8
0
100
AcDbLine
10
252.136
20
287.808
30
0
11
252.053
21
287.828
31
0
0
LINE
5
1F79
330
C
100
AcDbEntity
8
0
100
AcDbLine
10
252.053
20
287.828
30
0
11
251.972
21
287.851
31
0
0
LINE
5
1F7A
330
C
100
AcDbEntity
8
0
100
AcDbLine
10
251.972
20
287.851
30
0
11
251.893
21
287.878
31
0
0
LINE
5
1F7B
330
C
100
AcDbEntity
8
0
100
AcDbLine
10
251.893
20
287.878
30
0
11
251.815
21
287.909
31
0
0
LINE
5
1F7C
330
C
100
AcDbEntity
8
0
100
AcDbLine
10
251.815
20
287.909
30
0
11
251.74
21
287.943
31
0
0
LINE
5
1F7D
330
C
100
AcDbEntity
8
0
100
AcDbLine
10
251.74
20
287.943
30
0
11
251.667
21
287.981
31
0
0
LINE
5
1F7E
330
C
100
AcDbEntity
8
0
100
AcDbLine
10
251.667
20
287.981
30
0
11
251.597
21
288.022
31
0
0
LINE
5
1F7F
330
C
100
AcDbEntity
8
0
100
AcDbLine
10
251.597
20
288.022
30
0
11
251.531
21
288.067
31
0
0
LINE
5
1F80
330
C
100
AcDbEntity
8
0
100
AcDbLine
10
251.531
20
288.067
30
0
11
251.467
21
288.116
31
0
0
LINE
5
1F81
330
C
100
AcDbEntity
8
0
100
AcDbLine
10
251.467
20
288.116
30
0
11
251.407
21
288.168
31
0
0
LINE
5
1F82
330
C
100
AcDbEntity
8
0
100
AcDbLine
10
251.407
20
288.168
30
0
11
251.35
21
288.224
31
0
0
LINE
5
1F83
330
C
100
AcDbEntity
8
0
100
AcDbLine
10
251.35
20
288.224
30
0
11
251.296
21
288.283
31
0
0
LINE
5
1F84
330
C
100
AcDbEntity
8
0
100
AcDbLine
10
251.296
20
288.283
30
0
11
251.245
21
288.346
31
0
0
LINE
5
1F85
330
C
100
AcDbEntity
8
0
100
AcDbLine
10
251.245
20
288.346
30
0
11
251.197
21
288.413
31
0
0
LINE
5
1F86
330
C
100
AcDbEntity
8
0
100
AcDbLine
10
251.197
20
288.413
30
0
11
251.152
21
288.483
31
0
0
LINE
5
1F87
330
C
100
AcDbEntity
8
0
100
AcDbLine
10
251.152
20
288.483
30
0
11
251.111
21
288.557
31
0
0
LINE
5
1F88
330
C
100
AcDbEntity
8
0
100
AcDbLine
10
251.111
20
288.557
30
0
11
251.074
21
288.634
31
0
0
LINE
5
1F89
330
C
100
AcDbEntity
8
0
100
AcDbLine
10
251.074
20
288.634
30
0
11
251.042
21
288.715
31
0
0
LINE
5
1F8A
330
C
100
AcDbEntity
8
0
100
AcDbLine
10
251.042
20
288.715
30
0
11
251.014
21
288.8
31
0
0
LINE
5
1F8B
330
C
100
AcDbEntity
8
0
100
AcDbLine
10
251.014
20
288.8
30
0
11
250.99
21
288.888
31
0
0
LINE
5
1F8C
330
C
100
AcDbEntity
8
0
100
AcDbLine
10
250.99
20
288.888
30
0
11
250.971
21
288.98
31
0
0
LINE
5
1F8D
330
C
100
AcDbEntity
8
0
100
AcDbLine
10
250.971
20
288.98
30
0
11
250.955
21
289.075
31
0
0
LINE
5
1F8E
330
C
100
AcDbEntity
8
0
100
AcDbLine
10
250.955
20
289.075
30
0
11
250.945
21
289.174
31
0
0
LINE
5
1F8F
330
C
100
AcDbEntity
8
0
100
AcDbLine
10
250.945
20
289.174
30
0
11
250.938
21
289.277
31
0
0
LINE
5
1F90
330
C
100
AcDbEntity
8
0
100
AcDbLine
10
250.938
20
289.277
30
0
11
250.936
21
289.383
31
0
0
LINE
5
1F91
330
C
100
AcDbEntity
8
0
100
AcDbLine
10
250.936
20
289.383
30
0
11
250.936
21
289.383
31
0
0
LINE
5
1F92
330
C
100
AcDbEntity
8
0
100
AcDbLine
10
250.936
20
289.383
30
0
11
250.936
21
295.239
31
0
0
LINE
5
1F93
330
C
100
AcDbEntity
8
0
100
AcDbLine
10
250.936
20
295.239
30
0
11
251.86
21
295.239
31
0
0
LINE
5
1F94
330
C
100
AcDbEntity
8
0
100
AcDbLine
10
251.86
20
295.239
30
0
11
251.86
21
289.407
31
0
0
LINE
5
1F95
330
C
100
AcDbEntity
8
0
100
AcDbLine
10
251.86
20
289.407
30
0
11
251.868
21
289.238
31
0
0
LINE
5
1F96
330
C
100
AcDbEntity
8
0
100
AcDbLine
10
251.868
20
289.238
30
0
11
251.893
21
289.087
31
0
0
LINE
5
1F97
330
C
100
AcDbEntity
8
0
100
AcDbLine
10
251.893
20
289.087
30
0
11
251.935
21
288.954
31
0
0
LINE
5
1F98
330
C
100
AcDbEntity
8
0
100
AcDbLine
10
251.935
20
288.954
30
0
11
251.992
21
288.838
31
0
0
LINE
5
1F99
330
C
100
AcDbEntity
8
0
100
AcDbLine
10
251.992
20
288.838
30
0
11
252.067
21
288.741
31
0
0
LINE
5
1F9A
330
C
100
AcDbEntity
8
0
100
AcDbLine
10
252.067
20
288.741
30
0
11
252.158
21
288.661
31
0
0
LINE
5
1F9B
330
C
100
AcDbEntity
8
0
100
AcDbLine
10
252.158
20
288.661
30
0
11
252.266
21
288.599
31
0
0
LINE
5
1F9C
330
C
100
AcDbEntity
8
0
100
AcDbLine
10
252.266
20
288.599
30
0
11
252.39
21
288.554
31
0
0
LINE
5
1F9D
330
C
100
AcDbEntity
8
0
100
AcDbLine
10
252.39
20
288.554
30
0
11
252.531
21
288.528
31
0
0
LINE
5
1F9E
330
C
100
AcDbEntity
8
0
100
AcDbLine
10
252.531
20
288.528
30
0
11
252.688
21
288.519
31
0
0
LINE
5
1F9F
330
C
100
AcDbEntity
8
0
100
AcDbLine
10
252.688
20
288.519
30
0
11
252.688
21
288.519
31
0
0
LINE
5
1FA0
330
C
100
AcDbEntity
8
0
100
AcDbLine
10
252.688
20
288.519
30
0
11
252.737
21
288.519
31
0
0
LINE
5
1FA1
330
C
100
AcDbEntity
8
0
100
AcDbLine
10
252.737
20
288.519
30
0
11
252.786
21
288.521
31
0
0
LINE
5
1FA2
330
C
100
AcDbEntity
8
0
100
AcDbLine
10
252.786
20
288.521
30
0
11
252.834
21
288.524
31
0
0
LINE
5
1FA3
330
C
100
AcDbEntity
8
0
100
AcDbLine
10
252.834
20
288.524
30
0
11
252.882
21
288.527
31
0
0
LINE
5
1FA4
330
C
100
AcDbEntity
8
0
100
AcDbLine
10
252.882
20
288.527
30
0
11
252.93
21
288.532
31
0
0
LINE
5
1FA5
330
C
100
AcDbEntity
8
0
100
AcDbLine
10
252.93
20
288.532
30
0
11
252.978
21
288.538
31
0
0
LINE
5
1FA6
330
C
100
AcDbEntity
8
0
100
AcDbLine
10
252.978
20
288.538
30
0
11
253.025
21
288.545
31
0
0
LINE
5
1FA7
330
C
100
AcDbEntity
8
0
100
AcDbLine
10
253.025
20
288.545
30
0
11
253.072
21
288.553
31
0
0
LINE
5
1FA8
330
C
100
AcDbEntity
8
0
100
AcDbLine
10
253.072
20
288.553
30
0
11
253.119
21
288.563
31
0
0
LINE
5
1FA9
330
C
100
AcDbEntity
8
0
100
AcDbLine
10
253.119
20
288.563
30
0
11
253.165
21
288.573
31
0
0
LINE
5
1FAA
330
C
100
AcDbEntity
8
0
100
AcDbLine
10
253.165
20
288.573
30
0
11
253.212
21
288.584
31
0
0
LINE
5
1FAB
330
C
100
AcDbEntity
8
0
100
AcDbLine
10
253.212
20
288.584
30
0
11
253.26
21
288.597
31
0
0
LINE
5
1FAC
330
C
100
AcDbEntity
8
0
100
AcDbLine
10
253.26
20
288.597
30
0
11
253.309
21
288.61
31
0
0
LINE
5
1FAD
330
C
100
AcDbEntity
8
0
100
AcDbLine
10
253.309
20
288.61
30
0
11
253.359
21
288.625
31
0
0
LINE
5
1FAE
330
C
100
AcDbEntity
8
0
100
AcDbLine
10
253.359
20
288.625
30
0
11
253.41
21
288.64
31
0
0
LINE
5
1FAF
330
C
100
AcDbEntity
8
0
100
AcDbLine
10
253.41
20
288.64
30
0
11
253.463
21
288.657
31
0
0
LINE
5
1FB0
330
C
100
AcDbEntity
8
0
100
AcDbLine
10
253.463
20
288.657
30
0
11
253.516
21
288.675
31
0
0
LINE
5
1FB1
330
C
100
AcDbEntity
8
0
100
AcDbLine
10
253.516
20
288.675
30
0
11
253.571
21
288.694
31
0
0
LINE
5
1FB2
330
C
100
AcDbEntity
8
0
100
AcDbLine
10
253.571
20
288.694
30
0
11
253.627
21
288.714
31
0
0
LINE
5
1FB3
330
C
100
AcDbEntity
8
0
100
AcDbLine
10
253.627
20
288.714
30
0
11
253.684
21
288.735
31
0
0
LINE
5
1FB4
330
C
100
AcDbEntity
8
0
100
AcDbLine
10
253.684
20
288.735
30
0
11
253.684
21
288.735
31
0
0
LINE
5
1FB5
330
C
100
AcDbEntity
8
0
100
AcDbLine
10
253.684
20
288.735
30
0
11
253.816
21
288.063
31
0
0
LINE
5
1FB6
330
C
100
AcDbEntity
8
0
100
AcDbLine
10
253.816
20
288.063
30
0
11
253.755
21
288.037
31
0
0
LINE
5
1FB7
330
C
100
AcDbEntity
8
0
100
AcDbLine
10
253.755
20
288.037
30
0
11
253.694
21
288.012
31
0
0
LINE
5
1FB8
330
C
100
AcDbEntity
8
0
100
AcDbLine
10
253.694
20
288.012
30
0
11
253.633
21
287.988
31
0
0
LINE
5
1FB9
330
C
100
AcDbEntity
8
0
100
AcDbLine
10
253.633
20
287.988
30
0
11
253.572
21
287.965
31
0
0
LINE
5
1FBA
330
C
100
AcDbEntity
8
0
100
AcDbLine
10
253.572
20
287.965
30
0
11
253.511
21
287.943
31
0
0
LINE
5
1FBB
330
C
100
AcDbEntity
8
0
100
AcDbLine
10
253.511
20
287.943
30
0
11
253.45
21
287.922
31
0
0
LINE
5
1FBC
330
C
100
AcDbEntity
8
0
100
AcDbLine
10
253.45
20
287.922
30
0
11
253.389
21
287.902
31
0
0
LINE
5
1FBD
330
C
100
AcDbEntity
8
0
100
AcDbLine
10
253.389
20
287.902
30
0
11
253.328
21
287.882
31
0
0
LINE
5
1FBE
330
C
100
AcDbEntity
8
0
100
AcDbLine
10
253.328
20
287.882
30
0
11
253.268
21
287.864
31
0
0
LINE
5
1FBF
330
C
100
AcDbEntity
8
0
100
AcDbLine
10
253.268
20
287.864
30
0
11
253.207
21
287.847
31
0
0
LINE
5
1FC0
330
C
100
AcDbEntity
8
0
100
AcDbLine
10
253.207
20
287.847
30
0
11
253.146
21
287.831
31
0
0
LINE
5
1FC1
330
C
100
AcDbEntity
8
0
100
AcDbLine
10
253.146
20
287.831
30
0
11
253.085
21
287.817
31
0
0
LINE
5
1FC2
330
C
100
AcDbEntity
8
0
100
AcDbLine
10
253.085
20
287.817
30
0
11
253.023
21
287.804
31
0
0
LINE
5
1FC3
330
C
100
AcDbEntity
8
0
100
AcDbLine
10
253.023
20
287.804
30
0
11
252.961
21
287.793
31
0
0
LINE
5
1FC4
330
C
100
AcDbEntity
8
0
100
AcDbLine
10
252.961
20
287.793
30
0
11
252.899
21
287.784
31
0
0
LINE
5
1FC5
330
C
100
AcDbEntity
8
0
100
AcDbLine
10
252.899
20
287.784
30
0
11
252.836
21
287.776
31
0
0
LINE
5
1FC6
330
C
100
AcDbEntity
8
0
100
AcDbLine
10
252.836
20
287.776
30
0
11
252.773
21
287.77
31
0
0
LINE
5
1FC7
330
C
100
AcDbEntity
8
0
100
AcDbLine
10
252.773
20
287.77
30
0
11
252.709
21
287.766
31
0
0
LINE
5
1FC8
330
C
100
AcDbEntity
8
0
100
AcDbLine
10
252.709
20
287.766
30
0
11
252.645
21
287.764
31
0
0
LINE
5
1FC9
330
C
100
AcDbEntity
8
0
100
AcDbLine
10
252.645
20
287.764
30
0
11
252.58
21
287.763
31
0
0
LINE
5
1FCA
330
C
100
AcDbEntity
8
0
100
AcDbLine
10
252.58
20
287.763
30
0
11
252.58
21
287.763
31
0
0
LINE
5
1FCB
330
C
100
AcDbEntity
8
0
100
AcDbLine
10
253.672
20
292.995
30
0
11
250.012
21
292.995
31
0
0
LINE
5
1FCC
330
C
100
AcDbEntity
8
0
100
AcDbLine
10
250.012
20
292.995
30
0
11
250.012
21
293.643
31
0
0
LINE
5
1FCD
330
C
100
AcDbEntity
8
0
100
AcDbLine
10
250.012
20
293.643
30
0
11
253.672
21
293.643
31
0
0
LINE
5
1FCE
330
C
100
AcDbEntity
8
0
100
AcDbLine
10
253.672
20
293.643
30
0
11
253.672
21
292.995
31
0
0
LINE
5
1FCF
330
C
100
AcDbEntity
8
0
100
AcDbLine
10
253.672
20
292.995
30
0
11
253.672
21
292.995
31
0
0
LINE
5
1FD0
330
C
100
AcDbEntity
8
0
100
AcDbLine
10
257.092
20
287.763
30
0
11
257.092
21
287.763
31
0
0
LINE
5
1FD1
330
C
100
AcDbEntity
8
0
100
AcDbLine
10
257.092
20
287.763
30
0
11
256.999
21
287.765
31
0
0
LINE
5
1FD2
330
C
100
AcDbEntity
8
0
100
AcDbLine
10
256.999
20
287.765
30
0
11
256.909
21
287.77
31
0
0
LINE
5
1FD3
330
C
100
AcDbEntity
8
0
100
AcDbLine
10
256.909
20
287.77
30
0
11
256.82
21
287.779
31
0
0
LINE
5
1FD4
330
C
100
AcDbEntity
8
0
100
AcDbLine
10
256.82
20
287.779
30
0
11
256.733
21
287.792
31
0
0
LINE
5
1FD5
330
C
100
AcDbEntity
8
0
100
AcDbLine
10
256.733
20
287.792
30
0
11
256.648
21
287.808
31
0
0
LINE
5
1FD6
330
C
100
AcDbEntity
8
0
100
AcDbLine
10
256.648
20
287.808
30
0
11
256.565
21
287.828
31
0
0
LINE
5
1FD7
330
C
100
AcDbEntity
8
0
100
AcDbLine
10
256.565
20
287.828
30
0
11
256.484
21
287.851
31
0
0
LINE
5
1FD8
330
C
100
AcDbEntity
8
0
100
AcDbLine
10
256.484
20
287.851
30
0
11
256.405
21
287.878
31
0
0
LINE
5
1FD9
330
C
100
AcDbEntity
8
0
100
AcDbLine
10
256.405
20
287.878
30
0
11
256.327
21
287.909
31
0
0
LINE
5
1FDA
330
C
100
AcDbEntity
8
0
100
AcDbLine
10
256.327
20
287.909
30
0
11
256.252
21
287.943
31
0
0
LINE
5
1FDB
330
C
100
AcDbEntity
8
0
100
AcDbLine
10
256.252
20
287.943
30
0
11
256.179
21
287.981
31
0
0
LINE
5
1FDC
330
C
100
AcDbEntity
8
0
100
AcDbLine
10
256.179
20
287.981
30
0
11
256.109
21
288.022
31
0
0
LINE
5
1FDD
330
C
100
AcDbEntity
8
0
100
AcDbLine
10
256.109
20
288.022
30
0
11
256.043
21
288.067
31
0
0
LINE
5
1FDE
330
C
100
AcDbEntity
8
0
100
AcDbLine
10
256.043
20
288.067
30
0
11
255.979
21
288.116
31
0
0
LINE
5
1FDF
330
C
100
AcDbEntity
8
0
100
AcDbLine
10
255.979
20
288.116
30
0
11
255.919
21
288.168
31
0
0
LINE
5
1FE0
330
C
100
AcDbEntity
8
0
100
AcDbLine
10
255.919
20
288.168
30
0
11
255.862
21
288.224
31
0
0
LINE
5
1FE1
330
C
100
AcDbEntity
8
0
100
AcDbLine
10
255.862
20
288.224
30
0
11
255.808
21
288.283
31
0
0
LINE
5
1FE2
330
C
100
AcDbEntity
8
0
100
AcDbLine
10
255.808
20
288.283
30
0
11
255.757
21
288.346
31
0
0
LINE
5
1FE3
330
C
100
AcDbEntity
8
0
100
AcDbLine
10
255.757
20
288.346
30
0
11
255.709
21
288.413
31
0
0
LINE
5
1FE4
330
C
100
AcDbEntity
8
0
100
AcDbLine
10
255.709
20
288.413
30
0
11
255.664
21
288.483
31
0
0
LINE
5
1FE5
330
C
100
AcDbEntity
8
0
100
AcDbLine
10
255.664
20
288.483
30
0
11
255.623
21
288.557
31
0
0
LINE
5
1FE6
330
C
100
AcDbEntity
8
0
100
AcDbLine
10
255.623
20
288.557
30
0
11
255.586
21
288.634
31
0
0
LINE
5
1FE7
330
C
100
AcDbEntity
8
0
100
AcDbLine
10
255.586
20
288.634
30
0
11
255.554
21
288.715
31
0
0
LINE
5
1FE8
330
C
100
AcDbEntity
8
0
100
AcDbLine
10
255.554
20
288.715
30
0
11
255.526
21
288.8
31
0
0
LINE
5
1FE9
330
C
100
AcDbEntity
8
0
100
AcDbLine
10
255.526
20
288.8
30
0
11
255.502
21
288.888
31
0
0
LINE
5
1FEA
330
C
100
AcDbEntity
8
0
100
AcDbLine
10
255.502
20
288.888
30
0
11
255.483
21
288.98
31
0
0
LINE
5
1FEB
330
C
100
AcDbEntity
8
0
100
AcDbLine
10
255.483
20
288.98
30
0
11
255.467
21
289.075
31
0
0
LINE
5
1FEC
330
C
100
AcDbEntity
8
0
100
AcDbLine
10
255.467
20
289.075
30
0
11
255.457
21
289.174
31
0
0
LINE
5
1FED
330
C
100
AcDbEntity
8
0
100
AcDbLine
10
255.457
20
289.174
30
0
11
255.45
21
289.277
31
0
0
LINE
5
1FEE
330
C
100
AcDbEntity
8
0
100
AcDbLine
10
255.45
20
289.277
30
0
11
255.448
21
289.383
31
0
0
LINE
5
1FEF
330
C
100
AcDbEntity
8
0
100
AcDbLine
10
255.448
20
289.383
30
0
11
255.448
21
289.383
31
0
0
LINE
5
1FF0
330
C
100
AcDbEntity
8
0
100
AcDbLine
10
255.448
20
289.383
30
0
11
255.448
21
295.239
31
0
0
LINE
5
1FF1
330
C
100
AcDbEntity
8
0
100
AcDbLine
10
255.448
20
295.239
30
0
11
256.372
21
295.239
31
0
0
LINE
5
1FF2
330
C
100
AcDbEntity
8
0
100
AcDbLine
10
256.372
20
295.239
30
0
11
256.372
21
289.407
31
0
0
LINE
5
1FF3
330
C
100
AcDbEntity
8
0
100
AcDbLine
10
256.372
20
289.407
30
0
11
256.38
21
289.238
31
0
0
LINE
5
1FF4
330
C
100
AcDbEntity
8
0
100
AcDbLine
10
256.38
20
289.238
30
0
11
256.405
21
289.087
31
0
0
LINE
5
1FF5
330
C
100
AcDbEntity
8
0
100
AcDbLine
10
256.405
20
289.087
30
0
11
256.447
21
288.954
31
0
0
LINE
5
1FF6
330
C
100
AcDbEntity
8
0
100
AcDbLine
10
256.447
20
288.954
30
0
11
256.504
21
288.838
31
0
0
LINE
5
1FF7
330
C
100
AcDbEntity
8
0
100
AcDbLine
10
256.504
20
288.838
30
0
11
256.579
21
288.741
31
0
0
LINE
5
1FF8
330
C
100
AcDbEntity
8
0
100
AcDbLine
10
256.579
20
288.741
30
0
11
256.67
21
288.661
31
0
0
LINE
5
1FF9
330
C
100
AcDbEntity
8
0
100
AcDbLine
10
256.67
20
288.661
30
0
11
256.778
21
288.599
31
0
0
LINE
5
1FFA
330
C
100
AcDbEntity
8
0
100
AcDbLine
10
256.778
20
288.599
30
0
11
256.902
21
288.554
31
0
0
LINE
5
1FFB
330
C
100
AcDbEntity
8
0
100
AcDbLine
10
256.902
20
288.554
30
0
11
257.043
21
288.528
31
0
0
LINE
5
1FFC
330
C
100
AcDbEntity
8
0
100
AcDbLine
10
257.043
20
288.528
30
0
11
257.2
21
288.519
31
0
0
LINE
5
1FFD
330
C
100
AcDbEntity
8
0
100
AcDbLine
10
257.2
20
288.519
30
0
11
257.2
21
288.519
31
0
0
LINE
5
1FFE
330
C
100
AcDbEntity
8
0
100
AcDbLine
10
257.2
20
288.519
30
0
11
257.249
21
288.519
31
0
0
LINE
5
1FFF
330
C
100
AcDbEntity
8
0
100
AcDbLine
10
257.249
20
288.519
30
0
11
257.298
21
288.521
31
0
0
LINE
5
2000
330
C
100
AcDbEntity
8
0
100
AcDbLine
10
257.298
20
288.521
30
0
11
257.346
21
288.524
31
0
0
LINE
5
2001
330
C
100
AcDbEntity
8
0
100
AcDbLine
10
257.346
20
288.524
30
0
11
257.394
21
288.527
31
0
0
LINE
5
2002
330
C
100
AcDbEntity
8
0
100
AcDbLine
10
257.394
20
288.527
30
0
11
257.442
21
288.532
31
0
0
LINE
5
2003
330
C
100
AcDbEntity
8
0
100
AcDbLine
10
257.442
20
288.532
30
0
11
257.49
21
288.538
31
0
0
LINE
5
2004
330
C
100
AcDbEntity
8
0
100
AcDbLine
10
257.49
20
288.538
30
0
11
257.537
21
288.545
31
0
0
LINE
5
2005
330
C
100
AcDbEntity
8
0
100
AcDbLine
10
257.537
20
288.545
30
0
11
257.584
21
288.553
31
0
0
LINE
5
2006
330
C
100
AcDbEntity
8
0
100
AcDbLine
10
257.584
20
288.553
30
0
11
257.631
21
288.563
31
0
0
LINE
5
2007
330
C
100
AcDbEntity
8
0
100
AcDbLine
10
257.631
20
288.563
30
0
11
257.677
21
288.573
31
0
0
LINE
5
2008
330
C
100
AcDbEntity
8
0
100
AcDbLine
10
257.677
20
288.573
30
0
11
257.724
21
288.584
31
0
0
LINE
5
2009
330
C
100
AcDbEntity
8
0
100
AcDbLine
10
257.724
20
288.584
30
0
11
257.772
21
288.597
31
0
0
LINE
5
200A
330
C
100
AcDbEntity
8
0
100
AcDbLine
10
257.772
20
288.597
30
0
11
257.821
21
288.61
31
0
0
LINE
5
200B
330
C
100
AcDbEntity
8
0
100
AcDbLine
10
257.821
20
288.61
30
0
11
257.871
21
288.625
31
0
0
LINE
5
200C
330
C
100
AcDbEntity
8
0
100
AcDbLine
10
257.871
20
288.625
30
0
11
257.922
21
288.64
31
0
0
LINE
5
200D
330
C
100
AcDbEntity
8
0
100
AcDbLine
10
257.922
20
288.64
30
0
11
257.975
21
288.657
31
0
0
LINE
5
200E
330
C
100
AcDbEntity
8
0
100
AcDbLine
10
257.975
20
288.657
30
0
11
258.028
21
288.675
31
0
0
LINE
5
200F
330
C
100
AcDbEntity
8
0
100
AcDbLine
10
258.028
20
288.675
30
0
11
258.083
21
288.694
31
0
0
LINE
5
2010
330
C
100
AcDbEntity
8
0
100
AcDbLine
10
258.083
20
288.694
30
0
11
258.139
21
288.714
31
0
0
LINE
5
2011
330
C
100
AcDbEntity
8
0
100
AcDbLine
10
258.139
20
288.714
30
0
11
258.196
21
288.735
31
0
0
LINE
5
2012
330
C
100
AcDbEntity
8
0
100
AcDbLine
10
258.196
20
288.735
30
0
11
258.196
21
288.735
31
0
0
LINE
5
2013
330
C
100
AcDbEntity
8
0
100
AcDbLine
10
258.196
20
288.735
30
0
11
258.328
21
288.063
31
0
0
LINE
5
2014
330
C
100
AcDbEntity
8
0
100
AcDbLine
10
258.328
20
288.063
30
0
11
258.267
21
288.037
31
0
0
LINE
5
2015
330
C
100
AcDbEntity
8
0
100
AcDbLine
10
258.267
20
288.037
30
0
11
258.206
21
288.012
31
0
0
LINE
5
2016
330
C
100
AcDbEntity
8
0
100
AcDbLine
10
258.206
20
288.012
30
0
11
258.145
21
287.988
31
0
0
LINE
5
2017
330
C
100
AcDbEntity
8
0
100
AcDbLine
10
258.145
20
287.988
30
0
11
258.084
21
287.965
31
0
0
LINE
5
2018
330
C
100
AcDbEntity
8
0
100
AcDbLine
10
258.084
20
287.965
30
0
11
258.023
21
287.943
31
0
0
LINE
5
2019
330
C
100
AcDbEntity
8
0
100
AcDbLine
10
258.023
20
287.943
30
0
11
257.962
21
287.922
31
0
0
LINE
5
201A
330
C
100
AcDbEntity
8
0
100
AcDbLine
10
257.962
20
287.922
30
0
11
257.901
21
287.902
31
0
0
LINE
5
201B
330
C
100
AcDbEntity
8
0
100
AcDbLine
10
257.901
20
287.902
30
0
11
257.84
21
287.882
31
0
0
LINE
5
201C
330
C
100
AcDbEntity
8
0
100
AcDbLine
10
257.84
20
287.882
30
0
11
257.78
21
287.864
31
0
0
LINE
5
201D
330
C
100
AcDbEntity
8
0
100
AcDbLine
10
257.78
20
287.864
30
0
11
257.719
21
287.847
31
0
0
LINE
5
201E
330
C
100
AcDbEntity
8
0
100
AcDbLine
10
257.719
20
287.847
30
0
11
257.658
21
287.831
31
0
0
LINE
5
201F
330
C
100
AcDbEntity
8
0
100
AcDbLine
10
257.658
20
287.831
30
0
11
257.597
21
287.817
31
0
0
LINE
5
2020
330
C
100
AcDbEntity
8
0
100
AcDbLine
10
257.597
20
287.817
30
0
11
257.535
21
287.804
31
0
0
LINE
5
2021
330
C
100
AcDbEntity
8
0
100
AcDbLine
10
257.535
20
287.804
30
0
11
257.473
21
287.793
31
0
0
LINE
5
2022
330
C
100
AcDbEntity
8
0
100
AcDbLine
10
257.473
20
287.793
30
0
11
257.411
21
287.784
31
0
0
LINE
5
2023
330
C
100
AcDbEntity
8
0
100
AcDbLine
10
257.411
20
287.784
30
0
11
257.348
21
287.776
31
0
0
LINE
5
2024
330
C
100
AcDbEntity
8
0
100
AcDbLine
10
257.348
20
287.776
30
0
11
257.285
21
287.77
31
0
0
LINE
5
2025
330
C
100
AcDbEntity
8
0
100
AcDbLine
10
257.285
20
287.77
30
0
11
257.221
21
287.766
31
0
0
LINE
5
2026
330
C
100
AcDbEntity
8
0
100
AcDbLine
10
257.221
20
287.766
30
0
11
257.157
21
287.764
31
0
0
LINE
5
2027
330
C
100
AcDbEntity
8
0
100
AcDbLine
10
257.157
20
287.764
30
0
11
257.092
21
287.763
31
0
0
LINE
5
2028
330
C
100
AcDbEntity
8
0
100
AcDbLine
10
257.092
20
287.763
30
0
11
257.092
21
287.763
31
0
0
LINE
5
2029
330
C
100
AcDbEntity
8
0
100
AcDbLine
10
258.184
20
292.995
30
0
11
254.524
21
292.995
31
0
0
LINE
5
202A
330
C
100
AcDbEntity
8
0
100
AcDbLine
10
254.524
20
292.995
30
0
11
254.524
21
293.643
31
0
0
LINE
5
202B
330
C
100
AcDbEntity
8
0
100
AcDbLine
10
254.524
20
293.643
30
0
11
258.184
21
293.643
31
0
0
LINE
5
202C
330
C
100
AcDbEntity
8
0
100
AcDbLine
10
258.184
20
293.643
30
0
11
258.184
21
292.995
31
0
0
LINE
5
202D
330
C
100
AcDbEntity
8
0
100
AcDbLine
10
258.184
20
292.995
30
0
11
258.184
21
292.995
31
0
0
LINE
5
202E
330
C
100
AcDbEntity
8
0
100
AcDbLine
10
261.916
20
287.763
30
0
11
261.916
21
287.763
31
0
0
LINE
5
202F
330
C
100
AcDbEntity
8
0
100
AcDbLine
10
261.916
20
287.763
30
0
11
261.763
21
287.766
31
0
0
LINE
5
2030
330
C
100
AcDbEntity
8
0
100
AcDbLine
10
261.763
20
287.766
30
0
11
261.613
21
287.776
31
0
0
LINE
5
2031
330
C
100
AcDbEntity
8
0
100
AcDbLine
10
261.613
20
287.776
30
0
11
261.467
21
287.794
31
0
0
LINE
5
2032
330
C
100
AcDbEntity
8
0
100
AcDbLine
10
261.467
20
287.794
30
0
11
261.324
21
287.818
31
0
0
LINE
5
2033
330
C
100
AcDbEntity
8
0
100
AcDbLine
10
261.324
20
287.818
30
0
11
261.185
21
287.848
31
0
0
LINE
5
2034
330
C
100
AcDbEntity
8
0
100
AcDbLine
10
261.185
20
287.848
30
0
11
261.049
21
287.886
31
0
0
LINE
5
2035
330
C
100
AcDbEntity
8
0
100
AcDbLine
10
261.049
20
287.886
30
0
11
260.916
21
287.93
31
0
0
LINE
5
2036
330
C
100
AcDbEntity
8
0
100
AcDbLine
10
260.916
20
287.93
30
0
11
260.787
21
287.982
31
0
0
LINE
5
2037
330
C
100
AcDbEntity
8
0
100
AcDbLine
10
260.787
20
287.982
30
0
11
260.661
21
288.04
31
0
0
LINE
5
2038
330
C
100
AcDbEntity
8
0
100
AcDbLine
10
260.661
20
288.04
30
0
11
260.539
21
288.105
31
0
0
LINE
5
2039
330
C
100
AcDbEntity
8
0
100
AcDbLine
10
260.539
20
288.105
30
0
11
260.421
21
288.177
31
0
0
LINE
5
203A
330
C
100
AcDbEntity
8
0
100
AcDbLine
10
260.421
20
288.177
30
0
11
260.308
21
288.255
31
0
0
LINE
5
203B
330
C
100
AcDbEntity
8
0
100
AcDbLine
10
260.308
20
288.255
30
0
11
260.2
21
288.34
31
0
0
LINE
5
203C
330
C
100
AcDbEntity
8
0
100
AcDbLine
10
260.2
20
288.34
30
0
11
260.097
21
288.431
31
0
0
LINE
5
203D
330
C
100
AcDbEntity
8
0
100
AcDbLine
10
260.097
20
288.431
30
0
11
260
21
288.529
31
0
0
LINE
5
203E
330
C
100
AcDbEntity
8
0
100
AcDbLine
10
260
20
288.529
30
0
11
259.907
21
288.634
31
0
0
LINE
5
203F
330
C
100
AcDbEntity
8
0
100
AcDbLine
10
259.907
20
288.634
30
0
11
259.82
21
288.745
31
0
0
LINE
5
2040
330
C
100
AcDbEntity
8
0
100
AcDbLine
10
259.82
20
288.745
30
0
11
259.737
21
288.863
31
0
0
LINE
5
2041
330
C
100
AcDbEntity
8
0
100
AcDbLine
10
259.737
20
288.863
30
0
11
259.66
21
288.988
31
0
0
LINE
5
2042
330
C
100
AcDbEntity
8
0
100
AcDbLine
10
259.66
20
288.988
30
0
11
259.588
21
289.119
31
0
0
LINE
5
2043
330
C
100
AcDbEntity
8
0
100
AcDbLine
10
259.588
20
289.119
30
0
11
259.522
21
289.256
31
0
0
LINE
5
2044
330
C
100
AcDbEntity
8
0
100
AcDbLine
10
259.522
20
289.256
30
0
11
259.463
21
289.4
31
0
0
LINE
5
2045
330
C
100
AcDbEntity
8
0
100
AcDbLine
10
259.463
20
289.4
30
0
11
259.411
21
289.55
31
0
0
LINE
5
2046
330
C
100
AcDbEntity
8
0
100
AcDbLine
10
259.411
20
289.55
30
0
11
259.365
21
289.706
31
0
0
LINE
5
2047
330
C
100
AcDbEntity
8
0
100
AcDbLine
10
259.365
20
289.706
30
0
11
259.327
21
289.869
31
0
0
LINE
5
2048
330
C
100
AcDbEntity
8
0
100
AcDbLine
10
259.327
20
289.869
30
0
11
259.296
21
290.038
31
0
0
LINE
5
2049
330
C
100
AcDbEntity
8
0
100
AcDbLine
10
259.296
20
290.038
30
0
11
259.271
21
290.212
31
0
0
LINE
5
204A
330
C
100
AcDbEntity
8
0
100
AcDbLine
10
259.271
20
290.212
30
0
11
259.254
21
290.394
31
0
0
LINE
5
204B
330
C
100
AcDbEntity
8
0
100
AcDbLine
10
259.254
20
290.394
30
0
11
259.243
21
290.581
31
0
0
LINE
5
204C
330
C
100
AcDbEntity
8
0
100
AcDbLine
10
259.243
20
290.581
30
0
11
259.24
21
290.775
31
0
0
LINE
5
204D
330
C
100
AcDbEntity
8
0
100
AcDbLine
10
259.24
20
290.775
30
0
11
259.24
21
290.775
31
0
0
LINE
5
204E
330
C
100
AcDbEntity
8
0
100
AcDbLine
10
259.24
20
290.775
30
0
11
259.243
21
290.97
31
0
0
LINE
5
204F
330
C
100
AcDbEntity
8
0
100
AcDbLine
10
259.243
20
290.97
30
0
11
259.254
21
291.158
31
0
0
LINE
5
2050
330
C
100
AcDbEntity
8
0
100
AcDbLine
10
259.254
20
291.158
30
0
11
259.271
21
291.34
31
0
0
LINE
5
2051
330
C
100
AcDbEntity
8
0
100
AcDbLine
10
259.271
20
291.34
30
0
11
259.296
21
291.515
31
0
0
LINE
5
2052
330
C
100
AcDbEntity
8
0
100
AcDbLine
10
259.296
20
291.515
30
0
11
259.327
21
291.685
31
0
0
LINE
5
2053
330
C
100
AcDbEntity
8
0
100
AcDbLine
10
259.327
20
291.685
30
0
11
259.365
21
291.847
31
0
0
LINE
5
2054
330
C
100
AcDbEntity
8
0
100
AcDbLine
10
259.365
20
291.847
30
0
11
259.411
21
292.004
31
0
0
LINE
5
2055
330
C
100
AcDbEntity
8
0
100
AcDbLine
10
259.411
20
292.004
30
0
11
259.463
21
292.153
31
0
0
LINE
5
2056
330
C
100
AcDbEntity
8
0
100
AcDbLine
10
259.463
20
292.153
30
0
11
259.522
21
292.297
31
0
0
LINE
5
2057
330
C
100
AcDbEntity
8
0
100
AcDbLine
10
259.522
20
292.297
30
0
11
259.588
21
292.434
31
0
0
LINE
5
2058
330
C
100
AcDbEntity
8
0
100
AcDbLine
10
259.588
20
292.434
30
0
11
259.66
21
292.564
31
0
0
LINE
5
2059
330
C
100
AcDbEntity
8
0
100
AcDbLine
10
259.66
20
292.564
30
0
11
259.737
21
292.688
31
0
0
LINE
5
205A
330
C
100
AcDbEntity
8
0
100
AcDbLine
10
259.737
20
292.688
30
0
11
259.82
21
292.806
31
0
0
LINE
5
205B
330
C
100
AcDbEntity
8
0
100
AcDbLine
10
259.82
20
292.806
30
0
11
259.907
21
292.917
31
0
0
LINE
5
205C
330
C
100
AcDbEntity
8
0
100
AcDbLine
10
259.907
20
292.917
30
0
11
260
21
293.021
31
0
0
LINE
5
205D
330
C
100
AcDbEntity
8
0
100
AcDbLine
10
260
20
293.021
30
0
11
260.097
21
293.119
31
0
0
LINE
5
205E
330
C
100
AcDbEntity
8
0
100
AcDbLine
10
260.097
20
293.119
30
0
11
260.2
21
293.21
31
0
0
LINE
5
205F
330
C
100
AcDbEntity
8
0
100
AcDbLine
10
260.2
20
293.21
30
0
11
260.308
21
293.295
31
0
0
LINE
5
2060
330
C
100
AcDbEntity
8
0
100
AcDbLine
10
260.308
20
293.295
30
0
11
260.421
21
293.373
31
0
0
LINE
5
2061
330
C
100
AcDbEntity
8
0
100
AcDbLine
10
260.421
20
293.373
30
0
11
260.539
21
293.445
31
0
0
LINE
5
2062
330
C
100
AcDbEntity
8
0
100
AcDbLine
10
260.539
20
293.445
30
0
11
260.661
21
293.51
31
0
0
LINE
5
2063
330
C
100
AcDbEntity
8
0
100
AcDbLine
10
260.661
20
293.51
30
0
11
260.787
21
293.568
31
0
0
LINE
5
2064
330
C
100
AcDbEntity
8
0
100
AcDbLine
10
260.787
20
293.568
30
0
11
260.916
21
293.619
31
0
0
LINE
5
2065
330
C
100
AcDbEntity
8
0
100
AcDbLine
10
260.916
20
293.619
30
0
11
261.049
21
293.664
31
0
0
LINE
5
2066
330
C
100
AcDbEntity
8
0
100
AcDbLine
10
261.049
20
293.664
30
0
11
261.185
21
293.701
31
0
0
LINE
5
2067
330
C
100
AcDbEntity
8
0
100
AcDbLine
10
261.185
20
293.701
30
0
11
261.324
21
293.732
31
0
0
LINE
5
2068
330
C
100
AcDbEntity
8
0
100
AcDbLine
10
261.324
20
293.732
30
0
11
261.467
21
293.756
31
0
0
LINE
5
2069
330
C
100
AcDbEntity
8
0
100
AcDbLine
10
261.467
20
293.756
30
0
11
261.613
21
293.773
31
0
0
LINE
5
206A
330
C
100
AcDbEntity
8
0
100
AcDbLine
10
261.613
20
293.773
30
0
11
261.763
21
293.783
31
0
0
LINE
5
206B
330
C
100
AcDbEntity
8
0
100
AcDbLine
10
261.763
20
293.783
30
0
11
261.916
21
293.787
31
0
0
LINE
5
206C
330
C
100
AcDbEntity
8
0
100
AcDbLine
10
261.916
20
293.787
30
0
11
261.916
21
293.787
31
0
0
LINE
5
206D
330
C
100
AcDbEntity
8
0
100
AcDbLine
10
261.916
20
293.787
30
0
11
262.068
21
293.783
31
0
0
LINE
5
206E
330
C
100
AcDbEntity
8
0
100
AcDbLine
10
262.068
20
293.783
30
0
11
262.217
21
293.773
31
0
0
LINE
5
206F
330
C
100
AcDbEntity
8
0
100
AcDbLine
10
262.217
20
293.773
30
0
11
262.362
21
293.756
31
0
0
LINE
5
2070
330
C
100
AcDbEntity
8
0
100
AcDbLine
10
262.362
20
293.756
30
0
11
262.504
21
293.732
31
0
0
LINE
5
2071
330
C
100
AcDbEntity
8
0
100
AcDbLine
10
262.504
20
293.732
30
0
11
262.643
21
293.701
31
0
0
LINE
5
2072
330
C
100
AcDbEntity
8
0
100
AcDbLine
10
262.643
20
293.701
30
0
11
262.778
21
293.664
31
0
0
LINE
5
2073
330
C
100
AcDbEntity
8
0
100
AcDbLine
10
262.778
20
293.664
30
0
11
262.91
21
293.619
31
0
0
LINE
5
2074
330
C
100
AcDbEntity
8
0
100
AcDbLine
10
262.91
20
293.619
30
0
11
263.039
21
293.568
31
0
0
LINE
5
2075
330
C
100
AcDbEntity
8
0
100
AcDbLine
10
263.039
20
293.568
30
0
11
263.165
21
293.51
31
0
0
LINE
5
2076
330
C
100
AcDbEntity
8
0
100
AcDbLine
10
263.165
20
293.51
30
0
11
263.287
21
293.445
31
0
0
LINE
5
2077
330
C
100
AcDbEntity
8
0
100
AcDbLine
10
263.287
20
293.445
30
0
11
263.405
21
293.373
31
0
0
LINE
5
2078
330
C
100
AcDbEntity
8
0
100
AcDbLine
10
263.405
20
293.373
30
0
11
263.518
21
293.295
31
0
0
LINE
5
2079
330
C
100
AcDbEntity
8
0
100
AcDbLine
10
263.518
20
293.295
30
0
11
263.626
21
293.21
31
0
0
LINE
5
207A
330
C
100
AcDbEntity
8
0
100
AcDbLine
10
263.626
20
293.21
30
0
11
263.728
21
293.119
31
0
0
LINE
5
207B
330
C
100
AcDbEntity
8
0
100
AcDbLine
10
263.728
20
293.119
30
0
11
263.825
21
293.021
31
0
0
LINE
5
207C
330
C
100
AcDbEntity
8
0
100
AcDbLine
10
263.825
20
293.021
30
0
11
263.918
21
292.917
31
0
0
LINE
5
207D
330
C
100
AcDbEntity
8
0
100
AcDbLine
10
263.918
20
292.917
30
0
11
264.005
21
292.806
31
0
0
LINE
5
207E
330
C
100
AcDbEntity
8
0
100
AcDbLine
10
264.005
20
292.806
30
0
11
264.087
21
292.688
31
0
0
LINE
5
207F
330
C
100
AcDbEntity
8
0
100
AcDbLine
10
264.087
20
292.688
30
0
11
264.163
21
292.564
31
0
0
LINE
5
2080
330
C
100
AcDbEntity
8
0
100
AcDbLine
10
264.163
20
292.564
30
0
11
264.235
21
292.434
31
0
0
LINE
5
2081
330
C
100
AcDbEntity
8
0
100
AcDbLine
10
264.235
20
292.434
30
0
11
264.301
21
292.297
31
0
0
LINE
5
2082
330
C
100
AcDbEntity
8
0
100
AcDbLine
10
264.301
20
292.297
30
0
11
264.359
21
292.153
31
0
0
LINE
5
2083
330
C
100
AcDbEntity
8
0
100
AcDbLine
10
264.359
20
292.153
30
0
11
264.411
21
292.004
31
0
0
LINE
5
2084
330
C
100
AcDbEntity
8
0
100
AcDbLine
10
264.411
20
292.004
30
0
11
264.456
21
291.847
31
0
0
LINE
5
2085
330
C
100
AcDbEntity
8
0
100
AcDbLine
10
264.456
20
291.847
30
0
11
264.494
21
291.685
31
0
0
LINE
5
2086
330
C
100
AcDbEntity
8
0
100
AcDbLine
10
264.494
20
291.685
30
0
11
264.525
21
291.515
31
0
0
LINE
5
2087
330
C
100
AcDbEntity
8
0
100
AcDbLine
10
264.525
20
291.515
30
0
11
264.549
21
291.34
31
0
0
LINE
5
2088
330
C
100
AcDbEntity
8
0
100
AcDbLine
10
264.549
20
291.34
30
0
11
264.566
21
291.158
31
0
0
LINE
5
2089
330
C
100
AcDbEntity
8
0
100
AcDbLine
10
264.566
20
291.158
30
0
11
264.577
21
290.97
31
0
0
LINE
5
208A
330
C
100
AcDbEntity
8
0
100
AcDbLine
10
264.577
20
290.97
30
0
11
264.58
21
290.775
31
0
0
LINE
5
208B
330
C
100
AcDbEntity
8
0
100
AcDbLine
10
264.58
20
290.775
30
0
11
264.58
21
290.775
31
0
0
LINE
5
208C
330
C
100
AcDbEntity
8
0
100
AcDbLine
10
264.58
20
290.775
30
0
11
264.577
21
290.581
31
0
0
LINE
5
208D
330
C
100
AcDbEntity
8
0
100
AcDbLine
10
264.577
20
290.581
30
0
11
264.566
21
290.394
31
0
0
LINE
5
208E
330
C
100
AcDbEntity
8
0
100
AcDbLine
10
264.566
20
290.394
30
0
11
264.549
21
290.212
31
0
0
LINE
5
208F
330
C
100
AcDbEntity
8
0
100
AcDbLine
10
264.549
20
290.212
30
0
11
264.525
21
290.038
31
0
0
LINE
5
2090
330
C
100
AcDbEntity
8
0
100
AcDbLine
10
264.525
20
290.038
30
0
11
264.494
21
289.869
31
0
0
LINE
5
2091
330
C
100
AcDbEntity
8
0
100
AcDbLine
10
264.494
20
289.869
30
0
11
264.456
21
289.706
31
0
0
LINE
5
2092
330
C
100
AcDbEntity
8
0
100
AcDbLine
10
264.456
20
289.706
30
0
11
264.411
21
289.55
31
0
0
LINE
5
2093
330
C
100
AcDbEntity
8
0
100
AcDbLine
10
264.411
20
289.55
30
0
11
264.359
21
289.4
31
0
0
LINE
5
2094
330
C
100
AcDbEntity
8
0
100
AcDbLine
10
264.359
20
289.4
30
0
11
264.301
21
289.256
31
0
0
LINE
5
2095
330
C
100
AcDbEntity
8
0
100
AcDbLine
10
264.301
20
289.256
30
0
11
264.235
21
289.119
31
0
0
LINE
5
2096
330
C
100
AcDbEntity
8
0
100
AcDbLine
10
264.235
20
289.119
30
0
11
264.163
21
288.988
31
0
0
LINE
5
2097
330
C
100
AcDbEntity
8
0
100
AcDbLine
10
264.163
20
288.988
30
0
11
264.087
21
288.863
31
0
0
LINE
5
2098
330
C
100
AcDbEntity
8
0
100
AcDbLine
10
264.087
20
288.863
30
0
11
264.005
21
288.745
31
0
0
LINE
5
2099
330
C
100
AcDbEntity
8
0
100
AcDbLine
10
264.005
20
288.745
30
0
11
263.918
21
288.634
31
0
0
LINE
5
209A
330
C
100
AcDbEntity
8
0
100
AcDbLine
10
263.918
20
288.634
30
0
11
263.825
21
288.529
31
0
0
LINE
5
209B
330
C
100
AcDbEntity
8
0
100
AcDbLine
10
263.825
20
288.529
30
0
11
263.728
21
288.431
31
0
0
LINE
5
209C
330
C
100
AcDbEntity
8
0
100
AcDbLine
10
263.728
20
288.431
30
0
11
263.626
21
288.34
31
0
0
LINE
5
209D
330
C
100
AcDbEntity
8
0
100
AcDbLine
10
263.626
20
288.34
30
0
11
263.518
21
288.255
31
0
0
LINE
5
209E
330
C
100
AcDbEntity
8
0
100
AcDbLine
10
263.518
20
288.255
30
0
11
263.405
21
288.177
31
0
0
LINE
5
209F
330
C
100
AcDbEntity
8
0
100
AcDbLine
10
263.405
20
288.177
30
0
11
263.287
21
288.105
31
0
0
LINE
5
20A0
330
C
100
AcDbEntity
8
0
100
AcDbLine
10
263.287
20
288.105
30
0
11
263.165
21
288.04
31
0
0
LINE
5
20A1
330
C
100
AcDbEntity
8
0
100
AcDbLine
10
263.165
20
288.04
30
0
11
263.039
21
287.982
31
0
0
LINE
5
20A2
330
C
100
AcDbEntity
8
0
100
AcDbLine
10
263.039
20
287.982
30
0
11
262.91
21
287.93
31
0
0
LINE
5
20A3
330
C
100
AcDbEntity
8
0
100
AcDbLine
10
262.91
20
287.93
30
0
11
262.778
21
287.886
31
0
0
LINE
5
20A4
330
C
100
AcDbEntity
8
0
100
AcDbLine
10
262.778
20
287.886
30
0
11
262.643
21
287.848
31
0
0
LINE
5
20A5
330
C
100
AcDbEntity
8
0
100
AcDbLine
10
262.643
20
287.848
30
0
11
262.504
21
287.818
31
0
0
LINE
5
20A6
330
C
100
AcDbEntity
8
0
100
AcDbLine
10
262.504
20
287.818
30
0
11
262.362
21
287.794
31
0
0
LINE
5
20A7
330
C
100
AcDbEntity
8
0
100
AcDbLine
10
262.362
20
287.794
30
0
11
262.217
21
287.776
31
0
0
LINE
5
20A8
330
C
100
AcDbEntity
8
0
100
AcDbLine
10
262.217
20
287.776
30
0
11
262.068
21
287.766
31
0
0
LINE
5
20A9
330
C
100
AcDbEntity
8
0
100
AcDbLine
10
262.068
20
287.766
30
0
11
261.916
21
287.763
31
0
0
LINE
5
20AA
330
C
100
AcDbEntity
8
0
100
AcDbLine
10
261.916
20
287.763
30
0
11
261.916
21
287.763
31
0
0
LINE
5
20AB
330
C
100
AcDbEntity
8
0
100
AcDbLine
10
261.892
20
288.579
30
0
11
261.892
21
288.579
31
0
0
LINE
5
20AC
330
C
100
AcDbEntity
8
0
100
AcDbLine
10
261.892
20
288.579
30
0
11
262.002
21
288.581
31
0
0
LINE
5
20AD
330
C
100
AcDbEntity
8
0
100
AcDbLine
10
262.002
20
288.581
30
0
11
262.108
21
288.589
31
0
0
LINE
5
20AE
330
C
100
AcDbEntity
8
0
100
AcDbLine
10
262.108
20
288.589
30
0
11
262.212
21
288.603
31
0
0
LINE
5
20AF
330
C
100
AcDbEntity
8
0
100
AcDbLine
10
262.212
20
288.603
30
0
11
262.312
21
288.622
31
0
0
LINE
5
20B0
330
C
100
AcDbEntity
8
0
100
AcDbLine
10
262.312
20
288.622
30
0
11
262.408
21
288.646
31
0
0
LINE
5
20B1
330
C
100
AcDbEntity
8
0
100
AcDbLine
10
262.408
20
288.646
30
0
11
262.501
21
288.675
31
0
0
LINE
5
20B2
330
C
100
AcDbEntity
8
0
100
AcDbLine
10
262.501
20
288.675
30
0
11
262.591
21
288.71
31
0
0
LINE
5
20B3
330
C
100
AcDbEntity
8
0
100
AcDbLine
10
262.591
20
288.71
30
0
11
262.677
21
288.75
31
0
0
LINE
5
20B4
330
C
100
AcDbEntity
8
0
100
AcDbLine
10
262.677
20
288.75
30
0
11
262.76
21
288.795
31
0
0
LINE
5
20B5
330
C
100
AcDbEntity
8
0
100
AcDbLine
10
262.76
20
288.795
30
0
11
262.84
21
288.846
31
0
0
LINE
5
20B6
330
C
100
AcDbEntity
8
0
100
AcDbLine
10
262.84
20
288.846
30
0
11
262.916
21
288.901
31
0
0
LINE
5
20B7
330
C
100
AcDbEntity
8
0
100
AcDbLine
10
262.916
20
288.901
30
0
11
262.988
21
288.962
31
0
0
LINE
5
20B8
330
C
100
AcDbEntity
8
0
100
AcDbLine
10
262.988
20
288.962
30
0
11
263.057
21
289.026
31
0
0
LINE
5
20B9
330
C
100
AcDbEntity
8
0
100
AcDbLine
10
263.057
20
289.026
30
0
11
263.122
21
289.095
31
0
0
LINE
5
20BA
330
C
100
AcDbEntity
8
0
100
AcDbLine
10
263.122
20
289.095
30
0
11
263.183
21
289.169
31
0
0
LINE
5
20BB
330
C
100
AcDbEntity
8
0
100
AcDbLine
10
263.183
20
289.169
30
0
11
263.24
21
289.247
31
0
0
LINE
5
20BC
330
C
100
AcDbEntity
8
0
100
AcDbLine
10
263.24
20
289.247
30
0
11
263.293
21
289.33
31
0
0
LINE
5
20BD
330
C
100
AcDbEntity
8
0
100
AcDbLine
10
263.293
20
289.33
30
0
11
263.343
21
289.417
31
0
0
LINE
5
20BE
330
C
100
AcDbEntity
8
0
100
AcDbLine
10
263.343
20
289.417
30
0
11
263.389
21
289.509
31
0
0
LINE
5
20BF
330
C
100
AcDbEntity
8
0
100
AcDbLine
10
263.389
20
289.509
30
0
11
263.431
21
289.605
31
0
0
LINE
5
20C0
330
C
100
AcDbEntity
8
0
100
AcDbLine
10
263.431
20
289.605
30
0
11
263.469
21
289.705
31
0
0
LINE
5
20C1
330
C
100
AcDbEntity
8
0
100
AcDbLine
10
263.469
20
289.705
30
0
11
263.503
21
289.809
31
0
0
LINE
5
20C2
330
C
100
AcDbEntity
8
0
100
AcDbLine
10
263.503
20
289.809
30
0
11
263.534
21
289.917
31
0
0
LINE
5
20C3
330
C
100
AcDbEntity
8
0
100
AcDbLine
10
263.534
20
289.917
30
0
11
263.56
21
290.028
31
0
0
LINE
5
20C4
330
C
100
AcDbEntity
8
0
100
AcDbLine
10
263.56
20
290.028
30
0
11
263.582
21
290.143
31
0
0
LINE
5
20C5
330
C
100
AcDbEntity
8
0
100
AcDbLine
10
263.582
20
290.143
30
0
11
263.6
21
290.262
31
0
0
LINE
5
20C6
330
C
100
AcDbEntity
8
0
100
AcDbLine
10
263.6
20
290.262
30
0
11
263.614
21
290.385
31
0
0
LINE
5
20C7
330
C
100
AcDbEntity
8
0
100
AcDbLine
10
263.614
20
290.385
30
0
11
263.624
21
290.511
31
0
0
LINE
5
20C8
330
C
100
AcDbEntity
8
0
100
AcDbLine
10
263.624
20
290.511
30
0
11
263.63
21
290.641
31
0
0
LINE
5
20C9
330
C
100
AcDbEntity
8
0
100
AcDbLine
10
263.63
20
290.641
30
0
11
263.632
21
290.775
31
0
0
LINE
5
20CA
330
C
100
AcDbEntity
8
0
100
AcDbLine
10
263.632
20
290.775
30
0
11
263.632
21
290.775
31
0
0
LINE
5
20CB
330
C
100
AcDbEntity
8
0
100
AcDbLine
10
263.632
20
290.775
30
0
11
263.628
21
290.976
31
0
0
LINE
5
20CC
330
C
100
AcDbEntity
8
0
100
AcDbLine
10
263.628
20
290.976
30
0
11
263.615
21
291.168
31
0
0
LINE
5
20CD
330
C
100
AcDbEntity
8
0
100
AcDbLine
10
263.615
20
291.168
30
0
11
263.594
21
291.351
31
0
0
LINE
5
20CE
330
C
100
AcDbEntity
8
0
100
AcDbLine
10
263.594
20
291.351
30
0
11
263.564
21
291.526
31
0
0
LINE
5
20CF
330
C
100
AcDbEntity
8
0
100
AcDbLine
10
263.564
20
291.526
30
0
11
263.526
21
291.692
31
0
0
LINE
5
20D0
330
C
100
AcDbEntity
8
0
100
AcDbLine
10
263.526
20
291.692
30
0
11
263.479
21
291.849
31
0
0
LINE
5
20D1
330
C
100
AcDbEntity
8
0
100
AcDbLine
10
263.479
20
291.849
30
0
11
263.423
21
291.998
31
0
0
LINE
5
20D2
330
C
100
AcDbEntity
8
0
100
AcDbLine
10
263.423
20
291.998
30
0
11
263.359
21
292.138
31
0
0
LINE
5
20D3
330
C
100
AcDbEntity
8
0
100
AcDbLine
10
263.359
20
292.138
30
0
11
263.287
21
292.269
31
0
0
LINE
5
20D4
330
C
100
AcDbEntity
8
0
100
AcDbLine
10
263.287
20
292.269
30
0
11
263.206
21
292.392
31
0
0
LINE
5
20D5
330
C
100
AcDbEntity
8
0
100
AcDbLine
10
263.206
20
292.392
30
0
11
263.117
21
292.504
31
0
0
LINE
5
20D6
330
C
100
AcDbEntity
8
0
100
AcDbLine
10
263.117
20
292.504
30
0
11
263.019
21
292.605
31
0
0
LINE
5
20D7
330
C
100
AcDbEntity
8
0
100
AcDbLine
10
263.019
20
292.605
30
0
11
262.913
21
292.693
31
0
0
LINE
5
20D8
330
C
100
AcDbEntity
8
0
100
AcDbLine
10
262.913
20
292.693
30
0
11
262.799
21
292.77
31
0
0
LINE
5
20D9
330
C
100
AcDbEntity
8
0
100
AcDbLine
10
262.799
20
292.77
30
0
11
262.676
21
292.835
31
0
0
LINE
5
20DA
330
C
100
AcDbEntity
8
0
100
AcDbLine
10
262.676
20
292.835
30
0
11
262.546
21
292.888
31
0
0
LINE
5
20DB
330
C
100
AcDbEntity
8
0
100
AcDbLine
10
262.546
20
292.888
30
0
11
262.407
21
292.93
31
0
0
LINE
5
20DC
330
C
100
AcDbEntity
8
0
100
AcDbLine
10
262.407
20
292.93
30
0
11
262.259
21
292.959
31
0
0
LINE
5
20DD
330
C
100
AcDbEntity
8
0
100
AcDbLine
10
262.259
20
292.959
30
0
11
262.104
21
292.977
31
0
0
LINE
5
20DE
330
C
100
AcDbEntity
8
0
100
AcDbLine
10
262.104
20
292.977
30
0
11
261.94
21
292.983
31
0
0
LINE
5
20DF
330
C
100
AcDbEntity
8
0
100
AcDbLine
10
261.94
20
292.983
30
0
11
261.94
21
292.983
31
0
0
LINE
5
20E0
330
C
100
AcDbEntity
8
0
100
AcDbLine
10
261.94
20
292.983
30
0
11
261.829
21
292.98
31
0
0
LINE
5
20E1
330
C
100
AcDbEntity
8
0
100
AcDbLine
10
261.829
20
292.98
30
0
11
261.721
21
292.972
31
0
0
LINE
5
20E2
330
C
100
AcDbEntity
8
0
100
AcDbLine
10
261.721
20
292.972
30
0
11
261.618
21
292.959
31
0
0
LINE
5
20E3
330
C
100
AcDbEntity
8
0
100
AcDbLine
10
261.618
20
292.959
30
0
11
261.517
21
292.94
31
0
0
LINE
5
20E4
330
C
100
AcDbEntity
8
0
100
AcDbLine
10
261.517
20
292.94
30
0
11
261.42
21
292.916
31
0
0
LINE
5
20E5
330
C
100
AcDbEntity
8
0
100
AcDbLine
10
261.42
20
292.916
30
0
11
261.327
21
292.887
31
0
0
LINE
5
20E6
330
C
100
AcDbEntity
8
0
100
AcDbLine
10
261.327
20
292.887
30
0
11
261.237
21
292.852
31
0
0
LINE
5
20E7
330
C
100
AcDbEntity
8
0
100
AcDbLine
10
261.237
20
292.852
30
0
11
261.151
21
292.812
31
0
0
LINE
5
20E8
330
C
100
AcDbEntity
8
0
100
AcDbLine
10
261.151
20
292.812
30
0
11
261.068
21
292.767
31
0
0
LINE
5
20E9
330
C
100
AcDbEntity
8
0
100
AcDbLine
10
261.068
20
292.767
30
0
11
260.989
21
292.716
31
0
0
LINE
5
20EA
330
C
100
AcDbEntity
8
0
100
AcDbLine
10
260.989
20
292.716
30
0
11
260.913
21
292.66
31
0
0
LINE
5
20EB
330
C
100
AcDbEntity
8
0
100
AcDbLine
10
260.913
20
292.66
30
0
11
260.842
21
292.6
31
0
0
LINE
5
20EC
330
C
100
AcDbEntity
8
0
100
AcDbLine
10
260.842
20
292.6
30
0
11
260.774
21
292.535
31
0
0
LINE
5
20ED
330
C
100
AcDbEntity
8
0
100
AcDbLine
10
260.774
20
292.535
30
0
11
260.709
21
292.466
31
0
0
LINE
5
20EE
330
C
100
AcDbEntity
8
0
100
AcDbLine
10
260.709
20
292.466
30
0
11
260.649
21
292.392
31
0
0
LINE
5
20EF
330
C
100
AcDbEntity
8
0
100
AcDbLine
10
260.649
20
292.392
30
0
11
260.592
21
292.313
31
0
0
LINE
5
20F0
330
C
100
AcDbEntity
8
0
100
AcDbLine
10
260.592
20
292.313
30
0
11
260.538
21
292.23
31
0
0
LINE
5
20F1
330
C
100
AcDbEntity
8
0
100
AcDbLine
10
260.538
20
292.23
30
0
11
260.489
21
292.143
31
0
0
LINE
5
20F2
330
C
100
AcDbEntity
8
0
100
AcDbLine
10
260.489
20
292.143
30
0
11
260.443
21
292.051
31
0
0
LINE
5
20F3
330
C
100
AcDbEntity
8
0
100
AcDbLine
10
260.443
20
292.051
30
0
11
260.401
21
291.954
31
0
0
LINE
5
20F4
330
C
100
AcDbEntity
8
0
100
AcDbLine
10
260.401
20
291.954
30
0
11
260.363
21
291.853
31
0
0
LINE
5
20F5
330
C
100
AcDbEntity
8
0
100
AcDbLine
10
260.363
20
291.853
30
0
11
260.329
21
291.748
31
0
0
LINE
5
20F6
330
C
100
AcDbEntity
8
0
100
AcDbLine
10
260.329
20
291.748
30
0
11
260.298
21
291.64
31
0
0
LINE
5
20F7
330
C
100
AcDbEntity
8
0
100
AcDbLine
10
260.298
20
291.64
30
0
11
260.272
21
291.528
31
0
0
LINE
5
20F8
330
C
100
AcDbEntity
8
0
100
AcDbLine
10
260.272
20
291.528
30
0
11
260.25
21
291.412
31
0
0
LINE
5
20F9
330
C
100
AcDbEntity
8
0
100
AcDbLine
10
260.25
20
291.412
30
0
11
260.232
21
291.292
31
0
0
LINE
5
20FA
330
C
100
AcDbEntity
8
0
100
AcDbLine
10
260.232
20
291.292
30
0
11
260.218
21
291.168
31
0
0
LINE
5
20FB
330
C
100
AcDbEntity
8
0
100
AcDbLine
10
260.218
20
291.168
30
0
11
260.208
21
291.041
31
0
0
LINE
5
20FC
330
C
100
AcDbEntity
8
0
100
AcDbLine
10
260.208
20
291.041
30
0
11
260.202
21
290.91
31
0
0
LINE
5
20FD
330
C
100
AcDbEntity
8
0
100
AcDbLine
10
260.202
20
290.91
30
0
11
260.2
21
290.775
31
0
0
LINE
5
20FE
330
C
100
AcDbEntity
8
0
100
AcDbLine
10
260.2
20
290.775
30
0
11
260.2
21
290.775
31
0
0
LINE
5
20FF
330
C
100
AcDbEntity
8
0
100
AcDbLine
10
260.2
20
290.775
30
0
11
260.204
21
290.576
31
0
0
LINE
5
2100
330
C
100
AcDbEntity
8
0
100
AcDbLine
10
260.204
20
290.576
30
0
11
260.217
21
290.386
31
0
0
LINE
5
2101
330
C
100
AcDbEntity
8
0
100
AcDbLine
10
260.217
20
290.386
30
0
11
260.239
21
290.204
31
0
0
LINE
5
2102
330
C
100
AcDbEntity
8
0
100
AcDbLine
10
260.239
20
290.204
30
0
11
260.269
21
290.031
31
0
0
LINE
5
2103
330
C
100
AcDbEntity
8
0
100
AcDbLine
10
260.269
20
290.031
30
0
11
260.307
21
289.867
31
0
0
LINE
5
2104
330
C
100
AcDbEntity
8
0
100
AcDbLine
10
260.307
20
289.867
30
0
11
260.354
21
289.71
31
0
0
LINE
5
2105
330
C
100
AcDbEntity
8
0
100
AcDbLine
10
260.354
20
289.71
30
0
11
260.41
21
289.562
31
0
0
LINE
5
2106
330
C
100
AcDbEntity
8
0
100
AcDbLine
10
260.41
20
289.562
30
0
11
260.475
21
289.423
31
0
0
LINE
5
2107
330
C
100
AcDbEntity
8
0
100
AcDbLine
10
260.475
20
289.423
30
0
11
260.547
21
289.292
31
0
0
LINE
5
2108
330
C
100
AcDbEntity
8
0
100
AcDbLine
10
260.547
20
289.292
30
0
11
260.629
21
289.17
31
0
0
LINE
5
2109
330
C
100
AcDbEntity
8
0
100
AcDbLine
10
260.629
20
289.17
30
0
11
260.719
21
289.058
31
0
0
LINE
5
210A
330
C
100
AcDbEntity
8
0
100
AcDbLine
10
260.719
20
289.058
30
0
11
260.817
21
288.957
31
0
0
LINE
5
210B
330
C
100
AcDbEntity
8
0
100
AcDbLine
10
260.817
20
288.957
30
0
11
260.923
21
288.868
31
0
0
LINE
5
210C
330
C
100
AcDbEntity
8
0
100
AcDbLine
10
260.923
20
288.868
30
0
11
261.037
21
288.792
31
0
0
LINE
5
210D
330
C
100
AcDbEntity
8
0
100
AcDbLine
10
261.037
20
288.792
30
0
11
261.159
21
288.727
31
0
0
LINE
5
210E
330
C
100
AcDbEntity
8
0
100
AcDbLine
10
261.159
20
288.727
30
0
11
261.29
21
288.673
31
0
0
LINE
5
210F
330
C
100
AcDbEntity
8
0
100
AcDbLine
10
261.29
20
288.673
30
0
11
261.428
21
288.632
31
0
0
LINE
5
2110
330
C
100
AcDbEntity
8
0
100
AcDbLine
10
261.428
20
288.632
30
0
11
261.575
21
288.602
31
0
0
LINE
5
2111
330
C
100
AcDbEntity
8
0
100
AcDbLine
10
261.575
20
288.602
30
0
11
261.729
21
288.585
31
0
0
LINE
5
2112
330
C
100
AcDbEntity
8
0
100
AcDbLine
10
261.729
20
288.585
30
0
11
261.892
21
288.579
31
0
0
LINE
5
2113
330
C
100
AcDbEntity
8
0
100
AcDbLine
10
261.892
20
288.579
30
0
11
261.892
21
288.579
31
0
0
LINE
5
2114
330
C
100
AcDbEntity
8
0
100
AcDbLine
10
275.398
20
287.907
30
0
11
274.462
21
287.907
31
0
0
LINE
5
2115
330
C
100
AcDbEntity
8
0
100
AcDbLine
10
274.462
20
287.907
30
0
11
274.462
21
291.279
31
0
0
LINE
5
2116
330
C
100
AcDbEntity
8
0
100
AcDbLine
10
274.462
20
291.279
30
0
11
274.458
21
291.439
31
0
0
LINE
5
2117
330
C
100
AcDbEntity
8
0
100
AcDbLine
10
274.458
20
291.439
30
0
11
274.446
21
291.592
31
0
0
LINE
5
2118
330
C
100
AcDbEntity
8
0
100
AcDbLine
10
274.446
20
291.592
30
0
11
274.427
21
291.737
31
0
0
LINE
5
2119
330
C
100
AcDbEntity
8
0
100
AcDbLine
10
274.427
20
291.737
30
0
11
274.399
21
291.874
31
0
0
LINE
5
211A
330
C
100
AcDbEntity
8
0
100
AcDbLine
10
274.399
20
291.874
30
0
11
274.364
21
292.003
31
0
0
LINE
5
211B
330
C
100
AcDbEntity
8
0
100
AcDbLine
10
274.364
20
292.003
30
0
11
274.321
21
292.124
31
0
0
LINE
5
211C
330
C
100
AcDbEntity
8
0
100
AcDbLine
10
274.321
20
292.124
30
0
11
274.269
21
292.237
31
0
0
LINE
5
211D
330
C
100
AcDbEntity
8
0
100
AcDbLine
10
274.269
20
292.237
30
0
11
274.21
21
292.342
31
0
0
LINE
5
211E
330
C
100
AcDbEntity
8
0
100
AcDbLine
10
274.21
20
292.342
30
0
11
274.144
21
292.44
31
0
0
LINE
5
211F
330
C
100
AcDbEntity
8
0
100
AcDbLine
10
274.144
20
292.44
30
0
11
274.069
21
292.53
31
0
0
LINE
5
2120
330
C
100
AcDbEntity
8
0
100
AcDbLine
10
274.069
20
292.53
30
0
11
273.988
21
292.611
31
0
0
LINE
5
2121
330
C
100
AcDbEntity
8
0
100
AcDbLine
10
273.988
20
292.611
30
0
11
273.901
21
292.684
31
0
0
LINE
5
2122
330
C
100
AcDbEntity
8
0
100
AcDbLine
10
273.901
20
292.684
30
0
11
273.809
21
292.749
31
0
0
LINE
5
2123
330
C
100
AcDbEntity
8
0
100
AcDbLine
10
273.809
20
292.749
30
0
11
273.711
21
292.804
31
0
0
LINE
5
2124
330
C
100
AcDbEntity
8
0
100
AcDbLine
10
273.711
20
292.804
30
0
11
273.608
21
292.852
31
0
0
LINE
5
2125
330
C
100
AcDbEntity
8
0
100
AcDbLine
10
273.608
20
292.852
30
0
11
273.499
21
292.89
31
0
0
LINE
5
2126
330
C
100
AcDbEntity
8
0
100
AcDbLine
10
273.499
20
292.89
30
0
11
273.385
21
292.92
31
0
0
LINE
5
2127
330
C
100
AcDbEntity
8
0
100
AcDbLine
10
273.385
20
292.92
30
0
11
273.265
21
292.942
31
0
0
LINE
5
2128
330
C
100
AcDbEntity
8
0
100
AcDbLine
10
273.265
20
292.942
30
0
11
273.14
21
292.955
31
0
0
LINE
5
2129
330
C
100
AcDbEntity
8
0
100
AcDbLine
10
273.14
20
292.955
30
0
11
273.01
21
292.959
31
0
0
LINE
5
212A
330
C
100
AcDbEntity
8
0
100
AcDbLine
10
273.01
20
292.959
30
0
11
273.01
21
292.959
31
0
0
LINE
5
212B
330
C
100
AcDbEntity
8
0
100
AcDbLine
10
273.01
20
292.959
30
0
11
272.858
21
292.953
31
0
0
LINE
5
212C
330
C
100
AcDbEntity
8
0
100
AcDbLine
10
272.858
20
292.953
30
0
11
272.713
21
292.935
31
0
0
LINE
5
212D
330
C
100
AcDbEntity
8
0
100
AcDbLine
10
272.713
20
292.935
30
0
11
272.575
21
292.905
31
0
0
LINE
5
212E
330
C
100
AcDbEntity
8
0
100
AcDbLine
10
272.575
20
292.905
30
0
11
272.445
21
292.862
31
0
0
LINE
5
212F
330
C
100
AcDbEntity
8
0
100
AcDbLine
10
272.445
20
292.862
30
0
11
272.322
21
292.808
31
0
0
LINE
5
2130
330
C
100
AcDbEntity
8
0
100
AcDbLine
10
272.322
20
292.808
30
0
11
272.206
21
292.742
31
0
0
LINE
5
2131
330
C
100
AcDbEntity
8
0
100
AcDbLine
10
272.206
20
292.742
30
0
11
272.097
21
292.663
31
0
0
LINE
5
2132
330
C
100
AcDbEntity
8
0
100
AcDbLine
10
272.097
20
292.663
30
0
11
271.996
21
292.573
31
0
0
LINE
5
2133
330
C
100
AcDbEntity
8
0
100
AcDbLine
10
271.996
20
292.573
30
0
11
271.902
21
292.47
31
0
0
LINE
5
2134
330
C
100
AcDbEntity
8
0
100
AcDbLine
10
271.902
20
292.47
30
0
11
271.816
21
292.356
31
0
0
LINE
5
2135
330
C
100
AcDbEntity
8
0
100
AcDbLine
10
271.816
20
292.356
30
0
11
271.737
21
292.231
31
0
0
LINE
5
2136
330
C
100
AcDbEntity
8
0
100
AcDbLine
10
271.737
20
292.231
30
0
11
271.667
21
292.096
31
0
0
LINE
5
2137
330
C
100
AcDbEntity
8
0
100
AcDbLine
10
271.667
20
292.096
30
0
11
271.605
21
291.953
31
0
0
LINE
5
2138
330
C
100
AcDbEntity
8
0
100
AcDbLine
10
271.605
20
291.953
30
0
11
271.551
21
291.8
31
0
0
LINE
5
2139
330
C
100
AcDbEntity
8
0
100
AcDbLine
10
271.551
20
291.8
30
0
11
271.505
21
291.638
31
0
0
LINE
5
213A
330
C
100
AcDbEntity
8
0
100
AcDbLine
10
271.505
20
291.638
30
0
11
271.468
21
291.467
31
0
0
LINE
5
213B
330
C
100
AcDbEntity
8
0
100
AcDbLine
10
271.468
20
291.467
30
0
11
271.439
21
291.287
31
0
0
LINE
5
213C
330
C
100
AcDbEntity
8
0
100
AcDbLine
10
271.439
20
291.287
30
0
11
271.419
21
291.097
31
0
0
LINE
5
213D
330
C
100
AcDbEntity
8
0
100
AcDbLine
10
271.419
20
291.097
30
0
11
271.406
21
290.899
31
0
0
LINE
5
213E
330
C
100
AcDbEntity
8
0
100
AcDbLine
10
271.406
20
290.899
30
0
11
271.402
21
290.691
31
0
0
LINE
5
213F
330
C
100
AcDbEntity
8
0
100
AcDbLine
10
271.402
20
290.691
30
0
11
271.402
21
290.691
31
0
0
LINE
5
2140
330
C
100
AcDbEntity
8
0
100
AcDbLine
10
271.402
20
290.691
30
0
11
270.97
21
290.691
31
0
0
LINE
5
2141
330
C
100
AcDbEntity
8
0
100
AcDbLine
10
270.97
20
290.691
30
0
11
270.972
21
290.844
31
0
0
LINE
5
2142
330
C
100
AcDbEntity
8
0
100
AcDbLine
10
270.972
20
290.844
30
0
11
270.976
21
290.993
31
0
0
LINE
5
2143
330
C
100
AcDbEntity
8
0
100
AcDbLine
10
270.976
20
290.993
30
0
11
270.984
21
291.138
31
0
0
LINE
5
2144
330
C
100
AcDbEntity
8
0
100
AcDbLine
10
270.984
20
291.138
30
0
11
270.994
21
291.279
31
0
0
LINE
5
2145
330
C
100
AcDbEntity
8
0
100
AcDbLine
10
270.994
20
291.279
30
0
11
271.008
21
291.417
31
0
0
LINE
5
2146
330
C
100
AcDbEntity
8
0
100
AcDbLine
10
271.008
20
291.417
30
0
11
271.025
21
291.55
31
0
0
LINE
5
2147
330
C
100
AcDbEntity
8
0
100
AcDbLine
10
271.025
20
291.55
30
0
11
271.045
21
291.68
31
0
0
LINE
5
2148
330
C
100
AcDbEntity
8
0
100
AcDbLine
10
271.045
20
291.68
30
0
11
271.068
21
291.806
31
0
0
LINE
5
2149
330
C
100
AcDbEntity
8
0
100
AcDbLine
10
271.068
20
291.806
30
0
11
271.094
21
291.928
31
0
0
LINE
5
214A
330
C
100
AcDbEntity
8
0
100
AcDbLine
10
271.094
20
291.928
30
0
11
271.123
21
292.047
31
0
0
LINE
5
214B
330
C
100
AcDbEntity
8
0
100
AcDbLine
10
271.123
20
292.047
30
0
11
271.155
21
292.161
31
0
0
LINE
5
214C
330
C
100
AcDbEntity
8
0
100
AcDbLine
10
271.155
20
292.161
30
0
11
271.19
21
292.272
31
0
0
LINE
5
214D
330
C
100
AcDbEntity
8
0
100
AcDbLine
10
271.19
20
292.272
30
0
11
271.227
21
292.378
31
0
0
LINE
5
214E
330
C
100
AcDbEntity
8
0
100
AcDbLine
10
271.227
20
292.378
30
0
11
271.268
21
292.481
31
0
0
LINE
5
214F
330
C
100
AcDbEntity
8
0
100
AcDbLine
10
271.268
20
292.481
30
0
11
271.311
21
292.58
31
0
0
LINE
5
2150
330
C
100
AcDbEntity
8
0
100
AcDbLine
10
271.311
20
292.58
30
0
11
271.357
21
292.675
31
0
0
LINE
5
2151
330
C
100
AcDbEntity
8
0
100
AcDbLine
10
271.357
20
292.675
30
0
11
271.406
21
292.766
31
0
0
LINE
5
2152
330
C
100
AcDbEntity
8
0
100
AcDbLine
10
271.406
20
292.766
30
0
11
271.458
21
292.853
31
0
0
LINE
5
2153
330
C
100
AcDbEntity
8
0
100
AcDbLine
10
271.458
20
292.853
30
0
11
271.513
21
292.936
31
0
0
LINE
5
2154
330
C
100
AcDbEntity
8
0
100
AcDbLine
10
271.513
20
292.936
30
0
11
271.57
21
293.016
31
0
0
LINE
5
2155
330
C
100
AcDbEntity
8
0
100
AcDbLine
10
271.57
20
293.016
30
0
11
271.63
21
293.091
31
0
0
LINE
5
2156
330
C
100
AcDbEntity
8
0
100
AcDbLine
10
271.63
20
293.091
30
0
11
271.693
21
293.163
31
0
0
LINE
5
2157
330
C
100
AcDbEntity
8
0
100
AcDbLine
10
271.693
20
293.163
30
0
11
271.758
21
293.23
31
0
0
LINE
5
2158
330
C
100
AcDbEntity
8
0
100
AcDbLine
10
271.758
20
293.23
30
0
11
271.825
21
293.294
31
0
0
LINE
5
2159
330
C
100
AcDbEntity
8
0
100
AcDbLine
10
271.825
20
293.294
30
0
11
271.895
21
293.354
31
0
0
LINE
5
215A
330
C
100
AcDbEntity
8
0
100
AcDbLine
10
271.895
20
293.354
30
0
11
271.968
21
293.41
31
0
0
LINE
5
215B
330
C
100
AcDbEntity
8
0
100
AcDbLine
10
271.968
20
293.41
30
0
11
272.043
21
293.462
31
0
0
LINE
5
215C
330
C
100
AcDbEntity
8
0
100
AcDbLine
10
272.043
20
293.462
30
0
11
272.121
21
293.51
31
0
0
LINE
5
215D
330
C
100
AcDbEntity
8
0
100
AcDbLine
10
272.121
20
293.51
30
0
11
272.201
21
293.554
31
0
0
LINE
5
215E
330
C
100
AcDbEntity
8
0
100
AcDbLine
10
272.201
20
293.554
30
0
11
272.284
21
293.595
31
0
0
LINE
5
215F
330
C
100
AcDbEntity
8
0
100
AcDbLine
10
272.284
20
293.595
30
0
11
272.369
21
293.631
31
0
0
LINE
5
2160
330
C
100
AcDbEntity
8
0
100
AcDbLine
10
272.369
20
293.631
30
0
11
272.457
21
293.664
31
0
0
LINE
5
2161
330
C
100
AcDbEntity
8
0
100
AcDbLine
10
272.457
20
293.664
30
0
11
272.546
21
293.693
31
0
0
LINE
5
2162
330
C
100
AcDbEntity
8
0
100
AcDbLine
10
272.546
20
293.693
30
0
11
272.638
21
293.718
31
0
0
LINE
5
2163
330
C
100
AcDbEntity
8
0
100
AcDbLine
10
272.638
20
293.718
30
0
11
272.733
21
293.739
31
0
0
LINE
5
2164
330
C
100
AcDbEntity
8
0
100
AcDbLine
10
272.733
20
293.739
30
0
11
272.829
21
293.756
31
0
0
LINE
5
2165
330
C
100
AcDbEntity
8
0
100
AcDbLine
10
272.829
20
293.756
30
0
11
272.928
21
293.77
31
0
0
LINE
5
2166
330
C
100
AcDbEntity
8
0
100
AcDbLine
10
272.928
20
293.77
30
0
11
273.029
21
293.779
31
0
0
LINE
5
2167
330
C
100
AcDbEntity
8
0
100
AcDbLine
10
273.029
20
293.779
30
0
11
273.132
21
293.785
31
0
0
LINE
5
2168
330
C
100
AcDbEntity
8
0
100
AcDbLine
10
273.132
20
293.785
30
0
11
273.238
21
293.787
31
0
0
LINE
5
2169
330
C
100
AcDbEntity
8
0
100
AcDbLine
10
273.238
20
293.787
30
0
11
273.238
21
293.787
31
0
0
LINE
5
216A
330
C
100
AcDbEntity
8
0
100
AcDbLine
10
273.238
20
293.787
30
0
11
273.372
21
293.784
31
0
0
LINE
5
216B
330
C
100
AcDbEntity
8
0
100
AcDbLine
10
273.372
20
293.784
30
0
11
273.501
21
293.775
31
0
0
LINE
5
216C
330
C
100
AcDbEntity
8
0
100
AcDbLine
10
273.501
20
293.775
30
0
11
273.627
21
293.76
31
0
0
LINE
5
216D
330
C
100
AcDbEntity
8
0
100
AcDbLine
10
273.627
20
293.76
30
0
11
273.749
21
293.738
31
0
0
LINE
5
216E
330
C
100
AcDbEntity
8
0
100
AcDbLine
10
273.749
20
293.738
30
0
11
273.867
21
293.711
31
0
0
LINE
5
216F
330
C
100
AcDbEntity
8
0
100
AcDbLine
10
273.867
20
293.711
30
0
11
273.981
21
293.678
31
0
0
LINE
5
2170
330
C
100
AcDbEntity
8
0
100
AcDbLine
10
273.981
20
293.678
30
0
11
274.092
21
293.638
31
0
0
LINE
5
2171
330
C
100
AcDbEntity
8
0
100
AcDbLine
10
274.092
20
293.638
30
0
11
274.198
21
293.593
31
0
0
LINE
5
2172
330
C
100
AcDbEntity
8
0
100
AcDbLine
10
274.198
20
293.593
30
0
11
274.3
21
293.541
31
0
0
LINE
5
2173
330
C
100
AcDbEntity
8
0
100
AcDbLine
10
274.3
20
293.541
30
0
11
274.399
21
293.484
31
0
0
LINE
5
2174
330
C
100
AcDbEntity
8
0
100
AcDbLine
10
274.399
20
293.484
30
0
11
274.493
21
293.421
31
0
0
LINE
5
2175
330
C
100
AcDbEntity
8
0
100
AcDbLine
10
274.493
20
293.421
30
0
11
274.583
21
293.352
31
0
0
LINE
5
2176
330
C
100
AcDbEntity
8
0
100
AcDbLine
10
274.583
20
293.352
30
0
11
274.669
21
293.279
31
0
0
LINE
5
2177
330
C
100
AcDbEntity
8
0
100
AcDbLine
10
274.669
20
293.279
30
0
11
274.749
21
293.2
31
0
0
LINE
5
2178
330
C
100
AcDbEntity
8
0
100
AcDbLine
10
274.749
20
293.2
30
0
11
274.826
21
293.116
31
0
0
LINE
5
2179
330
C
100
AcDbEntity
8
0
100
AcDbLine
10
274.826
20
293.116
30
0
11
274.898
21
293.026
31
0
0
LINE
5
217A
330
C
100
AcDbEntity
8
0
100
AcDbLine
10
274.898
20
293.026
30
0
11
274.965
21
292.932
31
0
0
LINE
5
217B
330
C
100
AcDbEntity
8
0
100
AcDbLine
10
274.965
20
292.932
30
0
11
275.028
21
292.832
31
0
0
LINE
5
217C
330
C
100
AcDbEntity
8
0
100
AcDbLine
10
275.028
20
292.832
30
0
11
275.086
21
292.727
31
0
0
LINE
5
217D
330
C
100
AcDbEntity
8
0
100
AcDbLine
10
275.086
20
292.727
30
0
11
275.14
21
292.617
31
0
0
LINE
5
217E
330
C
100
AcDbEntity
8
0
100
AcDbLine
10
275.14
20
292.617
30
0
11
275.189
21
292.502
31
0
0
LINE
5
217F
330
C
100
AcDbEntity
8
0
100
AcDbLine
10
275.189
20
292.502
30
0
11
275.233
21
292.383
31
0
0
LINE
5
2180
330
C
100
AcDbEntity
8
0
100
AcDbLine
10
275.233
20
292.383
30
0
11
275.272
21
292.26
31
0
0
LINE
5
2181
330
C
100
AcDbEntity
8
0
100
AcDbLine
10
275.272
20
292.26
30
0
11
275.305
21
292.132
31
0
0
LINE
5
2182
330
C
100
AcDbEntity
8
0
100
AcDbLine
10
275.305
20
292.132
30
0
11
275.334
21
292
31
0
0
LINE
5
2183
330
C
100
AcDbEntity
8
0
100
AcDbLine
10
275.334
20
292
30
0
11
275.357
21
291.864
31
0
0
LINE
5
2184
330
C
100
AcDbEntity
8
0
100
AcDbLine
10
275.357
20
291.864
30
0
11
275.375
21
291.724
31
0
0
LINE
5
2185
330
C
100
AcDbEntity
8
0
100
AcDbLine
10
275.375
20
291.724
30
0
11
275.388
21
291.58
31
0
0
LINE
5
2186
330
C
100
AcDbEntity
8
0
100
AcDbLine
10
275.388
20
291.58
30
0
11
275.395
21
291.432
31
0
0
LINE
5
2187
330
C
100
AcDbEntity
8
0
100
AcDbLine
10
275.395
20
291.432
30
0
11
275.398
21
291.279
31
0
0
LINE
5
2188
330
C
100
AcDbEntity
8
0
100
AcDbLine
10
275.398
20
291.279
30
0
11
275.398
21
291.279
31
0
0
LINE
5
2189
330
C
100
AcDbEntity
8
0
100
AcDbLine
10
275.398
20
291.279
30
0
11
275.398
21
287.907
31
0
0
LINE
5
218A
330
C
100
AcDbEntity
8
0
100
AcDbLine
10
275.398
20
287.907
30
0
11
275.398
21
287.907
31
0
0
LINE
5
218B
330
C
100
AcDbEntity
8
0
100
AcDbLine
10
267.334
20
287.907
30
0
11
266.398
21
287.907
31
0
0
LINE
5
218C
330
C
100
AcDbEntity
8
0
100
AcDbLine
10
266.398
20
287.907
30
0
11
266.398
21
293.643
31
0
0
LINE
5
218D
330
C
100
AcDbEntity
8
0
100
AcDbLine
10
266.398
20
293.643
30
0
11
267.202
21
293.643
31
0
0
LINE
5
218E
330
C
100
AcDbEntity
8
0
100
AcDbLine
10
267.202
20
293.643
30
0
11
267.31
21
292.491
31
0
0
LINE
5
218F
330
C
100
AcDbEntity
8
0
100
AcDbLine
10
267.31
20
292.491
30
0
11
267.366
21
292.613
31
0
0
LINE
5
2190
330
C
100
AcDbEntity
8
0
100
AcDbLine
10
267.366
20
292.613
30
0
11
267.427
21
292.729
31
0
0
LINE
5
2191
330
C
100
AcDbEntity
8
0
100
AcDbLine
10
267.427
20
292.729
30
0
11
267.492
21
292.839
31
0
0
LINE
5
2192
330
C
100
AcDbEntity
8
0
100
AcDbLine
10
267.492
20
292.839
30
0
11
267.561
21
292.944
31
0
0
LINE
5
2193
330
C
100
AcDbEntity
8
0
100
AcDbLine
10
267.561
20
292.944
30
0
11
267.635
21
293.043
31
0
0
LINE
5
2194
330
C
100
AcDbEntity
8
0
100
AcDbLine
10
267.635
20
293.043
30
0
11
267.713
21
293.136
31
0
0
LINE
5
2195
330
C
100
AcDbEntity
8
0
100
AcDbLine
10
267.713
20
293.136
30
0
11
267.795
21
293.223
31
0
0
LINE
5
2196
330
C
100
AcDbEntity
8
0
100
AcDbLine
10
267.795
20
293.223
30
0
11
267.882
21
293.305
31
0
0
LINE
5
2197
330
C
100
AcDbEntity
8
0
100
AcDbLine
10
267.882
20
293.305
30
0
11
267.973
21
293.381
31
0
0
LINE
5
2198
330
C
100
AcDbEntity
8
0
100
AcDbLine
10
267.973
20
293.381
30
0
11
268.069
21
293.451
31
0
0
LINE
5
2199
330
C
100
AcDbEntity
8
0
100
AcDbLine
10
268.069
20
293.451
30
0
11
268.169
21
293.515
31
0
0
LINE
5
219A
330
C
100
AcDbEntity
8
0
100
AcDbLine
10
268.169
20
293.515
30
0
11
268.272
21
293.572
31
0
0
LINE
5
219B
330
C
100
AcDbEntity
8
0
100
AcDbLine
10
268.272
20
293.572
30
0
11
268.38
21
293.622
31
0
0
LINE
5
219C
330
C
100
AcDbEntity
8
0
100
AcDbLine
10
268.38
20
293.622
30
0
11
268.491
21
293.666
31
0
0
LINE
5
219D
330
C
100
AcDbEntity
8
0
100
AcDbLine
10
268.491
20
293.666
30
0
11
268.607
21
293.703
31
0
0
LINE
5
219E
330
C
100
AcDbEntity
8
0
100
AcDbLine
10
268.607
20
293.703
30
0
11
268.726
21
293.733
31
0
0
LINE
5
219F
330
C
100
AcDbEntity
8
0
100
AcDbLine
10
268.726
20
293.733
30
0
11
268.849
21
293.757
31
0
0
LINE
5
21A0
330
C
100
AcDbEntity
8
0
100
AcDbLine
10
268.849
20
293.757
30
0
11
268.976
21
293.773
31
0
0
LINE
5
21A1
330
C
100
AcDbEntity
8
0
100
AcDbLine
10
268.976
20
293.773
30
0
11
269.107
21
293.783
31
0
0
LINE
5
21A2
330
C
100
AcDbEntity
8
0
100
AcDbLine
10
269.107
20
293.783
30
0
11
269.242
21
293.787
31
0
0
LINE
5
21A3
330
C
100
AcDbEntity
8
0
100
AcDbLine
10
269.242
20
293.787
30
0
11
269.242
21
293.787
31
0
0
LINE
5
21A4
330
C
100
AcDbEntity
8
0
100
AcDbLine
10
269.242
20
293.787
30
0
11
269.376
21
293.784
31
0
0
LINE
5
21A5
330
C
100
AcDbEntity
8
0
100
AcDbLine
10
269.376
20
293.784
30
0
11
269.505
21
293.775
31
0
0
LINE
5
21A6
330
C
100
AcDbEntity
8
0
100
AcDbLine
10
269.505
20
293.775
30
0
11
269.631
21
293.76
31
0
0
LINE
5
21A7
330
C
100
AcDbEntity
8
0
100
AcDbLine
10
269.631
20
293.76
30
0
11
269.753
21
293.738
31
0
0
LINE
5
21A8
330
C
100
AcDbEntity
8
0
100
AcDbLine
10
269.753
20
293.738
30
0
11
269.871
21
293.711
31
0
0
LINE
5
21A9
330
C
100
AcDbEntity
8
0
100
AcDbLine
10
269.871
20
293.711
30
0
11
269.985
21
293.678
31
0
0
LINE
5
21AA
330
C
100
AcDbEntity
8
0
100
AcDbLine
10
269.985
20
293.678
30
0
11
270.096
21
293.638
31
0
0
LINE
5
21AB
330
C
100
AcDbEntity
8
0
100
AcDbLine
10
270.096
20
293.638
30
0
11
270.202
21
293.593
31
0
0
LINE
5
21AC
330
C
100
AcDbEntity
8
0
100
AcDbLine
10
270.202
20
293.593
30
0
11
270.304
21
293.541
31
0
0
LINE
5
21AD
330
C
100
AcDbEntity
8
0
100
AcDbLine
10
270.304
20
293.541
30
0
11
270.403
21
293.484
31
0
0
LINE
5
21AE
330
C
100
AcDbEntity
8
0
100
AcDbLine
10
270.403
20
293.484
30
0
11
270.497
21
293.421
31
0
0
LINE
5
21AF
330
C
100
AcDbEntity
8
0
100
AcDbLine
10
270.497
20
293.421
30
0
11
270.587
21
293.352
31
0
0
LINE
5
21B0
330
C
100
AcDbEntity
8
0
100
AcDbLine
10
270.587
20
293.352
30
0
11
270.673
21
293.279
31
0
0
LINE
5
21B1
330
C
100
AcDbEntity
8
0
100
AcDbLine
10
270.673
20
293.279
30
0
11
270.753
21
293.2
31
0
0
LINE
5
21B2
330
C
100
AcDbEntity
8
0
100
AcDbLine
10
270.753
20
293.2
30
0
11
270.83
21
293.116
31
0
0
LINE
5
21B3
330
C
100
AcDbEntity
8
0
100
AcDbLine
10
270.83
20
293.116
30
0
11
270.902
21
293.026
31
0
0
LINE
5
21B4
330
C
100
AcDbEntity
8
0
100
AcDbLine
10
270.902
20
293.026
30
0
11
270.969
21
292.932
31
0
0
LINE
5
21B5
330
C
100
AcDbEntity
8
0
100
AcDbLine
10
270.969
20
292.932
30
0
11
271.032
21
292.832
31
0
0
LINE
5
21B6
330
C
100
AcDbEntity
8
0
100
AcDbLine
10
271.032
20
292.832
30
0
11
271.09
21
292.727
31
0
0
LINE
5
21B7
330
C
100
AcDbEntity
8
0
100
AcDbLine
10
271.09
20
292.727
30
0
11
271.144
21
292.617
31
0
0
LINE
5
21B8
330
C
100
AcDbEntity
8
0
100
AcDbLine
10
271.144
20
292.617
30
0
11
271.193
21
292.502
31
0
0
LINE
5
21B9
330
C
100
AcDbEntity
8
0
100
AcDbLine
10
271.193
20
292.502
30
0
11
271.237
21
292.383
31
0
0
LINE
5
21BA
330
C
100
AcDbEntity
8
0
100
AcDbLine
10
271.237
20
292.383
30
0
11
271.276
21
292.26
31
0
0
LINE
5
21BB
330
C
100
AcDbEntity
8
0
100
AcDbLine
10
271.276
20
292.26
30
0
11
271.309
21
292.132
31
0
0
LINE
5
21BC
330
C
100
AcDbEntity
8
0
100
AcDbLine
10
271.309
20
292.132
30
0
11
271.337
21
292
31
0
0
LINE
5
21BD
330
C
100
AcDbEntity
8
0
100
AcDbLine
10
271.337
20
292
30
0
11
271.361
21
291.864
31
0
0
LINE
5
21BE
330
C
100
AcDbEntity
8
0
100
AcDbLine
10
271.361
20
291.864
30
0
11
271.379
21
291.724
31
0
0
LINE
5
21BF
330
C
100
AcDbEntity
8
0
100
AcDbLine
10
271.379
20
291.724
30
0
11
271.392
21
291.58
31
0
0
LINE
5
21C0
330
C
100
AcDbEntity
8
0
100
AcDbLine
10
271.392
20
291.58
30
0
11
271.399
21
291.432
31
0
0
LINE
5
21C1
330
C
100
AcDbEntity
8
0
100
AcDbLine
10
271.399
20
291.432
30
0
11
271.402
21
291.279
31
0
0
LINE
5
21C2
330
C
100
AcDbEntity
8
0
100
AcDbLine
10
271.402
20
291.279
30
0
11
271.402
21
291.279
31
0
0
LINE
5
21C3
330
C
100
AcDbEntity
8
0
100
AcDbLine
10
271.402
20
291.279
30
0
11
271.402
21
287.907
31
0
0
LINE
5
21C4
330
C
100
AcDbEntity
8
0
100
AcDbLine
10
271.402
20
287.907
30
0
11
270.478
21
287.907
31
0
0
LINE
5
21C5
330
C
100
AcDbEntity
8
0
100
AcDbLine
10
270.478
20
287.907
30
0
11
270.478
21
291.279
31
0
0
LINE
5
21C6
330
C
100
AcDbEntity
8
0
100
AcDbLine
10
270.478
20
291.279
30
0
11
270.474
21
291.439
31
0
0
LINE
5
21C7
330
C
100
AcDbEntity
8
0
100
AcDbLine
10
270.474
20
291.439
30
0
11
270.462
21
291.592
31
0
0
LINE
5
21C8
330
C
100
AcDbEntity
8
0
100
AcDbLine
10
270.462
20
291.592
30
0
11
270.443
21
291.737
31
0
0
LINE
5
21C9
330
C
100
AcDbEntity
8
0
100
AcDbLine
10
270.443
20
291.737
30
0
11
270.415
21
291.874
31
0
0
LINE
5
21CA
330
C
100
AcDbEntity
8
0
100
AcDbLine
10
270.415
20
291.874
30
0
11
270.38
21
292.003
31
0
0
LINE
5
21CB
330
C
100
AcDbEntity
8
0
100
AcDbLine
10
270.38
20
292.003
30
0
11
270.337
21
292.124
31
0
0
LINE
5
21CC
330
C
100
AcDbEntity
8
0
100
AcDbLine
10
270.337
20
292.124
30
0
11
270.285
21
292.237
31
0
0
LINE
5
21CD
330
C
100
AcDbEntity
8
0
100
AcDbLine
10
270.285
20
292.237
30
0
11
270.226
21
292.342
31
0
0
LINE
5
21CE
330
C
100
AcDbEntity
8
0
100
AcDbLine
10
270.226
20
292.342
30
0
11
270.16
21
292.44
31
0
0
LINE
5
21CF
330
C
100
AcDbEntity
8
0
100
AcDbLine
10
270.16
20
292.44
30
0
11
270.085
21
292.53
31
0
0
LINE
5
21D0
330
C
100
AcDbEntity
8
0
100
AcDbLine
10
270.085
20
292.53
30
0
11
270.004
21
292.611
31
0
0
LINE
5
21D1
330
C
100
AcDbEntity
8
0
100
AcDbLine
10
270.004
20
292.611
30
0
11
269.916
21
292.684
31
0
0
LINE
5
21D2
330
C
100
AcDbEntity
8
0
100
AcDbLine
10
269.916
20
292.684
30
0
11
269.824
21
292.749
31
0
0
LINE
5
21D3
330
C
100
AcDbEntity
8
0
100
AcDbLine
10
269.824
20
292.749
30
0
11
269.725
21
292.804
31
0
0
LINE
5
21D4
330
C
100
AcDbEntity
8
0
100
AcDbLine
10
269.725
20
292.804
30
0
11
269.621
21
292.852
31
0
0
LINE
5
21D5
330
C
100
AcDbEntity
8
0
100
AcDbLine
10
269.621
20
292.852
30
0
11
269.511
21
292.89
31
0
0
LINE
5
21D6
330
C
100
AcDbEntity
8
0
100
AcDbLine
10
269.511
20
292.89
30
0
11
269.395
21
292.92
31
0
0
LINE
5
21D7
330
C
100
AcDbEntity
8
0
100
AcDbLine
10
269.395
20
292.92
30
0
11
269.274
21
292.942
31
0
0
LINE
5
21D8
330
C
100
AcDbEntity
8
0
100
AcDbLine
10
269.274
20
292.942
30
0
11
269.147
21
292.955
31
0
0
LINE
5
21D9
330
C
100
AcDbEntity
8
0
100
AcDbLine
10
269.147
20
292.955
30
0
11
269.014
21
292.959
31
0
0
LINE
5
21DA
330
C
100
AcDbEntity
8
0
100
AcDbLine
10
269.014
20
292.959
30
0
11
269.014
21
292.959
31
0
0
LINE
5
21DB
330
C
100
AcDbEntity
8
0
100
AcDbLine
10
269.014
20
292.959
30
0
11
268.912
21
292.956
31
0
0
LINE
5
21DC
330
C
100
AcDbEntity
8
0
100
AcDbLine
10
268.912
20
292.956
30
0
11
268.813
21
292.948
31
0
0
LINE
5
21DD
330
C
100
AcDbEntity
8
0
100
AcDbLine
10
268.813
20
292.948
30
0
11
268.717
21
292.933
31
0
0
LINE
5
21DE
330
C
100
AcDbEntity
8
0
100
AcDbLine
10
268.717
20
292.933
30
0
11
268.623
21
292.914
31
0
0
LINE
5
21DF
330
C
100
AcDbEntity
8
0
100
AcDbLine
10
268.623
20
292.914
30
0
11
268.533
21
292.888
31
0
0
LINE
5
21E0
330
C
100
AcDbEntity
8
0
100
AcDbLine
10
268.533
20
292.888
30
0
11
268.444
21
292.857
31
0
0
LINE
5
21E1
330
C
100
AcDbEntity
8
0
100
AcDbLine
10
268.444
20
292.857
30
0
11
268.359
21
292.821
31
0
0
LINE
5
21E2
330
C
100
AcDbEntity
8
0
100
AcDbLine
10
268.359
20
292.821
30
0
11
268.277
21
292.778
31
0
0
LINE
5
21E3
330
C
100
AcDbEntity
8
0
100
AcDbLine
10
268.277
20
292.778
30
0
11
268.197
21
292.73
31
0
0
LINE
5
21E4
330
C
100
AcDbEntity
8
0
100
AcDbLine
10
268.197
20
292.73
30
0
11
268.12
21
292.677
31
0
0
LINE
5
21E5
330
C
100
AcDbEntity
8
0
100
AcDbLine
10
268.12
20
292.677
30
0
11
268.046
21
292.618
31
0
0
LINE
5
21E6
330
C
100
AcDbEntity
8
0
100
AcDbLine
10
268.046
20
292.618
30
0
11
267.976
21
292.554
31
0
0
LINE
5
21E7
330
C
100
AcDbEntity
8
0
100
AcDbLine
10
267.976
20
292.554
30
0
11
267.909
21
292.486
31
0
0
LINE
5
21E8
330
C
100
AcDbEntity
8
0
100
AcDbLine
10
267.909
20
292.486
30
0
11
267.845
21
292.412
31
0
0
LINE
5
21E9
330
C
100
AcDbEntity
8
0
100
AcDbLine
10
267.845
20
292.412
30
0
11
267.786
21
292.334
31
0
0
LINE
5
21EA
330
C
100
AcDbEntity
8
0
100
AcDbLine
10
267.786
20
292.334
30
0
11
267.729
21
292.251
31
0
0
LINE
5
21EB
330
C
100
AcDbEntity
8
0
100
AcDbLine
10
267.729
20
292.251
30
0
11
267.676
21
292.163
31
0
0
LINE
5
21EC
330
C
100
AcDbEntity
8
0
100
AcDbLine
10
267.676
20
292.163
30
0
11
267.627
21
292.07
31
0
0
LINE
5
21ED
330
C
100
AcDbEntity
8
0
100
AcDbLine
10
267.627
20
292.07
30
0
11
267.581
21
291.972
31
0
0
LINE
5
21EE
330
C
100
AcDbEntity
8
0
100
AcDbLine
10
267.581
20
291.972
30
0
11
267.538
21
291.87
31
0
0
LINE
5
21EF
330
C
100
AcDbEntity
8
0
100
AcDbLine
10
267.538
20
291.87
30
0
11
267.499
21
291.763
31
0
0
LINE
5
21F0
330
C
100
AcDbEntity
8
0
100
AcDbLine
10
267.499
20
291.763
30
0
11
267.465
21
291.652
31
0
0
LINE
5
21F1
330
C
100
AcDbEntity
8
0
100
AcDbLine
10
267.465
20
291.652
30
0
11
267.434
21
291.537
31
0
0
LINE
5
21F2
330
C
100
AcDbEntity
8
0
100
AcDbLine
10
267.434
20
291.537
30
0
11
267.407
21
291.418
31
0
0
LINE
5
21F3
330
C
100
AcDbEntity
8
0
100
AcDbLine
10
267.407
20
291.418
30
0
11
267.385
21
291.295
31
0
0
LINE
5
21F4
330
C
100
AcDbEntity
8
0
100
AcDbLine
10
267.385
20
291.295
30
0
11
267.367
21
291.167
31
0
0
LINE
5
21F5
330
C
100
AcDbEntity
8
0
100
AcDbLine
10
267.367
20
291.167
30
0
11
267.352
21
291.036
31
0
0
LINE
5
21F6
330
C
100
AcDbEntity
8
0
100
AcDbLine
10
267.352
20
291.036
30
0
11
267.342
21
290.901
31
0
0
LINE
5
21F7
330
C
100
AcDbEntity
8
0
100
AcDbLine
10
267.342
20
290.901
30
0
11
267.336
21
290.762
31
0
0
LINE
5
21F8
330
C
100
AcDbEntity
8
0
100
AcDbLine
10
267.336
20
290.762
30
0
11
267.334
21
290.619
31
0
0
LINE
5
21F9
330
C
100
AcDbEntity
8
0
100
AcDbLine
10
267.334
20
290.619
30
0
11
267.334
21
290.619
31
0
0
LINE
5
21FA
330
C
100
AcDbEntity
8
0
100
AcDbLine
10
267.334
20
290.619
30
0
11
267.334
21
287.907
31
0
0
LINE
5
21FB
330
C
100
AcDbEntity
8
0
100
AcDbLine
10
267.334
20
287.907
30
0
11
267.334
21
287.907
31
0
0
ENDSEC
0
SECTION
2
OBJECTS
0
DICTIONARY
5
A
330
0
100
AcDbDictionary
281
1
3
ACAD_GROUP
350
B
0
DICTIONARY
5
B
330
A
100
AcDbDictionary
281
0
0
ENDSEC
0
EOF
999
MAKERCASE_STATE_BEGIN
999
{"mc":1,"gen":"polygon","sv":2,"store":"polyBoxStore","data":"NY7NTsMwEITfZc5WZCekIT5z4YCEVMQFcXDxNl0pTiLbKYGq786GtMednZ/vgjPFxOMAWyocxuV5SOzpiUOCvcCzC5QpwtZaK6wv0XcKJ+LulCVUXxWCEwu7fk2cXT8TbKWQaREDqkJrKHzNKY8B9uj6RJLxHN6ZvmGldpxI9nOc6R/h7WeSBhx56GRZgXxHr
999
y66DWmT9/wrnl3x2DbGPFSm0WXbNrK6vV9YCgXzdrkF1pRFfRf2mSZZLlb4SIOn6A699H0YpT+vfw==","crc":2530958160}
999
MAKERCASE_STATE_END