0
SECTION
2
HEADER
9
$ACADVER
1
AC1015
9
$LASTSAVEDBY
1
@tarikjabiri/dxf
9
$HANDSEED
5
1F44
9
$INSUNITS
70
0
9
$CLAYER
8
0
9
$VIEWCTR
10
168.699
20
118.4695
0
ENDSEC
0
SECTION
2
CLASSES
0
ENDSEC
0
SECTION
2
TABLES
0
TABLE
2
VPORT
5
1
330
0
100
AcDbSymbolTable
70
1
0
VPORT
5
19
330
1
100
AcDbSymbolTableRecord
100
AcDbViewportTableRecord
2
*Active
70
0
10
0
20
0
11
1
21
1
12
168.699
22
118.4695
13
0
23
0
14
10
24
10
15
10
25
10
16
0
26
0
36
1
17
0
27
0
37
0
40
230.939
41
2
42
50
43
0
44
0
50
0
51
0
71
0
72
100
73
1
74
3
75
0
76
1
77
0
78
0
281
0
65
1
110
0
120
0
130
0
111
1
121
0
131
0
112
0
122
1
132
0
79
0
146
0
348
10020
60
7
61
5
292
1
282
1
141
0
142
0
63
250
421
3358443
0
ENDTAB
0
TABLE
2
LTYPE
5
2
330
0
100
AcDbSymbolTable
70
3
0
LTYPE
5
12
330
2
100
AcDbSymbolTableRecord
100
AcDbLinetypeTableRecord
2
ByBlock
70
0
3

72
65
73
0
40
0
0
LTYPE
5
13
330
2
100
AcDbSymbolTableRecord
100
AcDbLinetypeTableRecord
2
ByLayer
70
0
3

72
65
73
0
40
0
0
LTYPE
5
14
330
2
100
AcDbSymbolTableRecord
100
AcDbLinetypeTableRecord
2
Continuous
70
0
3
Solid line
72
65
73
0
40
0
0
ENDTAB
0
TABLE
2
LAYER
5
3
330
0
100
AcDbSymbolTable
70
1
0
LAYER
5
15
330
3
100
AcDbSymbolTableRecord
100
AcDbLayerTableRecord
2
0
70
0
62
7
6
Continuous
370
0
390
0
0
ENDTAB
0
TABLE
2
STYLE
5
4
330
0
100
AcDbSymbolTable
70
1
0
STYLE
5
16
330
4
100
AcDbSymbolTableRecord
100
AcDbTextStyleTableRecord
2
Standard
70
0
40
0
41
1
50
0
71
0
42
1
3
txt
4

0
ENDTAB
0
TABLE
2
VIEW
5
5
330
0
100
AcDbSymbolTable
70
0
0
ENDTAB
0
TABLE
2
UCS
5
6
330
0
100
AcDbSymbolTable
70
0
0
ENDTAB
0
TABLE
2
APPID
5
7
330
0
100
AcDbSymbolTable
70
1
0
APPID
5
17
330
7
100
AcDbSymbolTableRecord
100
AcDbRegAppTableRecord
2
ACAD
70
0
0
ENDTAB
0
TABLE
2
DIMSTYLE
5
8
330
0
100
AcDbSymbolTable
70
1
100
AcDbDimStyleTable
0
DIMSTYLE
105
18
330
8
100
AcDbSymbolTableRecord
100
AcDbDimStyleTableRecord
2
Standard
70
0
340
16
0
ENDTAB
0
TABLE
2
BLOCK_RECORD
5
9
330
0
100
AcDbSymbolTable
70
2
0
BLOCK_RECORD
5
C
330
9
100
AcDbSymbolTableRecord
100
AcDbBlockTableRecord
2
*Model_Space
70
0
280
1
281
0
0
BLOCK_RECORD
5
F
330
9
100
AcDbSymbolTableRecord
100
AcDbBlockTableRecord
2
*Paper_Space
70
0
280
1
281
0
0
ENDTAB
0
ENDSEC
0
SECTION
2
BLOCKS
0
BLOCK
5
D
330
C
100
AcDbEntity
8
0
100
AcDbBlockBegin
2
*Model_Space
70
0
10
0
20
0
30
0
3
*Model_Space
1

0
ENDBLK
5
E
100
AcDbEntity
8
0
100
AcDbBlockEnd
0
BLOCK
5
10
330
F
100
AcDbEntity
8
0
100
AcDbBlockBegin
2
*Paper_Space
70
0
10
0
20
0
30
0
3
*Paper_Space
1

0
ENDBLK
5
11
100
AcDbEntity
8
0
100
AcDbBlockEnd
0
ENDSEC
0
SECTION
2
ENTITIES
0
LINE
5
1A
330
C
100
AcDbEntity
8
0
100
AcDbLine
10
217.196
20
6
30
0
11
217.196
21
3
31
0
0
LINE
5
1B
330
C
100
AcDbEntity
8
0
100
AcDbLine
10
217.196
20
3
30
0
11
223.699
21
3
31
0
0
LINE
5
1C
330
C
100
AcDbEntity
8
0
100
AcDbLine
10
223.699
20
3
30
0
11
223.699
21
6
31
0
0
LINE
5
1D
330
C
100
AcDbEntity
8
0
100
AcDbLine
10
223.699
20
6
30
0
11
232.699
21
6
31
0
0
LINE
5
1E
330
C
100
AcDbEntity
8
0
100
AcDbLine
10
232.699
20
6
30
0
11
232.699
21
3
31
0
0
LINE
5
1F
330
C
100
AcDbEntity
8
0
100
AcDbLine
10
232.699
20
3
30
0
11
241.699
21
3
31
0
0
LINE
5
20
330
C
100
AcDbEntity
8
0
100
AcDbLine
10
241.699
20
3
30
0
11
241.699
21
6
31
0
0
LINE
5
21
330
C
100
AcDbEntity
8
0
100
AcDbLine
10
241.699
20
6
30
0
11
250.699
21
6
31
0
0
LINE
5
22
330
C
100
AcDbEntity
8
0
100
AcDbLine
10
250.699
20
6
30
0
11
250.699
21
3
31
0
0
LINE
5
23
330
C
100
AcDbEntity
8
0
100
AcDbLine
10
250.699
20
3
30
0
11
259.699
21
3
31
0
0
LINE
5
24
330
C
100
AcDbEntity
8
0
100
AcDbLine
10
259.699
20
3
30
0
11
259.699
21
6
31
0
0
LINE
5
25
330
C
100
AcDbEntity
8
0
100
AcDbLine
10
259.699
20
6
30
0
11
268.699
21
6
31
0
0
LINE
5
26
330
C
100
AcDbEntity
8
0
100
AcDbLine
10
268.699
20
6
30
0
11
268.699
21
3
31
0
0
LINE
5
27
330
C
100
AcDbEntity
8
0
100
AcDbLine
10
268.699
20
3
30
0
11
277.699
21
3
31
0
0
LINE
5
28
330
C
100
AcDbEntity
8
0
100
AcDbLine
10
277.699
20
3
30
0
11
277.699
21
6
31
0
0
LINE
5
29
330
C
100
AcDbEntity
8
0
100
AcDbLine
10
277.699
20
6
30
0
11
286.699
21
6
31
0
0
LINE
5
2A
330
C
100
AcDbEntity
8
0
100
AcDbLine
10
286.699
20
6
30
0
11
286.699
21
3
31
0
0
LINE
5
2B
330
C
100
AcDbEntity
8
0
100
AcDbLine
10
286.699
20
3
30
0
11
295.699
21
3
31
0
0
LINE
5
2C
330
C
100
AcDbEntity
8
0
100
AcDbLine
10
295.699
20
3
30
0
11
295.699
21
6
31
0
0
LINE
5
2D
330
C
100
AcDbEntity
8
0
100
AcDbLine
10
295.699
20
6
30
0
11
304.699
21
6
31
0
0
LINE
5
2E
330
C
100
AcDbEntity
8
0
100
AcDbLine
10
304.699
20
6
30
0
11
304.699
21
3
31
0
0
LINE
5
2F
330
C
100
AcDbEntity
8
0
100
AcDbLine
10
304.699
20
3
30
0
11
313.699
21
3
31
0
0
LINE
5
30
330
C
100
AcDbEntity
8
0
100
AcDbLine
10
313.699
20
3
30
0
11
313.699
21
6
31
0
0
LINE
5
31
330
C
100
AcDbEntity
8
0
100
AcDbLine
10
313.699
20
6
30
0
11
322.699
21
6
31
0
0
LINE
5
32
330
C
100
AcDbEntity
8
0
100
AcDbLine
10
322.699
20
6
30
0
11
322.699
21
3
31
0
0
LINE
5
33
330
C
100
AcDbEntity
8
0
100
AcDbLine
10
322.699
20
3
30
0
11
329.202
21
3
31
0
0
LINE
5
34
330
C
100
AcDbEntity
8
0
100
AcDbLine
10
329.202
20
3
30
0
11
329.202
21
6
31
0
0
LINE
5
35
330
C
100
AcDbEntity
8
0
100
AcDbLine
10
329.202
20
6
30
0
11
329.202
21
7.5
31
0
0
LINE
5
36
330
C
100
AcDbEntity
8
0
100
AcDbLine
10
329.202
20
7.5
30
0
11
334.398
21
7.5
31
0
0
LINE
5
37
330
C
100
AcDbEntity
8
0
100
AcDbLine
10
334.398
20
7.5
30
0
11
334.398
21
16.5
31
0
0
LINE
5
38
330
C
100
AcDbEntity
8
0
100
AcDbLine
10
334.398
20
16.5
30
0
11
329.202
21
16.5
31
0
0
LINE
5
39
330
C
100
AcDbEntity
8
0
100
AcDbLine
10
329.202
20
16.5
30
0
11
329.202
21
25.5
31
0
0
LINE
5
3A
330
C
100
AcDbEntity
8
0
100
AcDbLine
10
329.202
20
25.5
30
0
11
334.398
21
25.5
31
0
0
LINE
5
3B
330
C
100
AcDbEntity
8
0
100
AcDbLine
10
334.398
20
25.5
30
0
11
334.398
21
34.5
31
0
0
LINE
5
3C
330
C
100
AcDbEntity
8
0
100
AcDbLine
10
334.398
20
34.5
30
0
11
329.202
21
34.5
31
0
0
LINE
5
3D
330
C
100
AcDbEntity
8
0
100
AcDbLine
10
329.202
20
34.5
30
0
11
329.202
21
36
31
0
0
LINE
5
3E
330
C
100
AcDbEntity
8
0
100
AcDbLine
10
329.202
20
36
30
0
11
217.196
21
36
31
0
0
LINE
5
3F
330
C
100
AcDbEntity
8
0
100
AcDbLine
10
217.196
20
36
30
0
11
212
21
36
31
0
0
LINE
5
40
330
C
100
AcDbEntity
8
0
100
AcDbLine
10
212
20
36
30
0
11
212
21
34.5
31
0
0
LINE
5
41
330
C
100
AcDbEntity
8
0
100
AcDbLine
10
212
20
34.5
30
0
11
217.196
21
34.5
31
0
0
LINE
5
42
330
C
100
AcDbEntity
8
0
100
AcDbLine
10
217.196
20
34.5
30
0
11
217.196
21
25.5
31
0
0
LINE
5
43
330
C
100
AcDbEntity
8
0
100
AcDbLine
10
217.196
20
25.5
30
0
11
212
21
25.5
31
0
0
LINE
5
44
330
C
100
AcDbEntity
8
0
100
AcDbLine
10
212
20
25.5
30
0
11
212
21
16.5
31
0
0
LINE
5
45
330
C
100
AcDbEntity
8
0
100
AcDbLine
10
212
20
16.5
30
0
11
217.196
21
16.5
31
0
0
LINE
5
46
330
C
100
AcDbEntity
8
0
100
AcDbLine
10
217.196
20
16.5
30
0
11
217.196
21
7.5
31
0
0
LINE
5
47
330
C
100
AcDbEntity
8
0
100
AcDbLine
10
217.196
20
7.5
30
0
11
212
21
7.5
31
0
0
LINE
5
48
330
C
100
AcDbEntity
8
0
100
AcDbLine
10
212
20
7.5
30
0
11
212
21
6
31
0
0
LINE
5
49
330
C
100
AcDbEntity
8
0
100
AcDbLine
10
212
20
6
30
0
11
217.196
21
6
31
0
0
LINE
5
4A
330
C
100
AcDbEntity
8
0
100
AcDbLine
10
261.211
20
16.722
30
0
11
261.211
21
16.722
31
0
0
LINE
5
4B
330
C
100
AcDbEntity
8
0
100
AcDbLine
10
261.211
20
16.722
30
0
11
261.061
21
16.725
31
0
0
LINE
5
4C
330
C
100
AcDbEntity
8
0
100
AcDbLine
10
261.061
20
16.725
30
0
11
260.914
21
16.733
31
0
0
LINE
5
4D
330
C
100
AcDbEntity
8
0
100
AcDbLine
10
260.914
20
16.733
30
0
11
260.769
21
16.747
31
0
0
LINE
5
4E
330
C
100
AcDbEntity
8
0
100
AcDbLine
10
260.769
20
16.747
30
0
11
260.627
21
16.766
31
0
0
LINE
5
4F
330
C
100
AcDbEntity
8
0
100
AcDbLine
10
260.627
20
16.766
30
0
11
260.487
21
16.79
31
0
0
LINE
5
50
330
C
100
AcDbEntity
8
0
100
AcDbLine
10
260.487
20
16.79
30
0
11
260.349
21
16.82
31
0
0
LINE
5
51
330
C
100
AcDbEntity
8
0
100
AcDbLine
10
260.349
20
16.82
30
0
11
260.215
21
16.856
31
0
0
LINE
5
52
330
C
100
AcDbEntity
8
0
100
AcDbLine
10
260.215
20
16.856
30
0
11
260.082
21
16.897
31
0
0
LINE
5
53
330
C
100
AcDbEntity
8
0
100
AcDbLine
10
260.082
20
16.897
30
0
11
259.952
21
16.943
31
0
0
LINE
5
54
330
C
100
AcDbEntity
8
0
100
AcDbLine
10
259.952
20
16.943
30
0
11
259.825
21
16.995
31
0
0
LINE
5
55
330
C
100
AcDbEntity
8
0
100
AcDbLine
10
259.825
20
16.995
30
0
11
259.702
21
17.052
31
0
0
LINE
5
56
330
C
100
AcDbEntity
8
0
100
AcDbLine
10
259.702
20
17.052
30
0
11
259.583
21
17.115
31
0
0
LINE
5
57
330
C
100
AcDbEntity
8
0
100
AcDbLine
10
259.583
20
17.115
30
0
11
259.469
21
17.182
31
0
0
LINE
5
58
330
C
100
AcDbEntity
8
0
100
AcDbLine
10
259.469
20
17.182
30
0
11
259.361
21
17.255
31
0
0
LINE
5
59
330
C
100
AcDbEntity
8
0
100
AcDbLine
10
259.361
20
17.255
30
0
11
259.257
21
17.333
31
0
0
LINE
5
5A
330
C
100
AcDbEntity
8
0
100
AcDbLine
10
259.257
20
17.333
30
0
11
259.158
21
17.417
31
0
0
LINE
5
5B
330
C
100
AcDbEntity
8
0
100
AcDbLine
10
259.158
20
17.417
30
0
11
259.064
21
17.505
31
0
0
LINE
5
5C
330
C
100
AcDbEntity
8
0
100
AcDbLine
10
259.064
20
17.505
30
0
11
258.975
21
17.599
31
0
0
LINE
5
5D
330
C
100
AcDbEntity
8
0
100
AcDbLine
10
258.975
20
17.599
30
0
11
258.89
21
17.698
31
0
0
LINE
5
5E
330
C
100
AcDbEntity
8
0
100
AcDbLine
10
258.89
20
17.698
30
0
11
258.811
21
17.802
31
0
0
LINE
5
5F
330
C
100
AcDbEntity
8
0
100
AcDbLine
10
258.811
20
17.802
30
0
11
258.738
21
17.911
31
0
0
LINE
5
60
330
C
100
AcDbEntity
8
0
100
AcDbLine
10
258.738
20
17.911
30
0
11
258.672
21
18.026
31
0
0
LINE
5
61
330
C
100
AcDbEntity
8
0
100
AcDbLine
10
258.672
20
18.026
30
0
11
258.614
21
18.145
31
0
0
LINE
5
62
330
C
100
AcDbEntity
8
0
100
AcDbLine
10
258.614
20
18.145
30
0
11
258.564
21
18.27
31
0
0
LINE
5
63
330
C
100
AcDbEntity
8
0
100
AcDbLine
10
258.564
20
18.27
30
0
11
258.52
21
18.399
31
0
0
LINE
5
64
330
C
100
AcDbEntity
8
0
100
AcDbLine
10
258.52
20
18.399
30
0
11
258.484
21
18.534
31
0
0
LINE
5
65
330
C
100
AcDbEntity
8
0
100
AcDbLine
10
258.484
20
18.534
30
0
11
258.456
21
18.673
31
0
0
LINE
5
66
330
C
100
AcDbEntity
8
0
100
AcDbLine
10
258.456
20
18.673
30
0
11
258.435
21
18.818
31
0
0
LINE
5
67
330
C
100
AcDbEntity
8
0
100
AcDbLine
10
258.435
20
18.818
30
0
11
258.421
21
18.967
31
0
0
LINE
5
68
330
C
100
AcDbEntity
8
0
100
AcDbLine
10
258.421
20
18.967
30
0
11
258.415
21
19.122
31
0
0
LINE
5
69
330
C
100
AcDbEntity
8
0
100
AcDbLine
10
258.415
20
19.122
30
0
11
258.415
21
19.122
31
0
0
LINE
5
6A
330
C
100
AcDbEntity
8
0
100
AcDbLine
10
258.415
20
19.122
30
0
11
259.327
21
19.122
31
0
0
LINE
5
6B
330
C
100
AcDbEntity
8
0
100
AcDbLine
10
259.327
20
19.122
30
0
11
259.33
21
19.018
31
0
0
LINE
5
6C
330
C
100
AcDbEntity
8
0
100
AcDbLine
10
259.33
20
19.018
30
0
11
259.338
21
18.918
31
0
0
LINE
5
6D
330
C
100
AcDbEntity
8
0
100
AcDbLine
10
259.338
20
18.918
30
0
11
259.35
21
18.822
31
0
0
LINE
5
6E
330
C
100
AcDbEntity
8
0
100
AcDbLine
10
259.35
20
18.822
30
0
11
259.368
21
18.73
31
0
0
LINE
5
6F
330
C
100
AcDbEntity
8
0
100
AcDbLine
10
259.368
20
18.73
30
0
11
259.392
21
18.641
31
0
0
LINE
5
70
330
C
100
AcDbEntity
8
0
100
AcDbLine
10
259.392
20
18.641
30
0
11
259.42
21
18.556
31
0
0
LINE
5
71
330
C
100
AcDbEntity
8
0
100
AcDbLine
10
259.42
20
18.556
30
0
11
259.454
21
18.475
31
0
0
LINE
5
72
330
C
100
AcDbEntity
8
0
100
AcDbLine
10
259.454
20
18.475
30
0
11
259.492
21
18.398
31
0
0
LINE
5
73
330
C
100
AcDbEntity
8
0
100
AcDbLine
10
259.492
20
18.398
30
0
11
259.536
21
18.325
31
0
0
LINE
5
74
330
C
100
AcDbEntity
8
0
100
AcDbLine
10
259.536
20
18.325
30
0
11
259.585
21
18.255
31
0
0
LINE
5
75
330
C
100
AcDbEntity
8
0
100
AcDbLine
10
259.585
20
18.255
30
0
11
259.638
21
18.189
31
0
0
LINE
5
76
330
C
100
AcDbEntity
8
0
100
AcDbLine
10
259.638
20
18.189
30
0
11
259.695
21
18.126
31
0
0
LINE
5
77
330
C
100
AcDbEntity
8
0
100
AcDbLine
10
259.695
20
18.126
30
0
11
259.755
21
18.067
31
0
0
LINE
5
78
330
C
100
AcDbEntity
8
0
100
AcDbLine
10
259.755
20
18.067
30
0
11
259.818
21
18.012
31
0
0
LINE
5
79
330
C
100
AcDbEntity
8
0
100
AcDbLine
10
259.818
20
18.012
30
0
11
259.885
21
17.959
31
0
0
LINE
5
7A
330
C
100
AcDbEntity
8
0
100
AcDbLine
10
259.885
20
17.959
30
0
11
259.955
21
17.911
31
0
0
LINE
5
7B
330
C
100
AcDbEntity
8
0
100
AcDbLine
10
259.955
20
17.911
30
0
11
260.029
21
17.866
31
0
0
LINE
5
7C
330
C
100
AcDbEntity
8
0
100
AcDbLine
10
260.029
20
17.866
30
0
11
260.106
21
17.824
31
0
0
LINE
5
7D
330
C
100
AcDbEntity
8
0
100
AcDbLine
10
260.106
20
17.824
30
0
11
260.186
21
17.786
31
0
0
LINE
5
7E
330
C
100
AcDbEntity
8
0
100
AcDbLine
10
260.186
20
17.786
30
0
11
260.269
21
17.751
31
0
0
LINE
5
7F
330
C
100
AcDbEntity
8
0
100
AcDbLine
10
260.269
20
17.751
30
0
11
260.355
21
17.72
31
0
0
LINE
5
80
330
C
100
AcDbEntity
8
0
100
AcDbLine
10
260.355
20
17.72
30
0
11
260.443
21
17.692
31
0
0
LINE
5
81
330
C
100
AcDbEntity
8
0
100
AcDbLine
10
260.443
20
17.692
30
0
11
260.532
21
17.667
31
0
0
LINE
5
82
330
C
100
AcDbEntity
8
0
100
AcDbLine
10
260.532
20
17.667
30
0
11
260.622
21
17.645
31
0
0
LINE
5
83
330
C
100
AcDbEntity
8
0
100
AcDbLine
10
260.622
20
17.645
30
0
11
260.715
21
17.627
31
0
0
LINE
5
84
330
C
100
AcDbEntity
8
0
100
AcDbLine
10
260.715
20
17.627
30
0
11
260.808
21
17.612
31
0
0
LINE
5
85
330
C
100
AcDbEntity
8
0
100
AcDbLine
10
260.808
20
17.612
30
0
11
260.904
21
17.601
31
0
0
LINE
5
86
330
C
100
AcDbEntity
8
0
100
AcDbLine
10
260.904
20
17.601
30
0
11
261.001
21
17.593
31
0
0
LINE
5
87
330
C
100
AcDbEntity
8
0
100
AcDbLine
10
261.001
20
17.593
30
0
11
261.099
21
17.588
31
0
0
LINE
5
88
330
C
100
AcDbEntity
8
0
100
AcDbLine
10
261.099
20
17.588
30
0
11
261.199
21
17.586
31
0
0
LINE
5
89
330
C
100
AcDbEntity
8
0
100
AcDbLine
10
261.199
20
17.586
30
0
11
261.199
21
17.586
31
0
0
LINE
5
8A
330
C
100
AcDbEntity
8
0
100
AcDbLine
10
261.199
20
17.586
30
0
11
261.307
21
17.588
31
0
0
LINE
5
8B
330
C
100
AcDbEntity
8
0
100
AcDbLine
10
261.307
20
17.588
30
0
11
261.412
21
17.593
31
0
0
LINE
5
8C
330
C
100
AcDbEntity
8
0
100
AcDbLine
10
261.412
20
17.593
30
0
11
261.514
21
17.602
31
0
0
LINE
5
8D
330
C
100
AcDbEntity
8
0
100
AcDbLine
10
261.514
20
17.602
30
0
11
261.613
21
17.614
31
0
0
LINE
5
8E
330
C
100
AcDbEntity
8
0
100
AcDbLine
10
261.613
20
17.614
30
0
11
261.709
21
17.63
31
0
0
LINE
5
8F
330
C
100
AcDbEntity
8
0
100
AcDbLine
10
261.709
20
17.63
30
0
11
261.803
21
17.649
31
0
0
LINE
5
90
330
C
100
AcDbEntity
8
0
100
AcDbLine
10
261.803
20
17.649
30
0
11
261.893
21
17.671
31
0
0
LINE
5
91
330
C
100
AcDbEntity
8
0
100
AcDbLine
10
261.893
20
17.671
30
0
11
261.981
21
17.697
31
0
0
LINE
5
92
330
C
100
AcDbEntity
8
0
100
AcDbLine
10
261.981
20
17.697
30
0
11
262.065
21
17.727
31
0
0
LINE
5
93
330
C
100
AcDbEntity
8
0
100
AcDbLine
10
262.065
20
17.727
30
0
11
262.147
21
17.76
31
0
0
LINE
5
94
330
C
100
AcDbEntity
8
0
100
AcDbLine
10
262.147
20
17.76
30
0
11
262.226
21
17.796
31
0
0
LINE
5
95
330
C
100
AcDbEntity
8
0
100
AcDbLine
10
262.226
20
17.796
30
0
11
262.301
21
17.834
31
0
0
LINE
5
96
330
C
100
AcDbEntity
8
0
100
AcDbLine
10
262.301
20
17.834
30
0
11
262.372
21
17.874
31
0
0
LINE
5
97
330
C
100
AcDbEntity
8
0
100
AcDbLine
10
262.372
20
17.874
30
0
11
262.44
21
17.917
31
0
0
LINE
5
98
330
C
100
AcDbEntity
8
0
100
AcDbLine
10
262.44
20
17.917
30
0
11
262.503
21
17.962
31
0
0
LINE
5
99
330
C
100
AcDbEntity
8
0
100
AcDbLine
10
262.503
20
17.962
30
0
11
262.564
21
18.009
31
0
0
LINE
5
9A
330
C
100
AcDbEntity
8
0
100
AcDbLine
10
262.564
20
18.009
30
0
11
262.62
21
18.058
31
0
0
LINE
5
9B
330
C
100
AcDbEntity
8
0
100
AcDbLine
10
262.62
20
18.058
30
0
11
262.673
21
18.109
31
0
0
LINE
5
9C
330
C
100
AcDbEntity
8
0
100
AcDbLine
10
262.673
20
18.109
30
0
11
262.723
21
18.163
31
0
0
LINE
5
9D
330
C
100
AcDbEntity
8
0
100
AcDbLine
10
262.723
20
18.163
30
0
11
262.768
21
18.219
31
0
0
LINE
5
9E
330
C
100
AcDbEntity
8
0
100
AcDbLine
10
262.768
20
18.219
30
0
11
262.81
21
18.277
31
0
0
LINE
5
9F
330
C
100
AcDbEntity
8
0
100
AcDbLine
10
262.81
20
18.277
30
0
11
262.847
21
18.335
31
0
0
LINE
5
A0
330
C
100
AcDbEntity
8
0
100
AcDbLine
10
262.847
20
18.335
30
0
11
262.88
21
18.395
31
0
0
LINE
5
A1
330
C
100
AcDbEntity
8
0
100
AcDbLine
10
262.88
20
18.395
30
0
11
262.908
21
18.456
31
0
0
LINE
5
A2
330
C
100
AcDbEntity
8
0
100
AcDbLine
10
262.908
20
18.456
30
0
11
262.932
21
18.518
31
0
0
LINE
5
A3
330
C
100
AcDbEntity
8
0
100
AcDbLine
10
262.932
20
18.518
30
0
11
262.952
21
18.582
31
0
0
LINE
5
A4
330
C
100
AcDbEntity
8
0
100
AcDbLine
10
262.952
20
18.582
30
0
11
262.968
21
18.646
31
0
0
LINE
5
A5
330
C
100
AcDbEntity
8
0
100
AcDbLine
10
262.968
20
18.646
30
0
11
262.978
21
18.711
31
0
0
LINE
5
A6
330
C
100
AcDbEntity
8
0
100
AcDbLine
10
262.978
20
18.711
30
0
11
262.985
21
18.778
31
0
0
LINE
5
A7
330
C
100
AcDbEntity
8
0
100
AcDbLine
10
262.985
20
18.778
30
0
11
262.987
21
18.846
31
0
0
LINE
5
A8
330
C
100
AcDbEntity
8
0
100
AcDbLine
10
262.987
20
18.846
30
0
11
262.987
21
18.846
31
0
0
LINE
5
A9
330
C
100
AcDbEntity
8
0
100
AcDbLine
10
262.987
20
18.846
30
0
11
262.984
21
18.94
31
0
0
LINE
5
AA
330
C
100
AcDbEntity
8
0
100
AcDbLine
10
262.984
20
18.94
30
0
11
262.975
21
19.031
31
0
0
LINE
5
AB
330
C
100
AcDbEntity
8
0
100
AcDbLine
10
262.975
20
19.031
30
0
11
262.961
21
19.118
31
0
0
LINE
5
AC
330
C
100
AcDbEntity
8
0
100
AcDbLine
10
262.961
20
19.118
30
0
11
262.94
21
19.201
31
0
0
LINE
5
AD
330
C
100
AcDbEntity
8
0
100
AcDbLine
10
262.94
20
19.201
30
0
11
262.914
21
19.28
31
0
0
LINE
5
AE
330
C
100
AcDbEntity
8
0
100
AcDbLine
10
262.914
20
19.28
30
0
11
262.881
21
19.356
31
0
0
LINE
5
AF
330
C
100
AcDbEntity
8
0
100
AcDbLine
10
262.881
20
19.356
30
0
11
262.843
21
19.428
31
0
0
LINE
5
B0
330
C
100
AcDbEntity
8
0
100
AcDbLine
10
262.843
20
19.428
30
0
11
262.799
21
19.497
31
0
0
LINE
5
B1
330
C
100
AcDbEntity
8
0
100
AcDbLine
10
262.799
20
19.497
30
0
11
262.749
21
19.562
31
0
0
LINE
5
B2
330
C
100
AcDbEntity
8
0
100
AcDbLine
10
262.749
20
19.562
30
0
11
262.693
21
19.623
31
0
0
LINE
5
B3
330
C
100
AcDbEntity
8
0
100
AcDbLine
10
262.693
20
19.623
30
0
11
262.632
21
19.681
31
0
0
LINE
5
B4
330
C
100
AcDbEntity
8
0
100
AcDbLine
10
262.632
20
19.681
30
0
11
262.564
21
19.737
31
0
0
LINE
5
B5
330
C
100
AcDbEntity
8
0
100
AcDbLine
10
262.564
20
19.737
30
0
11
262.491
21
19.791
31
0
0
LINE
5
B6
330
C
100
AcDbEntity
8
0
100
AcDbLine
10
262.491
20
19.791
30
0
11
262.413
21
19.843
31
0
0
LINE
5
B7
330
C
100
AcDbEntity
8
0
100
AcDbLine
10
262.413
20
19.843
30
0
11
262.329
21
19.892
31
0
0
LINE
5
B8
330
C
100
AcDbEntity
8
0
100
AcDbLine
10
262.329
20
19.892
30
0
11
262.239
21
19.939
31
0
0
LINE
5
B9
330
C
100
AcDbEntity
8
0
100
AcDbLine
10
262.239
20
19.939
30
0
11
262.143
21
19.984
31
0
0
LINE
5
BA
330
C
100
AcDbEntity
8
0
100
AcDbLine
10
262.143
20
19.984
30
0
11
262.042
21
20.027
31
0
0
LINE
5
BB
330
C
100
AcDbEntity
8
0
100
AcDbLine
10
262.042
20
20.027
30
0
11
261.936
21
20.068
31
0
0
LINE
5
BC
330
C
100
AcDbEntity
8
0
100
AcDbLine
10
261.936
20
20.068
30
0
11
261.823
21
20.106
31
0
0
LINE
5
BD
330
C
100
AcDbEntity
8
0
100
AcDbLine
10
261.823
20
20.106
30
0
11
261.823
21
20.106
31
0
0
LINE
5
BE
330
C
100
AcDbEntity
8
0
100
AcDbLine
10
261.823
20
20.106
30
0
11
260.491
21
20.574
31
0
0
LINE
5
BF
330
C
100
AcDbEntity
8
0
100
AcDbLine
10
260.491
20
20.574
30
0
11
260.309
21
20.642
31
0
0
LINE
5
C0
330
C
100
AcDbEntity
8
0
100
AcDbLine
10
260.309
20
20.642
30
0
11
260.135
21
20.712
31
0
0
LINE
5
C1
330
C
100
AcDbEntity
8
0
100
AcDbLine
10
260.135
20
20.712
30
0
11
259.971
21
20.784
31
0
0
LINE
5
C2
330
C
100
AcDbEntity
8
0
100
AcDbLine
10
259.971
20
20.784
30
0
11
259.815
21
20.858
31
0
0
LINE
5
C3
330
C
100
AcDbEntity
8
0
100
AcDbLine
10
259.815
20
20.858
30
0
11
259.669
21
20.934
31
0
0
LINE
5
C4
330
C
100
AcDbEntity
8
0
100
AcDbLine
10
259.669
20
20.934
30
0
11
259.532
21
21.012
31
0
0
LINE
5
C5
330
C
100
AcDbEntity
8
0
100
AcDbLine
10
259.532
20
21.012
30
0
11
259.404
21
21.091
31
0
0
LINE
5
C6
330
C
100
AcDbEntity
8
0
100
AcDbLine
10
259.404
20
21.091
30
0
11
259.285
21
21.173
31
0
0
LINE
5
C7
330
C
100
AcDbEntity
8
0
100
AcDbLine
10
259.285
20
21.173
30
0
11
259.176
21
21.257
31
0
0
LINE
5
C8
330
C
100
AcDbEntity
8
0
100
AcDbLine
10
259.176
20
21.257
30
0
11
259.075
21
21.342
31
0
0
LINE
5
C9
330
C
100
AcDbEntity
8
0
100
AcDbLine
10
259.075
20
21.342
30
0
11
258.984
21
21.432
31
0
0
LINE
5
CA
330
C
100
AcDbEntity
8
0
100
AcDbLine
10
258.984
20
21.432
30
0
11
258.902
21
21.529
31
0
0
LINE
5
CB
330
C
100
AcDbEntity
8
0
100
AcDbLine
10
258.902
20
21.529
30
0
11
258.83
21
21.633
31
0
0
LINE
5
CC
330
C
100
AcDbEntity
8
0
100
AcDbLine
10
258.83
20
21.633
30
0
11
258.768
21
21.743
31
0
0
LINE
5
CD
330
C
100
AcDbEntity
8
0
100
AcDbLine
10
258.768
20
21.743
30
0
11
258.715
21
21.861
31
0
0
LINE
5
CE
330
C
100
AcDbEntity
8
0
100
AcDbLine
10
258.715
20
21.861
30
0
11
258.672
21
21.986
31
0
0
LINE
5
CF
330
C
100
AcDbEntity
8
0
100
AcDbLine
10
258.672
20
21.986
30
0
11
258.638
21
22.117
31
0
0
LINE
5
D0
330
C
100
AcDbEntity
8
0
100
AcDbLine
10
258.638
20
22.117
30
0
11
258.614
21
22.256
31
0
0
LINE
5
D1
330
C
100
AcDbEntity
8
0
100
AcDbLine
10
258.614
20
22.256
30
0
11
258.6
21
22.401
31
0
0
LINE
5
D2
330
C
100
AcDbEntity
8
0
100
AcDbLine
10
258.6
20
22.401
30
0
11
258.595
21
22.554
31
0
0
LINE
5
D3
330
C
100
AcDbEntity
8
0
100
AcDbLine
10
258.595
20
22.554
30
0
11
258.595
21
22.554
31
0
0
LINE
5
D4
330
C
100
AcDbEntity
8
0
100
AcDbLine
10
258.595
20
22.554
30
0
11
258.602
21
22.726
31
0
0
LINE
5
D5
330
C
100
AcDbEntity
8
0
100
AcDbLine
10
258.602
20
22.726
30
0
11
258.622
21
22.891
31
0
0
LINE
5
D6
330
C
100
AcDbEntity
8
0
100
AcDbLine
10
258.622
20
22.891
30
0
11
258.656
21
23.05
31
0
0
LINE
5
D7
330
C
100
AcDbEntity
8
0
100
AcDbLine
10
258.656
20
23.05
30
0
11
258.703
21
23.203
31
0
0
LINE
5
D8
330
C
100
AcDbEntity
8
0
100
AcDbLine
10
258.703
20
23.203
30
0
11
258.764
21
23.349
31
0
0
LINE
5
D9
330
C
100
AcDbEntity
8
0
100
AcDbLine
10
258.764
20
23.349
30
0
11
258.838
21
23.489
31
0
0
LINE
5
DA
330
C
100
AcDbEntity
8
0
100
AcDbLine
10
258.838
20
23.489
30
0
11
258.926
21
23.622
31
0
0
LINE
5
DB
330
C
100
AcDbEntity
8
0
100
AcDbLine
10
258.926
20
23.622
30
0
11
259.027
21
23.748
31
0
0
LINE
5
DC
330
C
100
AcDbEntity
8
0
100
AcDbLine
10
259.027
20
23.748
30
0
11
259.142
21
23.868
31
0
0
LINE
5
DD
330
C
100
AcDbEntity
8
0
100
AcDbLine
10
259.142
20
23.868
30
0
11
259.27
21
23.982
31
0
0
LINE
5
DE
330
C
100
AcDbEntity
8
0
100
AcDbLine
10
259.27
20
23.982
30
0
11
259.411
21
24.087
31
0
0
LINE
5
DF
330
C
100
AcDbEntity
8
0
100
AcDbLine
10
259.411
20
24.087
30
0
11
259.563
21
24.181
31
0
0
LINE
5
E0
330
C
100
AcDbEntity
8
0
100
AcDbLine
10
259.563
20
24.181
30
0
11
259.726
21
24.264
31
0
0
LINE
5
E1
330
C
100
AcDbEntity
8
0
100
AcDbLine
10
259.726
20
24.264
30
0
11
259.901
21
24.335
31
0
0
LINE
5
E2
330
C
100
AcDbEntity
8
0
100
AcDbLine
10
259.901
20
24.335
30
0
11
260.087
21
24.396
31
0
0
LINE
5
E3
330
C
100
AcDbEntity
8
0
100
AcDbLine
10
260.087
20
24.396
30
0
11
260.284
21
24.446
31
0
0
LINE
5
E4
330
C
100
AcDbEntity
8
0
100
AcDbLine
10
260.284
20
24.446
30
0
11
260.493
21
24.484
31
0
0
LINE
5
E5
330
C
100
AcDbEntity
8
0
100
AcDbLine
10
260.493
20
24.484
30
0
11
260.713
21
24.512
31
0
0
LINE
5
E6
330
C
100
AcDbEntity
8
0
100
AcDbLine
10
260.713
20
24.512
30
0
11
260.944
21
24.528
31
0
0
LINE
5
E7
330
C
100
AcDbEntity
8
0
100
AcDbLine
10
260.944
20
24.528
30
0
11
261.187
21
24.534
31
0
0
LINE
5
E8
330
C
100
AcDbEntity
8
0
100
AcDbLine
10
261.187
20
24.534
30
0
11
261.187
21
24.534
31
0
0
LINE
5
E9
330
C
100
AcDbEntity
8
0
100
AcDbLine
10
261.187
20
24.534
30
0
11
261.413
21
24.529
31
0
0
LINE
5
EA
330
C
100
AcDbEntity
8
0
100
AcDbLine
10
261.413
20
24.529
30
0
11
261.628
21
24.513
31
0
0
LINE
5
EB
330
C
100
AcDbEntity
8
0
100
AcDbLine
10
261.628
20
24.513
30
0
11
261.833
21
24.486
31
0
0
LINE
5
EC
330
C
100
AcDbEntity
8
0
100
AcDbLine
10
261.833
20
24.486
30
0
11
262.028
21
24.449
31
0
0
LINE
5
ED
330
C
100
AcDbEntity
8
0
100
AcDbLine
10
262.028
20
24.449
30
0
11
262.213
21
24.401
31
0
0
LINE
5
EE
330
C
100
AcDbEntity
8
0
100
AcDbLine
10
262.213
20
24.401
30
0
11
262.388
21
24.343
31
0
0
LINE
5
EF
330
C
100
AcDbEntity
8
0
100
AcDbLine
10
262.388
20
24.343
30
0
11
262.553
21
24.274
31
0
0
LINE
5
F0
330
C
100
AcDbEntity
8
0
100
AcDbLine
10
262.553
20
24.274
30
0
11
262.708
21
24.194
31
0
0
LINE
5
F1
330
C
100
AcDbEntity
8
0
100
AcDbLine
10
262.708
20
24.194
30
0
11
262.853
21
24.104
31
0
0
LINE
5
F2
330
C
100
AcDbEntity
8
0
100
AcDbLine
10
262.853
20
24.104
30
0
11
262.987
21
24.003
31
0
0
LINE
5
F3
330
C
100
AcDbEntity
8
0
100
AcDbLine
10
262.987
20
24.003
30
0
11
263.111
21
23.893
31
0
0
LINE
5
F4
330
C
100
AcDbEntity
8
0
100
AcDbLine
10
263.111
20
23.893
30
0
11
263.224
21
23.776
31
0
0
LINE
5
F5
330
C
100
AcDbEntity
8
0
100
AcDbLine
10
263.224
20
23.776
30
0
11
263.326
21
23.652
31
0
0
LINE
5
F6
330
C
100
AcDbEntity
8
0
100
AcDbLine
10
263.326
20
23.652
30
0
11
263.417
21
23.52
31
0
0
LINE
5
F7
330
C
100
AcDbEntity
8
0
100
AcDbLine
10
263.417
20
23.52
30
0
11
263.497
21
23.381
31
0
0
LINE
5
F8
330
C
100
AcDbEntity
8
0
100
AcDbLine
10
263.497
20
23.381
30
0
11
263.566
21
23.235
31
0
0
LINE
5
F9
330
C
100
AcDbEntity
8
0
100
AcDbLine
10
263.566
20
23.235
30
0
11
263.624
21
23.082
31
0
0
LINE
5
FA
330
C
100
AcDbEntity
8
0
100
AcDbLine
10
263.624
20
23.082
30
0
11
263.671
21
22.921
31
0
0
LINE
5
FB
330
C
100
AcDbEntity
8
0
100
AcDbLine
10
263.671
20
22.921
30
0
11
263.706
21
22.753
31
0
0
LINE
5
FC
330
C
100
AcDbEntity
8
0
100
AcDbLine
10
263.706
20
22.753
30
0
11
263.731
21
22.578
31
0
0
LINE
5
FD
330
C
100
AcDbEntity
8
0
100
AcDbLine
10
263.731
20
22.578
30
0
11
263.731
21
22.578
31
0
0
LINE
5
FE
330
C
100
AcDbEntity
8
0
100
AcDbLine
10
263.731
20
22.578
30
0
11
262.807
21
22.578
31
0
0
LINE
5
FF
330
C
100
AcDbEntity
8
0
100
AcDbLine
10
262.807
20
22.578
30
0
11
262.786
21
22.68
31
0
0
LINE
5
100
330
C
100
AcDbEntity
8
0
100
AcDbLine
10
262.786
20
22.68
30
0
11
262.759
21
22.778
31
0
0
LINE
5
101
330
C
100
AcDbEntity
8
0
100
AcDbLine
10
262.759
20
22.778
30
0
11
262.725
21
22.87
31
0
0
LINE
5
102
330
C
100
AcDbEntity
8
0
100
AcDbLine
10
262.725
20
22.87
30
0
11
262.686
21
22.959
31
0
0
LINE
5
103
330
C
100
AcDbEntity
8
0
100
AcDbLine
10
262.686
20
22.959
30
0
11
262.64
21
23.042
31
0
0
LINE
5
104
330
C
100
AcDbEntity
8
0
100
AcDbLine
10
262.64
20
23.042
30
0
11
262.588
21
23.121
31
0
0
LINE
5
105
330
C
100
AcDbEntity
8
0
100
AcDbLine
10
262.588
20
23.121
30
0
11
262.53
21
23.196
31
0
0
LINE
5
106
330
C
100
AcDbEntity
8
0
100
AcDbLine
10
262.53
20
23.196
30
0
11
262.465
21
23.265
31
0
0
LINE
5
107
330
C
100
AcDbEntity
8
0
100
AcDbLine
10
262.465
20
23.265
30
0
11
262.395
21
23.33
31
0
0
LINE
5
108
330
C
100
AcDbEntity
8
0
100
AcDbLine
10
262.395
20
23.33
30
0
11
262.318
21
23.391
31
0
0
LINE
5
109
330
C
100
AcDbEntity
8
0
100
AcDbLine
10
262.318
20
23.391
30
0
11
262.235
21
23.446
31
0
0
LINE
5
10A
330
C
100
AcDbEntity
8
0
100
AcDbLine
10
262.235
20
23.446
30
0
11
262.145
21
23.496
31
0
0
LINE
5
10B
330
C
100
AcDbEntity
8
0
100
AcDbLine
10
262.145
20
23.496
30
0
11
262.049
21
23.539
31
0
0
LINE
5
10C
330
C
100
AcDbEntity
8
0
100
AcDbLine
10
262.049
20
23.539
30
0
11
261.946
21
23.577
31
0
0
LINE
5
10D
330
C
100
AcDbEntity
8
0
100
AcDbLine
10
261.946
20
23.577
30
0
11
261.836
21
23.609
31
0
0
LINE
5
10E
330
C
100
AcDbEntity
8
0
100
AcDbLine
10
261.836
20
23.609
30
0
11
261.72
21
23.635
31
0
0
LINE
5
10F
330
C
100
AcDbEntity
8
0
100
AcDbLine
10
261.72
20
23.635
30
0
11
261.596
21
23.656
31
0
0
LINE
5
110
330
C
100
AcDbEntity
8
0
100
AcDbLine
10
261.596
20
23.656
30
0
11
261.467
21
23.67
31
0
0
LINE
5
111
330
C
100
AcDbEntity
8
0
100
AcDbLine
10
261.467
20
23.67
30
0
11
261.33
21
23.679
31
0
0
LINE
5
112
330
C
100
AcDbEntity
8
0
100
AcDbLine
10
261.33
20
23.679
30
0
11
261.187
21
23.682
31
0
0
LINE
5
113
330
C
100
AcDbEntity
8
0
100
AcDbLine
10
261.187
20
23.682
30
0
11
261.187
21
23.682
31
0
0
LINE
5
114
330
C
100
AcDbEntity
8
0
100
AcDbLine
10
261.187
20
23.682
30
0
11
261.042
21
23.679
31
0
0
LINE
5
115
330
C
100
AcDbEntity
8
0
100
AcDbLine
10
261.042
20
23.679
30
0
11
260.903
21
23.669
31
0
0
LINE
5
116
330
C
100
AcDbEntity
8
0
100
AcDbLine
10
260.903
20
23.669
30
0
11
260.771
21
23.652
31
0
0
LINE
5
117
330
C
100
AcDbEntity
8
0
100
AcDbLine
10
260.771
20
23.652
30
0
11
260.645
21
23.629
31
0
0
LINE
5
118
330
C
100
AcDbEntity
8
0
100
AcDbLine
10
260.645
20
23.629
30
0
11
260.526
21
23.599
31
0
0
LINE
5
119
330
C
100
AcDbEntity
8
0
100
AcDbLine
10
260.526
20
23.599
30
0
11
260.413
21
23.563
31
0
0
LINE
5
11A
330
C
100
AcDbEntity
8
0
100
AcDbLine
10
260.413
20
23.563
30
0
11
260.307
21
23.52
31
0
0
LINE
5
11B
330
C
100
AcDbEntity
8
0
100
AcDbLine
10
260.307
20
23.52
30
0
11
260.208
21
23.471
31
0
0
LINE
5
11C
330
C
100
AcDbEntity
8
0
100
AcDbLine
10
260.208
20
23.471
30
0
11
260.115
21
23.415
31
0
0
LINE
5
11D
330
C
100
AcDbEntity
8
0
100
AcDbLine
10
260.115
20
23.415
30
0
11
260.029
21
23.352
31
0
0
LINE
5
11E
330
C
100
AcDbEntity
8
0
100
AcDbLine
10
260.029
20
23.352
30
0
11
259.951
21
23.284
31
0
0
LINE
5
11F
330
C
100
AcDbEntity
8
0
100
AcDbLine
10
259.951
20
23.284
30
0
11
259.88
21
23.213
31
0
0
LINE
5
120
330
C
100
AcDbEntity
8
0
100
AcDbLine
10
259.88
20
23.213
30
0
11
259.818
21
23.138
31
0
0
LINE
5
121
330
C
100
AcDbEntity
8
0
100
AcDbLine
10
259.818
20
23.138
30
0
11
259.764
21
23.06
31
0
0
LINE
5
122
330
C
100
AcDbEntity
8
0
100
AcDbLine
10
259.764
20
23.06
30
0
11
259.719
21
22.979
31
0
0
LINE
5
123
330
C
100
AcDbEntity
8
0
100
AcDbLine
10
259.719
20
22.979
30
0
11
259.681
21
22.893
31
0
0
LINE
5
124
330
C
100
AcDbEntity
8
0
100
AcDbLine
10
259.681
20
22.893
30
0
11
259.652
21
22.805
31
0
0
LINE
5
125
330
C
100
AcDbEntity
8
0
100
AcDbLine
10
259.652
20
22.805
30
0
11
259.632
21
22.713
31
0
0
LINE
5
126
330
C
100
AcDbEntity
8
0
100
AcDbLine
10
259.632
20
22.713
30
0
11
259.619
21
22.617
31
0
0
LINE
5
127
330
C
100
AcDbEntity
8
0
100
AcDbLine
10
259.619
20
22.617
30
0
11
259.615
21
22.518
31
0
0
LINE
5
128
330
C
100
AcDbEntity
8
0
100
AcDbLine
10
259.615
20
22.518
30
0
11
259.615
21
22.518
31
0
0
LINE
5
129
330
C
100
AcDbEntity
8
0
100
AcDbLine
10
259.615
20
22.518
30
0
11
259.618
21
22.437
31
0
0
LINE
5
12A
330
C
100
AcDbEntity
8
0
100
AcDbLine
10
259.618
20
22.437
30
0
11
259.626
21
22.359
31
0
0
LINE
5
12B
330
C
100
AcDbEntity
8
0
100
AcDbLine
10
259.626
20
22.359
30
0
11
259.639
21
22.285
31
0
0
LINE
5
12C
330
C
100
AcDbEntity
8
0
100
AcDbLine
10
259.639
20
22.285
30
0
11
259.657
21
22.214
31
0
0
LINE
5
12D
330
C
100
AcDbEntity
8
0
100
AcDbLine
10
259.657
20
22.214
30
0
11
259.68
21
22.147
31
0
0
LINE
5
12E
330
C
100
AcDbEntity
8
0
100
AcDbLine
10
259.68
20
22.147
30
0
11
259.709
21
22.083
31
0
0
LINE
5
12F
330
C
100
AcDbEntity
8
0
100
AcDbLine
10
259.709
20
22.083
30
0
11
259.743
21
22.022
31
0
0
LINE
5
130
330
C
100
AcDbEntity
8
0
100
AcDbLine
10
259.743
20
22.022
30
0
11
259.782
21
21.965
31
0
0
LINE
5
131
330
C
100
AcDbEntity
8
0
100
AcDbLine
10
259.782
20
21.965
30
0
11
259.827
21
21.911
31
0
0
LINE
5
132
330
C
100
AcDbEntity
8
0
100
AcDbLine
10
259.827
20
21.911
30
0
11
259.876
21
21.861
31
0
0
LINE
5
133
330
C
100
AcDbEntity
8
0
100
AcDbLine
10
259.876
20
21.861
30
0
11
259.931
21
21.813
31
0
0
LINE
5
134
330
C
100
AcDbEntity
8
0
100
AcDbLine
10
259.931
20
21.813
30
0
11
259.992
21
21.766
31
0
0
LINE
5
135
330
C
100
AcDbEntity
8
0
100
AcDbLine
10
259.992
20
21.766
30
0
11
260.06
21
21.72
31
0
0
LINE
5
136
330
C
100
AcDbEntity
8
0
100
AcDbLine
10
260.06
20
21.72
30
0
11
260.133
21
21.675
31
0
0
LINE
5
137
330
C
100
AcDbEntity
8
0
100
AcDbLine
10
260.133
20
21.675
30
0
11
260.211
21
21.631
31
0
0
LINE
5
138
330
C
100
AcDbEntity
8
0
100
AcDbLine
10
260.211
20
21.631
30
0
11
260.296
21
21.588
31
0
0
LINE
5
139
330
C
100
AcDbEntity
8
0
100
AcDbLine
10
260.296
20
21.588
30
0
11
260.387
21
21.546
31
0
0
LINE
5
13A
330
C
100
AcDbEntity
8
0
100
AcDbLine
10
260.387
20
21.546
30
0
11
260.484
21
21.505
31
0
0
LINE
5
13B
330
C
100
AcDbEntity
8
0
100
AcDbLine
10
260.484
20
21.505
30
0
11
260.587
21
21.465
31
0
0
LINE
5
13C
330
C
100
AcDbEntity
8
0
100
AcDbLine
10
260.587
20
21.465
30
0
11
260.695
21
21.426
31
0
0
LINE
5
13D
330
C
100
AcDbEntity
8
0
100
AcDbLine
10
260.695
20
21.426
30
0
11
260.695
21
21.426
31
0
0
LINE
5
13E
330
C
100
AcDbEntity
8
0
100
AcDbLine
10
260.695
20
21.426
30
0
11
262.255
21
20.886
31
0
0
LINE
5
13F
330
C
100
AcDbEntity
8
0
100
AcDbLine
10
262.255
20
20.886
30
0
11
262.414
21
20.83
31
0
0
LINE
5
140
330
C
100
AcDbEntity
8
0
100
AcDbLine
10
262.414
20
20.83
30
0
11
262.566
21
20.769
31
0
0
LINE
5
141
330
C
100
AcDbEntity
8
0
100
AcDbLine
10
262.566
20
20.769
30
0
11
262.711
21
20.705
31
0
0
LINE
5
142
330
C
100
AcDbEntity
8
0
100
AcDbLine
10
262.711
20
20.705
30
0
11
262.849
21
20.635
31
0
0
LINE
5
143
330
C
100
AcDbEntity
8
0
100
AcDbLine
10
262.849
20
20.635
30
0
11
262.98
21
20.562
31
0
0
LINE
5
144
330
C
100
AcDbEntity
8
0
100
AcDbLine
10
262.98
20
20.562
30
0
11
263.105
21
20.484
31
0
0
LINE
5
145
330
C
100
AcDbEntity
8
0
100
AcDbLine
10
263.105
20
20.484
30
0
11
263.223
21
20.402
31
0
0
LINE
5
146
330
C
100
AcDbEntity
8
0
100
AcDbLine
10
263.223
20
20.402
30
0
11
263.334
21
20.316
31
0
0
LINE
5
147
330
C
100
AcDbEntity
8
0
100
AcDbLine
10
263.334
20
20.316
30
0
11
263.439
21
20.225
31
0
0
LINE
5
148
330
C
100
AcDbEntity
8
0
100
AcDbLine
10
263.439
20
20.225
30
0
11
263.536
21
20.13
31
0
0
LINE
5
149
330
C
100
AcDbEntity
8
0
100
AcDbLine
10
263.536
20
20.13
30
0
11
263.626
21
20.03
31
0
0
LINE
5
14A
330
C
100
AcDbEntity
8
0
100
AcDbLine
10
263.626
20
20.03
30
0
11
263.706
21
19.924
31
0
0
LINE
5
14B
330
C
100
AcDbEntity
8
0
100
AcDbLine
10
263.706
20
19.924
30
0
11
263.776
21
19.812
31
0
0
LINE
5
14C
330
C
100
AcDbEntity
8
0
100
AcDbLine
10
263.776
20
19.812
30
0
11
263.838
21
19.695
31
0
0
LINE
5
14D
330
C
100
AcDbEntity
8
0
100
AcDbLine
10
263.838
20
19.695
30
0
11
263.889
21
19.572
31
0
0
LINE
5
14E
330
C
100
AcDbEntity
8
0
100
AcDbLine
10
263.889
20
19.572
30
0
11
263.932
21
19.443
31
0
0
LINE
5
14F
330
C
100
AcDbEntity
8
0
100
AcDbLine
10
263.932
20
19.443
30
0
11
263.965
21
19.308
31
0
0
LINE
5
150
330
C
100
AcDbEntity
8
0
100
AcDbLine
10
263.965
20
19.308
30
0
11
263.988
21
19.168
31
0
0
LINE
5
151
330
C
100
AcDbEntity
8
0
100
AcDbLine
10
263.988
20
19.168
30
0
11
264.003
21
19.022
31
0
0
LINE
5
152
330
C
100
AcDbEntity
8
0
100
AcDbLine
10
264.003
20
19.022
30
0
11
264.007
21
18.87
31
0
0
LINE
5
153
330
C
100
AcDbEntity
8
0
100
AcDbLine
10
264.007
20
18.87
30
0
11
264.007
21
18.87
31
0
0
LINE
5
154
330
C
100
AcDbEntity
8
0
100
AcDbLine
10
264.007
20
18.87
30
0
11
264.004
21
18.751
31
0
0
LINE
5
155
330
C
100
AcDbEntity
8
0
100
AcDbLine
10
264.004
20
18.751
30
0
11
263.994
21
18.635
31
0
0
LINE
5
156
330
C
100
AcDbEntity
8
0
100
AcDbLine
10
263.994
20
18.635
30
0
11
263.978
21
18.52
31
0
0
LINE
5
157
330
C
100
AcDbEntity
8
0
100
AcDbLine
10
263.978
20
18.52
30
0
11
263.956
21
18.408
31
0
0
LINE
5
158
330
C
100
AcDbEntity
8
0
100
AcDbLine
10
263.956
20
18.408
30
0
11
263.927
21
18.299
31
0
0
LINE
5
159
330
C
100
AcDbEntity
8
0
100
AcDbLine
10
263.927
20
18.299
30
0
11
263.892
21
18.191
31
0
0
LINE
5
15A
330
C
100
AcDbEntity
8
0
100
AcDbLine
10
263.892
20
18.191
30
0
11
263.85
21
18.086
31
0
0
LINE
5
15B
330
C
100
AcDbEntity
8
0
100
AcDbLine
10
263.85
20
18.086
30
0
11
263.802
21
17.983
31
0
0
LINE
5
15C
330
C
100
AcDbEntity
8
0
100
AcDbLine
10
263.802
20
17.983
30
0
11
263.747
21
17.882
31
0
0
LINE
5
15D
330
C
100
AcDbEntity
8
0
100
AcDbLine
10
263.747
20
17.882
30
0
11
263.686
21
17.784
31
0
0
LINE
5
15E
330
C
100
AcDbEntity
8
0
100
AcDbLine
10
263.686
20
17.784
30
0
11
263.619
21
17.689
31
0
0
LINE
5
15F
330
C
100
AcDbEntity
8
0
100
AcDbLine
10
263.619
20
17.689
30
0
11
263.546
21
17.598
31
0
0
LINE
5
160
330
C
100
AcDbEntity
8
0
100
AcDbLine
10
263.546
20
17.598
30
0
11
263.466
21
17.51
31
0
0
LINE
5
161
330
C
100
AcDbEntity
8
0
100
AcDbLine
10
263.466
20
17.51
30
0
11
263.381
21
17.427
31
0
0
LINE
5
162
330
C
100
AcDbEntity
8
0
100
AcDbLine
10
263.381
20
17.427
30
0
11
263.289
21
17.348
31
0
0
LINE
5
163
330
C
100
AcDbEntity
8
0
100
AcDbLine
10
263.289
20
17.348
30
0
11
263.192
21
17.272
31
0
0
LINE
5
164
330
C
100
AcDbEntity
8
0
100
AcDbLine
10
263.192
20
17.272
30
0
11
263.088
21
17.201
31
0
0
LINE
5
165
330
C
100
AcDbEntity
8
0
100
AcDbLine
10
263.088
20
17.201
30
0
11
262.979
21
17.133
31
0
0
LINE
5
166
330
C
100
AcDbEntity
8
0
100
AcDbLine
10
262.979
20
17.133
30
0
11
262.863
21
17.07
31
0
0
LINE
5
167
330
C
100
AcDbEntity
8
0
100
AcDbLine
10
262.863
20
17.07
30
0
11
262.741
21
17.01
31
0
0
LINE
5
168
330
C
100
AcDbEntity
8
0
100
AcDbLine
10
262.741
20
17.01
30
0
11
262.614
21
16.955
31
0
0
LINE
5
169
330
C
100
AcDbEntity
8
0
100
AcDbLine
10
262.614
20
16.955
30
0
11
262.48
21
16.906
31
0
0
LINE
5
16A
330
C
100
AcDbEntity
8
0
100
AcDbLine
10
262.48
20
16.906
30
0
11
262.341
21
16.863
31
0
0
LINE
5
16B
330
C
100
AcDbEntity
8
0
100
AcDbLine
10
262.341
20
16.863
30
0
11
262.197
21
16.826
31
0
0
LINE
5
16C
330
C
100
AcDbEntity
8
0
100
AcDbLine
10
262.197
20
16.826
30
0
11
262.047
21
16.794
31
0
0
LINE
5
16D
330
C
100
AcDbEntity
8
0
100
AcDbLine
10
262.047
20
16.794
30
0
11
261.891
21
16.768
31
0
0
LINE
5
16E
330
C
100
AcDbEntity
8
0
100
AcDbLine
10
261.891
20
16.768
30
0
11
261.729
21
16.748
31
0
0
LINE
5
16F
330
C
100
AcDbEntity
8
0
100
AcDbLine
10
261.729
20
16.748
30
0
11
261.562
21
16.734
31
0
0
LINE
5
170
330
C
100
AcDbEntity
8
0
100
AcDbLine
10
261.562
20
16.734
30
0
11
261.39
21
16.725
31
0
0
LINE
5
171
330
C
100
AcDbEntity
8
0
100
AcDbLine
10
261.39
20
16.725
30
0
11
261.211
21
16.722
31
0
0
LINE
5
172
330
C
100
AcDbEntity
8
0
100
AcDbLine
10
261.211
20
16.722
30
0
11
261.211
21
16.722
31
0
0
LINE
5
173
330
C
100
AcDbEntity
8
0
100
AcDbLine
10
266.581
20
23.958
30
0
11
266.581
21
23.958
31
0
0
LINE
5
174
330
C
100
AcDbEntity
8
0
100
AcDbLine
10
266.581
20
23.958
30
0
11
266.525
21
23.96
31
0
0
LINE
5
175
330
C
100
AcDbEntity
8
0
100
AcDbLine
10
266.525
20
23.96
30
0
11
266.471
21
23.965
31
0
0
LINE
5
176
330
C
100
AcDbEntity
8
0
100
AcDbLine
10
266.471
20
23.965
30
0
11
266.419
21
23.973
31
0
0
LINE
5
177
330
C
100
AcDbEntity
8
0
100
AcDbLine
10
266.419
20
23.973
30
0
11
266.37
21
23.984
31
0
0
LINE
5
178
330
C
100
AcDbEntity
8
0
100
AcDbLine
10
266.37
20
23.984
30
0
11
266.323
21
23.999
31
0
0
LINE
5
179
330
C
100
AcDbEntity
8
0
100
AcDbLine
10
266.323
20
23.999
30
0
11
266.279
21
24.017
31
0
0
LINE
5
17A
330
C
100
AcDbEntity
8
0
100
AcDbLine
10
266.279
20
24.017
30
0
11
266.237
21
24.039
31
0
0
LINE
5
17B
330
C
100
AcDbEntity
8
0
100
AcDbLine
10
266.237
20
24.039
30
0
11
266.197
21
24.064
31
0
0
LINE
5
17C
330
C
100
AcDbEntity
8
0
100
AcDbLine
10
266.197
20
24.064
30
0
11
266.16
21
24.092
31
0
0
LINE
5
17D
330
C
100
AcDbEntity
8
0
100
AcDbLine
10
266.16
20
24.092
30
0
11
266.125
21
24.123
31
0
0
LINE
5
17E
330
C
100
AcDbEntity
8
0
100
AcDbLine
10
266.125
20
24.123
30
0
11
266.093
21
24.157
31
0
0
LINE
5
17F
330
C
100
AcDbEntity
8
0
100
AcDbLine
10
266.093
20
24.157
30
0
11
266.065
21
24.193
31
0
0
LINE
5
180
330
C
100
AcDbEntity
8
0
100
AcDbLine
10
266.065
20
24.193
30
0
11
266.04
21
24.231
31
0
0
LINE
5
181
330
C
100
AcDbEntity
8
0
100
AcDbLine
10
266.04
20
24.231
30
0
11
266.018
21
24.272
31
0
0
LINE
5
182
330
C
100
AcDbEntity
8
0
100
AcDbLine
10
266.018
20
24.272
30
0
11
265.999
21
24.314
31
0
0
LINE
5
183
330
C
100
AcDbEntity
8
0
100
AcDbLine
10
265.999
20
24.314
30
0
11
265.984
21
24.359
31
0
0
LINE
5
184
330
C
100
AcDbEntity
8
0
100
AcDbLine
10
265.984
20
24.359
30
0
11
265.972
21
24.405
31
0
0
LINE
5
185
330
C
100
AcDbEntity
8
0
100
AcDbLine
10
265.972
20
24.405
30
0
11
265.964
21
24.454
31
0
0
LINE
5
186
330
C
100
AcDbEntity
8
0
100
AcDbLine
10
265.964
20
24.454
30
0
11
265.959
21
24.505
31
0
0
LINE
5
187
330
C
100
AcDbEntity
8
0
100
AcDbLine
10
265.959
20
24.505
30
0
11
265.957
21
24.558
31
0
0
LINE
5
188
330
C
100
AcDbEntity
8
0
100
AcDbLine
10
265.957
20
24.558
30
0
11
265.957
21
24.558
31
0
0
LINE
5
189
330
C
100
AcDbEntity
8
0
100
AcDbLine
10
265.957
20
24.558
30
0
11
265.959
21
24.61
31
0
0
LINE
5
18A
330
C
100
AcDbEntity
8
0
100
AcDbLine
10
265.959
20
24.61
30
0
11
265.964
21
24.659
31
0
0
LINE
5
18B
330
C
100
AcDbEntity
8
0
100
AcDbLine
10
265.964
20
24.659
30
0
11
265.972
21
24.707
31
0
0
LINE
5
18C
330
C
100
AcDbEntity
8
0
100
AcDbLine
10
265.972
20
24.707
30
0
11
265.984
21
24.752
31
0
0
LINE
5
18D
330
C
100
AcDbEntity
8
0
100
AcDbLine
10
265.984
20
24.752
30
0
11
265.999
21
24.795
31
0
0
LINE
5
18E
330
C
100
AcDbEntity
8
0
100
AcDbLine
10
265.999
20
24.795
30
0
11
266.018
21
24.836
31
0
0
LINE
5
18F
330
C
100
AcDbEntity
8
0
100
AcDbLine
10
266.018
20
24.836
30
0
11
266.04
21
24.875
31
0
0
LINE
5
190
330
C
100
AcDbEntity
8
0
100
AcDbLine
10
266.04
20
24.875
30
0
11
266.065
21
24.911
31
0
0
LINE
5
191
330
C
100
AcDbEntity
8
0
100
AcDbLine
10
266.065
20
24.911
30
0
11
266.093
21
24.946
31
0
0
LINE
5
192
330
C
100
AcDbEntity
8
0
100
AcDbLine
10
266.093
20
24.946
30
0
11
266.125
21
24.978
31
0
0
LINE
5
193
330
C
100
AcDbEntity
8
0
100
AcDbLine
10
266.125
20
24.978
30
0
11
266.16
21
25.008
31
0
0
LINE
5
194
330
C
100
AcDbEntity
8
0
100
AcDbLine
10
266.16
20
25.008
30
0
11
266.197
21
25.034
31
0
0
LINE
5
195
330
C
100
AcDbEntity
8
0
100
AcDbLine
10
266.197
20
25.034
30
0
11
266.237
21
25.058
31
0
0
LINE
5
196
330
C
100
AcDbEntity
8
0
100
AcDbLine
10
266.237
20
25.058
30
0
11
266.279
21
25.078
31
0
0
LINE
5
197
330
C
100
AcDbEntity
8
0
100
AcDbLine
10
266.279
20
25.078
30
0
11
266.323
21
25.095
31
0
0
LINE
5
198
330
C
100
AcDbEntity
8
0
100
AcDbLine
10
266.323
20
25.095
30
0
11
266.37
21
25.109
31
0
0
LINE
5
199
330
C
100
AcDbEntity
8
0
100
AcDbLine
10
266.37
20
25.109
30
0
11
266.419
21
25.12
31
0
0
LINE
5
19A
330
C
100
AcDbEntity
8
0
100
AcDbLine
10
266.419
20
25.12
30
0
11
266.471
21
25.128
31
0
0
LINE
5
19B
330
C
100
AcDbEntity
8
0
100
AcDbLine
10
266.471
20
25.128
30
0
11
266.525
21
25.132
31
0
0
LINE
5
19C
330
C
100
AcDbEntity
8
0
100
AcDbLine
10
266.525
20
25.132
30
0
11
266.581
21
25.134
31
0
0
LINE
5
19D
330
C
100
AcDbEntity
8
0
100
AcDbLine
10
266.581
20
25.134
30
0
11
266.581
21
25.134
31
0
0
LINE
5
19E
330
C
100
AcDbEntity
8
0
100
AcDbLine
10
266.581
20
25.134
30
0
11
266.638
21
25.132
31
0
0
LINE
5
19F
330
C
100
AcDbEntity
8
0
100
AcDbLine
10
266.638
20
25.132
30
0
11
266.692
21
25.128
31
0
0
LINE
5
1A0
330
C
100
AcDbEntity
8
0
100
AcDbLine
10
266.692
20
25.128
30
0
11
266.743
21
25.12
31
0
0
LINE
5
1A1
330
C
100
AcDbEntity
8
0
100
AcDbLine
10
266.743
20
25.12
30
0
11
266.792
21
25.109
31
0
0
LINE
5
1A2
330
C
100
AcDbEntity
8
0
100
AcDbLine
10
266.792
20
25.109
30
0
11
266.839
21
25.095
31
0
0
LINE
5
1A3
330
C
100
AcDbEntity
8
0
100
AcDbLine
10
266.839
20
25.095
30
0
11
266.884
21
25.078
31
0
0
LINE
5
1A4
330
C
100
AcDbEntity
8
0
100
AcDbLine
10
266.884
20
25.078
30
0
11
266.926
21
25.058
31
0
0
LINE
5
1A5
330
C
100
AcDbEntity
8
0
100
AcDbLine
10
266.926
20
25.058
30
0
11
266.965
21
25.034
31
0
0
LINE
5
1A6
330
C
100
AcDbEntity
8
0
100
AcDbLine
10
266.965
20
25.034
30
0
11
267.002
21
25.008
31
0
0
LINE
5
1A7
330
C
100
AcDbEntity
8
0
100
AcDbLine
10
267.002
20
25.008
30
0
11
267.037
21
24.978
31
0
0
LINE
5
1A8
330
C
100
AcDbEntity
8
0
100
AcDbLine
10
267.037
20
24.978
30
0
11
267.069
21
24.946
31
0
0
LINE
5
1A9
330
C
100
AcDbEntity
8
0
100
AcDbLine
10
267.069
20
24.946
30
0
11
267.098
21
24.911
31
0
0
LINE
5
1AA
330
C
100
AcDbEntity
8
0
100
AcDbLine
10
267.098
20
24.911
30
0
11
267.123
21
24.875
31
0
0
LINE
5
1AB
330
C
100
AcDbEntity
8
0
100
AcDbLine
10
267.123
20
24.875
30
0
11
267.145
21
24.836
31
0
0
LINE
5
1AC
330
C
100
AcDbEntity
8
0
100
AcDbLine
10
267.145
20
24.836
30
0
11
267.163
21
24.795
31
0
0
LINE
5
1AD
330
C
100
AcDbEntity
8
0
100
AcDbLine
10
267.163
20
24.795
30
0
11
267.178
21
24.752
31
0
0
LINE
5
1AE
330
C
100
AcDbEntity
8
0
100
AcDbLine
10
267.178
20
24.752
30
0
11
267.19
21
24.707
31
0
0
LINE
5
1AF
330
C
100
AcDbEntity
8
0
100
AcDbLine
10
267.19
20
24.707
30
0
11
267.198
21
24.659
31
0
0
LINE
5
1B0
330
C
100
AcDbEntity
8
0
100
AcDbLine
10
267.198
20
24.659
30
0
11
267.204
21
24.61
31
0
0
LINE
5
1B1
330
C
100
AcDbEntity
8
0
100
AcDbLine
10
267.204
20
24.61
30
0
11
267.205
21
24.558
31
0
0
LINE
5
1B2
330
C
100
AcDbEntity
8
0
100
AcDbLine
10
267.205
20
24.558
30
0
11
267.205
21
24.558
31
0
0
LINE
5
1B3
330
C
100
AcDbEntity
8
0
100
AcDbLine
10
267.205
20
24.558
30
0
11
267.204
21
24.505
31
0
0
LINE
5
1B4
330
C
100
AcDbEntity
8
0
100
AcDbLine
10
267.204
20
24.505
30
0
11
267.198
21
24.454
31
0
0
LINE
5
1B5
330
C
100
AcDbEntity
8
0
100
AcDbLine
10
267.198
20
24.454
30
0
11
267.19
21
24.405
31
0
0
LINE
5
1B6
330
C
100
AcDbEntity
8
0
100
AcDbLine
10
267.19
20
24.405
30
0
11
267.178
21
24.359
31
0
0
LINE
5
1B7
330
C
100
AcDbEntity
8
0
100
AcDbLine
10
267.178
20
24.359
30
0
11
267.163
21
24.314
31
0
0
LINE
5
1B8
330
C
100
AcDbEntity
8
0
100
AcDbLine
10
267.163
20
24.314
30
0
11
267.145
21
24.272
31
0
0
LINE
5
1B9
330
C
100
AcDbEntity
8
0
100
AcDbLine
10
267.145
20
24.272
30
0
11
267.123
21
24.231
31
0
0
LINE
5
1BA
330
C
100
AcDbEntity
8
0
100
AcDbLine
10
267.123
20
24.231
30
0
11
267.098
21
24.193
31
0
0
LINE
5
1BB
330
C
100
AcDbEntity
8
0
100
AcDbLine
10
267.098
20
24.193
30
0
11
267.069
21
24.157
31
0
0
LINE
5
1BC
330
C
100
AcDbEntity
8
0
100
AcDbLine
10
267.069
20
24.157
30
0
11
267.037
21
24.123
31
0
0
LINE
5
1BD
330
C
100
AcDbEntity
8
0
100
AcDbLine
10
267.037
20
24.123
30
0
11
267.002
21
24.092
31
0
0
LINE
5
1BE
330
C
100
AcDbEntity
8
0
100
AcDbLine
10
267.002
20
24.092
30
0
11
266.965
21
24.064
31
0
0
LINE
5
1BF
330
C
100
AcDbEntity
8
0
100
AcDbLine
10
266.965
20
24.064
30
0
11
266.926
21
24.039
31
0
0
LINE
5
1C0
330
C
100
AcDbEntity
8
0
100
AcDbLine
10
266.926
20
24.039
30
0
11
266.884
21
24.017
31
0
0
LINE
5
1C1
330
C
100
AcDbEntity
8
0
100
AcDbLine
10
266.884
20
24.017
30
0
11
266.839
21
23.999
31
0
0
LINE
5
1C2
330
C
100
AcDbEntity
8
0
100
AcDbLine
10
266.839
20
23.999
30
0
11
266.792
21
23.984
31
0
0
LINE
5
1C3
330
C
100
AcDbEntity
8
0
100
AcDbLine
10
266.792
20
23.984
30
0
11
266.743
21
23.973
31
0
0
LINE
5
1C4
330
C
100
AcDbEntity
8
0
100
AcDbLine
10
266.743
20
23.973
30
0
11
266.692
21
23.965
31
0
0
LINE
5
1C5
330
C
100
AcDbEntity
8
0
100
AcDbLine
10
266.692
20
23.965
30
0
11
266.638
21
23.96
31
0
0
LINE
5
1C6
330
C
100
AcDbEntity
8
0
100
AcDbLine
10
266.638
20
23.96
30
0
11
266.581
21
23.958
31
0
0
LINE
5
1C7
330
C
100
AcDbEntity
8
0
100
AcDbLine
10
266.581
20
23.958
30
0
11
266.581
21
23.958
31
0
0
LINE
5
1C8
330
C
100
AcDbEntity
8
0
100
AcDbLine
10
267.049
20
16.866
30
0
11
266.113
21
16.866
31
0
0
LINE
5
1C9
330
C
100
AcDbEntity
8
0
100
AcDbLine
10
266.113
20
16.866
30
0
11
266.113
21
22.614
31
0
0
LINE
5
1CA
330
C
100
AcDbEntity
8
0
100
AcDbLine
10
266.113
20
22.614
30
0
11
267.049
21
22.614
31
0
0
LINE
5
1CB
330
C
100
AcDbEntity
8
0
100
AcDbLine
10
267.049
20
22.614
30
0
11
267.049
21
16.866
31
0
0
LINE
5
1CC
330
C
100
AcDbEntity
8
0
100
AcDbLine
10
267.049
20
16.866
30
0
11
267.049
21
16.866
31
0
0
LINE
5
1CD
330
C
100
AcDbEntity
8
0
100
AcDbLine
10
271.681
20
16.722
30
0
11
271.681
21
16.722
31
0
0
LINE
5
1CE
330
C
100
AcDbEntity
8
0
100
AcDbLine
10
271.681
20
16.722
30
0
11
271.543
21
16.726
31
0
0
LINE
5
1CF
330
C
100
AcDbEntity
8
0
100
AcDbLine
10
271.543
20
16.726
30
0
11
271.407
21
16.737
31
0
0
LINE
5
1D0
330
C
100
AcDbEntity
8
0
100
AcDbLine
10
271.407
20
16.737
30
0
11
271.274
21
16.756
31
0
0
LINE
5
1D1
330
C
100
AcDbEntity
8
0
100
AcDbLine
10
271.274
20
16.756
30
0
11
271.143
21
16.782
31
0
0
LINE
5
1D2
330
C
100
AcDbEntity
8
0
100
AcDbLine
10
271.143
20
16.782
30
0
11
271.014
21
16.816
31
0
0
LINE
5
1D3
330
C
100
AcDbEntity
8
0
100
AcDbLine
10
271.014
20
16.816
30
0
11
270.887
21
16.857
31
0
0
LINE
5
1D4
330
C
100
AcDbEntity
8
0
100
AcDbLine
10
270.887
20
16.857
30
0
11
270.763
21
16.906
31
0
0
LINE
5
1D5
330
C
100
AcDbEntity
8
0
100
AcDbLine
10
270.763
20
16.906
30
0
11
270.641
21
16.962
31
0
0
LINE
5
1D6
330
C
100
AcDbEntity
8
0
100
AcDbLine
10
270.641
20
16.962
30
0
11
270.521
21
17.026
31
0
0
LINE
5
1D7
330
C
100
AcDbEntity
8
0
100
AcDbLine
10
270.521
20
17.026
30
0
11
270.403
21
17.097
31
0
0
LINE
5
1D8
330
C
100
AcDbEntity
8
0
100
AcDbLine
10
270.403
20
17.097
30
0
11
270.289
21
17.175
31
0
0
LINE
5
1D9
330
C
100
AcDbEntity
8
0
100
AcDbLine
10
270.289
20
17.175
30
0
11
270.18
21
17.259
31
0
0
LINE
5
1DA
330
C
100
AcDbEntity
8
0
100
AcDbLine
10
270.18
20
17.259
30
0
11
270.075
21
17.35
31
0
0
LINE
5
1DB
330
C
100
AcDbEntity
8
0
100
AcDbLine
10
270.075
20
17.35
30
0
11
269.975
21
17.446
31
0
0
LINE
5
1DC
330
C
100
AcDbEntity
8
0
100
AcDbLine
10
269.975
20
17.446
30
0
11
269.88
21
17.549
31
0
0
LINE
5
1DD
330
C
100
AcDbEntity
8
0
100
AcDbLine
10
269.88
20
17.549
30
0
11
269.789
21
17.657
31
0
0
LINE
5
1DE
330
C
100
AcDbEntity
8
0
100
AcDbLine
10
269.789
20
17.657
30
0
11
269.703
21
17.772
31
0
0
LINE
5
1DF
330
C
100
AcDbEntity
8
0
100
AcDbLine
10
269.703
20
17.772
30
0
11
269.622
21
17.893
31
0
0
LINE
5
1E0
330
C
100
AcDbEntity
8
0
100
AcDbLine
10
269.622
20
17.893
30
0
11
269.545
21
18.02
31
0
0
LINE
5
1E1
330
C
100
AcDbEntity
8
0
100
AcDbLine
10
269.545
20
18.02
30
0
11
269.473
21
18.153
31
0
0
LINE
5
1E2
330
C
100
AcDbEntity
8
0
100
AcDbLine
10
269.473
20
18.153
30
0
11
269.407
21
18.292
31
0
0
LINE
5
1E3
330
C
100
AcDbEntity
8
0
100
AcDbLine
10
269.407
20
18.292
30
0
11
269.348
21
18.435
31
0
0
LINE
5
1E4
330
C
100
AcDbEntity
8
0
100
AcDbLine
10
269.348
20
18.435
30
0
11
269.296
21
18.583
31
0
0
LINE
5
1E5
330
C
100
AcDbEntity
8
0
100
AcDbLine
10
269.296
20
18.583
30
0
11
269.25
21
18.737
31
0
0
LINE
5
1E6
330
C
100
AcDbEntity
8
0
100
AcDbLine
10
269.25
20
18.737
30
0
11
269.212
21
18.895
31
0
0
LINE
5
1E7
330
C
100
AcDbEntity
8
0
100
AcDbLine
10
269.212
20
18.895
30
0
11
269.181
21
19.058
31
0
0
LINE
5
1E8
330
C
100
AcDbEntity
8
0
100
AcDbLine
10
269.181
20
19.058
30
0
11
269.157
21
19.225
31
0
0
LINE
5
1E9
330
C
100
AcDbEntity
8
0
100
AcDbLine
10
269.157
20
19.225
30
0
11
269.139
21
19.398
31
0
0
LINE
5
1EA
330
C
100
AcDbEntity
8
0
100
AcDbLine
10
269.139
20
19.398
30
0
11
269.129
21
19.576
31
0
0
LINE
5
1EB
330
C
100
AcDbEntity
8
0
100
AcDbLine
10
269.129
20
19.576
30
0
11
269.125
21
19.758
31
0
0
LINE
5
1EC
330
C
100
AcDbEntity
8
0
100
AcDbLine
10
269.125
20
19.758
30
0
11
269.125
21
19.758
31
0
0
LINE
5
1ED
330
C
100
AcDbEntity
8
0
100
AcDbLine
10
269.125
20
19.758
30
0
11
269.129
21
19.939
31
0
0
LINE
5
1EE
330
C
100
AcDbEntity
8
0
100
AcDbLine
10
269.129
20
19.939
30
0
11
269.139
21
20.115
31
0
0
LINE
5
1EF
330
C
100
AcDbEntity
8
0
100
AcDbLine
10
269.139
20
20.115
30
0
11
269.156
21
20.287
31
0
0
LINE
5
1F0
330
C
100
AcDbEntity
8
0
100
AcDbLine
10
269.156
20
20.287
30
0
11
269.18
21
20.453
31
0
0
LINE
5
1F1
330
C
100
AcDbEntity
8
0
100
AcDbLine
10
269.18
20
20.453
30
0
11
269.211
21
20.614
31
0
0
LINE
5
1F2
330
C
100
AcDbEntity
8
0
100
AcDbLine
10
269.211
20
20.614
30
0
11
269.248
21
20.771
31
0
0
LINE
5
1F3
330
C
100
AcDbEntity
8
0
100
AcDbLine
10
269.248
20
20.771
30
0
11
269.293
21
20.923
31
0
0
LINE
5
1F4
330
C
100
AcDbEntity
8
0
100
AcDbLine
10
269.293
20
20.923
30
0
11
269.344
21
21.069
31
0
0
LINE
5
1F5
330
C
100
AcDbEntity
8
0
100
AcDbLine
10
269.344
20
21.069
30
0
11
269.402
21
21.211
31
0
0
LINE
5
1F6
330
C
100
AcDbEntity
8
0
100
AcDbLine
10
269.402
20
21.211
30
0
11
269.467
21
21.348
31
0
0
LINE
5
1F7
330
C
100
AcDbEntity
8
0
100
AcDbLine
10
269.467
20
21.348
30
0
11
269.538
21
21.479
31
0
0
LINE
5
1F8
330
C
100
AcDbEntity
8
0
100
AcDbLine
10
269.538
20
21.479
30
0
11
269.613
21
21.604
31
0
0
LINE
5
1F9
330
C
100
AcDbEntity
8
0
100
AcDbLine
10
269.613
20
21.604
30
0
11
269.693
21
21.723
31
0
0
LINE
5
1FA
330
C
100
AcDbEntity
8
0
100
AcDbLine
10
269.693
20
21.723
30
0
11
269.777
21
21.836
31
0
0
LINE
5
1FB
330
C
100
AcDbEntity
8
0
100
AcDbLine
10
269.777
20
21.836
30
0
11
269.865
21
21.943
31
0
0
LINE
5
1FC
330
C
100
AcDbEntity
8
0
100
AcDbLine
10
269.865
20
21.943
30
0
11
269.959
21
22.043
31
0
0
LINE
5
1FD
330
C
100
AcDbEntity
8
0
100
AcDbLine
10
269.959
20
22.043
30
0
11
270.056
21
22.137
31
0
0
LINE
5
1FE
330
C
100
AcDbEntity
8
0
100
AcDbLine
10
270.056
20
22.137
30
0
11
270.158
21
22.225
31
0
0
LINE
5
1FF
330
C
100
AcDbEntity
8
0
100
AcDbLine
10
270.158
20
22.225
30
0
11
270.265
21
22.307
31
0
0
LINE
5
200
330
C
100
AcDbEntity
8
0
100
AcDbLine
10
270.265
20
22.307
30
0
11
270.376
21
22.383
31
0
0
LINE
5
201
330
C
100
AcDbEntity
8
0
100
AcDbLine
10
270.376
20
22.383
30
0
11
270.491
21
22.452
31
0
0
LINE
5
202
330
C
100
AcDbEntity
8
0
100
AcDbLine
10
270.491
20
22.452
30
0
11
270.607
21
22.514
31
0
0
LINE
5
203
330
C
100
AcDbEntity
8
0
100
AcDbLine
10
270.607
20
22.514
30
0
11
270.726
21
22.568
31
0
0
LINE
5
204
330
C
100
AcDbEntity
8
0
100
AcDbLine
10
270.726
20
22.568
30
0
11
270.848
21
22.615
31
0
0
LINE
5
205
330
C
100
AcDbEntity
8
0
100
AcDbLine
10
270.848
20
22.615
30
0
11
270.971
21
22.655
31
0
0
LINE
5
206
330
C
100
AcDbEntity
8
0
100
AcDbLine
10
270.971
20
22.655
30
0
11
271.097
21
22.688
31
0
0
LINE
5
207
330
C
100
AcDbEntity
8
0
100
AcDbLine
10
271.097
20
22.688
30
0
11
271.224
21
22.713
31
0
0
LINE
5
208
330
C
100
AcDbEntity
8
0
100
AcDbLine
10
271.224
20
22.713
30
0
11
271.354
21
22.731
31
0
0
LINE
5
209
330
C
100
AcDbEntity
8
0
100
AcDbLine
10
271.354
20
22.731
30
0
11
271.487
21
22.742
31
0
0
LINE
5
20A
330
C
100
AcDbEntity
8
0
100
AcDbLine
10
271.487
20
22.742
30
0
11
271.621
21
22.746
31
0
0
LINE
5
20B
330
C
100
AcDbEntity
8
0
100
AcDbLine
10
271.621
20
22.746
30
0
11
271.621
21
22.746
31
0
0
LINE
5
20C
330
C
100
AcDbEntity
8
0
100
AcDbLine
10
271.621
20
22.746
30
0
11
271.746
21
22.743
31
0
0
LINE
5
20D
330
C
100
AcDbEntity
8
0
100
AcDbLine
10
271.746
20
22.743
30
0
11
271.867
21
22.734
31
0
0
LINE
5
20E
330
C
100
AcDbEntity
8
0
100
AcDbLine
10
271.867
20
22.734
30
0
11
271.985
21
22.718
31
0
0
LINE
5
20F
330
C
100
AcDbEntity
8
0
100
AcDbLine
10
271.985
20
22.718
30
0
11
272.101
21
22.697
31
0
0
LINE
5
210
330
C
100
AcDbEntity
8
0
100
AcDbLine
10
272.101
20
22.697
30
0
11
272.213
21
22.669
31
0
0
LINE
5
211
330
C
100
AcDbEntity
8
0
100
AcDbLine
10
272.213
20
22.669
30
0
11
272.322
21
22.636
31
0
0
LINE
5
212
330
C
100
AcDbEntity
8
0
100
AcDbLine
10
272.322
20
22.636
30
0
11
272.428
21
22.596
31
0
0
LINE
5
213
330
C
100
AcDbEntity
8
0
100
AcDbLine
10
272.428
20
22.596
30
0
11
272.531
21
22.55
31
0
0
LINE
5
214
330
C
100
AcDbEntity
8
0
100
AcDbLine
10
272.531
20
22.55
30
0
11
272.631
21
22.498
31
0
0
LINE
5
215
330
C
100
AcDbEntity
8
0
100
AcDbLine
10
272.631
20
22.498
30
0
11
272.728
21
22.44
31
0
0
LINE
5
216
330
C
100
AcDbEntity
8
0
100
AcDbLine
10
272.728
20
22.44
30
0
11
272.821
21
22.376
31
0
0
LINE
5
217
330
C
100
AcDbEntity
8
0
100
AcDbLine
10
272.821
20
22.376
30
0
11
272.91
21
22.307
31
0
0
LINE
5
218
330
C
100
AcDbEntity
8
0
100
AcDbLine
10
272.91
20
22.307
30
0
11
272.995
21
22.232
31
0
0
LINE
5
219
330
C
100
AcDbEntity
8
0
100
AcDbLine
10
272.995
20
22.232
30
0
11
273.076
21
22.152
31
0
0
LINE
5
21A
330
C
100
AcDbEntity
8
0
100
AcDbLine
10
273.076
20
22.152
30
0
11
273.152
21
22.066
31
0
0
LINE
5
21B
330
C
100
AcDbEntity
8
0
100
AcDbLine
10
273.152
20
22.066
30
0
11
273.224
21
21.976
31
0
0
LINE
5
21C
330
C
100
AcDbEntity
8
0
100
AcDbLine
10
273.224
20
21.976
30
0
11
273.292
21
21.879
31
0
0
LINE
5
21D
330
C
100
AcDbEntity
8
0
100
AcDbLine
10
273.292
20
21.879
30
0
11
273.355
21
21.778
31
0
0
LINE
5
21E
330
C
100
AcDbEntity
8
0
100
AcDbLine
10
273.355
20
21.778
30
0
11
273.414
21
21.671
31
0
0
LINE
5
21F
330
C
100
AcDbEntity
8
0
100
AcDbLine
10
273.414
20
21.671
30
0
11
273.469
21
21.558
31
0
0
LINE
5
220
330
C
100
AcDbEntity
8
0
100
AcDbLine
10
273.469
20
21.558
30
0
11
273.519
21
21.44
31
0
0
LINE
5
221
330
C
100
AcDbEntity
8
0
100
AcDbLine
10
273.519
20
21.44
30
0
11
273.564
21
21.318
31
0
0
LINE
5
222
330
C
100
AcDbEntity
8
0
100
AcDbLine
10
273.564
20
21.318
30
0
11
273.604
21
21.191
31
0
0
LINE
5
223
330
C
100
AcDbEntity
8
0
100
AcDbLine
10
273.604
20
21.191
30
0
11
273.638
21
21.059
31
0
0
LINE
5
224
330
C
100
AcDbEntity
8
0
100
AcDbLine
10
273.638
20
21.059
30
0
11
273.667
21
20.922
31
0
0
LINE
5
225
330
C
100
AcDbEntity
8
0
100
AcDbLine
10
273.667
20
20.922
30
0
11
273.691
21
20.78
31
0
0
LINE
5
226
330
C
100
AcDbEntity
8
0
100
AcDbLine
10
273.691
20
20.78
30
0
11
273.709
21
20.634
31
0
0
LINE
5
227
330
C
100
AcDbEntity
8
0
100
AcDbLine
10
273.709
20
20.634
30
0
11
273.723
21
20.483
31
0
0
LINE
5
228
330
C
100
AcDbEntity
8
0
100
AcDbLine
10
273.723
20
20.483
30
0
11
273.731
21
20.327
31
0
0
LINE
5
229
330
C
100
AcDbEntity
8
0
100
AcDbLine
10
273.731
20
20.327
30
0
11
273.733
21
20.166
31
0
0
LINE
5
22A
330
C
100
AcDbEntity
8
0
100
AcDbLine
10
273.733
20
20.166
30
0
11
273.733
21
20.166
31
0
0
LINE
5
22B
330
C
100
AcDbEntity
8
0
100
AcDbLine
10
273.733
20
20.166
30
0
11
273.373
21
20.166
31
0
0
LINE
5
22C
330
C
100
AcDbEntity
8
0
100
AcDbLine
10
273.373
20
20.166
30
0
11
273.371
21
20.278
31
0
0
LINE
5
22D
330
C
100
AcDbEntity
8
0
100
AcDbLine
10
273.371
20
20.278
30
0
11
273.364
21
20.387
31
0
0
LINE
5
22E
330
C
100
AcDbEntity
8
0
100
AcDbLine
10
273.364
20
20.387
30
0
11
273.353
21
20.492
31
0
0
LINE
5
22F
330
C
100
AcDbEntity
8
0
100
AcDbLine
10
273.353
20
20.492
30
0
11
273.337
21
20.593
31
0
0
LINE
5
230
330
C
100
AcDbEntity
8
0
100
AcDbLine
10
273.337
20
20.593
30
0
11
273.317
21
20.691
31
0
0
LINE
5
231
330
C
100
AcDbEntity
8
0
100
AcDbLine
10
273.317
20
20.691
30
0
11
273.292
21
20.785
31
0
0
LINE
5
232
330
C
100
AcDbEntity
8
0
100
AcDbLine
10
273.292
20
20.785
30
0
11
273.263
21
20.876
31
0
0
LINE
5
233
330
C
100
AcDbEntity
8
0
100
AcDbLine
10
273.263
20
20.876
30
0
11
273.229
21
20.963
31
0
0
LINE
5
234
330
C
100
AcDbEntity
8
0
100
AcDbLine
10
273.229
20
20.963
30
0
11
273.191
21
21.046
31
0
0
LINE
5
235
330
C
100
AcDbEntity
8
0
100
AcDbLine
10
273.191
20
21.046
30
0
11
273.148
21
21.126
31
0
0
LINE
5
236
330
C
100
AcDbEntity
8
0
100
AcDbLine
10
273.148
20
21.126
30
0
11
273.102
21
21.202
31
0
0
LINE
5
237
330
C
100
AcDbEntity
8
0
100
AcDbLine
10
273.102
20
21.202
30
0
11
273.053
21
21.274
31
0
0
LINE
5
238
330
C
100
AcDbEntity
8
0
100
AcDbLine
10
273.053
20
21.274
30
0
11
273.001
21
21.343
31
0
0
LINE
5
239
330
C
100
AcDbEntity
8
0
100
AcDbLine
10
273.001
20
21.343
30
0
11
272.947
21
21.408
31
0
0
LINE
5
23A
330
C
100
AcDbEntity
8
0
100
AcDbLine
10
272.947
20
21.408
30
0
11
272.889
21
21.469
31
0
0
LINE
5
23B
330
C
100
AcDbEntity
8
0
100
AcDbLine
10
272.889
20
21.469
30
0
11
272.83
21
21.526
31
0
0
LINE
5
23C
330
C
100
AcDbEntity
8
0
100
AcDbLine
10
272.83
20
21.526
30
0
11
272.767
21
21.579
31
0
0
LINE
5
23D
330
C
100
AcDbEntity
8
0
100
AcDbLine
10
272.767
20
21.579
30
0
11
272.702
21
21.629
31
0
0
LINE
5
23E
330
C
100
AcDbEntity
8
0
100
AcDbLine
10
272.702
20
21.629
30
0
11
272.634
21
21.675
31
0
0
LINE
5
23F
330
C
100
AcDbEntity
8
0
100
AcDbLine
10
272.634
20
21.675
30
0
11
272.563
21
21.717
31
0
0
LINE
5
240
330
C
100
AcDbEntity
8
0
100
AcDbLine
10
272.563
20
21.717
30
0
11
272.491
21
21.755
31
0
0
LINE
5
241
330
C
100
AcDbEntity
8
0
100
AcDbLine
10
272.491
20
21.755
30
0
11
272.417
21
21.789
31
0
0
LINE
5
242
330
C
100
AcDbEntity
8
0
100
AcDbLine
10
272.417
20
21.789
30
0
11
272.342
21
21.82
31
0
0
LINE
5
243
330
C
100
AcDbEntity
8
0
100
AcDbLine
10
272.342
20
21.82
30
0
11
272.267
21
21.846
31
0
0
LINE
5
244
330
C
100
AcDbEntity
8
0
100
AcDbLine
10
272.267
20
21.846
30
0
11
272.19
21
21.868
31
0
0
LINE
5
245
330
C
100
AcDbEntity
8
0
100
AcDbLine
10
272.19
20
21.868
30
0
11
272.112
21
21.886
31
0
0
LINE
5
246
330
C
100
AcDbEntity
8
0
100
AcDbLine
10
272.112
20
21.886
30
0
11
272.033
21
21.9
31
0
0
LINE
5
247
330
C
100
AcDbEntity
8
0
100
AcDbLine
10
272.033
20
21.9
30
0
11
271.953
21
21.91
31
0
0
LINE
5
248
330
C
100
AcDbEntity
8
0
100
AcDbLine
10
271.953
20
21.91
30
0
11
271.871
21
21.916
31
0
0
LINE
5
249
330
C
100
AcDbEntity
8
0
100
AcDbLine
10
271.871
20
21.916
30
0
11
271.789
21
21.918
31
0
0
LINE
5
24A
330
C
100
AcDbEntity
8
0
100
AcDbLine
10
271.789
20
21.918
30
0
11
271.789
21
21.918
31
0
0
LINE
5
24B
330
C
100
AcDbEntity
8
0
100
AcDbLine
10
271.789
20
21.918
30
0
11
271.696
21
21.915
31
0
0
LINE
5
24C
330
C
100
AcDbEntity
8
0
100
AcDbLine
10
271.696
20
21.915
30
0
11
271.605
21
21.908
31
0
0
LINE
5
24D
330
C
100
AcDbEntity
8
0
100
AcDbLine
10
271.605
20
21.908
30
0
11
271.516
21
21.895
31
0
0
LINE
5
24E
330
C
100
AcDbEntity
8
0
100
AcDbLine
10
271.516
20
21.895
30
0
11
271.428
21
21.876
31
0
0
LINE
5
24F
330
C
100
AcDbEntity
8
0
100
AcDbLine
10
271.428
20
21.876
30
0
11
271.341
21
21.853
31
0
0
LINE
5
250
330
C
100
AcDbEntity
8
0
100
AcDbLine
10
271.341
20
21.853
30
0
11
271.257
21
21.824
31
0
0
LINE
5
251
330
C
100
AcDbEntity
8
0
100
AcDbLine
10
271.257
20
21.824
30
0
11
271.174
21
21.79
31
0
0
LINE
5
252
330
C
100
AcDbEntity
8
0
100
AcDbLine
10
271.174
20
21.79
30
0
11
271.092
21
21.751
31
0
0
LINE
5
253
330
C
100
AcDbEntity
8
0
100
AcDbLine
10
271.092
20
21.751
30
0
11
271.012
21
21.707
31
0
0
LINE
5
254
330
C
100
AcDbEntity
8
0
100
AcDbLine
10
271.012
20
21.707
30
0
11
270.934
21
21.657
31
0
0
LINE
5
255
330
C
100
AcDbEntity
8
0
100
AcDbLine
10
270.934
20
21.657
30
0
11
270.858
21
21.603
31
0
0
LINE
5
256
330
C
100
AcDbEntity
8
0
100
AcDbLine
10
270.858
20
21.603
30
0
11
270.786
21
21.544
31
0
0
LINE
5
257
330
C
100
AcDbEntity
8
0
100
AcDbLine
10
270.786
20
21.544
30
0
11
270.716
21
21.48
31
0
0
LINE
5
258
330
C
100
AcDbEntity
8
0
100
AcDbLine
10
270.716
20
21.48
30
0
11
270.65
21
21.413
31
0
0
LINE
5
259
330
C
100
AcDbEntity
8
0
100
AcDbLine
10
270.65
20
21.413
30
0
11
270.586
21
21.34
31
0
0
LINE
5
25A
330
C
100
AcDbEntity
8
0
100
AcDbLine
10
270.586
20
21.34
30
0
11
270.526
21
21.264
31
0
0
LINE
5
25B
330
C
100
AcDbEntity
8
0
100
AcDbLine
10
270.526
20
21.264
30
0
11
270.469
21
21.183
31
0
0
LINE
5
25C
330
C
100
AcDbEntity
8
0
100
AcDbLine
10
270.469
20
21.183
30
0
11
270.415
21
21.097
31
0
0
LINE
5
25D
330
C
100
AcDbEntity
8
0
100
AcDbLine
10
270.415
20
21.097
30
0
11
270.364
21
21.007
31
0
0
LINE
5
25E
330
C
100
AcDbEntity
8
0
100
AcDbLine
10
270.364
20
21.007
30
0
11
270.316
21
20.913
31
0
0
LINE
5
25F
330
C
100
AcDbEntity
8
0
100
AcDbLine
10
270.316
20
20.913
30
0
11
270.272
21
20.815
31
0
0
LINE
5
260
330
C
100
AcDbEntity
8
0
100
AcDbLine
10
270.272
20
20.815
30
0
11
270.233
21
20.712
31
0
0
LINE
5
261
330
C
100
AcDbEntity
8
0
100
AcDbLine
10
270.233
20
20.712
30
0
11
270.198
21
20.606
31
0
0
LINE
5
262
330
C
100
AcDbEntity
8
0
100
AcDbLine
10
270.198
20
20.606
30
0
11
270.168
21
20.496
31
0
0
LINE
5
263
330
C
100
AcDbEntity
8
0
100
AcDbLine
10
270.168
20
20.496
30
0
11
270.143
21
20.383
31
0
0
LINE
5
264
330
C
100
AcDbEntity
8
0
100
AcDbLine
10
270.143
20
20.383
30
0
11
270.122
21
20.265
31
0
0
LINE
5
265
330
C
100
AcDbEntity
8
0
100
AcDbLine
10
270.122
20
20.265
30
0
11
270.106
21
20.144
31
0
0
LINE
5
266
330
C
100
AcDbEntity
8
0
100
AcDbLine
10
270.106
20
20.144
30
0
11
270.094
21
20.019
31
0
0
LINE
5
267
330
C
100
AcDbEntity
8
0
100
AcDbLine
10
270.094
20
20.019
30
0
11
270.088
21
19.891
31
0
0
LINE
5
268
330
C
100
AcDbEntity
8
0
100
AcDbLine
10
270.088
20
19.891
30
0
11
270.085
21
19.758
31
0
0
LINE
5
269
330
C
100
AcDbEntity
8
0
100
AcDbLine
10
270.085
20
19.758
30
0
11
270.085
21
19.758
31
0
0
LINE
5
26A
330
C
100
AcDbEntity
8
0
100
AcDbLine
10
270.085
20
19.758
30
0
11
270.088
21
19.623
31
0
0
LINE
5
26B
330
C
100
AcDbEntity
8
0
100
AcDbLine
10
270.088
20
19.623
30
0
11
270.094
21
19.492
31
0
0
LINE
5
26C
330
C
100
AcDbEntity
8
0
100
AcDbLine
10
270.094
20
19.492
30
0
11
270.106
21
19.365
31
0
0
LINE
5
26D
330
C
100
AcDbEntity
8
0
100
AcDbLine
10
270.106
20
19.365
30
0
11
270.122
21
19.242
31
0
0
LINE
5
26E
330
C
100
AcDbEntity
8
0
100
AcDbLine
10
270.122
20
19.242
30
0
11
270.143
21
19.122
31
0
0
LINE
5
26F
330
C
100
AcDbEntity
8
0
100
AcDbLine
10
270.143
20
19.122
30
0
11
270.168
21
19.006
31
0
0
LINE
5
270
330
C
100
AcDbEntity
8
0
100
AcDbLine
10
270.168
20
19.006
30
0
11
270.198
21
18.894
31
0
0
LINE
5
271
330
C
100
AcDbEntity
8
0
100
AcDbLine
10
270.198
20
18.894
30
0
11
270.233
21
18.786
31
0
0
LINE
5
272
330
C
100
AcDbEntity
8
0
100
AcDbLine
10
270.233
20
18.786
30
0
11
270.272
21
18.682
31
0
0
LINE
5
273
330
C
100
AcDbEntity
8
0
100
AcDbLine
10
270.272
20
18.682
30
0
11
270.316
21
18.582
31
0
0
LINE
5
274
330
C
100
AcDbEntity
8
0
100
AcDbLine
10
270.316
20
18.582
30
0
11
270.364
21
18.486
31
0
0
LINE
5
275
330
C
100
AcDbEntity
8
0
100
AcDbLine
10
270.364
20
18.486
30
0
11
270.415
21
18.394
31
0
0
LINE
5
276
330
C
100
AcDbEntity
8
0
100
AcDbLine
10
270.415
20
18.394
30
0
11
270.469
21
18.307
31
0
0
LINE
5
277
330
C
100
AcDbEntity
8
0
100
AcDbLine
10
270.469
20
18.307
30
0
11
270.526
21
18.225
31
0
0
LINE
5
278
330
C
100
AcDbEntity
8
0
100
AcDbLine
10
270.526
20
18.225
30
0
11
270.586
21
18.147
31
0
0
LINE
5
279
330
C
100
AcDbEntity
8
0
100
AcDbLine
10
270.586
20
18.147
30
0
11
270.65
21
18.074
31
0
0
LINE
5
27A
330
C
100
AcDbEntity
8
0
100
AcDbLine
10
270.65
20
18.074
30
0
11
270.716
21
18.005
31
0
0
LINE
5
27B
330
C
100
AcDbEntity
8
0
100
AcDbLine
10
270.716
20
18.005
30
0
11
270.786
21
17.941
31
0
0
LINE
5
27C
330
C
100
AcDbEntity
8
0
100
AcDbLine
10
270.786
20
17.941
30
0
11
270.858
21
17.881
31
0
0
LINE
5
27D
330
C
100
AcDbEntity
8
0
100
AcDbLine
10
270.858
20
17.881
30
0
11
270.934
21
17.826
31
0
0
LINE
5
27E
330
C
100
AcDbEntity
8
0
100
AcDbLine
10
270.934
20
17.826
30
0
11
271.012
21
17.776
31
0
0
LINE
5
27F
330
C
100
AcDbEntity
8
0
100
AcDbLine
10
271.012
20
17.776
30
0
11
271.092
21
17.731
31
0
0
LINE
5
280
330
C
100
AcDbEntity
8
0
100
AcDbLine
10
271.092
20
17.731
30
0
11
271.174
21
17.691
31
0
0
LINE
5
281
330
C
100
AcDbEntity
8
0
100
AcDbLine
10
271.174
20
17.691
30
0
11
271.257
21
17.657
31
0
0
LINE
5
282
330
C
100
AcDbEntity
8
0
100
AcDbLine
10
271.257
20
17.657
30
0
11
271.341
21
17.628
31
0
0
LINE
5
283
330
C
100
AcDbEntity
8
0
100
AcDbLine
10
271.341
20
17.628
30
0
11
271.428
21
17.604
31
0
0
LINE
5
284
330
C
100
AcDbEntity
8
0
100
AcDbLine
10
271.428
20
17.604
30
0
11
271.516
21
17.586
31
0
0
LINE
5
285
330
C
100
AcDbEntity
8
0
100
AcDbLine
10
271.516
20
17.586
30
0
11
271.605
21
17.573
31
0
0
LINE
5
286
330
C
100
AcDbEntity
8
0
100
AcDbLine
10
271.605
20
17.573
30
0
11
271.696
21
17.565
31
0
0
LINE
5
287
330
C
100
AcDbEntity
8
0
100
AcDbLine
10
271.696
20
17.565
30
0
11
271.789
21
17.562
31
0
0
LINE
5
288
330
C
100
AcDbEntity
8
0
100
AcDbLine
10
271.789
20
17.562
30
0
11
271.789
21
17.562
31
0
0
LINE
5
289
330
C
100
AcDbEntity
8
0
100
AcDbLine
10
271.789
20
17.562
30
0
11
271.867
21
17.564
31
0
0
LINE
5
28A
330
C
100
AcDbEntity
8
0
100
AcDbLine
10
271.867
20
17.564
30
0
11
271.944
21
17.57
31
0
0
LINE
5
28B
330
C
100
AcDbEntity
8
0
100
AcDbLine
10
271.944
20
17.57
30
0
11
272.021
21
17.58
31
0
0
LINE
5
28C
330
C
100
AcDbEntity
8
0
100
AcDbLine
10
272.021
20
17.58
30
0
11
272.097
21
17.595
31
0
0
LINE
5
28D
330
C
100
AcDbEntity
8
0
100
AcDbLine
10
272.097
20
17.595
30
0
11
272.172
21
17.613
31
0
0
LINE
5
28E
330
C
100
AcDbEntity
8
0
100
AcDbLine
10
272.172
20
17.613
30
0
11
272.247
21
17.635
31
0
0
LINE
5
28F
330
C
100
AcDbEntity
8
0
100
AcDbLine
10
272.247
20
17.635
30
0
11
272.322
21
17.662
31
0
0
LINE
5
290
330
C
100
AcDbEntity
8
0
100
AcDbLine
10
272.322
20
17.662
30
0
11
272.396
21
17.693
31
0
0
LINE
5
291
330
C
100
AcDbEntity
8
0
100
AcDbLine
10
272.396
20
17.693
30
0
11
272.469
21
17.727
31
0
0
LINE
5
292
330
C
100
AcDbEntity
8
0
100
AcDbLine
10
272.469
20
17.727
30
0
11
272.542
21
17.766
31
0
0
LINE
5
293
330
C
100
AcDbEntity
8
0
100
AcDbLine
10
272.542
20
17.766
30
0
11
272.614
21
17.809
31
0
0
LINE
5
294
330
C
100
AcDbEntity
8
0
100
AcDbLine
10
272.614
20
17.809
30
0
11
272.682
21
17.855
31
0
0
LINE
5
295
330
C
100
AcDbEntity
8
0
100
AcDbLine
10
272.682
20
17.855
30
0
11
272.748
21
17.905
31
0
0
LINE
5
296
330
C
100
AcDbEntity
8
0
100
AcDbLine
10
272.748
20
17.905
30
0
11
272.812
21
17.959
31
0
0
LINE
5
297
330
C
100
AcDbEntity
8
0
100
AcDbLine
10
272.812
20
17.959
30
0
11
272.873
21
18.017
31
0
0
LINE
5
298
330
C
100
AcDbEntity
8
0
100
AcDbLine
10
272.873
20
18.017
30
0
11
272.931
21
18.079
31
0
0
LINE
5
299
330
C
100
AcDbEntity
8
0
100
AcDbLine
10
272.931
20
18.079
30
0
11
272.987
21
18.144
31
0
0
LINE
5
29A
330
C
100
AcDbEntity
8
0
100
AcDbLine
10
272.987
20
18.144
30
0
11
273.04
21
18.213
31
0
0
LINE
5
29B
330
C
100
AcDbEntity
8
0
100
AcDbLine
10
273.04
20
18.213
30
0
11
273.091
21
18.286
31
0
0
LINE
5
29C
330
C
100
AcDbEntity
8
0
100
AcDbLine
10
273.091
20
18.286
30
0
11
273.139
21
18.363
31
0
0
LINE
5
29D
330
C
100
AcDbEntity
8
0
100
AcDbLine
10
273.139
20
18.363
30
0
11
273.184
21
18.443
31
0
0
LINE
5
29E
330
C
100
AcDbEntity
8
0
100
AcDbLine
10
273.184
20
18.443
30
0
11
273.223
21
18.527
31
0
0
LINE
5
29F
330
C
100
AcDbEntity
8
0
100
AcDbLine
10
273.223
20
18.527
30
0
11
273.259
21
18.614
31
0
0
LINE
5
2A0
330
C
100
AcDbEntity
8
0
100
AcDbLine
10
273.259
20
18.614
30
0
11
273.289
21
18.704
31
0
0
LINE
5
2A1
330
C
100
AcDbEntity
8
0
100
AcDbLine
10
273.289
20
18.704
30
0
11
273.315
21
18.797
31
0
0
LINE
5
2A2
330
C
100
AcDbEntity
8
0
100
AcDbLine
10
273.315
20
18.797
30
0
11
273.336
21
18.894
31
0
0
LINE
5
2A3
330
C
100
AcDbEntity
8
0
100
AcDbLine
10
273.336
20
18.894
30
0
11
273.352
21
18.994
31
0
0
LINE
5
2A4
330
C
100
AcDbEntity
8
0
100
AcDbLine
10
273.352
20
18.994
30
0
11
273.364
21
19.097
31
0
0
LINE
5
2A5
330
C
100
AcDbEntity
8
0
100
AcDbLine
10
273.364
20
19.097
30
0
11
273.371
21
19.204
31
0
0
LINE
5
2A6
330
C
100
AcDbEntity
8
0
100
AcDbLine
10
273.371
20
19.204
30
0
11
273.373
21
19.314
31
0
0
LINE
5
2A7
330
C
100
AcDbEntity
8
0
100
AcDbLine
10
273.373
20
19.314
30
0
11
273.373
21
19.314
31
0
0
LINE
5
2A8
330
C
100
AcDbEntity
8
0
100
AcDbLine
10
273.373
20
19.314
30
0
11
273.733
21
19.314
31
0
0
LINE
5
2A9
330
C
100
AcDbEntity
8
0
100
AcDbLine
10
273.733
20
19.314
30
0
11
273.73
21
19.15
31
0
0
LINE
5
2AA
330
C
100
AcDbEntity
8
0
100
AcDbLine
10
273.73
20
19.15
30
0
11
273.722
21
18.991
31
0
0
LINE
5
2AB
330
C
100
AcDbEntity
8
0
100
AcDbLine
10
273.722
20
18.991
30
0
11
273.709
21
18.837
31
0
0
LINE
5
2AC
330
C
100
AcDbEntity
8
0
100
AcDbLine
10
273.709
20
18.837
30
0
11
273.69
21
18.688
31
0
0
LINE
5
2AD
330
C
100
AcDbEntity
8
0
100
AcDbLine
10
273.69
20
18.688
30
0
11
273.665
21
18.544
31
0
0
LINE
5
2AE
330
C
100
AcDbEntity
8
0
100
AcDbLine
10
273.665
20
18.544
30
0
11
273.635
21
18.405
31
0
0
LINE
5
2AF
330
C
100
AcDbEntity
8
0
100
AcDbLine
10
273.635
20
18.405
30
0
11
273.599
21
18.271
31
0
0
LINE
5
2B0
330
C
100
AcDbEntity
8
0
100
AcDbLine
10
273.599
20
18.271
30
0
11
273.558
21
18.143
31
0
0
LINE
5
2B1
330
C
100
AcDbEntity
8
0
100
AcDbLine
10
273.558
20
18.143
30
0
11
273.512
21
18.019
31
0
0
LINE
5
2B2
330
C
100
AcDbEntity
8
0
100
AcDbLine
10
273.512
20
18.019
30
0
11
273.46
21
17.901
31
0
0
LINE
5
2B3
330
C
100
AcDbEntity
8
0
100
AcDbLine
10
273.46
20
17.901
30
0
11
273.404
21
17.788
31
0
0
LINE
5
2B4
330
C
100
AcDbEntity
8
0
100
AcDbLine
10
273.404
20
17.788
30
0
11
273.343
21
17.681
31
0
0
LINE
5
2B5
330
C
100
AcDbEntity
8
0
100
AcDbLine
10
273.343
20
17.681
30
0
11
273.279
21
17.579
31
0
0
LINE
5
2B6
330
C
100
AcDbEntity
8
0
100
AcDbLine
10
273.279
20
17.579
30
0
11
273.211
21
17.482
31
0
0
LINE
5
2B7
330
C
100
AcDbEntity
8
0
100
AcDbLine
10
273.211
20
17.482
30
0
11
273.139
21
17.392
31
0
0
LINE
5
2B8
330
C
100
AcDbEntity
8
0
100
AcDbLine
10
273.139
20
17.392
30
0
11
273.063
21
17.307
31
0
0
LINE
5
2B9
330
C
100
AcDbEntity
8
0
100
AcDbLine
10
273.063
20
17.307
30
0
11
272.984
21
17.227
31
0
0
LINE
5
2BA
330
C
100
AcDbEntity
8
0
100
AcDbLine
10
272.984
20
17.227
30
0
11
272.901
21
17.153
31
0
0
LINE
5
2BB
330
C
100
AcDbEntity
8
0
100
AcDbLine
10
272.901
20
17.153
30
0
11
272.813
21
17.085
31
0
0
LINE
5
2BC
330
C
100
AcDbEntity
8
0
100
AcDbLine
10
272.813
20
17.085
30
0
11
272.722
21
17.022
31
0
0
LINE
5
2BD
330
C
100
AcDbEntity
8
0
100
AcDbLine
10
272.722
20
17.022
30
0
11
272.628
21
16.965
31
0
0
LINE
5
2BE
330
C
100
AcDbEntity
8
0
100
AcDbLine
10
272.628
20
16.965
30
0
11
272.532
21
16.914
31
0
0
LINE
5
2BF
330
C
100
AcDbEntity
8
0
100
AcDbLine
10
272.532
20
16.914
30
0
11
272.433
21
16.869
31
0
0
LINE
5
2C0
330
C
100
AcDbEntity
8
0
100
AcDbLine
10
272.433
20
16.869
30
0
11
272.332
21
16.83
31
0
0
LINE
5
2C1
330
C
100
AcDbEntity
8
0
100
AcDbLine
10
272.332
20
16.83
30
0
11
272.229
21
16.797
31
0
0
LINE
5
2C2
330
C
100
AcDbEntity
8
0
100
AcDbLine
10
272.229
20
16.797
30
0
11
272.124
21
16.77
31
0
0
LINE
5
2C3
330
C
100
AcDbEntity
8
0
100
AcDbLine
10
272.124
20
16.77
30
0
11
272.017
21
16.749
31
0
0
LINE
5
2C4
330
C
100
AcDbEntity
8
0
100
AcDbLine
10
272.017
20
16.749
30
0
11
271.907
21
16.734
31
0
0
LINE
5
2C5
330
C
100
AcDbEntity
8
0
100
AcDbLine
10
271.907
20
16.734
30
0
11
271.795
21
16.725
31
0
0
LINE
5
2C6
330
C
100
AcDbEntity
8
0
100
AcDbLine
10
271.795
20
16.725
30
0
11
271.681
21
16.722
31
0
0
LINE
5
2C7
330
C
100
AcDbEntity
8
0
100
AcDbLine
10
271.681
20
16.722
30
0
11
271.681
21
16.722
31
0
0
LINE
5
2C8
330
C
100
AcDbEntity
8
0
100
AcDbLine
10
274.309
20
16.866
30
0
11
273.529
21
16.866
31
0
0
LINE
5
2C9
330
C
100
AcDbEntity
8
0
100
AcDbLine
10
273.529
20
16.866
30
0
11
273.373
21
18.21
31
0
0
LINE
5
2CA
330
C
100
AcDbEntity
8
0
100
AcDbLine
10
273.373
20
18.21
30
0
11
273.373
21
25.05
31
0
0
LINE
5
2CB
330
C
100
AcDbEntity
8
0
100
AcDbLine
10
273.373
20
25.05
30
0
11
274.309
21
25.05
31
0
0
LINE
5
2CC
330
C
100
AcDbEntity
8
0
100
AcDbLine
10
274.309
20
25.05
30
0
11
274.309
21
16.866
31
0
0
LINE
5
2CD
330
C
100
AcDbEntity
8
0
100
AcDbLine
10
274.309
20
16.866
30
0
11
274.309
21
16.866
31
0
0
LINE
5
2CE
330
C
100
AcDbEntity
8
0
100
AcDbLine
10
278.731
20
16.722
30
0
11
278.731
21
16.722
31
0
0
LINE
5
2CF
330
C
100
AcDbEntity
8
0
100
AcDbLine
10
278.731
20
16.722
30
0
11
278.584
21
16.726
31
0
0
LINE
5
2D0
330
C
100
AcDbEntity
8
0
100
AcDbLine
10
278.584
20
16.726
30
0
11
278.44
21
16.737
31
0
0
LINE
5
2D1
330
C
100
AcDbEntity
8
0
100
AcDbLine
10
278.44
20
16.737
30
0
11
278.299
21
16.756
31
0
0
LINE
5
2D2
330
C
100
AcDbEntity
8
0
100
AcDbLine
10
278.299
20
16.756
30
0
11
278.161
21
16.783
31
0
0
LINE
5
2D3
330
C
100
AcDbEntity
8
0
100
AcDbLine
10
278.161
20
16.783
30
0
11
278.027
21
16.817
31
0
0
LINE
5
2D4
330
C
100
AcDbEntity
8
0
100
AcDbLine
10
278.027
20
16.817
30
0
11
277.896
21
16.859
31
0
0
LINE
5
2D5
330
C
100
AcDbEntity
8
0
100
AcDbLine
10
277.896
20
16.859
30
0
11
277.768
21
16.909
31
0
0
LINE
5
2D6
330
C
100
AcDbEntity
8
0
100
AcDbLine
10
277.768
20
16.909
30
0
11
277.643
21
16.966
31
0
0
LINE
5
2D7
330
C
100
AcDbEntity
8
0
100
AcDbLine
10
277.643
20
16.966
30
0
11
277.521
21
17.031
31
0
0
LINE
5
2D8
330
C
100
AcDbEntity
8
0
100
AcDbLine
10
277.521
20
17.031
30
0
11
277.402
21
17.103
31
0
0
LINE
5
2D9
330
C
100
AcDbEntity
8
0
100
AcDbLine
10
277.402
20
17.103
30
0
11
277.288
21
17.182
31
0
0
LINE
5
2DA
330
C
100
AcDbEntity
8
0
100
AcDbLine
10
277.288
20
17.182
30
0
11
277.178
21
17.267
31
0
0
LINE
5
2DB
330
C
100
AcDbEntity
8
0
100
AcDbLine
10
277.178
20
17.267
30
0
11
277.073
21
17.358
31
0
0
LINE
5
2DC
330
C
100
AcDbEntity
8
0
100
AcDbLine
10
277.073
20
17.358
30
0
11
276.974
21
17.455
31
0
0
LINE
5
2DD
330
C
100
AcDbEntity
8
0
100
AcDbLine
10
276.974
20
17.455
30
0
11
276.879
21
17.558
31
0
0
LINE
5
2DE
330
C
100
AcDbEntity
8
0
100
AcDbLine
10
276.879
20
17.558
30
0
11
276.789
21
17.667
31
0
0
LINE
5
2DF
330
C
100
AcDbEntity
8
0
100
AcDbLine
10
276.789
20
17.667
30
0
11
276.704
21
17.782
31
0
0
LINE
5
2E0
330
C
100
AcDbEntity
8
0
100
AcDbLine
10
276.704
20
17.782
30
0
11
276.624
21
17.903
31
0
0
LINE
5
2E1
330
C
100
AcDbEntity
8
0
100
AcDbLine
10
276.624
20
17.903
30
0
11
276.548
21
18.029
31
0
0
LINE
5
2E2
330
C
100
AcDbEntity
8
0
100
AcDbLine
10
276.548
20
18.029
30
0
11
276.478
21
18.162
31
0
0
LINE
5
2E3
330
C
100
AcDbEntity
8
0
100
AcDbLine
10
276.478
20
18.162
30
0
11
276.414
21
18.3
31
0
0
LINE
5
2E4
330
C
100
AcDbEntity
8
0
100
AcDbLine
10
276.414
20
18.3
30
0
11
276.356
21
18.441
31
0
0
LINE
5
2E5
330
C
100
AcDbEntity
8
0
100
AcDbLine
10
276.356
20
18.441
30
0
11
276.305
21
18.587
31
0
0
LINE
5
2E6
330
C
100
AcDbEntity
8
0
100
AcDbLine
10
276.305
20
18.587
30
0
11
276.261
21
18.737
31
0
0
LINE
5
2E7
330
C
100
AcDbEntity
8
0
100
AcDbLine
10
276.261
20
18.737
30
0
11
276.224
21
18.891
31
0
0
LINE
5
2E8
330
C
100
AcDbEntity
8
0
100
AcDbLine
10
276.224
20
18.891
30
0
11
276.193
21
19.049
31
0
0
LINE
5
2E9
330
C
100
AcDbEntity
8
0
100
AcDbLine
10
276.193
20
19.049
30
0
11
276.17
21
19.211
31
0
0
LINE
5
2EA
330
C
100
AcDbEntity
8
0
100
AcDbLine
10
276.17
20
19.211
30
0
11
276.153
21
19.377
31
0
0
LINE
5
2EB
330
C
100
AcDbEntity
8
0
100
AcDbLine
10
276.153
20
19.377
30
0
11
276.143
21
19.548
31
0
0
LINE
5
2EC
330
C
100
AcDbEntity
8
0
100
AcDbLine
10
276.143
20
19.548
30
0
11
276.139
21
19.722
31
0
0
LINE
5
2ED
330
C
100
AcDbEntity
8
0
100
AcDbLine
10
276.139
20
19.722
30
0
11
276.139
21
19.722
31
0
0
LINE
5
2EE
330
C
100
AcDbEntity
8
0
100
AcDbLine
10
276.139
20
19.722
30
0
11
276.143
21
19.908
31
0
0
LINE
5
2EF
330
C
100
AcDbEntity
8
0
100
AcDbLine
10
276.143
20
19.908
30
0
11
276.153
21
20.088
31
0
0
LINE
5
2F0
330
C
100
AcDbEntity
8
0
100
AcDbLine
10
276.153
20
20.088
30
0
11
276.169
21
20.263
31
0
0
LINE
5
2F1
330
C
100
AcDbEntity
8
0
100
AcDbLine
10
276.169
20
20.263
30
0
11
276.193
21
20.433
31
0
0
LINE
5
2F2
330
C
100
AcDbEntity
8
0
100
AcDbLine
10
276.193
20
20.433
30
0
11
276.223
21
20.598
31
0
0
LINE
5
2F3
330
C
100
AcDbEntity
8
0
100
AcDbLine
10
276.223
20
20.598
30
0
11
276.26
21
20.757
31
0
0
LINE
5
2F4
330
C
100
AcDbEntity
8
0
100
AcDbLine
10
276.26
20
20.757
30
0
11
276.304
21
20.911
31
0
0
LINE
5
2F5
330
C
100
AcDbEntity
8
0
100
AcDbLine
10
276.304
20
20.911
30
0
11
276.354
21
21.06
31
0
0
LINE
5
2F6
330
C
100
AcDbEntity
8
0
100
AcDbLine
10
276.354
20
21.06
30
0
11
276.411
21
21.204
31
0
0
LINE
5
2F7
330
C
100
AcDbEntity
8
0
100
AcDbLine
10
276.411
20
21.204
30
0
11
276.475
21
21.342
31
0
0
LINE
5
2F8
330
C
100
AcDbEntity
8
0
100
AcDbLine
10
276.475
20
21.342
30
0
11
276.545
21
21.474
31
0
0
LINE
5
2F9
330
C
100
AcDbEntity
8
0
100
AcDbLine
10
276.545
20
21.474
30
0
11
276.62
21
21.601
31
0
0
LINE
5
2FA
330
C
100
AcDbEntity
8
0
100
AcDbLine
10
276.62
20
21.601
30
0
11
276.699
21
21.72
31
0
0
LINE
5
2FB
330
C
100
AcDbEntity
8
0
100
AcDbLine
10
276.699
20
21.72
30
0
11
276.784
21
21.834
31
0
0
LINE
5
2FC
330
C
100
AcDbEntity
8
0
100
AcDbLine
10
276.784
20
21.834
30
0
11
276.873
21
21.941
31
0
0
LINE
5
2FD
330
C
100
AcDbEntity
8
0
100
AcDbLine
10
276.873
20
21.941
30
0
11
276.968
21
22.042
31
0
0
LINE
5
2FE
330
C
100
AcDbEntity
8
0
100
AcDbLine
10
276.968
20
22.042
30
0
11
277.068
21
22.137
31
0
0
LINE
5
2FF
330
C
100
AcDbEntity
8
0
100
AcDbLine
10
277.068
20
22.137
30
0
11
277.172
21
22.225
31
0
0
LINE
5
300
330
C
100
AcDbEntity
8
0
100
AcDbLine
10
277.172
20
22.225
30
0
11
277.282
21
22.307
31
0
0
LINE
5
301
330
C
100
AcDbEntity
8
0
100
AcDbLine
10
277.282
20
22.307
30
0
11
277.396
21
22.383
31
0
0
LINE
5
302
330
C
100
AcDbEntity
8
0
100
AcDbLine
10
277.396
20
22.383
30
0
11
277.515
21
22.452
31
0
0
LINE
5
303
330
C
100
AcDbEntity
8
0
100
AcDbLine
10
277.515
20
22.452
30
0
11
277.637
21
22.514
31
0
0
LINE
5
304
330
C
100
AcDbEntity
8
0
100
AcDbLine
10
277.637
20
22.514
30
0
11
277.762
21
22.568
31
0
0
LINE
5
305
330
C
100
AcDbEntity
8
0
100
AcDbLine
10
277.762
20
22.568
30
0
11
277.891
21
22.615
31
0
0
LINE
5
306
330
C
100
AcDbEntity
8
0
100
AcDbLine
10
277.891
20
22.615
30
0
11
278.022
21
22.655
31
0
0
LINE
5
307
330
C
100
AcDbEntity
8
0
100
AcDbLine
10
278.022
20
22.655
30
0
11
278.158
21
22.688
31
0
0
LINE
5
308
330
C
100
AcDbEntity
8
0
100
AcDbLine
10
278.158
20
22.688
30
0
11
278.296
21
22.713
31
0
0
LINE
5
309
330
C
100
AcDbEntity
8
0
100
AcDbLine
10
278.296
20
22.713
30
0
11
278.438
21
22.731
31
0
0
LINE
5
30A
330
C
100
AcDbEntity
8
0
100
AcDbLine
10
278.438
20
22.731
30
0
11
278.583
21
22.742
31
0
0
LINE
5
30B
330
C
100
AcDbEntity
8
0
100
AcDbLine
10
278.583
20
22.742
30
0
11
278.731
21
22.746
31
0
0
LINE
5
30C
330
C
100
AcDbEntity
8
0
100
AcDbLine
10
278.731
20
22.746
30
0
11
278.731
21
22.746
31
0
0
LINE
5
30D
330
C
100
AcDbEntity
8
0
100
AcDbLine
10
278.731
20
22.746
30
0
11
278.86
21
22.743
31
0
0
LINE
5
30E
330
C
100
AcDbEntity
8
0
100
AcDbLine
10
278.86
20
22.743
30
0
11
278.985
21
22.735
31
0
0
LINE
5
30F
330
C
100
AcDbEntity
8
0
100
AcDbLine
10
278.985
20
22.735
30
0
11
279.106
21
22.722
31
0
0
LINE
5
310
330
C
100
AcDbEntity
8
0
100
AcDbLine
10
279.106
20
22.722
30
0
11
279.224
21
22.704
31
0
0
LINE
5
311
330
C
100
AcDbEntity
8
0
100
AcDbLine
10
279.224
20
22.704
30
0
11
279.337
21
22.68
31
0
0
LINE
5
312
330
C
100
AcDbEntity
8
0
100
AcDbLine
10
279.337
20
22.68
30
0
11
279.447
21
22.651
31
0
0
LINE
5
313
330
C
100
AcDbEntity
8
0
100
AcDbLine
10
279.447
20
22.651
30
0
11
279.553
21
22.617
31
0
0
LINE
5
314
330
C
100
AcDbEntity
8
0
100
AcDbLine
10
279.553
20
22.617
30
0
11
279.655
21
22.577
31
0
0
LINE
5
315
330
C
100
AcDbEntity
8
0
100
AcDbLine
10
279.655
20
22.577
30
0
11
279.753
21
22.532
31
0
0
LINE
5
316
330
C
100
AcDbEntity
8
0
100
AcDbLine
10
279.753
20
22.532
30
0
11
279.847
21
22.482
31
0
0
LINE
5
317
330
C
100
AcDbEntity
8
0
100
AcDbLine
10
279.847
20
22.482
30
0
11
279.938
21
22.427
31
0
0
LINE
5
318
330
C
100
AcDbEntity
8
0
100
AcDbLine
10
279.938
20
22.427
30
0
11
280.025
21
22.369
31
0
0
LINE
5
319
330
C
100
AcDbEntity
8
0
100
AcDbLine
10
280.025
20
22.369
30
0
11
280.108
21
22.307
31
0
0
LINE
5
31A
330
C
100
AcDbEntity
8
0
100
AcDbLine
10
280.108
20
22.307
30
0
11
280.188
21
22.241
31
0
0
LINE
5
31B
330
C
100
AcDbEntity
8
0
100
AcDbLine
10
280.188
20
22.241
30
0
11
280.264
21
22.172
31
0
0
LINE
5
31C
330
C
100
AcDbEntity
8
0
100
AcDbLine
10
280.264
20
22.172
30
0
11
280.337
21
22.098
31
0
0
LINE
5
31D
330
C
100
AcDbEntity
8
0
100
AcDbLine
10
280.337
20
22.098
30
0
11
280.406
21
22.021
31
0
0
LINE
5
31E
330
C
100
AcDbEntity
8
0
100
AcDbLine
10
280.406
20
22.021
30
0
11
280.471
21
21.941
31
0
0
LINE
5
31F
330
C
100
AcDbEntity
8
0
100
AcDbLine
10
280.471
20
21.941
30
0
11
280.533
21
21.856
31
0
0
LINE
5
320
330
C
100
AcDbEntity
8
0
100
AcDbLine
10
280.533
20
21.856
30
0
11
280.591
21
21.768
31
0
0
LINE
5
321
330
C
100
AcDbEntity
8
0
100
AcDbLine
10
280.591
20
21.768
30
0
11
280.646
21
21.677
31
0
0
LINE
5
322
330
C
100
AcDbEntity
8
0
100
AcDbLine
10
280.646
20
21.677
30
0
11
280.697
21
21.583
31
0
0
LINE
5
323
330
C
100
AcDbEntity
8
0
100
AcDbLine
10
280.697
20
21.583
30
0
11
280.745
21
21.487
31
0
0
LINE
5
324
330
C
100
AcDbEntity
8
0
100
AcDbLine
10
280.745
20
21.487
30
0
11
280.789
21
21.389
31
0
0
LINE
5
325
330
C
100
AcDbEntity
8
0
100
AcDbLine
10
280.789
20
21.389
30
0
11
280.83
21
21.289
31
0
0
LINE
5
326
330
C
100
AcDbEntity
8
0
100
AcDbLine
10
280.83
20
21.289
30
0
11
280.868
21
21.186
31
0
0
LINE
5
327
330
C
100
AcDbEntity
8
0
100
AcDbLine
10
280.868
20
21.186
30
0
11
280.902
21
21.081
31
0
0
LINE
5
328
330
C
100
AcDbEntity
8
0
100
AcDbLine
10
280.902
20
21.081
30
0
11
280.933
21
20.973
31
0
0
LINE
5
329
330
C
100
AcDbEntity
8
0
100
AcDbLine
10
280.933
20
20.973
30
0
11
280.96
21
20.863
31
0
0
LINE
5
32A
330
C
100
AcDbEntity
8
0
100
AcDbLine
10
280.96
20
20.863
30
0
11
280.984
21
20.751
31
0
0
LINE
5
32B
330
C
100
AcDbEntity
8
0
100
AcDbLine
10
280.984
20
20.751
30
0
11
281.005
21
20.637
31
0
0
LINE
5
32C
330
C
100
AcDbEntity
8
0
100
AcDbLine
10
281.005
20
20.637
30
0
11
281.022
21
20.523
31
0
0
LINE
5
32D
330
C
100
AcDbEntity
8
0
100
AcDbLine
10
281.022
20
20.523
30
0
11
281.037
21
20.407
31
0
0
LINE
5
32E
330
C
100
AcDbEntity
8
0
100
AcDbLine
10
281.037
20
20.407
30
0
11
281.048
21
20.291
31
0
0
LINE
5
32F
330
C
100
AcDbEntity
8
0
100
AcDbLine
10
281.048
20
20.291
30
0
11
281.055
21
20.174
31
0
0
LINE
5
330
330
C
100
AcDbEntity
8
0
100
AcDbLine
10
281.055
20
20.174
30
0
11
281.06
21
20.057
31
0
0
LINE
5
331
330
C
100
AcDbEntity
8
0
100
AcDbLine
10
281.06
20
20.057
30
0
11
281.062
21
19.938
31
0
0
LINE
5
332
330
C
100
AcDbEntity
8
0
100
AcDbLine
10
281.062
20
19.938
30
0
11
281.06
21
19.819
31
0
0
LINE
5
333
330
C
100
AcDbEntity
8
0
100
AcDbLine
10
281.06
20
19.819
30
0
11
281.055
21
19.699
31
0
0
LINE
5
334
330
C
100
AcDbEntity
8
0
100
AcDbLine
10
281.055
20
19.699
30
0
11
281.047
21
19.578
31
0
0
LINE
5
335
330
C
100
AcDbEntity
8
0
100
AcDbLine
10
281.047
20
19.578
30
0
11
281.047
21
19.578
31
0
0
LINE
5
336
330
C
100
AcDbEntity
8
0
100
AcDbLine
10
281.047
20
19.578
30
0
11
276.895
21
19.578
31
0
0
LINE
5
337
330
C
100
AcDbEntity
8
0
100
AcDbLine
10
276.895
20
19.578
30
0
11
276.895
21
20.154
31
0
0
LINE
5
338
330
C
100
AcDbEntity
8
0
100
AcDbLine
10
276.895
20
20.154
30
0
11
280.429
21
20.154
31
0
0
LINE
5
339
330
C
100
AcDbEntity
8
0
100
AcDbLine
10
280.429
20
20.154
30
0
11
280.153
21
19.974
31
0
0
LINE
5
33A
330
C
100
AcDbEntity
8
0
100
AcDbLine
10
280.153
20
19.974
30
0
11
280.156
21
20.045
31
0
0
LINE
5
33B
330
C
100
AcDbEntity
8
0
100
AcDbLine
10
280.156
20
20.045
30
0
11
280.157
21
20.116
31
0
0
LINE
5
33C
330
C
100
AcDbEntity
8
0
100
AcDbLine
10
280.157
20
20.116
30
0
11
280.157
21
20.186
31
0
0
LINE
5
33D
330
C
100
AcDbEntity
8
0
100
AcDbLine
10
280.157
20
20.186
30
0
11
280.156
21
20.257
31
0
0
LINE
5
33E
330
C
100
AcDbEntity
8
0
100
AcDbLine
10
280.156
20
20.257
30
0
11
280.152
21
20.328
31
0
0
LINE
5
33F
330
C
100
AcDbEntity
8
0
100
AcDbLine
10
280.152
20
20.328
30
0
11
280.148
21
20.399
31
0
0
LINE
5
340
330
C
100
AcDbEntity
8
0
100
AcDbLine
10
280.148
20
20.399
30
0
11
280.142
21
20.47
31
0
0
LINE
5
341
330
C
100
AcDbEntity
8
0
100
AcDbLine
10
280.142
20
20.47
30
0
11
280.134
21
20.54
31
0
0
LINE
5
342
330
C
100
AcDbEntity
8
0
100
AcDbLine
10
280.134
20
20.54
30
0
11
280.125
21
20.611
31
0
0
LINE
5
343
330
C
100
AcDbEntity
8
0
100
AcDbLine
10
280.125
20
20.611
30
0
11
280.114
21
20.682
31
0
0
LINE
5
344
330
C
100
AcDbEntity
8
0
100
AcDbLine
10
280.114
20
20.682
30
0
11
280.102
21
20.752
31
0
0
LINE
5
345
330
C
100
AcDbEntity
8
0
100
AcDbLine
10
280.102
20
20.752
30
0
11
280.087
21
20.821
31
0
0
LINE
5
346
330
C
100
AcDbEntity
8
0
100
AcDbLine
10
280.087
20
20.821
30
0
11
280.071
21
20.889
31
0
0
LINE
5
347
330
C
100
AcDbEntity
8
0
100
AcDbLine
10
280.071
20
20.889
30
0
11
280.053
21
20.956
31
0
0
LINE
5
348
330
C
100
AcDbEntity
8
0
100
AcDbLine
10
280.053
20
20.956
30
0
11
280.032
21
21.022
31
0
0
LINE
5
349
330
C
100
AcDbEntity
8
0
100
AcDbLine
10
280.032
20
21.022
30
0
11
280.01
21
21.086
31
0
0
LINE
5
34A
330
C
100
AcDbEntity
8
0
100
AcDbLine
10
280.01
20
21.086
30
0
11
279.986
21
21.15
31
0
0
LINE
5
34B
330
C
100
AcDbEntity
8
0
100
AcDbLine
10
279.986
20
21.15
30
0
11
279.96
21
21.212
31
0
0
LINE
5
34C
330
C
100
AcDbEntity
8
0
100
AcDbLine
10
279.96
20
21.212
30
0
11
279.931
21
21.273
31
0
0
LINE
5
34D
330
C
100
AcDbEntity
8
0
100
AcDbLine
10
279.931
20
21.273
30
0
11
279.901
21
21.333
31
0
0
LINE
5
34E
330
C
100
AcDbEntity
8
0
100
AcDbLine
10
279.901
20
21.333
30
0
11
279.869
21
21.391
31
0
0
LINE
5
34F
330
C
100
AcDbEntity
8
0
100
AcDbLine
10
279.869
20
21.391
30
0
11
279.834
21
21.447
31
0
0
LINE
5
350
330
C
100
AcDbEntity
8
0
100
AcDbLine
10
279.834
20
21.447
30
0
11
279.796
21
21.501
31
0
0
LINE
5
351
330
C
100
AcDbEntity
8
0
100
AcDbLine
10
279.796
20
21.501
30
0
11
279.756
21
21.552
31
0
0
LINE
5
352
330
C
100
AcDbEntity
8
0
100
AcDbLine
10
279.756
20
21.552
30
0
11
279.714
21
21.601
31
0
0
LINE
5
353
330
C
100
AcDbEntity
8
0
100
AcDbLine
10
279.714
20
21.601
30
0
11
279.669
21
21.647
31
0
0
LINE
5
354
330
C
100
AcDbEntity
8
0
100
AcDbLine
10
279.669
20
21.647
30
0
11
279.621
21
21.691
31
0
0
LINE
5
355
330
C
100
AcDbEntity
8
0
100
AcDbLine
10
279.621
20
21.691
30
0
11
279.571
21
21.733
31
0
0
LINE
5
356
330
C
100
AcDbEntity
8
0
100
AcDbLine
10
279.571
20
21.733
30
0
11
279.518
21
21.773
31
0
0
LINE
5
357
330
C
100
AcDbEntity
8
0
100
AcDbLine
10
279.518
20
21.773
30
0
11
279.463
21
21.81
31
0
0
LINE
5
358
330
C
100
AcDbEntity
8
0
100
AcDbLine
10
279.463
20
21.81
30
0
11
279.405
21
21.844
31
0
0
LINE
5
359
330
C
100
AcDbEntity
8
0
100
AcDbLine
10
279.405
20
21.844
30
0
11
279.344
21
21.875
31
0
0
LINE
5
35A
330
C
100
AcDbEntity
8
0
100
AcDbLine
10
279.344
20
21.875
30
0
11
279.28
21
21.902
31
0
0
LINE
5
35B
330
C
100
AcDbEntity
8
0
100
AcDbLine
10
279.28
20
21.902
30
0
11
279.213
21
21.925
31
0
0
LINE
5
35C
330
C
100
AcDbEntity
8
0
100
AcDbLine
10
279.213
20
21.925
30
0
11
279.142
21
21.945
31
0
0
LINE
5
35D
330
C
100
AcDbEntity
8
0
100
AcDbLine
10
279.142
20
21.945
30
0
11
279.069
21
21.961
31
0
0
LINE
5
35E
330
C
100
AcDbEntity
8
0
100
AcDbLine
10
279.069
20
21.961
30
0
11
278.992
21
21.974
31
0
0
LINE
5
35F
330
C
100
AcDbEntity
8
0
100
AcDbLine
10
278.992
20
21.974
30
0
11
278.912
21
21.983
31
0
0
LINE
5
360
330
C
100
AcDbEntity
8
0
100
AcDbLine
10
278.912
20
21.983
30
0
11
278.829
21
21.988
31
0
0
LINE
5
361
330
C
100
AcDbEntity
8
0
100
AcDbLine
10
278.829
20
21.988
30
0
11
278.743
21
21.99
31
0
0
LINE
5
362
330
C
100
AcDbEntity
8
0
100
AcDbLine
10
278.743
20
21.99
30
0
11
278.743
21
21.99
31
0
0
LINE
5
363
330
C
100
AcDbEntity
8
0
100
AcDbLine
10
278.743
20
21.99
30
0
11
278.635
21
21.987
31
0
0
LINE
5
364
330
C
100
AcDbEntity
8
0
100
AcDbLine
10
278.635
20
21.987
30
0
11
278.53
21
21.979
31
0
0
LINE
5
365
330
C
100
AcDbEntity
8
0
100
AcDbLine
10
278.53
20
21.979
30
0
11
278.428
21
21.965
31
0
0
LINE
5
366
330
C
100
AcDbEntity
8
0
100
AcDbLine
10
278.428
20
21.965
30
0
11
278.33
21
21.945
31
0
0
LINE
5
367
330
C
100
AcDbEntity
8
0
100
AcDbLine
10
278.33
20
21.945
30
0
11
278.236
21
21.919
31
0
0
LINE
5
368
330
C
100
AcDbEntity
8
0
100
AcDbLine
10
278.236
20
21.919
30
0
11
278.146
21
21.888
31
0
0
LINE
5
369
330
C
100
AcDbEntity
8
0
100
AcDbLine
10
278.146
20
21.888
30
0
11
278.059
21
21.852
31
0
0
LINE
5
36A
330
C
100
AcDbEntity
8
0
100
AcDbLine
10
278.059
20
21.852
30
0
11
277.975
21
21.81
31
0
0
LINE
5
36B
330
C
100
AcDbEntity
8
0
100
AcDbLine
10
277.975
20
21.81
30
0
11
277.895
21
21.762
31
0
0
LINE
5
36C
330
C
100
AcDbEntity
8
0
100
AcDbLine
10
277.895
20
21.762
30
0
11
277.819
21
21.708
31
0
0
LINE
5
36D
330
C
100
AcDbEntity
8
0
100
AcDbLine
10
277.819
20
21.708
30
0
11
277.747
21
21.65
31
0
0
LINE
5
36E
330
C
100
AcDbEntity
8
0
100
AcDbLine
10
277.747
20
21.65
30
0
11
277.678
21
21.588
31
0
0
LINE
5
36F
330
C
100
AcDbEntity
8
0
100
AcDbLine
10
277.678
20
21.588
30
0
11
277.613
21
21.523
31
0
0
LINE
5
370
330
C
100
AcDbEntity
8
0
100
AcDbLine
10
277.613
20
21.523
30
0
11
277.551
21
21.454
31
0
0
LINE
5
371
330
C
100
AcDbEntity
8
0
100
AcDbLine
10
277.551
20
21.454
30
0
11
277.494
21
21.382
31
0
0
LINE
5
372
330
C
100
AcDbEntity
8
0
100
AcDbLine
10
277.494
20
21.382
30
0
11
277.44
21
21.306
31
0
0
LINE
5
373
330
C
100
AcDbEntity
8
0
100
AcDbLine
10
277.44
20
21.306
30
0
11
277.39
21
21.226
31
0
0
LINE
5
374
330
C
100
AcDbEntity
8
0
100
AcDbLine
10
277.39
20
21.226
30
0
11
277.343
21
21.144
31
0
0
LINE
5
375
330
C
100
AcDbEntity
8
0
100
AcDbLine
10
277.343
20
21.144
30
0
11
277.3
21
21.057
31
0
0
LINE
5
376
330
C
100
AcDbEntity
8
0
100
AcDbLine
10
277.3
20
21.057
30
0
11
277.261
21
20.967
31
0
0
LINE
5
377
330
C
100
AcDbEntity
8
0
100
AcDbLine
10
277.261
20
20.967
30
0
11
277.226
21
20.874
31
0
0
LINE
5
378
330
C
100
AcDbEntity
8
0
100
AcDbLine
10
277.226
20
20.874
30
0
11
277.194
21
20.78
31
0
0
LINE
5
379
330
C
100
AcDbEntity
8
0
100
AcDbLine
10
277.194
20
20.78
30
0
11
277.166
21
20.685
31
0
0
LINE
5
37A
330
C
100
AcDbEntity
8
0
100
AcDbLine
10
277.166
20
20.685
30
0
11
277.142
21
20.588
31
0
0
LINE
5
37B
330
C
100
AcDbEntity
8
0
100
AcDbLine
10
277.142
20
20.588
30
0
11
277.122
21
20.489
31
0
0
LINE
5
37C
330
C
100
AcDbEntity
8
0
100
AcDbLine
10
277.122
20
20.489
30
0
11
277.105
21
20.389
31
0
0
LINE
5
37D
330
C
100
AcDbEntity
8
0
100
AcDbLine
10
277.105
20
20.389
30
0
11
277.092
21
20.288
31
0
0
LINE
5
37E
330
C
100
AcDbEntity
8
0
100
AcDbLine
10
277.092
20
20.288
30
0
11
277.083
21
20.185
31
0
0
LINE
5
37F
330
C
100
AcDbEntity
8
0
100
AcDbLine
10
277.083
20
20.185
30
0
11
277.077
21
20.08
31
0
0
LINE
5
380
330
C
100
AcDbEntity
8
0
100
AcDbLine
10
277.077
20
20.08
30
0
11
277.075
21
19.974
31
0
0
LINE
5
381
330
C
100
AcDbEntity
8
0
100
AcDbLine
10
277.075
20
19.974
30
0
11
277.075
21
19.974
31
0
0
LINE
5
382
330
C
100
AcDbEntity
8
0
100
AcDbLine
10
277.075
20
19.974
30
0
11
277.075
21
19.59
31
0
0
LINE
5
383
330
C
100
AcDbEntity
8
0
100
AcDbLine
10
277.075
20
19.59
30
0
11
277.077
21
19.471
31
0
0
LINE
5
384
330
C
100
AcDbEntity
8
0
100
AcDbLine
10
277.077
20
19.471
30
0
11
277.083
21
19.355
31
0
0
LINE
5
385
330
C
100
AcDbEntity
8
0
100
AcDbLine
10
277.083
20
19.355
30
0
11
277.092
21
19.241
31
0
0
LINE
5
386
330
C
100
AcDbEntity
8
0
100
AcDbLine
10
277.092
20
19.241
30
0
11
277.104
21
19.13
31
0
0
LINE
5
387
330
C
100
AcDbEntity
8
0
100
AcDbLine
10
277.104
20
19.13
30
0
11
277.121
21
19.021
31
0
0
LINE
5
388
330
C
100
AcDbEntity
8
0
100
AcDbLine
10
277.121
20
19.021
30
0
11
277.141
21
18.915
31
0
0
LINE
5
389
330
C
100
AcDbEntity
8
0
100
AcDbLine
10
277.141
20
18.915
30
0
11
277.165
21
18.812
31
0
0
LINE
5
38A
330
C
100
AcDbEntity
8
0
100
AcDbLine
10
277.165
20
18.812
30
0
11
277.192
21
18.711
31
0
0
LINE
5
38B
330
C
100
AcDbEntity
8
0
100
AcDbLine
10
277.192
20
18.711
30
0
11
277.223
21
18.612
31
0
0
LINE
5
38C
330
C
100
AcDbEntity
8
0
100
AcDbLine
10
277.223
20
18.612
30
0
11
277.258
21
18.516
31
0
0
LINE
5
38D
330
C
100
AcDbEntity
8
0
100
AcDbLine
10
277.258
20
18.516
30
0
11
277.297
21
18.423
31
0
0
LINE
5
38E
330
C
100
AcDbEntity
8
0
100
AcDbLine
10
277.297
20
18.423
30
0
11
277.339
21
18.334
31
0
0
LINE
5
38F
330
C
100
AcDbEntity
8
0
100
AcDbLine
10
277.339
20
18.334
30
0
11
277.384
21
18.249
31
0
0
LINE
5
390
330
C
100
AcDbEntity
8
0
100
AcDbLine
10
277.384
20
18.249
30
0
11
277.434
21
18.168
31
0
0
LINE
5
391
330
C
100
AcDbEntity
8
0
100
AcDbLine
10
277.434
20
18.168
30
0
11
277.487
21
18.091
31
0
0
LINE
5
392
330
C
100
AcDbEntity
8
0
100
AcDbLine
10
277.487
20
18.091
30
0
11
277.544
21
18.018
31
0
0
LINE
5
393
330
C
100
AcDbEntity
8
0
100
AcDbLine
10
277.544
20
18.018
30
0
11
277.604
21
17.949
31
0
0
LINE
5
394
330
C
100
AcDbEntity
8
0
100
AcDbLine
10
277.604
20
17.949
30
0
11
277.668
21
17.884
31
0
0
LINE
5
395
330
C
100
AcDbEntity
8
0
100
AcDbLine
10
277.668
20
17.884
30
0
11
277.736
21
17.823
31
0
0
LINE
5
396
330
C
100
AcDbEntity
8
0
100
AcDbLine
10
277.736
20
17.823
30
0
11
277.807
21
17.766
31
0
0
LINE
5
397
330
C
100
AcDbEntity
8
0
100
AcDbLine
10
277.807
20
17.766
30
0
11
277.882
21
17.714
31
0
0
LINE
5
398
330
C
100
AcDbEntity
8
0
100
AcDbLine
10
277.882
20
17.714
30
0
11
277.961
21
17.667
31
0
0
LINE
5
399
330
C
100
AcDbEntity
8
0
100
AcDbLine
10
277.961
20
17.667
30
0
11
278.044
21
17.625
31
0
0
LINE
5
39A
330
C
100
AcDbEntity
8
0
100
AcDbLine
10
278.044
20
17.625
30
0
11
278.131
21
17.589
31
0
0
LINE
5
39B
330
C
100
AcDbEntity
8
0
100
AcDbLine
10
278.131
20
17.589
30
0
11
278.221
21
17.559
31
0
0
LINE
5
39C
330
C
100
AcDbEntity
8
0
100
AcDbLine
10
278.221
20
17.559
30
0
11
278.316
21
17.534
31
0
0
LINE
5
39D
330
C
100
AcDbEntity
8
0
100
AcDbLine
10
278.316
20
17.534
30
0
11
278.414
21
17.515
31
0
0
LINE
5
39E
330
C
100
AcDbEntity
8
0
100
AcDbLine
10
278.414
20
17.515
30
0
11
278.516
21
17.501
31
0
0
LINE
5
39F
330
C
100
AcDbEntity
8
0
100
AcDbLine
10
278.516
20
17.501
30
0
11
278.622
21
17.493
31
0
0
LINE
5
3A0
330
C
100
AcDbEntity
8
0
100
AcDbLine
10
278.622
20
17.493
30
0
11
278.731
21
17.49
31
0
0
LINE
5
3A1
330
C
100
AcDbEntity
8
0
100
AcDbLine
10
278.731
20
17.49
30
0
11
278.731
21
17.49
31
0
0
LINE
5
3A2
330
C
100
AcDbEntity
8
0
100
AcDbLine
10
278.731
20
17.49
30
0
11
278.841
21
17.493
31
0
0
LINE
5
3A3
330
C
100
AcDbEntity
8
0
100
AcDbLine
10
278.841
20
17.493
30
0
11
278.946
21
17.501
31
0
0
LINE
5
3A4
330
C
100
AcDbEntity
8
0
100
AcDbLine
10
278.946
20
17.501
30
0
11
279.048
21
17.514
31
0
0
LINE
5
3A5
330
C
100
AcDbEntity
8
0
100
AcDbLine
10
279.048
20
17.514
30
0
11
279.146
21
17.533
31
0
0
LINE
5
3A6
330
C
100
AcDbEntity
8
0
100
AcDbLine
10
279.146
20
17.533
30
0
11
279.24
21
17.558
31
0
0
LINE
5
3A7
330
C
100
AcDbEntity
8
0
100
AcDbLine
10
279.24
20
17.558
30
0
11
279.33
21
17.587
31
0
0
LINE
5
3A8
330
C
100
AcDbEntity
8
0
100
AcDbLine
10
279.33
20
17.587
30
0
11
279.415
21
17.622
31
0
0
LINE
5
3A9
330
C
100
AcDbEntity
8
0
100
AcDbLine
10
279.415
20
17.622
30
0
11
279.497
21
17.663
31
0
0
LINE
5
3AA
330
C
100
AcDbEntity
8
0
100
AcDbLine
10
279.497
20
17.663
30
0
11
279.575
21
17.709
31
0
0
LINE
5
3AB
330
C
100
AcDbEntity
8
0
100
AcDbLine
10
279.575
20
17.709
30
0
11
279.649
21
17.76
31
0
0
LINE
5
3AC
330
C
100
AcDbEntity
8
0
100
AcDbLine
10
279.649
20
17.76
30
0
11
279.718
21
17.817
31
0
0
LINE
5
3AD
330
C
100
AcDbEntity
8
0
100
AcDbLine
10
279.718
20
17.817
30
0
11
279.782
21
17.878
31
0
0
LINE
5
3AE
330
C
100
AcDbEntity
8
0
100
AcDbLine
10
279.782
20
17.878
30
0
11
279.84
21
17.945
31
0
0
LINE
5
3AF
330
C
100
AcDbEntity
8
0
100
AcDbLine
10
279.84
20
17.945
30
0
11
279.892
21
18.017
31
0
0
LINE
5
3B0
330
C
100
AcDbEntity
8
0
100
AcDbLine
10
279.892
20
18.017
30
0
11
279.939
21
18.095
31
0
0
LINE
5
3B1
330
C
100
AcDbEntity
8
0
100
AcDbLine
10
279.939
20
18.095
30
0
11
279.98
21
18.177
31
0
0
LINE
5
3B2
330
C
100
AcDbEntity
8
0
100
AcDbLine
10
279.98
20
18.177
30
0
11
280.015
21
18.264
31
0
0
LINE
5
3B3
330
C
100
AcDbEntity
8
0
100
AcDbLine
10
280.015
20
18.264
30
0
11
280.045
21
18.357
31
0
0
LINE
5
3B4
330
C
100
AcDbEntity
8
0
100
AcDbLine
10
280.045
20
18.357
30
0
11
280.069
21
18.455
31
0
0
LINE
5
3B5
330
C
100
AcDbEntity
8
0
100
AcDbLine
10
280.069
20
18.455
30
0
11
280.087
21
18.558
31
0
0
LINE
5
3B6
330
C
100
AcDbEntity
8
0
100
AcDbLine
10
280.087
20
18.558
30
0
11
280.087
21
18.558
31
0
0
LINE
5
3B7
330
C
100
AcDbEntity
8
0
100
AcDbLine
10
280.087
20
18.558
30
0
11
281.059
21
18.558
31
0
0
LINE
5
3B8
330
C
100
AcDbEntity
8
0
100
AcDbLine
10
281.059
20
18.558
30
0
11
281.039
21
18.446
31
0
0
LINE
5
3B9
330
C
100
AcDbEntity
8
0
100
AcDbLine
10
281.039
20
18.446
30
0
11
281.014
21
18.336
31
0
0
LINE
5
3BA
330
C
100
AcDbEntity
8
0
100
AcDbLine
10
281.014
20
18.336
30
0
11
280.985
21
18.23
31
0
0
LINE
5
3BB
330
C
100
AcDbEntity
8
0
100
AcDbLine
10
280.985
20
18.23
30
0
11
280.951
21
18.127
31
0
0
LINE
5
3BC
330
C
100
AcDbEntity
8
0
100
AcDbLine
10
280.951
20
18.127
30
0
11
280.912
21
18.028
31
0
0
LINE
5
3BD
330
C
100
AcDbEntity
8
0
100
AcDbLine
10
280.912
20
18.028
30
0
11
280.869
21
17.931
31
0
0
LINE
5
3BE
330
C
100
AcDbEntity
8
0
100
AcDbLine
10
280.869
20
17.931
30
0
11
280.821
21
17.838
31
0
0
LINE
5
3BF
330
C
100
AcDbEntity
8
0
100
AcDbLine
10
280.821
20
17.838
30
0
11
280.769
21
17.748
31
0
0
LINE
5
3C0
330
C
100
AcDbEntity
8
0
100
AcDbLine
10
280.769
20
17.748
30
0
11
280.713
21
17.661
31
0
0
LINE
5
3C1
330
C
100
AcDbEntity
8
0
100
AcDbLine
10
280.713
20
17.661
30
0
11
280.651
21
17.577
31
0
0
LINE
5
3C2
330
C
100
AcDbEntity
8
0
100
AcDbLine
10
280.651
20
17.577
30
0
11
280.586
21
17.497
31
0
0
LINE
5
3C3
330
C
100
AcDbEntity
8
0
100
AcDbLine
10
280.586
20
17.497
30
0
11
280.517
21
17.42
31
0
0
LINE
5
3C4
330
C
100
AcDbEntity
8
0
100
AcDbLine
10
280.517
20
17.42
30
0
11
280.445
21
17.347
31
0
0
LINE
5
3C5
330
C
100
AcDbEntity
8
0
100
AcDbLine
10
280.445
20
17.347
30
0
11
280.369
21
17.278
31
0
0
LINE
5
3C6
330
C
100
AcDbEntity
8
0
100
AcDbLine
10
280.369
20
17.278
30
0
11
280.29
21
17.213
31
0
0
LINE
5
3C7
330
C
100
AcDbEntity
8
0
100
AcDbLine
10
280.29
20
17.213
30
0
11
280.207
21
17.152
31
0
0
LINE
5
3C8
330
C
100
AcDbEntity
8
0
100
AcDbLine
10
280.207
20
17.152
30
0
11
280.121
21
17.094
31
0
0
LINE
5
3C9
330
C
100
AcDbEntity
8
0
100
AcDbLine
10
280.121
20
17.094
30
0
11
280.031
21
17.04
31
0
0
LINE
5
3CA
330
C
100
AcDbEntity
8
0
100
AcDbLine
10
280.031
20
17.04
30
0
11
279.938
21
16.99
31
0
0
LINE
5
3CB
330
C
100
AcDbEntity
8
0
100
AcDbLine
10
279.938
20
16.99
30
0
11
279.841
21
16.944
31
0
0
LINE
5
3CC
330
C
100
AcDbEntity
8
0
100
AcDbLine
10
279.841
20
16.944
30
0
11
279.742
21
16.902
31
0
0
LINE
5
3CD
330
C
100
AcDbEntity
8
0
100
AcDbLine
10
279.742
20
16.902
30
0
11
279.639
21
16.864
31
0
0
LINE
5
3CE
330
C
100
AcDbEntity
8
0
100
AcDbLine
10
279.639
20
16.864
30
0
11
279.535
21
16.831
31
0
0
LINE
5
3CF
330
C
100
AcDbEntity
8
0
100
AcDbLine
10
279.535
20
16.831
30
0
11
279.427
21
16.802
31
0
0
LINE
5
3D0
330
C
100
AcDbEntity
8
0
100
AcDbLine
10
279.427
20
16.802
30
0
11
279.318
21
16.777
31
0
0
LINE
5
3D1
330
C
100
AcDbEntity
8
0
100
AcDbLine
10
279.318
20
16.777
30
0
11
279.205
21
16.758
31
0
0
LINE
5
3D2
330
C
100
AcDbEntity
8
0
100
AcDbLine
10
279.205
20
16.758
30
0
11
279.091
21
16.742
31
0
0
LINE
5
3D3
330
C
100
AcDbEntity
8
0
100
AcDbLine
10
279.091
20
16.742
30
0
11
278.973
21
16.731
31
0
0
LINE
5
3D4
330
C
100
AcDbEntity
8
0
100
AcDbLine
10
278.973
20
16.731
30
0
11
278.854
21
16.724
31
0
0
LINE
5
3D5
330
C
100
AcDbEntity
8
0
100
AcDbLine
10
278.854
20
16.724
30
0
11
278.731
21
16.722
31
0
0
LINE
5
3D6
330
C
100
AcDbEntity
8
0
100
AcDbLine
10
278.731
20
16.722
30
0
11
278.731
21
16.722
31
0
0
LINE
5
3D7
330
C
100
AcDbEntity
8
0
100
AcDbLine
10
285.253
20
16.722
30
0
11
285.253
21
16.722
31
0
0
LINE
5
3D8
330
C
100
AcDbEntity
8
0
100
AcDbLine
10
285.253
20
16.722
30
0
11
285.078
21
16.726
31
0
0
LINE
5
3D9
330
C
100
AcDbEntity
8
0
100
AcDbLine
10
285.078
20
16.726
30
0
11
284.907
21
16.739
31
0
0
LINE
5
3DA
330
C
100
AcDbEntity
8
0
100
AcDbLine
10
284.907
20
16.739
30
0
11
284.741
21
16.761
31
0
0
LINE
5
3DB
330
C
100
AcDbEntity
8
0
100
AcDbLine
10
284.741
20
16.761
30
0
11
284.579
21
16.791
31
0
0
LINE
5
3DC
330
C
100
AcDbEntity
8
0
100
AcDbLine
10
284.579
20
16.791
30
0
11
284.421
21
16.83
31
0
0
LINE
5
3DD
330
C
100
AcDbEntity
8
0
100
AcDbLine
10
284.421
20
16.83
30
0
11
284.269
21
16.878
31
0
0
LINE
5
3DE
330
C
100
AcDbEntity
8
0
100
AcDbLine
10
284.269
20
16.878
30
0
11
284.12
21
16.934
31
0
0
LINE
5
3DF
330
C
100
AcDbEntity
8
0
100
AcDbLine
10
284.12
20
16.934
30
0
11
283.976
21
16.998
31
0
0
LINE
5
3E0
330
C
100
AcDbEntity
8
0
100
AcDbLine
10
283.976
20
16.998
30
0
11
283.837
21
17.072
31
0
0
LINE
5
3E1
330
C
100
AcDbEntity
8
0
100
AcDbLine
10
283.837
20
17.072
30
0
11
283.702
21
17.154
31
0
0
LINE
5
3E2
330
C
100
AcDbEntity
8
0
100
AcDbLine
10
283.702
20
17.154
30
0
11
283.573
21
17.245
31
0
0
LINE
5
3E3
330
C
100
AcDbEntity
8
0
100
AcDbLine
10
283.573
20
17.245
30
0
11
283.449
21
17.344
31
0
0
LINE
5
3E4
330
C
100
AcDbEntity
8
0
100
AcDbLine
10
283.449
20
17.344
30
0
11
283.331
21
17.453
31
0
0
LINE
5
3E5
330
C
100
AcDbEntity
8
0
100
AcDbLine
10
283.331
20
17.453
30
0
11
283.219
21
17.57
31
0
0
LINE
5
3E6
330
C
100
AcDbEntity
8
0
100
AcDbLine
10
283.219
20
17.57
30
0
11
283.113
21
17.695
31
0
0
LINE
5
3E7
330
C
100
AcDbEntity
8
0
100
AcDbLine
10
283.113
20
17.695
30
0
11
283.012
21
17.83
31
0
0
LINE
5
3E8
330
C
100
AcDbEntity
8
0
100
AcDbLine
10
283.012
20
17.83
30
0
11
282.918
21
17.973
31
0
0
LINE
5
3E9
330
C
100
AcDbEntity
8
0
100
AcDbLine
10
282.918
20
17.973
30
0
11
282.83
21
18.126
31
0
0
LINE
5
3EA
330
C
100
AcDbEntity
8
0
100
AcDbLine
10
282.83
20
18.126
30
0
11
282.747
21
18.286
31
0
0
LINE
5
3EB
330
C
100
AcDbEntity
8
0
100
AcDbLine
10
282.747
20
18.286
30
0
11
282.67
21
18.456
31
0
0
LINE
5
3EC
330
C
100
AcDbEntity
8
0
100
AcDbLine
10
282.67
20
18.456
30
0
11
282.6
21
18.634
31
0
0
LINE
5
3ED
330
C
100
AcDbEntity
8
0
100
AcDbLine
10
282.6
20
18.634
30
0
11
282.537
21
18.822
31
0
0
LINE
5
3EE
330
C
100
AcDbEntity
8
0
100
AcDbLine
10
282.537
20
18.822
30
0
11
282.482
21
19.017
31
0
0
LINE
5
3EF
330
C
100
AcDbEntity
8
0
100
AcDbLine
10
282.482
20
19.017
30
0
11
282.434
21
19.222
31
0
0
LINE
5
3F0
330
C
100
AcDbEntity
8
0
100
AcDbLine
10
282.434
20
19.222
30
0
11
282.393
21
19.436
31
0
0
LINE
5
3F1
330
C
100
AcDbEntity
8
0
100
AcDbLine
10
282.393
20
19.436
30
0
11
282.36
21
19.658
31
0
0
LINE
5
3F2
330
C
100
AcDbEntity
8
0
100
AcDbLine
10
282.36
20
19.658
30
0
11
282.334
21
19.889
31
0
0
LINE
5
3F3
330
C
100
AcDbEntity
8
0
100
AcDbLine
10
282.334
20
19.889
30
0
11
282.316
21
20.128
31
0
0
LINE
5
3F4
330
C
100
AcDbEntity
8
0
100
AcDbLine
10
282.316
20
20.128
30
0
11
282.305
21
20.377
31
0
0
LINE
5
3F5
330
C
100
AcDbEntity
8
0
100
AcDbLine
10
282.305
20
20.377
30
0
11
282.301
21
20.634
31
0
0
LINE
5
3F6
330
C
100
AcDbEntity
8
0
100
AcDbLine
10
282.301
20
20.634
30
0
11
282.301
21
20.634
31
0
0
LINE
5
3F7
330
C
100
AcDbEntity
8
0
100
AcDbLine
10
282.301
20
20.634
30
0
11
282.305
21
20.891
31
0
0
LINE
5
3F8
330
C
100
AcDbEntity
8
0
100
AcDbLine
10
282.305
20
20.891
30
0
11
282.316
21
21.14
31
0
0
LINE
5
3F9
330
C
100
AcDbEntity
8
0
100
AcDbLine
10
282.316
20
21.14
30
0
11
282.334
21
21.379
31
0
0
LINE
5
3FA
330
C
100
AcDbEntity
8
0
100
AcDbLine
10
282.334
20
21.379
30
0
11
282.36
21
21.61
31
0
0
LINE
5
3FB
330
C
100
AcDbEntity
8
0
100
AcDbLine
10
282.36
20
21.61
30
0
11
282.393
21
21.832
31
0
0
LINE
5
3FC
330
C
100
AcDbEntity
8
0
100
AcDbLine
10
282.393
20
21.832
30
0
11
282.434
21
22.045
31
0
0
LINE
5
3FD
330
C
100
AcDbEntity
8
0
100
AcDbLine
10
282.434
20
22.045
30
0
11
282.482
21
22.249
31
0
0
LINE
5
3FE
330
C
100
AcDbEntity
8
0
100
AcDbLine
10
282.482
20
22.249
30
0
11
282.537
21
22.445
31
0
0
LINE
5
3FF
330
C
100
AcDbEntity
8
0
100
AcDbLine
10
282.537
20
22.445
30
0
11
282.6
21
22.631
31
0
0
LINE
5
400
330
C
100
AcDbEntity
8
0
100
AcDbLine
10
282.6
20
22.631
30
0
11
282.67
21
22.809
31
0
0
LINE
5
401
330
C
100
AcDbEntity
8
0
100
AcDbLine
10
282.67
20
22.809
30
0
11
282.747
21
22.978
31
0
0
LINE
5
402
330
C
100
AcDbEntity
8
0
100
AcDbLine
10
282.747
20
22.978
30
0
11
282.83
21
23.138
31
0
0
LINE
5
403
330
C
100
AcDbEntity
8
0
100
AcDbLine
10
282.83
20
23.138
30
0
11
282.918
21
23.29
31
0
0
LINE
5
404
330
C
100
AcDbEntity
8
0
100
AcDbLine
10
282.918
20
23.29
30
0
11
283.012
21
23.433
31
0
0
LINE
5
405
330
C
100
AcDbEntity
8
0
100
AcDbLine
10
283.012
20
23.433
30
0
11
283.113
21
23.567
31
0
0
LINE
5
406
330
C
100
AcDbEntity
8
0
100
AcDbLine
10
283.113
20
23.567
30
0
11
283.219
21
23.692
31
0
0
LINE
5
407
330
C
100
AcDbEntity
8
0
100
AcDbLine
10
283.219
20
23.692
30
0
11
283.331
21
23.808
31
0
0
LINE
5
408
330
C
100
AcDbEntity
8
0
100
AcDbLine
10
283.331
20
23.808
30
0
11
283.449
21
23.916
31
0
0
LINE
5
409
330
C
100
AcDbEntity
8
0
100
AcDbLine
10
283.449
20
23.916
30
0
11
283.573
21
24.015
31
0
0
LINE
5
40A
330
C
100
AcDbEntity
8
0
100
AcDbLine
10
283.573
20
24.015
30
0
11
283.702
21
24.105
31
0
0
LINE
5
40B
330
C
100
AcDbEntity
8
0
100
AcDbLine
10
283.702
20
24.105
30
0
11
283.837
21
24.187
31
0
0
LINE
5
40C
330
C
100
AcDbEntity
8
0
100
AcDbLine
10
283.837
20
24.187
30
0
11
283.976
21
24.259
31
0
0
LINE
5
40D
330
C
100
AcDbEntity
8
0
100
AcDbLine
10
283.976
20
24.259
30
0
11
284.12
21
24.324
31
0
0
LINE
5
40E
330
C
100
AcDbEntity
8
0
100
AcDbLine
10
284.12
20
24.324
30
0
11
284.269
21
24.38
31
0
0
LINE
5
40F
330
C
100
AcDbEntity
8
0
100
AcDbLine
10
284.269
20
24.38
30
0
11
284.421
21
24.427
31
0
0
LINE
5
410
330
C
100
AcDbEntity
8
0
100
AcDbLine
10
284.421
20
24.427
30
0
11
284.579
21
24.465
31
0
0
LINE
5
411
330
C
100
AcDbEntity
8
0
100
AcDbLine
10
284.579
20
24.465
30
0
11
284.741
21
24.495
31
0
0
LINE
5
412
330
C
100
AcDbEntity
8
0
100
AcDbLine
10
284.741
20
24.495
30
0
11
284.907
21
24.517
31
0
0
LINE
5
413
330
C
100
AcDbEntity
8
0
100
AcDbLine
10
284.907
20
24.517
30
0
11
285.078
21
24.53
31
0
0
LINE
5
414
330
C
100
AcDbEntity
8
0
100
AcDbLine
10
285.078
20
24.53
30
0
11
285.253
21
24.534
31
0
0
LINE
5
415
330
C
100
AcDbEntity
8
0
100
AcDbLine
10
285.253
20
24.534
30
0
11
285.253
21
24.534
31
0
0
LINE
5
416
330
C
100
AcDbEntity
8
0
100
AcDbLine
10
285.253
20
24.534
30
0
11
285.427
21
24.53
31
0
0
LINE
5
417
330
C
100
AcDbEntity
8
0
100
AcDbLine
10
285.427
20
24.53
30
0
11
285.597
21
24.517
31
0
0
LINE
5
418
330
C
100
AcDbEntity
8
0
100
AcDbLine
10
285.597
20
24.517
30
0
11
285.763
21
24.495
31
0
0
LINE
5
419
330
C
100
AcDbEntity
8
0
100
AcDbLine
10
285.763
20
24.495
30
0
11
285.924
21
24.465
31
0
0
LINE
5
41A
330
C
100
AcDbEntity
8
0
100
AcDbLine
10
285.924
20
24.465
30
0
11
286.081
21
24.427
31
0
0
LINE
5
41B
330
C
100
AcDbEntity
8
0
100
AcDbLine
10
286.081
20
24.427
30
0
11
286.234
21
24.38
31
0
0
LINE
5
41C
330
C
100
AcDbEntity
8
0
100
AcDbLine
10
286.234
20
24.38
30
0
11
286.382
21
24.324
31
0
0
LINE
5
41D
330
C
100
AcDbEntity
8
0
100
AcDbLine
10
286.382
20
24.324
30
0
11
286.526
21
24.259
31
0
0
LINE
5
41E
330
C
100
AcDbEntity
8
0
100
AcDbLine
10
286.526
20
24.259
30
0
11
286.666
21
24.187
31
0
0
LINE
5
41F
330
C
100
AcDbEntity
8
0
100
AcDbLine
10
286.666
20
24.187
30
0
11
286.801
21
24.105
31
0
0
LINE
5
420
330
C
100
AcDbEntity
8
0
100
AcDbLine
10
286.801
20
24.105
30
0
11
286.931
21
24.015
31
0
0
LINE
5
421
330
C
100
AcDbEntity
8
0
100
AcDbLine
10
286.931
20
24.015
30
0
11
287.056
21
23.916
31
0
0
LINE
5
422
330
C
100
AcDbEntity
8
0
100
AcDbLine
10
287.056
20
23.916
30
0
11
287.174
21
23.808
31
0
0
LINE
5
423
330
C
100
AcDbEntity
8
0
100
AcDbLine
10
287.174
20
23.808
30
0
11
287.286
21
23.692
31
0
0
LINE
5
424
330
C
100
AcDbEntity
8
0
100
AcDbLine
10
287.286
20
23.692
30
0
11
287.393
21
23.567
31
0
0
LINE
5
425
330
C
100
AcDbEntity
8
0
100
AcDbLine
10
287.393
20
23.567
30
0
11
287.493
21
23.433
31
0
0
LINE
5
426
330
C
100
AcDbEntity
8
0
100
AcDbLine
10
287.493
20
23.433
30
0
11
287.588
21
23.29
31
0
0
LINE
5
427
330
C
100
AcDbEntity
8
0
100
AcDbLine
10
287.588
20
23.29
30
0
11
287.677
21
23.138
31
0
0
LINE
5
428
330
C
100
AcDbEntity
8
0
100
AcDbLine
10
287.677
20
23.138
30
0
11
287.759
21
22.978
31
0
0
LINE
5
429
330
C
100
AcDbEntity
8
0
100
AcDbLine
10
287.759
20
22.978
30
0
11
287.836
21
22.809
31
0
0
LINE
5
42A
330
C
100
AcDbEntity
8
0
100
AcDbLine
10
287.836
20
22.809
30
0
11
287.906
21
22.631
31
0
0
LINE
5
42B
330
C
100
AcDbEntity
8
0
100
AcDbLine
10
287.906
20
22.631
30
0
11
287.969
21
22.445
31
0
0
LINE
5
42C
330
C
100
AcDbEntity
8
0
100
AcDbLine
10
287.969
20
22.445
30
0
11
288.024
21
22.249
31
0
0
LINE
5
42D
330
C
100
AcDbEntity
8
0
100
AcDbLine
10
288.024
20
22.249
30
0
11
288.072
21
22.045
31
0
0
LINE
5
42E
330
C
100
AcDbEntity
8
0
100
AcDbLine
10
288.072
20
22.045
30
0
11
288.113
21
21.832
31
0
0
LINE
5
42F
330
C
100
AcDbEntity
8
0
100
AcDbLine
10
288.113
20
21.832
30
0
11
288.146
21
21.61
31
0
0
LINE
5
430
330
C
100
AcDbEntity
8
0
100
AcDbLine
10
288.146
20
21.61
30
0
11
288.172
21
21.379
31
0
0
LINE
5
431
330
C
100
AcDbEntity
8
0
100
AcDbLine
10
288.172
20
21.379
30
0
11
288.19
21
21.14
31
0
0
LINE
5
432
330
C
100
AcDbEntity
8
0
100
AcDbLine
10
288.19
20
21.14
30
0
11
288.202
21
20.891
31
0
0
LINE
5
433
330
C
100
AcDbEntity
8
0
100
AcDbLine
10
288.202
20
20.891
30
0
11
288.205
21
20.634
31
0
0
LINE
5
434
330
C
100
AcDbEntity
8
0
100
AcDbLine
10
288.205
20
20.634
30
0
11
288.205
21
20.634
31
0
0
LINE
5
435
330
C
100
AcDbEntity
8
0
100
AcDbLine
10
288.205
20
20.634
30
0
11
288.202
21
20.377
31
0
0
LINE
5
436
330
C
100
AcDbEntity
8
0
100
AcDbLine
10
288.202
20
20.377
30
0
11
288.19
21
20.128
31
0
0
LINE
5
437
330
C
100
AcDbEntity
8
0
100
AcDbLine
10
288.19
20
20.128
30
0
11
288.172
21
19.889
31
0
0
LINE
5
438
330
C
100
AcDbEntity
8
0
100
AcDbLine
10
288.172
20
19.889
30
0
11
288.146
21
19.658
31
0
0
LINE
5
439
330
C
100
AcDbEntity
8
0
100
AcDbLine
10
288.146
20
19.658
30
0
11
288.113
21
19.436
31
0
0
LINE
5
43A
330
C
100
AcDbEntity
8
0
100
AcDbLine
10
288.113
20
19.436
30
0
11
288.072
21
19.222
31
0
0
LINE
5
43B
330
C
100
AcDbEntity
8
0
100
AcDbLine
10
288.072
20
19.222
30
0
11
288.024
21
19.017
31
0
0
LINE
5
43C
330
C
100
AcDbEntity
8
0
100
AcDbLine
10
288.024
20
19.017
30
0
11
287.969
21
18.822
31
0
0
LINE
5
43D
330
C
100
AcDbEntity
8
0
100
AcDbLine
10
287.969
20
18.822
30
0
11
287.906
21
18.634
31
0
0
LINE
5
43E
330
C
100
AcDbEntity
8
0
100
AcDbLine
10
287.906
20
18.634
30
0
11
287.836
21
18.456
31
0
0
LINE
5
43F
330
C
100
AcDbEntity
8
0
100
AcDbLine
10
287.836
20
18.456
30
0
11
287.759
21
18.286
31
0
0
LINE
5
440
330
C
100
AcDbEntity
8
0
100
AcDbLine
10
287.759
20
18.286
30
0
11
287.677
21
18.126
31
0
0
LINE
5
441
330
C
100
AcDbEntity
8
0
100
AcDbLine
10
287.677
20
18.126
30
0
11
287.588
21
17.973
31
0
0
LINE
5
442
330
C
100
AcDbEntity
8
0
100
AcDbLine
10
287.588
20
17.973
30
0
11
287.493
21
17.83
31
0
0
LINE
5
443
330
C
100
AcDbEntity
8
0
100
AcDbLine
10
287.493
20
17.83
30
0
11
287.393
21
17.695
31
0
0
LINE
5
444
330
C
100
AcDbEntity
8
0
100
AcDbLine
10
287.393
20
17.695
30
0
11
287.286
21
17.57
31
0
0
LINE
5
445
330
C
100
AcDbEntity
8
0
100
AcDbLine
10
287.286
20
17.57
30
0
11
287.174
21
17.453
31
0
0
LINE
5
446
330
C
100
AcDbEntity
8
0
100
AcDbLine
10
287.174
20
17.453
30
0
11
287.056
21
17.344
31
0
0
LINE
5
447
330
C
100
AcDbEntity
8
0
100
AcDbLine
10
287.056
20
17.344
30
0
11
286.931
21
17.245
31
0
0
LINE
5
448
330
C
100
AcDbEntity
8
0
100
AcDbLine
10
286.931
20
17.245
30
0
11
286.801
21
17.154
31
0
0
LINE
5
449
330
C
100
AcDbEntity
8
0
100
AcDbLine
10
286.801
20
17.154
30
0
11
286.666
21
17.072
31
0
0
LINE
5
44A
330
C
100
AcDbEntity
8
0
100
AcDbLine
10
286.666
20
17.072
30
0
11
286.526
21
16.998
31
0
0
LINE
5
44B
330
C
100
AcDbEntity
8
0
100
AcDbLine
10
286.526
20
16.998
30
0
11
286.382
21
16.934
31
0
0
LINE
5
44C
330
C
100
AcDbEntity
8
0
100
AcDbLine
10
286.382
20
16.934
30
0
11
286.234
21
16.878
31
0
0
LINE
5
44D
330
C
100
AcDbEntity
8
0
100
AcDbLine
10
286.234
20
16.878
30
0
11
286.081
21
16.83
31
0
0
LINE
5
44E
330
C
100
AcDbEntity
8
0
100
AcDbLine
10
286.081
20
16.83
30
0
11
285.924
21
16.791
31
0
0
LINE
5
44F
330
C
100
AcDbEntity
8
0
100
AcDbLine
10
285.924
20
16.791
30
0
11
285.763
21
16.761
31
0
0
LINE
5
450
330
C
100
AcDbEntity
8
0
100
AcDbLine
10
285.763
20
16.761
30
0
11
285.597
21
16.739
31
0
0
LINE
5
451
330
C
100
AcDbEntity
8
0
100
AcDbLine
10
285.597
20
16.739
30
0
11
285.427
21
16.726
31
0
0
LINE
5
452
330
C
100
AcDbEntity
8
0
100
AcDbLine
10
285.427
20
16.726
30
0
11
285.253
21
16.722
31
0
0
LINE
5
453
330
C
100
AcDbEntity
8
0
100
AcDbLine
10
285.253
20
16.722
30
0
11
285.253
21
16.722
31
0
0
LINE
5
454
330
C
100
AcDbEntity
8
0
100
AcDbLine
10
285.253
20
17.586
30
0
11
285.253
21
17.586
31
0
0
LINE
5
455
330
C
100
AcDbEntity
8
0
100
AcDbLine
10
285.253
20
17.586
30
0
11
285.443
21
17.594
31
0
0
LINE
5
456
330
C
100
AcDbEntity
8
0
100
AcDbLine
10
285.443
20
17.594
30
0
11
285.623
21
17.618
31
0
0
LINE
5
457
330
C
100
AcDbEntity
8
0
100
AcDbLine
10
285.623
20
17.618
30
0
11
285.794
21
17.658
31
0
0
LINE
5
458
330
C
100
AcDbEntity
8
0
100
AcDbLine
10
285.794
20
17.658
30
0
11
285.956
21
17.713
31
0
0
LINE
5
459
330
C
100
AcDbEntity
8
0
100
AcDbLine
10
285.956
20
17.713
30
0
11
286.108
21
17.785
31
0
0
LINE
5
45A
330
C
100
AcDbEntity
8
0
100
AcDbLine
10
286.108
20
17.785
30
0
11
286.251
21
17.872
31
0
0
LINE
5
45B
330
C
100
AcDbEntity
8
0
100
AcDbLine
10
286.251
20
17.872
30
0
11
286.385
21
17.976
31
0
0
LINE
5
45C
330
C
100
AcDbEntity
8
0
100
AcDbLine
10
286.385
20
17.976
30
0
11
286.509
21
18.095
31
0
0
LINE
5
45D
330
C
100
AcDbEntity
8
0
100
AcDbLine
10
286.509
20
18.095
30
0
11
286.624
21
18.23
31
0
0
LINE
5
45E
330
C
100
AcDbEntity
8
0
100
AcDbLine
10
286.624
20
18.23
30
0
11
286.729
21
18.381
31
0
0
LINE
5
45F
330
C
100
AcDbEntity
8
0
100
AcDbLine
10
286.729
20
18.381
30
0
11
286.825
21
18.547
31
0
0
LINE
5
460
330
C
100
AcDbEntity
8
0
100
AcDbLine
10
286.825
20
18.547
30
0
11
286.911
21
18.726
31
0
0
LINE
5
461
330
C
100
AcDbEntity
8
0
100
AcDbLine
10
286.911
20
18.726
30
0
11
286.986
21
18.918
31
0
0
LINE
5
462
330
C
100
AcDbEntity
8
0
100
AcDbLine
10
286.986
20
18.918
30
0
11
287.052
21
19.123
31
0
0
LINE
5
463
330
C
100
AcDbEntity
8
0
100
AcDbLine
10
287.052
20
19.123
30
0
11
287.107
21
19.342
31
0
0
LINE
5
464
330
C
100
AcDbEntity
8
0
100
AcDbLine
10
287.107
20
19.342
30
0
11
287.153
21
19.574
31
0
0
LINE
5
465
330
C
100
AcDbEntity
8
0
100
AcDbLine
10
287.153
20
19.574
30
0
11
287.188
21
19.819
31
0
0
LINE
5
466
330
C
100
AcDbEntity
8
0
100
AcDbLine
10
287.188
20
19.819
30
0
11
287.213
21
20.077
31
0
0
LINE
5
467
330
C
100
AcDbEntity
8
0
100
AcDbLine
10
287.213
20
20.077
30
0
11
287.228
21
20.349
31
0
0
LINE
5
468
330
C
100
AcDbEntity
8
0
100
AcDbLine
10
287.228
20
20.349
30
0
11
287.233
21
20.634
31
0
0
LINE
5
469
330
C
100
AcDbEntity
8
0
100
AcDbLine
10
287.233
20
20.634
30
0
11
287.233
21
20.634
31
0
0
LINE
5
46A
330
C
100
AcDbEntity
8
0
100
AcDbLine
10
287.233
20
20.634
30
0
11
287.228
21
20.919
31
0
0
LINE
5
46B
330
C
100
AcDbEntity
8
0
100
AcDbLine
10
287.228
20
20.919
30
0
11
287.213
21
21.191
31
0
0
LINE
5
46C
330
C
100
AcDbEntity
8
0
100
AcDbLine
10
287.213
20
21.191
30
0
11
287.188
21
21.449
31
0
0
LINE
5
46D
330
C
100
AcDbEntity
8
0
100
AcDbLine
10
287.188
20
21.449
30
0
11
287.153
21
21.694
31
0
0
LINE
5
46E
330
C
100
AcDbEntity
8
0
100
AcDbLine
10
287.153
20
21.694
30
0
11
287.107
21
21.926
31
0
0
LINE
5
46F
330
C
100
AcDbEntity
8
0
100
AcDbLine
10
287.107
20
21.926
30
0
11
287.052
21
22.145
31
0
0
LINE
5
470
330
C
100
AcDbEntity
8
0
100
AcDbLine
10
287.052
20
22.145
30
0
11
286.986
21
22.35
31
0
0
LINE
5
471
330
C
100
AcDbEntity
8
0
100
AcDbLine
10
286.986
20
22.35
30
0
11
286.911
21
22.542
31
0
0
LINE
5
472
330
C
100
AcDbEntity
8
0
100
AcDbLine
10
286.911
20
22.542
30
0
11
286.825
21
22.721
31
0
0
LINE
5
473
330
C
100
AcDbEntity
8
0
100
AcDbLine
10
286.825
20
22.721
30
0
11
286.729
21
22.887
31
0
0
LINE
5
474
330
C
100
AcDbEntity
8
0
100
AcDbLine
10
286.729
20
22.887
30
0
11
286.624
21
23.038
31
0
0
LINE
5
475
330
C
100
AcDbEntity
8
0
100
AcDbLine
10
286.624
20
23.038
30
0
11
286.509
21
23.173
31
0
0
LINE
5
476
330
C
100
AcDbEntity
8
0
100
AcDbLine
10
286.509
20
23.173
30
0
11
286.385
21
23.292
31
0
0
LINE
5
477
330
C
100
AcDbEntity
8
0
100
AcDbLine
10
286.385
20
23.292
30
0
11
286.251
21
23.396
31
0
0
LINE
5
478
330
C
100
AcDbEntity
8
0
100
AcDbLine
10
286.251
20
23.396
30
0
11
286.108
21
23.483
31
0
0
LINE
5
479
330
C
100
AcDbEntity
8
0
100
AcDbLine
10
286.108
20
23.483
30
0
11
285.956
21
23.555
31
0
0
LINE
5
47A
330
C
100
AcDbEntity
8
0
100
AcDbLine
10
285.956
20
23.555
30
0
11
285.794
21
23.61
31
0
0
LINE
5
47B
330
C
100
AcDbEntity
8
0
100
AcDbLine
10
285.794
20
23.61
30
0
11
285.623
21
23.65
31
0
0
LINE
5
47C
330
C
100
AcDbEntity
8
0
100
AcDbLine
10
285.623
20
23.65
30
0
11
285.443
21
23.674
31
0
0
LINE
5
47D
330
C
100
AcDbEntity
8
0
100
AcDbLine
10
285.443
20
23.674
30
0
11
285.253
21
23.682
31
0
0
LINE
5
47E
330
C
100
AcDbEntity
8
0
100
AcDbLine
10
285.253
20
23.682
30
0
11
285.253
21
23.682
31
0
0
LINE
5
47F
330
C
100
AcDbEntity
8
0
100
AcDbLine
10
285.253
20
23.682
30
0
11
285.066
21
23.674
31
0
0
LINE
5
480
330
C
100
AcDbEntity
8
0
100
AcDbLine
10
285.066
20
23.674
30
0
11
284.887
21
23.65
31
0
0
LINE
5
481
330
C
100
AcDbEntity
8
0
100
AcDbLine
10
284.887
20
23.65
30
0
11
284.718
21
23.61
31
0
0
LINE
5
482
330
C
100
AcDbEntity
8
0
100
AcDbLine
10
284.718
20
23.61
30
0
11
284.557
21
23.555
31
0
0
LINE
5
483
330
C
100
AcDbEntity
8
0
100
AcDbLine
10
284.557
20
23.555
30
0
11
284.406
21
23.483
31
0
0
LINE
5
484
330
C
100
AcDbEntity
8
0
100
AcDbLine
10
284.406
20
23.483
30
0
11
284.263
21
23.396
31
0
0
LINE
5
485
330
C
100
AcDbEntity
8
0
100
AcDbLine
10
284.263
20
23.396
30
0
11
284.13
21
23.292
31
0
0
LINE
5
486
330
C
100
AcDbEntity
8
0
100
AcDbLine
10
284.13
20
23.292
30
0
11
284.005
21
23.173
31
0
0
LINE
5
487
330
C
100
AcDbEntity
8
0
100
AcDbLine
10
284.005
20
23.173
30
0
11
283.89
21
23.038
31
0
0
LINE
5
488
330
C
100
AcDbEntity
8
0
100
AcDbLine
10
283.89
20
23.038
30
0
11
283.783
21
22.887
31
0
0
LINE
5
489
330
C
100
AcDbEntity
8
0
100
AcDbLine
10
283.783
20
22.887
30
0
11
283.686
21
22.721
31
0
0
LINE
5
48A
330
C
100
AcDbEntity
8
0
100
AcDbLine
10
283.686
20
22.721
30
0
11
283.6
21
22.542
31
0
0
LINE
5
48B
330
C
100
AcDbEntity
8
0
100
AcDbLine
10
283.6
20
22.542
30
0
11
283.523
21
22.35
31
0
0
LINE
5
48C
330
C
100
AcDbEntity
8
0
100
AcDbLine
10
283.523
20
22.35
30
0
11
283.457
21
22.145
31
0
0
LINE
5
48D
330
C
100
AcDbEntity
8
0
100
AcDbLine
10
283.457
20
22.145
30
0
11
283.401
21
21.926
31
0
0
LINE
5
48E
330
C
100
AcDbEntity
8
0
100
AcDbLine
10
283.401
20
21.926
30
0
11
283.355
21
21.694
31
0
0
LINE
5
48F
330
C
100
AcDbEntity
8
0
100
AcDbLine
10
283.355
20
21.694
30
0
11
283.319
21
21.449
31
0
0
LINE
5
490
330
C
100
AcDbEntity
8
0
100
AcDbLine
10
283.319
20
21.449
30
0
11
283.294
21
21.191
31
0
0
LINE
5
491
330
C
100
AcDbEntity
8
0
100
AcDbLine
10
283.294
20
21.191
30
0
11
283.278
21
20.919
31
0
0
LINE
5
492
330
C
100
AcDbEntity
8
0
100
AcDbLine
10
283.278
20
20.919
30
0
11
283.273
21
20.634
31
0
0
LINE
5
493
330
C
100
AcDbEntity
8
0
100
AcDbLine
10
283.273
20
20.634
30
0
11
283.273
21
20.634
31
0
0
LINE
5
494
330
C
100
AcDbEntity
8
0
100
AcDbLine
10
283.273
20
20.634
30
0
11
283.278
21
20.349
31
0
0
LINE
5
495
330
C
100
AcDbEntity
8
0
100
AcDbLine
10
283.278
20
20.349
30
0
11
283.294
21
20.077
31
0
0
LINE
5
496
330
C
100
AcDbEntity
8
0
100
AcDbLine
10
283.294
20
20.077
30
0
11
283.319
21
19.819
31
0
0
LINE
5
497
330
C
100
AcDbEntity
8
0
100
AcDbLine
10
283.319
20
19.819
30
0
11
283.355
21
19.574
31
0
0
LINE
5
498
330
C
100
AcDbEntity
8
0
100
AcDbLine
10
283.355
20
19.574
30
0
11
283.401
21
19.342
31
0
0
LINE
5
499
330
C
100
AcDbEntity
8
0
100
AcDbLine
10
283.401
20
19.342
30
0
11
283.457
21
19.123
31
0
0
LINE
5
49A
330
C
100
AcDbEntity
8
0
100
AcDbLine
10
283.457
20
19.123
30
0
11
283.523
21
18.918
31
0
0
LINE
5
49B
330
C
100
AcDbEntity
8
0
100
AcDbLine
10
283.523
20
18.918
30
0
11
283.6
21
18.726
31
0
0
LINE
5
49C
330
C
100
AcDbEntity
8
0
100
AcDbLine
10
283.6
20
18.726
30
0
11
283.686
21
18.547
31
0
0
LINE
5
49D
330
C
100
AcDbEntity
8
0
100
AcDbLine
10
283.686
20
18.547
30
0
11
283.783
21
18.381
31
0
0
LINE
5
49E
330
C
100
AcDbEntity
8
0
100
AcDbLine
10
283.783
20
18.381
30
0
11
283.89
21
18.23
31
0
0
LINE
5
49F
330
C
100
AcDbEntity
8
0
100
AcDbLine
10
283.89
20
18.23
30
0
11
284.005
21
18.095
31
0
0
LINE
5
4A0
330
C
100
AcDbEntity
8
0
100
AcDbLine
10
284.005
20
18.095
30
0
11
284.13
21
17.976
31
0
0
LINE
5
4A1
330
C
100
AcDbEntity
8
0
100
AcDbLine
10
284.13
20
17.976
30
0
11
284.263
21
17.872
31
0
0
LINE
5
4A2
330
C
100
AcDbEntity
8
0
100
AcDbLine
10
284.263
20
17.872
30
0
11
284.406
21
17.785
31
0
0
LINE
5
4A3
330
C
100
AcDbEntity
8
0
100
AcDbLine
10
284.406
20
17.785
30
0
11
284.557
21
17.713
31
0
0
LINE
5
4A4
330
C
100
AcDbEntity
8
0
100
AcDbLine
10
284.557
20
17.713
30
0
11
284.718
21
17.658
31
0
0
LINE
5
4A5
330
C
100
AcDbEntity
8
0
100
AcDbLine
10
284.718
20
17.658
30
0
11
284.887
21
17.618
31
0
0
LINE
5
4A6
330
C
100
AcDbEntity
8
0
100
AcDbLine
10
284.887
20
17.618
30
0
11
285.066
21
17.594
31
0
0
LINE
5
4A7
330
C
100
AcDbEntity
8
0
100
AcDbLine
10
285.066
20
17.594
30
0
11
285.253
21
17.586
31
0
0
LINE
5
4A8
330
C
100
AcDbEntity
8
0
100
AcDbLine
10
285.253
20
17.586
30
0
11
285.253
21
17.586
31
0
0
LINE
5
4A9
330
C
100
AcDbEntity
8
0
100
AcDbLine
10
217.196
20
42
30
0
11
217.196
21
39
31
0
0
LINE
5
4AA
330
C
100
AcDbEntity
8
0
100
AcDbLine
10
217.196
20
39
30
0
11
223.699
21
39
31
0
0
LINE
5
4AB
330
C
100
AcDbEntity
8
0
100
AcDbLine
10
223.699
20
39
30
0
11
223.699
21
42
31
0
0
LINE
5
4AC
330
C
100
AcDbEntity
8
0
100
AcDbLine
10
223.699
20
42
30
0
11
232.699
21
42
31
0
0
LINE
5
4AD
330
C
100
AcDbEntity
8
0
100
AcDbLine
10
232.699
20
42
30
0
11
232.699
21
39
31
0
0
LINE
5
4AE
330
C
100
AcDbEntity
8
0
100
AcDbLine
10
232.699
20
39
30
0
11
241.699
21
39
31
0
0
LINE
5
4AF
330
C
100
AcDbEntity
8
0
100
AcDbLine
10
241.699
20
39
30
0
11
241.699
21
42
31
0
0
LINE
5
4B0
330
C
100
AcDbEntity
8
0
100
AcDbLine
10
241.699
20
42
30
0
11
250.699
21
42
31
0
0
LINE
5
4B1
330
C
100
AcDbEntity
8
0
100
AcDbLine
10
250.699
20
42
30
0
11
250.699
21
39
31
0
0
LINE
5
4B2
330
C
100
AcDbEntity
8
0
100
AcDbLine
10
250.699
20
39
30
0
11
259.699
21
39
31
0
0
LINE
5
4B3
330
C
100
AcDbEntity
8
0
100
AcDbLine
10
259.699
20
39
30
0
11
259.699
21
42
31
0
0
LINE
5
4B4
330
C
100
AcDbEntity
8
0
100
AcDbLine
10
259.699
20
42
30
0
11
268.699
21
42
31
0
0
LINE
5
4B5
330
C
100
AcDbEntity
8
0
100
AcDbLine
10
268.699
20
42
30
0
11
268.699
21
39
31
0
0
LINE
5
4B6
330
C
100
AcDbEntity
8
0
100
AcDbLine
10
268.699
20
39
30
0
11
277.699
21
39
31
0
0
LINE
5
4B7
330
C
100
AcDbEntity
8
0
100
AcDbLine
10
277.699
20
39
30
0
11
277.699
21
42
31
0
0
LINE
5
4B8
330
C
100
AcDbEntity
8
0
100
AcDbLine
10
277.699
20
42
30
0
11
286.699
21
42
31
0
0
LINE
5
4B9
330
C
100
AcDbEntity
8
0
100
AcDbLine
10
286.699
20
42
30
0
11
286.699
21
39
31
0
0
LINE
5
4BA
330
C
100
AcDbEntity
8
0
100
AcDbLine
10
286.699
20
39
30
0
11
295.699
21
39
31
0
0
LINE
5
4BB
330
C
100
AcDbEntity
8
0
100
AcDbLine
10
295.699
20
39
30
0
11
295.699
21
42
31
0
0
LINE
5
4BC
330
C
100
AcDbEntity
8
0
100
AcDbLine
10
295.699
20
42
30
0
11
304.699
21
42
31
0
0
LINE
5
4BD
330
C
100
AcDbEntity
8
0
100
AcDbLine
10
304.699
20
42
30
0
11
304.699
21
39
31
0
0
LINE
5
4BE
330
C
100
AcDbEntity
8
0
100
AcDbLine
10
304.699
20
39
30
0
11
313.699
21
39
31
0
0
LINE
5
4BF
330
C
100
AcDbEntity
8
0
100
AcDbLine
10
313.699
20
39
30
0
11
313.699
21
42
31
0
0
LINE
5
4C0
330
C
100
AcDbEntity
8
0
100
AcDbLine
10
313.699
20
42
30
0
11
322.699
21
42
31
0
0
LINE
5
4C1
330
C
100
AcDbEntity
8
0
100
AcDbLine
10
322.699
20
42
30
0
11
322.699
21
39
31
0
0
LINE
5
4C2
330
C
100
AcDbEntity
8
0
100
AcDbLine
10
322.699
20
39
30
0
11
329.202
21
39
31
0
0
LINE
5
4C3
330
C
100
AcDbEntity
8
0
100
AcDbLine
10
329.202
20
39
30
0
11
329.202
21
42
31
0
0
LINE
5
4C4
330
C
100
AcDbEntity
8
0
100
AcDbLine
10
329.202
20
42
30
0
11
329.202
21
43.5
31
0
0
LINE
5
4C5
330
C
100
AcDbEntity
8
0
100
AcDbLine
10
329.202
20
43.5
30
0
11
334.398
21
43.5
31
0
0
LINE
5
4C6
330
C
100
AcDbEntity
8
0
100
AcDbLine
10
334.398
20
43.5
30
0
11
334.398
21
52.5
31
0
0
LINE
5
4C7
330
C
100
AcDbEntity
8
0
100
AcDbLine
10
334.398
20
52.5
30
0
11
329.202
21
52.5
31
0
0
LINE
5
4C8
330
C
100
AcDbEntity
8
0
100
AcDbLine
10
329.202
20
52.5
30
0
11
329.202
21
61.5
31
0
0
LINE
5
4C9
330
C
100
AcDbEntity
8
0
100
AcDbLine
10
329.202
20
61.5
30
0
11
334.398
21
61.5
31
0
0
LINE
5
4CA
330
C
100
AcDbEntity
8
0
100
AcDbLine
10
334.398
20
61.5
30
0
11
334.398
21
70.5
31
0
0
LINE
5
4CB
330
C
100
AcDbEntity
8
0
100
AcDbLine
10
334.398
20
70.5
30
0
11
329.202
21
70.5
31
0
0
LINE
5
4CC
330
C
100
AcDbEntity
8
0
100
AcDbLine
10
329.202
20
70.5
30
0
11
329.202
21
72
31
0
0
LINE
5
4CD
330
C
100
AcDbEntity
8
0
100
AcDbLine
10
329.202
20
72
30
0
11
217.196
21
72
31
0
0
LINE
5
4CE
330
C
100
AcDbEntity
8
0
100
AcDbLine
10
217.196
20
72
30
0
11
212
21
72
31
0
0
LINE
5
4CF
330
C
100
AcDbEntity
8
0
100
AcDbLine
10
212
20
72
30
0
11
212
21
70.5
31
0
0
LINE
5
4D0
330
C
100
AcDbEntity
8
0
100
AcDbLine
10
212
20
70.5
30
0
11
217.196
21
70.5
31
0
0
LINE
5
4D1
330
C
100
AcDbEntity
8
0
100
AcDbLine
10
217.196
20
70.5
30
0
11
217.196
21
61.5
31
0
0
LINE
5
4D2
330
C
100
AcDbEntity
8
0
100
AcDbLine
10
217.196
20
61.5
30
0
11
212
21
61.5
31
0
0
LINE
5
4D3
330
C
100
AcDbEntity
8
0
100
AcDbLine
10
212
20
61.5
30
0
11
212
21
52.5
31
0
0
LINE
5
4D4
330
C
100
AcDbEntity
8
0
100
AcDbLine
10
212
20
52.5
30
0
11
217.196
21
52.5
31
0
0
LINE
5
4D5
330
C
100
AcDbEntity
8
0
100
AcDbLine
10
217.196
20
52.5
30
0
11
217.196
21
43.5
31
0
0
LINE
5
4D6
330
C
100
AcDbEntity
8
0
100
AcDbLine
10
217.196
20
43.5
30
0
11
212
21
43.5
31
0
0
LINE
5
4D7
330
C
100
AcDbEntity
8
0
100
AcDbLine
10
212
20
43.5
30
0
11
212
21
42
31
0
0
LINE
5
4D8
330
C
100
AcDbEntity
8
0
100
AcDbLine
10
212
20
42
30
0
11
217.196
21
42
31
0
0
LINE
5
4D9
330
C
100
AcDbEntity
8
0
100
AcDbLine
10
262.789
20
52.722
30
0
11
262.789
21
52.722
31
0
0
LINE
5
4DA
330
C
100
AcDbEntity
8
0
100
AcDbLine
10
262.789
20
52.722
30
0
11
262.639
21
52.725
31
0
0
LINE
5
4DB
330
C
100
AcDbEntity
8
0
100
AcDbLine
10
262.639
20
52.725
30
0
11
262.492
21
52.733
31
0
0
LINE
5
4DC
330
C
100
AcDbEntity
8
0
100
AcDbLine
10
262.492
20
52.733
30
0
11
262.347
21
52.747
31
0
0
LINE
5
4DD
330
C
100
AcDbEntity
8
0
100
AcDbLine
10
262.347
20
52.747
30
0
11
262.205
21
52.766
31
0
0
LINE
5
4DE
330
C
100
AcDbEntity
8
0
100
AcDbLine
10
262.205
20
52.766
30
0
11
262.065
21
52.79
31
0
0
LINE
5
4DF
330
C
100
AcDbEntity
8
0
100
AcDbLine
10
262.065
20
52.79
30
0
11
261.927
21
52.82
31
0
0
LINE
5
4E0
330
C
100
AcDbEntity
8
0
100
AcDbLine
10
261.927
20
52.82
30
0
11
261.793
21
52.856
31
0
0
LINE
5
4E1
330
C
100
AcDbEntity
8
0
100
AcDbLine
10
261.793
20
52.856
30
0
11
261.66
21
52.897
31
0
0
LINE
5
4E2
330
C
100
AcDbEntity
8
0
100
AcDbLine
10
261.66
20
52.897
30
0
11
261.53
21
52.943
31
0
0
LINE
5
4E3
330
C
100
AcDbEntity
8
0
100
AcDbLine
10
261.53
20
52.943
30
0
11
261.403
21
52.995
31
0
0
LINE
5
4E4
330
C
100
AcDbEntity
8
0
100
AcDbLine
10
261.403
20
52.995
30
0
11
261.28
21
53.052
31
0
0
LINE
5
4E5
330
C
100
AcDbEntity
8
0
100
AcDbLine
10
261.28
20
53.052
30
0
11
261.161
21
53.115
31
0
0
LINE
5
4E6
330
C
100
AcDbEntity
8
0
100
AcDbLine
10
261.161
20
53.115
30
0
11
261.047
21
53.182
31
0
0
LINE
5
4E7
330
C
100
AcDbEntity
8
0
100
AcDbLine
10
261.047
20
53.182
30
0
11
260.939
21
53.255
31
0
0
LINE
5
4E8
330
C
100
AcDbEntity
8
0
100
AcDbLine
10
260.939
20
53.255
30
0
11
260.835
21
53.333
31
0
0
LINE
5
4E9
330
C
100
AcDbEntity
8
0
100
AcDbLine
10
260.835
20
53.333
30
0
11
260.736
21
53.417
31
0
0
LINE
5
4EA
330
C
100
AcDbEntity
8
0
100
AcDbLine
10
260.736
20
53.417
30
0
11
260.642
21
53.505
31
0
0
LINE
5
4EB
330
C
100
AcDbEntity
8
0
100
AcDbLine
10
260.642
20
53.505
30
0
11
260.553
21
53.599
31
0
0
LINE
5
4EC
330
C
100
AcDbEntity
8
0
100
AcDbLine
10
260.553
20
53.599
30
0
11
260.468
21
53.698
31
0
0
LINE
5
4ED
330
C
100
AcDbEntity
8
0
100
AcDbLine
10
260.468
20
53.698
30
0
11
260.389
21
53.802
31
0
0
LINE
5
4EE
330
C
100
AcDbEntity
8
0
100
AcDbLine
10
260.389
20
53.802
30
0
11
260.316
21
53.911
31
0
0
LINE
5
4EF
330
C
100
AcDbEntity
8
0
100
AcDbLine
10
260.316
20
53.911
30
0
11
260.25
21
54.026
31
0
0
LINE
5
4F0
330
C
100
AcDbEntity
8
0
100
AcDbLine
10
260.25
20
54.026
30
0
11
260.192
21
54.145
31
0
0
LINE
5
4F1
330
C
100
AcDbEntity
8
0
100
AcDbLine
10
260.192
20
54.145
30
0
11
260.142
21
54.27
31
0
0
LINE
5
4F2
330
C
100
AcDbEntity
8
0
100
AcDbLine
10
260.142
20
54.27
30
0
11
260.098
21
54.399
31
0
0
LINE
5
4F3
330
C
100
AcDbEntity
8
0
100
AcDbLine
10
260.098
20
54.399
30
0
11
260.062
21
54.534
31
0
0
LINE
5
4F4
330
C
100
AcDbEntity
8
0
100
AcDbLine
10
260.062
20
54.534
30
0
11
260.034
21
54.673
31
0
0
LINE
5
4F5
330
C
100
AcDbEntity
8
0
100
AcDbLine
10
260.034
20
54.673
30
0
11
260.013
21
54.818
31
0
0
LINE
5
4F6
330
C
100
AcDbEntity
8
0
100
AcDbLine
10
260.013
20
54.818
30
0
11
259.999
21
54.967
31
0
0
LINE
5
4F7
330
C
100
AcDbEntity
8
0
100
AcDbLine
10
259.999
20
54.967
30
0
11
259.993
21
55.122
31
0
0
LINE
5
4F8
330
C
100
AcDbEntity
8
0
100
AcDbLine
10
259.993
20
55.122
30
0
11
259.993
21
55.122
31
0
0
LINE
5
4F9
330
C
100
AcDbEntity
8
0
100
AcDbLine
10
259.993
20
55.122
30
0
11
260.905
21
55.122
31
0
0
LINE
5
4FA
330
C
100
AcDbEntity
8
0
100
AcDbLine
10
260.905
20
55.122
30
0
11
260.908
21
55.018
31
0
0
LINE
5
4FB
330
C
100
AcDbEntity
8
0
100
AcDbLine
10
260.908
20
55.018
30
0
11
260.916
21
54.918
31
0
0
LINE
5
4FC
330
C
100
AcDbEntity
8
0
100
AcDbLine
10
260.916
20
54.918
30
0
11
260.928
21
54.822
31
0
0
LINE
5
4FD
330
C
100
AcDbEntity
8
0
100
AcDbLine
10
260.928
20
54.822
30
0
11
260.946
21
54.73
31
0
0
LINE
5
4FE
330
C
100
AcDbEntity
8
0
100
AcDbLine
10
260.946
20
54.73
30
0
11
260.97
21
54.641
31
0
0
LINE
5
4FF
330
C
100
AcDbEntity
8
0
100
AcDbLine
10
260.97
20
54.641
30
0
11
260.998
21
54.556
31
0
0
LINE
5
500
330
C
100
AcDbEntity
8
0
100
AcDbLine
10
260.998
20
54.556
30
0
11
261.032
21
54.475
31
0
0
LINE
5
501
330
C
100
AcDbEntity
8
0
100
AcDbLine
10
261.032
20
54.475
30
0
11
261.07
21
54.398
31
0
0
LINE
5
502
330
C
100
AcDbEntity
8
0
100
AcDbLine
10
261.07
20
54.398
30
0
11
261.114
21
54.325
31
0
0
LINE
5
503
330
C
100
AcDbEntity
8
0
100
AcDbLine
10
261.114
20
54.325
30
0
11
261.163
21
54.255
31
0
0
LINE
5
504
330
C
100
AcDbEntity
8
0
100
AcDbLine
10
261.163
20
54.255
30
0
11
261.216
21
54.189
31
0
0
LINE
5
505
330
C
100
AcDbEntity
8
0
100
AcDbLine
10
261.216
20
54.189
30
0
11
261.273
21
54.126
31
0
0
LINE
5
506
330
C
100
AcDbEntity
8
0
100
AcDbLine
10
261.273
20
54.126
30
0
11
261.333
21
54.067
31
0
0
LINE
5
507
330
C
100
AcDbEntity
8
0
100
AcDbLine
10
261.333
20
54.067
30
0
11
261.396
21
54.012
31
0
0
LINE
5
508
330
C
100
AcDbEntity
8
0
100
AcDbLine
10
261.396
20
54.012
30
0
11
261.463
21
53.959
31
0
0
LINE
5
509
330
C
100
AcDbEntity
8
0
100
AcDbLine
10
261.463
20
53.959
30
0
11
261.533
21
53.911
31
0
0
LINE
5
50A
330
C
100
AcDbEntity
8
0
100
AcDbLine
10
261.533
20
53.911
30
0
11
261.607
21
53.866
31
0
0
LINE
5
50B
330
C
100
AcDbEntity
8
0
100
AcDbLine
10
261.607
20
53.866
30
0
11
261.684
21
53.824
31
0
0
LINE
5
50C
330
C
100
AcDbEntity
8
0
100
AcDbLine
10
261.684
20
53.824
30
0
11
261.764
21
53.786
31
0
0
LINE
5
50D
330
C
100
AcDbEntity
8
0
100
AcDbLine
10
261.764
20
53.786
30
0
11
261.847
21
53.751
31
0
0
LINE
5
50E
330
C
100
AcDbEntity
8
0
100
AcDbLine
10
261.847
20
53.751
30
0
11
261.933
21
53.72
31
0
0
LINE
5
50F
330
C
100
AcDbEntity
8
0
100
AcDbLine
10
261.933
20
53.72
30
0
11
262.021
21
53.692
31
0
0
LINE
5
510
330
C
100
AcDbEntity
8
0
100
AcDbLine
10
262.021
20
53.692
30
0
11
262.11
21
53.667
31
0
0
LINE
5
511
330
C
100
AcDbEntity
8
0
100
AcDbLine
10
262.11
20
53.667
30
0
11
262.2
21
53.645
31
0
0
LINE
5
512
330
C
100
AcDbEntity
8
0
100
AcDbLine
10
262.2
20
53.645
30
0
11
262.293
21
53.627
31
0
0
LINE
5
513
330
C
100
AcDbEntity
8
0
100
AcDbLine
10
262.293
20
53.627
30
0
11
262.386
21
53.612
31
0
0
LINE
5
514
330
C
100
AcDbEntity
8
0
100
AcDbLine
10
262.386
20
53.612
30
0
11
262.482
21
53.601
31
0
0
LINE
5
515
330
C
100
AcDbEntity
8
0
100
AcDbLine
10
262.482
20
53.601
30
0
11
262.579
21
53.593
31
0
0
LINE
5
516
330
C
100
AcDbEntity
8
0
100
AcDbLine
10
262.579
20
53.593
30
0
11
262.677
21
53.588
31
0
0
LINE
5
517
330
C
100
AcDbEntity
8
0
100
AcDbLine
10
262.677
20
53.588
30
0
11
262.777
21
53.586
31
0
0
LINE
5
518
330
C
100
AcDbEntity
8
0
100
AcDbLine
10
262.777
20
53.586
30
0
11
262.777
21
53.586
31
0
0
LINE
5
519
330
C
100
AcDbEntity
8
0
100
AcDbLine
10
262.777
20
53.586
30
0
11
262.885
21
53.588
31
0
0
LINE
5
51A
330
C
100
AcDbEntity
8
0
100
AcDbLine
10
262.885
20
53.588
30
0
11
262.99
21
53.593
31
0
0
LINE
5
51B
330
C
100
AcDbEntity
8
0
100
AcDbLine
10
262.99
20
53.593
30
0
11
263.092
21
53.602
31
0
0
LINE
5
51C
330
C
100
AcDbEntity
8
0
100
AcDbLine
10
263.092
20
53.602
30
0
11
263.191
21
53.614
31
0
0
LINE
5
51D
330
C
100
AcDbEntity
8
0
100
AcDbLine
10
263.191
20
53.614
30
0
11
263.287
21
53.63
31
0
0
LINE
5
51E
330
C
100
AcDbEntity
8
0
100
AcDbLine
10
263.287
20
53.63
30
0
11
263.381
21
53.649
31
0
0
LINE
5
51F
330
C
100
AcDbEntity
8
0
100
AcDbLine
10
263.381
20
53.649
30
0
11
263.471
21
53.671
31
0
0
LINE
5
520
330
C
100
AcDbEntity
8
0
100
AcDbLine
10
263.471
20
53.671
30
0
11
263.559
21
53.697
31
0
0
LINE
5
521
330
C
100
AcDbEntity
8
0
100
AcDbLine
10
263.559
20
53.697
30
0
11
263.643
21
53.727
31
0
0
LINE
5
522
330
C
100
AcDbEntity
8
0
100
AcDbLine
10
263.643
20
53.727
30
0
11
263.725
21
53.76
31
0
0
LINE
5
523
330
C
100
AcDbEntity
8
0
100
AcDbLine
10
263.725
20
53.76
30
0
11
263.804
21
53.796
31
0
0
LINE
5
524
330
C
100
AcDbEntity
8
0
100
AcDbLine
10
263.804
20
53.796
30
0
11
263.879
21
53.834
31
0
0
LINE
5
525
330
C
100
AcDbEntity
8
0
100
AcDbLine
10
263.879
20
53.834
30
0
11
263.95
21
53.874
31
0
0
LINE
5
526
330
C
100
AcDbEntity
8
0
100
AcDbLine
10
263.95
20
53.874
30
0
11
264.018
21
53.917
31
0
0
LINE
5
527
330
C
100
AcDbEntity
8
0
100
AcDbLine
10
264.018
20
53.917
30
0
11
264.081
21
53.962
31
0
0
LINE
5
528
330
C
100
AcDbEntity
8
0
100
AcDbLine
10
264.081
20
53.962
30
0
11
264.142
21
54.009
31
0
0
LINE
5
529
330
C
100
AcDbEntity
8
0
100
AcDbLine
10
264.142
20
54.009
30
0
11
264.198
21
54.058
31
0
0
LINE
5
52A
330
C
100
AcDbEntity
8
0
100
AcDbLine
10
264.198
20
54.058
30
0
11
264.251
21
54.109
31
0
0
LINE
5
52B
330
C
100
AcDbEntity
8
0
100
AcDbLine
10
264.251
20
54.109
30
0
11
264.301
21
54.163
31
0
0
LINE
5
52C
330
C
100
AcDbEntity
8
0
100
AcDbLine
10
264.301
20
54.163
30
0
11
264.346
21
54.219
31
0
0
LINE
5
52D
330
C
100
AcDbEntity
8
0
100
AcDbLine
10
264.346
20
54.219
30
0
11
264.388
21
54.277
31
0
0
LINE
5
52E
330
C
100
AcDbEntity
8
0
100
AcDbLine
10
264.388
20
54.277
30
0
11
264.425
21
54.335
31
0
0
LINE
5
52F
330
C
100
AcDbEntity
8
0
100
AcDbLine
10
264.425
20
54.335
30
0
11
264.458
21
54.395
31
0
0
LINE
5
530
330
C
100
AcDbEntity
8
0
100
AcDbLine
10
264.458
20
54.395
30
0
11
264.486
21
54.456
31
0
0
LINE
5
531
330
C
100
AcDbEntity
8
0
100
AcDbLine
10
264.486
20
54.456
30
0
11
264.51
21
54.518
31
0
0
LINE
5
532
330
C
100
AcDbEntity
8
0
100
AcDbLine
10
264.51
20
54.518
30
0
11
264.53
21
54.582
31
0
0
LINE
5
533
330
C
100
AcDbEntity
8
0
100
AcDbLine
10
264.53
20
54.582
30
0
11
264.546
21
54.646
31
0
0
LINE
5
534
330
C
100
AcDbEntity
8
0
100
AcDbLine
10
264.546
20
54.646
30
0
11
264.556
21
54.711
31
0
0
LINE
5
535
330
C
100
AcDbEntity
8
0
100
AcDbLine
10
264.556
20
54.711
30
0
11
264.563
21
54.778
31
0
0
LINE
5
536
330
C
100
AcDbEntity
8
0
100
AcDbLine
10
264.563
20
54.778
30
0
11
264.565
21
54.846
31
0
0
LINE
5
537
330
C
100
AcDbEntity
8
0
100
AcDbLine
10
264.565
20
54.846
30
0
11
264.565
21
54.846
31
0
0
LINE
5
538
330
C
100
AcDbEntity
8
0
100
AcDbLine
10
264.565
20
54.846
30
0
11
264.562
21
54.94
31
0
0
LINE
5
539
330
C
100
AcDbEntity
8
0
100
AcDbLine
10
264.562
20
54.94
30
0
11
264.553
21
55.031
31
0
0
LINE
5
53A
330
C
100
AcDbEntity
8
0
100
AcDbLine
10
264.553
20
55.031
30
0
11
264.539
21
55.118
31
0
0
LINE
5
53B
330
C
100
AcDbEntity
8
0
100
AcDbLine
10
264.539
20
55.118
30
0
11
264.518
21
55.201
31
0
0
LINE
5
53C
330
C
100
AcDbEntity
8
0
100
AcDbLine
10
264.518
20
55.201
30
0
11
264.492
21
55.28
31
0
0
LINE
5
53D
330
C
100
AcDbEntity
8
0
100
AcDbLine
10
264.492
20
55.28
30
0
11
264.459
21
55.356
31
0
0
LINE
5
53E
330
C
100
AcDbEntity
8
0
100
AcDbLine
10
264.459
20
55.356
30
0
11
264.421
21
55.428
31
0
0
LINE
5
53F
330
C
100
AcDbEntity
8
0
100
AcDbLine
10
264.421
20
55.428
30
0
11
264.377
21
55.497
31
0
0
LINE
5
540
330
C
100
AcDbEntity
8
0
100
AcDbLine
10
264.377
20
55.497
30
0
11
264.327
21
55.562
31
0
0
LINE
5
541
330
C
100
AcDbEntity
8
0
100
AcDbLine
10
264.327
20
55.562
30
0
11
264.271
21
55.623
31
0
0
LINE
5
542
330
C
100
AcDbEntity
8
0
100
AcDbLine
10
264.271
20
55.623
30
0
11
264.21
21
55.681
31
0
0
LINE
5
543
330
C
100
AcDbEntity
8
0
100
AcDbLine
10
264.21
20
55.681
30
0
11
264.142
21
55.737
31
0
0
LINE
5
544
330
C
100
AcDbEntity
8
0
100
AcDbLine
10
264.142
20
55.737
30
0
11
264.069
21
55.791
31
0
0
LINE
5
545
330
C
100
AcDbEntity
8
0
100
AcDbLine
10
264.069
20
55.791
30
0
11
263.991
21
55.843
31
0
0
LINE
5
546
330
C
100
AcDbEntity
8
0
100
AcDbLine
10
263.991
20
55.843
30
0
11
263.907
21
55.892
31
0
0
LINE
5
547
330
C
100
AcDbEntity
8
0
100
AcDbLine
10
263.907
20
55.892
30
0
11
263.817
21
55.939
31
0
0
LINE
5
548
330
C
100
AcDbEntity
8
0
100
AcDbLine
10
263.817
20
55.939
30
0
11
263.721
21
55.984
31
0
0
LINE
5
549
330
C
100
AcDbEntity
8
0
100
AcDbLine
10
263.721
20
55.984
30
0
11
263.62
21
56.027
31
0
0
LINE
5
54A
330
C
100
AcDbEntity
8
0
100
AcDbLine
10
263.62
20
56.027
30
0
11
263.514
21
56.068
31
0
0
LINE
5
54B
330
C
100
AcDbEntity
8
0
100
AcDbLine
10
263.514
20
56.068
30
0
11
263.401
21
56.106
31
0
0
LINE
5
54C
330
C
100
AcDbEntity
8
0
100
AcDbLine
10
263.401
20
56.106
30
0
11
263.401
21
56.106
31
0
0
LINE
5
54D
330
C
100
AcDbEntity
8
0
100
AcDbLine
10
263.401
20
56.106
30
0
11
262.069
21
56.574
31
0
0
LINE
5
54E
330
C
100
AcDbEntity
8
0
100
AcDbLine
10
262.069
20
56.574
30
0
11
261.887
21
56.642
31
0
0
LINE
5
54F
330
C
100
AcDbEntity
8
0
100
AcDbLine
10
261.887
20
56.642
30
0
11
261.713
21
56.712
31
0
0
LINE
5
550
330
C
100
AcDbEntity
8
0
100
AcDbLine
10
261.713
20
56.712
30
0
11
261.549
21
56.784
31
0
0
LINE
5
551
330
C
100
AcDbEntity
8
0
100
AcDbLine
10
261.549
20
56.784
30
0
11
261.393
21
56.858
31
0
0
LINE
5
552
330
C
100
AcDbEntity
8
0
100
AcDbLine
10
261.393
20
56.858
30
0
11
261.247
21
56.934
31
0
0
LINE
5
553
330
C
100
AcDbEntity
8
0
100
AcDbLine
10
261.247
20
56.934
30
0
11
261.11
21
57.012
31
0
0
LINE
5
554
330
C
100
AcDbEntity
8
0
100
AcDbLine
10
261.11
20
57.012
30
0
11
260.982
21
57.091
31
0
0
LINE
5
555
330
C
100
AcDbEntity
8
0
100
AcDbLine
10
260.982
20
57.091
30
0
11
260.863
21
57.173
31
0
0
LINE
5
556
330
C
100
AcDbEntity
8
0
100
AcDbLine
10
260.863
20
57.173
30
0
11
260.754
21
57.257
31
0
0
LINE
5
557
330
C
100
AcDbEntity
8
0
100
AcDbLine
10
260.754
20
57.257
30
0
11
260.653
21
57.342
31
0
0
LINE
5
558
330
C
100
AcDbEntity
8
0
100
AcDbLine
10
260.653
20
57.342
30
0
11
260.562
21
57.432
31
0
0
LINE
5
559
330
C
100
AcDbEntity
8
0
100
AcDbLine
10
260.562
20
57.432
30
0
11
260.48
21
57.529
31
0
0
LINE
5
55A
330
C
100
AcDbEntity
8
0
100
AcDbLine
10
260.48
20
57.529
30
0
11
260.408
21
57.633
31
0
0
LINE
5
55B
330
C
100
AcDbEntity
8
0
100
AcDbLine
10
260.408
20
57.633
30
0
11
260.346
21
57.743
31
0
0
LINE
5
55C
330
C
100
AcDbEntity
8
0
100
AcDbLine
10
260.346
20
57.743
30
0
11
260.293
21
57.861
31
0
0
LINE
5
55D
330
C
100
AcDbEntity
8
0
100
AcDbLine
10
260.293
20
57.861
30
0
11
260.25
21
57.986
31
0
0
LINE
5
55E
330
C
100
AcDbEntity
8
0
100
AcDbLine
10
260.25
20
57.986
30
0
11
260.216
21
58.117
31
0
0
LINE
5
55F
330
C
100
AcDbEntity
8
0
100
AcDbLine
10
260.216
20
58.117
30
0
11
260.192
21
58.256
31
0
0
LINE
5
560
330
C
100
AcDbEntity
8
0
100
AcDbLine
10
260.192
20
58.256
30
0
11
260.178
21
58.401
31
0
0
LINE
5
561
330
C
100
AcDbEntity
8
0
100
AcDbLine
10
260.178
20
58.401
30
0
11
260.173
21
58.554
31
0
0
LINE
5
562
330
C
100
AcDbEntity
8
0
100
AcDbLine
10
260.173
20
58.554
30
0
11
260.173
21
58.554
31
0
0
LINE
5
563
330
C
100
AcDbEntity
8
0
100
AcDbLine
10
260.173
20
58.554
30
0
11
260.18
21
58.726
31
0
0
LINE
5
564
330
C
100
AcDbEntity
8
0
100
AcDbLine
10
260.18
20
58.726
30
0
11
260.2
21
58.891
31
0
0
LINE
5
565
330
C
100
AcDbEntity
8
0
100
AcDbLine
10
260.2
20
58.891
30
0
11
260.234
21
59.05
31
0
0
LINE
5
566
330
C
100
AcDbEntity
8
0
100
AcDbLine
10
260.234
20
59.05
30
0
11
260.281
21
59.203
31
0
0
LINE
5
567
330
C
100
AcDbEntity
8
0
100
AcDbLine
10
260.281
20
59.203
30
0
11
260.342
21
59.349
31
0
0
LINE
5
568
330
C
100
AcDbEntity
8
0
100
AcDbLine
10
260.342
20
59.349
30
0
11
260.416
21
59.489
31
0
0
LINE
5
569
330
C
100
AcDbEntity
8
0
100
AcDbLine
10
260.416
20
59.489
30
0
11
260.504
21
59.622
31
0
0
LINE
5
56A
330
C
100
AcDbEntity
8
0
100
AcDbLine
10
260.504
20
59.622
30
0
11
260.605
21
59.748
31
0
0
LINE
5
56B
330
C
100
AcDbEntity
8
0
100
AcDbLine
10
260.605
20
59.748
30
0
11
260.72
21
59.868
31
0
0
LINE
5
56C
330
C
100
AcDbEntity
8
0
100
AcDbLine
10
260.72
20
59.868
30
0
11
260.848
21
59.982
31
0
0
LINE
5
56D
330
C
100
AcDbEntity
8
0
100
AcDbLine
10
260.848
20
59.982
30
0
11
260.989
21
60.087
31
0
0
LINE
5
56E
330
C
100
AcDbEntity
8
0
100
AcDbLine
10
260.989
20
60.087
30
0
11
261.141
21
60.181
31
0
0
LINE
5
56F
330
C
100
AcDbEntity
8
0
100
AcDbLine
10
261.141
20
60.181
30
0
11
261.304
21
60.264
31
0
0
LINE
5
570
330
C
100
AcDbEntity
8
0
100
AcDbLine
10
261.304
20
60.264
30
0
11
261.479
21
60.335
31
0
0
LINE
5
571
330
C
100
AcDbEntity
8
0
100
AcDbLine
10
261.479
20
60.335
30
0
11
261.665
21
60.396
31
0
0
LINE
5
572
330
C
100
AcDbEntity
8
0
100
AcDbLine
10
261.665
20
60.396
30
0
11
261.862
21
60.446
31
0
0
LINE
5
573
330
C
100
AcDbEntity
8
0
100
AcDbLine
10
261.862
20
60.446
30
0
11
262.071
21
60.484
31
0
0
LINE
5
574
330
C
100
AcDbEntity
8
0
100
AcDbLine
10
262.071
20
60.484
30
0
11
262.291
21
60.512
31
0
0
LINE
5
575
330
C
100
AcDbEntity
8
0
100
AcDbLine
10
262.291
20
60.512
30
0
11
262.522
21
60.528
31
0
0
LINE
5
576
330
C
100
AcDbEntity
8
0
100
AcDbLine
10
262.522
20
60.528
30
0
11
262.765
21
60.534
31
0
0
LINE
5
577
330
C
100
AcDbEntity
8
0
100
AcDbLine
10
262.765
20
60.534
30
0
11
262.765
21
60.534
31
0
0
LINE
5
578
330
C
100
AcDbEntity
8
0
100
AcDbLine
10
262.765
20
60.534
30
0
11
262.991
21
60.529
31
0
0
LINE
5
579
330
C
100
AcDbEntity
8
0
100
AcDbLine
10
262.991
20
60.529
30
0
11
263.206
21
60.513
31
0
0
LINE
5
57A
330
C
100
AcDbEntity
8
0
100
AcDbLine
10
263.206
20
60.513
30
0
11
263.411
21
60.486
31
0
0
LINE
5
57B
330
C
100
AcDbEntity
8
0
100
AcDbLine
10
263.411
20
60.486
30
0
11
263.606
21
60.449
31
0
0
LINE
5
57C
330
C
100
AcDbEntity
8
0
100
AcDbLine
10
263.606
20
60.449
30
0
11
263.791
21
60.401
31
0
0
LINE
5
57D
330
C
100
AcDbEntity
8
0
100
AcDbLine
10
263.791
20
60.401
30
0
11
263.966
21
60.343
31
0
0
LINE
5
57E
330
C
100
AcDbEntity
8
0
100
AcDbLine
10
263.966
20
60.343
30
0
11
264.131
21
60.274
31
0
0
LINE
5
57F
330
C
100
AcDbEntity
8
0
100
AcDbLine
10
264.131
20
60.274
30
0
11
264.286
21
60.194
31
0
0
LINE
5
580
330
C
100
AcDbEntity
8
0
100
AcDbLine
10
264.286
20
60.194
30
0
11
264.431
21
60.104
31
0
0
LINE
5
581
330
C
100
AcDbEntity
8
0
100
AcDbLine
10
264.431
20
60.104
30
0
11
264.565
21
60.003
31
0
0
LINE
5
582
330
C
100
AcDbEntity
8
0
100
AcDbLine
10
264.565
20
60.003
30
0
11
264.689
21
59.893
31
0
0
LINE
5
583
330
C
100
AcDbEntity
8
0
100
AcDbLine
10
264.689
20
59.893
30
0
11
264.802
21
59.776
31
0
0
LINE
5
584
330
C
100
AcDbEntity
8
0
100
AcDbLine
10
264.802
20
59.776
30
0
11
264.904
21
59.652
31
0
0
LINE
5
585
330
C
100
AcDbEntity
8
0
100
AcDbLine
10
264.904
20
59.652
30
0
11
264.995
21
59.52
31
0
0
LINE
5
586
330
C
100
AcDbEntity
8
0
100
AcDbLine
10
264.995
20
59.52
30
0
11
265.075
21
59.381
31
0
0
LINE
5
587
330
C
100
AcDbEntity
8
0
100
AcDbLine
10
265.075
20
59.381
30
0
11
265.144
21
59.235
31
0
0
LINE
5
588
330
C
100
AcDbEntity
8
0
100
AcDbLine
10
265.144
20
59.235
30
0
11
265.202
21
59.082
31
0
0
LINE
5
589
330
C
100
AcDbEntity
8
0
100
AcDbLine
10
265.202
20
59.082
30
0
11
265.249
21
58.921
31
0
0
LINE
5
58A
330
C
100
AcDbEntity
8
0
100
AcDbLine
10
265.249
20
58.921
30
0
11
265.284
21
58.753
31
0
0
LINE
5
58B
330
C
100
AcDbEntity
8
0
100
AcDbLine
10
265.284
20
58.753
30
0
11
265.309
21
58.578
31
0
0
LINE
5
58C
330
C
100
AcDbEntity
8
0
100
AcDbLine
10
265.309
20
58.578
30
0
11
265.309
21
58.578
31
0
0
LINE
5
58D
330
C
100
AcDbEntity
8
0
100
AcDbLine
10
265.309
20
58.578
30
0
11
264.385
21
58.578
31
0
0
LINE
5
58E
330
C
100
AcDbEntity
8
0
100
AcDbLine
10
264.385
20
58.578
30
0
11
264.364
21
58.68
31
0
0
LINE
5
58F
330
C
100
AcDbEntity
8
0
100
AcDbLine
10
264.364
20
58.68
30
0
11
264.337
21
58.778
31
0
0
LINE
5
590
330
C
100
AcDbEntity
8
0
100
AcDbLine
10
264.337
20
58.778
30
0
11
264.303
21
58.87
31
0
0
LINE
5
591
330
C
100
AcDbEntity
8
0
100
AcDbLine
10
264.303
20
58.87
30
0
11
264.264
21
58.959
31
0
0
LINE
5
592
330
C
100
AcDbEntity
8
0
100
AcDbLine
10
264.264
20
58.959
30
0
11
264.218
21
59.042
31
0
0
LINE
5
593
330
C
100
AcDbEntity
8
0
100
AcDbLine
10
264.218
20
59.042
30
0
11
264.166
21
59.121
31
0
0
LINE
5
594
330
C
100
AcDbEntity
8
0
100
AcDbLine
10
264.166
20
59.121
30
0
11
264.108
21
59.196
31
0
0
LINE
5
595
330
C
100
AcDbEntity
8
0
100
AcDbLine
10
264.108
20
59.196
30
0
11
264.043
21
59.265
31
0
0
LINE
5
596
330
C
100
AcDbEntity
8
0
100
AcDbLine
10
264.043
20
59.265
30
0
11
263.973
21
59.33
31
0
0
LINE
5
597
330
C
100
AcDbEntity
8
0
100
AcDbLine
10
263.973
20
59.33
30
0
11
263.896
21
59.391
31
0
0
LINE
5
598
330
C
100
AcDbEntity
8
0
100
AcDbLine
10
263.896
20
59.391
30
0
11
263.813
21
59.446
31
0
0
LINE
5
599
330
C
100
AcDbEntity
8
0
100
AcDbLine
10
263.813
20
59.446
30
0
11
263.723
21
59.496
31
0
0
LINE
5
59A
330
C
100
AcDbEntity
8
0
100
AcDbLine
10
263.723
20
59.496
30
0
11
263.627
21
59.539
31
0
0
LINE
5
59B
330
C
100
AcDbEntity
8
0
100
AcDbLine
10
263.627
20
59.539
30
0
11
263.524
21
59.577
31
0
0
LINE
5
59C
330
C
100
AcDbEntity
8
0
100
AcDbLine
10
263.524
20
59.577
30
0
11
263.414
21
59.609
31
0
0
LINE
5
59D
330
C
100
AcDbEntity
8
0
100
AcDbLine
10
263.414
20
59.609
30
0
11
263.298
21
59.635
31
0
0
LINE
5
59E
330
C
100
AcDbEntity
8
0
100
AcDbLine
10
263.298
20
59.635
30
0
11
263.174
21
59.656
31
0
0
LINE
5
59F
330
C
100
AcDbEntity
8
0
100
AcDbLine
10
263.174
20
59.656
30
0
11
263.045
21
59.67
31
0
0
LINE
5
5A0
330
C
100
AcDbEntity
8
0
100
AcDbLine
10
263.045
20
59.67
30
0
11
262.908
21
59.679
31
0
0
LINE
5
5A1
330
C
100
AcDbEntity
8
0
100
AcDbLine
10
262.908
20
59.679
30
0
11
262.765
21
59.682
31
0
0
LINE
5
5A2
330
C
100
AcDbEntity
8
0
100
AcDbLine
10
262.765
20
59.682
30
0
11
262.765
21
59.682
31
0
0
LINE
5
5A3
330
C
100
AcDbEntity
8
0
100
AcDbLine
10
262.765
20
59.682
30
0
11
262.62
21
59.679
31
0
0
LINE
5
5A4
330
C
100
AcDbEntity
8
0
100
AcDbLine
10
262.62
20
59.679
30
0
11
262.481
21
59.669
31
0
0
LINE
5
5A5
330
C
100
AcDbEntity
8
0
100
AcDbLine
10
262.481
20
59.669
30
0
11
262.349
21
59.652
31
0
0
LINE
5
5A6
330
C
100
AcDbEntity
8
0
100
AcDbLine
10
262.349
20
59.652
30
0
11
262.223
21
59.629
31
0
0
LINE
5
5A7
330
C
100
AcDbEntity
8
0
100
AcDbLine
10
262.223
20
59.629
30
0
11
262.104
21
59.599
31
0
0
LINE
5
5A8
330
C
100
AcDbEntity
8
0
100
AcDbLine
10
262.104
20
59.599
30
0
11
261.991
21
59.563
31
0
0
LINE
5
5A9
330
C
100
AcDbEntity
8
0
100
AcDbLine
10
261.991
20
59.563
30
0
11
261.885
21
59.52
31
0
0
LINE
5
5AA
330
C
100
AcDbEntity
8
0
100
AcDbLine
10
261.885
20
59.52
30
0
11
261.786
21
59.471
31
0
0
LINE
5
5AB
330
C
100
AcDbEntity
8
0
100
AcDbLine
10
261.786
20
59.471
30
0
11
261.693
21
59.415
31
0
0
LINE
5
5AC
330
C
100
AcDbEntity
8
0
100
AcDbLine
10
261.693
20
59.415
30
0
11
261.607
21
59.352
31
0
0
LINE
5
5AD
330
C
100
AcDbEntity
8
0
100
AcDbLine
10
261.607
20
59.352
30
0
11
261.529
21
59.284
31
0
0
LINE
5
5AE
330
C
100
AcDbEntity
8
0
100
AcDbLine
10
261.529
20
59.284
30
0
11
261.458
21
59.213
31
0
0
LINE
5
5AF
330
C
100
AcDbEntity
8
0
100
AcDbLine
10
261.458
20
59.213
30
0
11
261.396
21
59.138
31
0
0
LINE
5
5B0
330
C
100
AcDbEntity
8
0
100
AcDbLine
10
261.396
20
59.138
30
0
11
261.342
21
59.06
31
0
0
LINE
5
5B1
330
C
100
AcDbEntity
8
0
100
AcDbLine
10
261.342
20
59.06
30
0
11
261.297
21
58.978
31
0
0
LINE
5
5B2
330
C
100
AcDbEntity
8
0
100
AcDbLine
10
261.297
20
58.978
30
0
11
261.259
21
58.893
31
0
0
LINE
5
5B3
330
C
100
AcDbEntity
8
0
100
AcDbLine
10
261.259
20
58.893
30
0
11
261.23
21
58.805
31
0
0
LINE
5
5B4
330
C
100
AcDbEntity
8
0
100
AcDbLine
10
261.23
20
58.805
30
0
11
261.21
21
58.713
31
0
0
LINE
5
5B5
330
C
100
AcDbEntity
8
0
100
AcDbLine
10
261.21
20
58.713
30
0
11
261.197
21
58.617
31
0
0
LINE
5
5B6
330
C
100
AcDbEntity
8
0
100
AcDbLine
10
261.197
20
58.617
30
0
11
261.193
21
58.518
31
0
0
LINE
5
5B7
330
C
100
AcDbEntity
8
0
100
AcDbLine
10
261.193
20
58.518
30
0
11
261.193
21
58.518
31
0
0
LINE
5
5B8
330
C
100
AcDbEntity
8
0
100
AcDbLine
10
261.193
20
58.518
30
0
11
261.196
21
58.437
31
0
0
LINE
5
5B9
330
C
100
AcDbEntity
8
0
100
AcDbLine
10
261.196
20
58.437
30
0
11
261.204
21
58.359
31
0
0
LINE
5
5BA
330
C
100
AcDbEntity
8
0
100
AcDbLine
10
261.204
20
58.359
30
0
11
261.217
21
58.285
31
0
0
LINE
5
5BB
330
C
100
AcDbEntity
8
0
100
AcDbLine
10
261.217
20
58.285
30
0
11
261.235
21
58.214
31
0
0
LINE
5
5BC
330
C
100
AcDbEntity
8
0
100
AcDbLine
10
261.235
20
58.214
30
0
11
261.258
21
58.147
31
0
0
LINE
5
5BD
330
C
100
AcDbEntity
8
0
100
AcDbLine
10
261.258
20
58.147
30
0
11
261.287
21
58.083
31
0
0
LINE
5
5BE
330
C
100
AcDbEntity
8
0
100
AcDbLine
10
261.287
20
58.083
30
0
11
261.321
21
58.022
31
0
0
LINE
5
5BF
330
C
100
AcDbEntity
8
0
100
AcDbLine
10
261.321
20
58.022
30
0
11
261.36
21
57.965
31
0
0
LINE
5
5C0
330
C
100
AcDbEntity
8
0
100
AcDbLine
10
261.36
20
57.965
30
0
11
261.405
21
57.911
31
0
0
LINE
5
5C1
330
C
100
AcDbEntity
8
0
100
AcDbLine
10
261.405
20
57.911
30
0
11
261.454
21
57.861
31
0
0
LINE
5
5C2
330
C
100
AcDbEntity
8
0
100
AcDbLine
10
261.454
20
57.861
30
0
11
261.509
21
57.813
31
0
0
LINE
5
5C3
330
C
100
AcDbEntity
8
0
100
AcDbLine
10
261.509
20
57.813
30
0
11
261.57
21
57.766
31
0
0
LINE
5
5C4
330
C
100
AcDbEntity
8
0
100
AcDbLine
10
261.57
20
57.766
30
0
11
261.638
21
57.72
31
0
0
LINE
5
5C5
330
C
100
AcDbEntity
8
0
100
AcDbLine
10
261.638
20
57.72
30
0
11
261.711
21
57.675
31
0
0
LINE
5
5C6
330
C
100
AcDbEntity
8
0
100
AcDbLine
10
261.711
20
57.675
30
0
11
261.789
21
57.631
31
0
0
LINE
5
5C7
330
C
100
AcDbEntity
8
0
100
AcDbLine
10
261.789
20
57.631
30
0
11
261.874
21
57.588
31
0
0
LINE
5
5C8
330
C
100
AcDbEntity
8
0
100
AcDbLine
10
261.874
20
57.588
30
0
11
261.965
21
57.546
31
0
0
LINE
5
5C9
330
C
100
AcDbEntity
8
0
100
AcDbLine
10
261.965
20
57.546
30
0
11
262.062
21
57.505
31
0
0
LINE
5
5CA
330
C
100
AcDbEntity
8
0
100
AcDbLine
10
262.062
20
57.505
30
0
11
262.165
21
57.465
31
0
0
LINE
5
5CB
330
C
100
AcDbEntity
8
0
100
AcDbLine
10
262.165
20
57.465
30
0
11
262.273
21
57.426
31
0
0
LINE
5
5CC
330
C
100
AcDbEntity
8
0
100
AcDbLine
10
262.273
20
57.426
30
0
11
262.273
21
57.426
31
0
0
LINE
5
5CD
330
C
100
AcDbEntity
8
0
100
AcDbLine
10
262.273
20
57.426
30
0
11
263.833
21
56.886
31
0
0
LINE
5
5CE
330
C
100
AcDbEntity
8
0
100
AcDbLine
10
263.833
20
56.886
30
0
11
263.992
21
56.83
31
0
0
LINE
5
5CF
330
C
100
AcDbEntity
8
0
100
AcDbLine
10
263.992
20
56.83
30
0
11
264.144
21
56.769
31
0
0
LINE
5
5D0
330
C
100
AcDbEntity
8
0
100
AcDbLine
10
264.144
20
56.769
30
0
11
264.289
21
56.705
31
0
0
LINE
5
5D1
330
C
100
AcDbEntity
8
0
100
AcDbLine
10
264.289
20
56.705
30
0
11
264.427
21
56.635
31
0
0
LINE
5
5D2
330
C
100
AcDbEntity
8
0
100
AcDbLine
10
264.427
20
56.635
30
0
11
264.558
21
56.562
31
0
0
LINE
5
5D3
330
C
100
AcDbEntity
8
0
100
AcDbLine
10
264.558
20
56.562
30
0
11
264.683
21
56.484
31
0
0
LINE
5
5D4
330
C
100
AcDbEntity
8
0
100
AcDbLine
10
264.683
20
56.484
30
0
11
264.801
21
56.402
31
0
0
LINE
5
5D5
330
C
100
AcDbEntity
8
0
100
AcDbLine
10
264.801
20
56.402
30
0
11
264.912
21
56.316
31
0
0
LINE
5
5D6
330
C
100
AcDbEntity
8
0
100
AcDbLine
10
264.912
20
56.316
30
0
11
265.017
21
56.225
31
0
0
LINE
5
5D7
330
C
100
AcDbEntity
8
0
100
AcDbLine
10
265.017
20
56.225
30
0
11
265.114
21
56.13
31
0
0
LINE
5
5D8
330
C
100
AcDbEntity
8
0
100
AcDbLine
10
265.114
20
56.13
30
0
11
265.204
21
56.03
31
0
0
LINE
5
5D9
330
C
100
AcDbEntity
8
0
100
AcDbLine
10
265.204
20
56.03
30
0
11
265.284
21
55.924
31
0
0
LINE
5
5DA
330
C
100
AcDbEntity
8
0
100
AcDbLine
10
265.284
20
55.924
30
0
11
265.354
21
55.812
31
0
0
LINE
5
5DB
330
C
100
AcDbEntity
8
0
100
AcDbLine
10
265.354
20
55.812
30
0
11
265.416
21
55.695
31
0
0
LINE
5
5DC
330
C
100
AcDbEntity
8
0
100
AcDbLine
10
265.416
20
55.695
30
0
11
265.467
21
55.572
31
0
0
LINE
5
5DD
330
C
100
AcDbEntity
8
0
100
AcDbLine
10
265.467
20
55.572
30
0
11
265.51
21
55.443
31
0
0
LINE
5
5DE
330
C
100
AcDbEntity
8
0
100
AcDbLine
10
265.51
20
55.443
30
0
11
265.543
21
55.308
31
0
0
LINE
5
5DF
330
C
100
AcDbEntity
8
0
100
AcDbLine
10
265.543
20
55.308
30
0
11
265.566
21
55.168
31
0
0
LINE
5
5E0
330
C
100
AcDbEntity
8
0
100
AcDbLine
10
265.566
20
55.168
30
0
11
265.581
21
55.022
31
0
0
LINE
5
5E1
330
C
100
AcDbEntity
8
0
100
AcDbLine
10
265.581
20
55.022
30
0
11
265.585
21
54.87
31
0
0
LINE
5
5E2
330
C
100
AcDbEntity
8
0
100
AcDbLine
10
265.585
20
54.87
30
0
11
265.585
21
54.87
31
0
0
LINE
5
5E3
330
C
100
AcDbEntity
8
0
100
AcDbLine
10
265.585
20
54.87
30
0
11
265.582
21
54.751
31
0
0
LINE
5
5E4
330
C
100
AcDbEntity
8
0
100
AcDbLine
10
265.582
20
54.751
30
0
11
265.572
21
54.635
31
0
0
LINE
5
5E5
330
C
100
AcDbEntity
8
0
100
AcDbLine
10
265.572
20
54.635
30
0
11
265.556
21
54.52
31
0
0
LINE
5
5E6
330
C
100
AcDbEntity
8
0
100
AcDbLine
10
265.556
20
54.52
30
0
11
265.534
21
54.408
31
0
0
LINE
5
5E7
330
C
100
AcDbEntity
8
0
100
AcDbLine
10
265.534
20
54.408
30
0
11
265.505
21
54.298
31
0
0
LINE
5
5E8
330
C
100
AcDbEntity
8
0
100
AcDbLine
10
265.505
20
54.298
30
0
11
265.47
21
54.191
31
0
0
LINE
5
5E9
330
C
100
AcDbEntity
8
0
100
AcDbLine
10
265.47
20
54.191
30
0
11
265.428
21
54.086
31
0
0
LINE
5
5EA
330
C
100
AcDbEntity
8
0
100
AcDbLine
10
265.428
20
54.086
30
0
11
265.38
21
53.983
31
0
0
LINE
5
5EB
330
C
100
AcDbEntity
8
0
100
AcDbLine
10
265.38
20
53.983
30
0
11
265.325
21
53.882
31
0
0
LINE
5
5EC
330
C
100
AcDbEntity
8
0
100
AcDbLine
10
265.325
20
53.882
30
0
11
265.264
21
53.784
31
0
0
LINE
5
5ED
330
C
100
AcDbEntity
8
0
100
AcDbLine
10
265.264
20
53.784
30
0
11
265.197
21
53.689
31
0
0
LINE
5
5EE
330
C
100
AcDbEntity
8
0
100
AcDbLine
10
265.197
20
53.689
30
0
11
265.124
21
53.598
31
0
0
LINE
5
5EF
330
C
100
AcDbEntity
8
0
100
AcDbLine
10
265.124
20
53.598
30
0
11
265.044
21
53.51
31
0
0
LINE
5
5F0
330
C
100
AcDbEntity
8
0
100
AcDbLine
10
265.044
20
53.51
30
0
11
264.959
21
53.427
31
0
0
LINE
5
5F1
330
C
100
AcDbEntity
8
0
100
AcDbLine
10
264.959
20
53.427
30
0
11
264.867
21
53.347
31
0
0
LINE
5
5F2
330
C
100
AcDbEntity
8
0
100
AcDbLine
10
264.867
20
53.347
30
0
11
264.77
21
53.272
31
0
0
LINE
5
5F3
330
C
100
AcDbEntity
8
0
100
AcDbLine
10
264.77
20
53.272
30
0
11
264.666
21
53.201
31
0
0
LINE
5
5F4
330
C
100
AcDbEntity
8
0
100
AcDbLine
10
264.666
20
53.201
30
0
11
264.557
21
53.133
31
0
0
LINE
5
5F5
330
C
100
AcDbEntity
8
0
100
AcDbLine
10
264.557
20
53.133
30
0
11
264.441
21
53.07
31
0
0
LINE
5
5F6
330
C
100
AcDbEntity
8
0
100
AcDbLine
10
264.441
20
53.07
30
0
11
264.319
21
53.01
31
0
0
LINE
5
5F7
330
C
100
AcDbEntity
8
0
100
AcDbLine
10
264.319
20
53.01
30
0
11
264.192
21
52.955
31
0
0
LINE
5
5F8
330
C
100
AcDbEntity
8
0
100
AcDbLine
10
264.192
20
52.955
30
0
11
264.058
21
52.906
31
0
0
LINE
5
5F9
330
C
100
AcDbEntity
8
0
100
AcDbLine
10
264.058
20
52.906
30
0
11
263.919
21
52.863
31
0
0
LINE
5
5FA
330
C
100
AcDbEntity
8
0
100
AcDbLine
10
263.919
20
52.863
30
0
11
263.775
21
52.826
31
0
0
LINE
5
5FB
330
C
100
AcDbEntity
8
0
100
AcDbLine
10
263.775
20
52.826
30
0
11
263.625
21
52.794
31
0
0
LINE
5
5FC
330
C
100
AcDbEntity
8
0
100
AcDbLine
10
263.625
20
52.794
30
0
11
263.469
21
52.768
31
0
0
LINE
5
5FD
330
C
100
AcDbEntity
8
0
100
AcDbLine
10
263.469
20
52.768
30
0
11
263.307
21
52.748
31
0
0
LINE
5
5FE
330
C
100
AcDbEntity
8
0
100
AcDbLine
10
263.307
20
52.748
30
0
11
263.14
21
52.734
31
0
0
LINE
5
5FF
330
C
100
AcDbEntity
8
0
100
AcDbLine
10
263.14
20
52.734
30
0
11
262.968
21
52.725
31
0
0
LINE
5
600
330
C
100
AcDbEntity
8
0
100
AcDbLine
10
262.968
20
52.725
30
0
11
262.789
21
52.722
31
0
0
LINE
5
601
330
C
100
AcDbEntity
8
0
100
AcDbLine
10
262.789
20
52.722
30
0
11
262.789
21
52.722
31
0
0
LINE
5
602
330
C
100
AcDbEntity
8
0
100
AcDbLine
10
268.159
20
59.958
30
0
11
268.159
21
59.958
31
0
0
LINE
5
603
330
C
100
AcDbEntity
8
0
100
AcDbLine
10
268.159
20
59.958
30
0
11
268.103
21
59.96
31
0
0
LINE
5
604
330
C
100
AcDbEntity
8
0
100
AcDbLine
10
268.103
20
59.96
30
0
11
268.049
21
59.965
31
0
0
LINE
5
605
330
C
100
AcDbEntity
8
0
100
AcDbLine
10
268.049
20
59.965
30
0
11
267.997
21
59.973
31
0
0
LINE
5
606
330
C
100
AcDbEntity
8
0
100
AcDbLine
10
267.997
20
59.973
30
0
11
267.948
21
59.984
31
0
0
LINE
5
607
330
C
100
AcDbEntity
8
0
100
AcDbLine
10
267.948
20
59.984
30
0
11
267.901
21
59.999
31
0
0
LINE
5
608
330
C
100
AcDbEntity
8
0
100
AcDbLine
10
267.901
20
59.999
30
0
11
267.857
21
60.017
31
0
0
LINE
5
609
330
C
100
AcDbEntity
8
0
100
AcDbLine
10
267.857
20
60.017
30
0
11
267.815
21
60.039
31
0
0
LINE
5
60A
330
C
100
AcDbEntity
8
0
100
AcDbLine
10
267.815
20
60.039
30
0
11
267.775
21
60.064
31
0
0
LINE
5
60B
330
C
100
AcDbEntity
8
0
100
AcDbLine
10
267.775
20
60.064
30
0
11
267.738
21
60.092
31
0
0
LINE
5
60C
330
C
100
AcDbEntity
8
0
100
AcDbLine
10
267.738
20
60.092
30
0
11
267.703
21
60.123
31
0
0
LINE
5
60D
330
C
100
AcDbEntity
8
0
100
AcDbLine
10
267.703
20
60.123
30
0
11
267.671
21
60.157
31
0
0
LINE
5
60E
330
C
100
AcDbEntity
8
0
100
AcDbLine
10
267.671
20
60.157
30
0
11
267.643
21
60.193
31
0
0
LINE
5
60F
330
C
100
AcDbEntity
8
0
100
AcDbLine
10
267.643
20
60.193
30
0
11
267.618
21
60.231
31
0
0
LINE
5
610
330
C
100
AcDbEntity
8
0
100
AcDbLine
10
267.618
20
60.231
30
0
11
267.596
21
60.272
31
0
0
LINE
5
611
330
C
100
AcDbEntity
8
0
100
AcDbLine
10
267.596
20
60.272
30
0
11
267.577
21
60.314
31
0
0
LINE
5
612
330
C
100
AcDbEntity
8
0
100
AcDbLine
10
267.577
20
60.314
30
0
11
267.562
21
60.359
31
0
0
LINE
5
613
330
C
100
AcDbEntity
8
0
100
AcDbLine
10
267.562
20
60.359
30
0
11
267.55
21
60.405
31
0
0
LINE
5
614
330
C
100
AcDbEntity
8
0
100
AcDbLine
10
267.55
20
60.405
30
0
11
267.542
21
60.454
31
0
0
LINE
5
615
330
C
100
AcDbEntity
8
0
100
AcDbLine
10
267.542
20
60.454
30
0
11
267.537
21
60.505
31
0
0
LINE
5
616
330
C
100
AcDbEntity
8
0
100
AcDbLine
10
267.537
20
60.505
30
0
11
267.535
21
60.558
31
0
0
LINE
5
617
330
C
100
AcDbEntity
8
0
100
AcDbLine
10
267.535
20
60.558
30
0
11
267.535
21
60.558
31
0
0
LINE
5
618
330
C
100
AcDbEntity
8
0
100
AcDbLine
10
267.535
20
60.558
30
0
11
267.537
21
60.61
31
0
0
LINE
5
619
330
C
100
AcDbEntity
8
0
100
AcDbLine
10
267.537
20
60.61
30
0
11
267.542
21
60.659
31
0
0
LINE
5
61A
330
C
100
AcDbEntity
8
0
100
AcDbLine
10
267.542
20
60.659
30
0
11
267.55
21
60.707
31
0
0
LINE
5
61B
330
C
100
AcDbEntity
8
0
100
AcDbLine
10
267.55
20
60.707
30
0
11
267.562
21
60.752
31
0
0
LINE
5
61C
330
C
100
AcDbEntity
8
0
100
AcDbLine
10
267.562
20
60.752
30
0
11
267.577
21
60.795
31
0
0
LINE
5
61D
330
C
100
AcDbEntity
8
0
100
AcDbLine
10
267.577
20
60.795
30
0
11
267.596
21
60.836
31
0
0
LINE
5
61E
330
C
100
AcDbEntity
8
0
100
AcDbLine
10
267.596
20
60.836
30
0
11
267.618
21
60.875
31
0
0
LINE
5
61F
330
C
100
AcDbEntity
8
0
100
AcDbLine
10
267.618
20
60.875
30
0
11
267.643
21
60.911
31
0
0
LINE
5
620
330
C
100
AcDbEntity
8
0
100
AcDbLine
10
267.643
20
60.911
30
0
11
267.671
21
60.946
31
0
0
LINE
5
621
330
C
100
AcDbEntity
8
0
100
AcDbLine
10
267.671
20
60.946
30
0
11
267.703
21
60.978
31
0
0
LINE
5
622
330
C
100
AcDbEntity
8
0
100
AcDbLine
10
267.703
20
60.978
30
0
11
267.738
21
61.008
31
0
0
LINE
5
623
330
C
100
AcDbEntity
8
0
100
AcDbLine
10
267.738
20
61.008
30
0
11
267.775
21
61.034
31
0
0
LINE
5
624
330
C
100
AcDbEntity
8
0
100
AcDbLine
10
267.775
20
61.034
30
0
11
267.815
21
61.058
31
0
0
LINE
5
625
330
C
100
AcDbEntity
8
0
100
AcDbLine
10
267.815
20
61.058
30
0
11
267.857
21
61.078
31
0
0
LINE
5
626
330
C
100
AcDbEntity
8
0
100
AcDbLine
10
267.857
20
61.078
30
0
11
267.901
21
61.095
31
0
0
LINE
5
627
330
C
100
AcDbEntity
8
0
100
AcDbLine
10
267.901
20
61.095
30
0
11
267.948
21
61.109
31
0
0
LINE
5
628
330
C
100
AcDbEntity
8
0
100
AcDbLine
10
267.948
20
61.109
30
0
11
267.997
21
61.12
31
0
0
LINE
5
629
330
C
100
AcDbEntity
8
0
100
AcDbLine
10
267.997
20
61.12
30
0
11
268.049
21
61.128
31
0
0
LINE
5
62A
330
C
100
AcDbEntity
8
0
100
AcDbLine
10
268.049
20
61.128
30
0
11
268.103
21
61.132
31
0
0
LINE
5
62B
330
C
100
AcDbEntity
8
0
100
AcDbLine
10
268.103
20
61.132
30
0
11
268.159
21
61.134
31
0
0
LINE
5
62C
330
C
100
AcDbEntity
8
0
100
AcDbLine
10
268.159
20
61.134
30
0
11
268.159
21
61.134
31
0
0
LINE
5
62D
330
C
100
AcDbEntity
8
0
100
AcDbLine
10
268.159
20
61.134
30
0
11
268.216
21
61.132
31
0
0
LINE
5
62E
330
C
100
AcDbEntity
8
0
100
AcDbLine
10
268.216
20
61.132
30
0
11
268.27
21
61.128
31
0
0
LINE
5
62F
330
C
100
AcDbEntity
8
0
100
AcDbLine
10
268.27
20
61.128
30
0
11
268.321
21
61.12
31
0
0
LINE
5
630
330
C
100
AcDbEntity
8
0
100
AcDbLine
10
268.321
20
61.12
30
0
11
268.37
21
61.109
31
0
0
LINE
5
631
330
C
100
AcDbEntity
8
0
100
AcDbLine
10
268.37
20
61.109
30
0
11
268.417
21
61.095
31
0
0
LINE
5
632
330
C
100
AcDbEntity
8
0
100
AcDbLine
10
268.417
20
61.095
30
0
11
268.462
21
61.078
31
0
0
LINE
5
633
330
C
100
AcDbEntity
8
0
100
AcDbLine
10
268.462
20
61.078
30
0
11
268.504
21
61.058
31
0
0
LINE
5
634
330
C
100
AcDbEntity
8
0
100
AcDbLine
10
268.504
20
61.058
30
0
11
268.543
21
61.034
31
0
0
LINE
5
635
330
C
100
AcDbEntity
8
0
100
AcDbLine
10
268.543
20
61.034
30
0
11
268.58
21
61.008
31
0
0
LINE
5
636
330
C
100
AcDbEntity
8
0
100
AcDbLine
10
268.58
20
61.008
30
0
11
268.615
21
60.978
31
0
0
LINE
5
637
330
C
100
AcDbEntity
8
0
100
AcDbLine
10
268.615
20
60.978
30
0
11
268.647
21
60.946
31
0
0
LINE
5
638
330
C
100
AcDbEntity
8
0
100
AcDbLine
10
268.647
20
60.946
30
0
11
268.676
21
60.911
31
0
0
LINE
5
639
330
C
100
AcDbEntity
8
0
100
AcDbLine
10
268.676
20
60.911
30
0
11
268.701
21
60.875
31
0
0
LINE
5
63A
330
C
100
AcDbEntity
8
0
100
AcDbLine
10
268.701
20
60.875
30
0
11
268.723
21
60.836
31
0
0
LINE
5
63B
330
C
100
AcDbEntity
8
0
100
AcDbLine
10
268.723
20
60.836
30
0
11
268.741
21
60.795
31
0
0
LINE
5
63C
330
C
100
AcDbEntity
8
0
100
AcDbLine
10
268.741
20
60.795
30
0
11
268.756
21
60.752
31
0
0
LINE
5
63D
330
C
100
AcDbEntity
8
0
100
AcDbLine
10
268.756
20
60.752
30
0
11
268.768
21
60.707
31
0
0
LINE
5
63E
330
C
100
AcDbEntity
8
0
100
AcDbLine
10
268.768
20
60.707
30
0
11
268.776
21
60.659
31
0
0
LINE
5
63F
330
C
100
AcDbEntity
8
0
100
AcDbLine
10
268.776
20
60.659
30
0
11
268.782
21
60.61
31
0
0
LINE
5
640
330
C
100
AcDbEntity
8
0
100
AcDbLine
10
268.782
20
60.61
30
0
11
268.783
21
60.558
31
0
0
LINE
5
641
330
C
100
AcDbEntity
8
0
100
AcDbLine
10
268.783
20
60.558
30
0
11
268.783
21
60.558
31
0
0
LINE
5
642
330
C
100
AcDbEntity
8
0
100
AcDbLine
10
268.783
20
60.558
30
0
11
268.782
21
60.505
31
0
0
LINE
5
643
330
C
100
AcDbEntity
8
0
100
AcDbLine
10
268.782
20
60.505
30
0
11
268.776
21
60.454
31
0
0
LINE
5
644
330
C
100
AcDbEntity
8
0
100
AcDbLine
10
268.776
20
60.454
30
0
11
268.768
21
60.405
31
0
0
LINE
5
645
330
C
100
AcDbEntity
8
0
100
AcDbLine
10
268.768
20
60.405
30
0
11
268.756
21
60.359
31
0
0
LINE
5
646
330
C
100
AcDbEntity
8
0
100
AcDbLine
10
268.756
20
60.359
30
0
11
268.741
21
60.314
31
0
0
LINE
5
647
330
C
100
AcDbEntity
8
0
100
AcDbLine
10
268.741
20
60.314
30
0
11
268.723
21
60.272
31
0
0
LINE
5
648
330
C
100
AcDbEntity
8
0
100
AcDbLine
10
268.723
20
60.272
30
0
11
268.701
21
60.231
31
0
0
LINE
5
649
330
C
100
AcDbEntity
8
0
100
AcDbLine
10
268.701
20
60.231
30
0
11
268.676
21
60.193
31
0
0
LINE
5
64A
330
C
100
AcDbEntity
8
0
100
AcDbLine
10
268.676
20
60.193
30
0
11
268.647
21
60.157
31
0
0
LINE
5
64B
330
C
100
AcDbEntity
8
0
100
AcDbLine
10
268.647
20
60.157
30
0
11
268.615
21
60.123
31
0
0
LINE
5
64C
330
C
100
AcDbEntity
8
0
100
AcDbLine
10
268.615
20
60.123
30
0
11
268.58
21
60.092
31
0
0
LINE
5
64D
330
C
100
AcDbEntity
8
0
100
AcDbLine
10
268.58
20
60.092
30
0
11
268.543
21
60.064
31
0
0
LINE
5
64E
330
C
100
AcDbEntity
8
0
100
AcDbLine
10
268.543
20
60.064
30
0
11
268.504
21
60.039
31
0
0
LINE
5
64F
330
C
100
AcDbEntity
8
0
100
AcDbLine
10
268.504
20
60.039
30
0
11
268.462
21
60.017
31
0
0
LINE
5
650
330
C
100
AcDbEntity
8
0
100
AcDbLine
10
268.462
20
60.017
30
0
11
268.417
21
59.999
31
0
0
LINE
5
651
330
C
100
AcDbEntity
8
0
100
AcDbLine
10
268.417
20
59.999
30
0
11
268.37
21
59.984
31
0
0
LINE
5
652
330
C
100
AcDbEntity
8
0
100
AcDbLine
10
268.37
20
59.984
30
0
11
268.321
21
59.973
31
0
0
LINE
5
653
330
C
100
AcDbEntity
8
0
100
AcDbLine
10
268.321
20
59.973
30
0
11
268.27
21
59.965
31
0
0
LINE
5
654
330
C
100
AcDbEntity
8
0
100
AcDbLine
10
268.27
20
59.965
30
0
11
268.216
21
59.96
31
0
0
LINE
5
655
330
C
100
AcDbEntity
8
0
100
AcDbLine
10
268.216
20
59.96
30
0
11
268.159
21
59.958
31
0
0
LINE
5
656
330
C
100
AcDbEntity
8
0
100
AcDbLine
10
268.159
20
59.958
30
0
11
268.159
21
59.958
31
0
0
LINE
5
657
330
C
100
AcDbEntity
8
0
100
AcDbLine
10
268.627
20
52.866
30
0
11
267.691
21
52.866
31
0
0
LINE
5
658
330
C
100
AcDbEntity
8
0
100
AcDbLine
10
267.691
20
52.866
30
0
11
267.691
21
58.614
31
0
0
LINE
5
659
330
C
100
AcDbEntity
8
0
100
AcDbLine
10
267.691
20
58.614
30
0
11
268.627
21
58.614
31
0
0
LINE
5
65A
330
C
100
AcDbEntity
8
0
100
AcDbLine
10
268.627
20
58.614
30
0
11
268.627
21
52.866
31
0
0
LINE
5
65B
330
C
100
AcDbEntity
8
0
100
AcDbLine
10
268.627
20
52.866
30
0
11
268.627
21
52.866
31
0
0
LINE
5
65C
330
C
100
AcDbEntity
8
0
100
AcDbLine
10
273.259
20
52.722
30
0
11
273.259
21
52.722
31
0
0
LINE
5
65D
330
C
100
AcDbEntity
8
0
100
AcDbLine
10
273.259
20
52.722
30
0
11
273.121
21
52.726
31
0
0
LINE
5
65E
330
C
100
AcDbEntity
8
0
100
AcDbLine
10
273.121
20
52.726
30
0
11
272.985
21
52.737
31
0
0
LINE
5
65F
330
C
100
AcDbEntity
8
0
100
AcDbLine
10
272.985
20
52.737
30
0
11
272.852
21
52.756
31
0
0
LINE
5
660
330
C
100
AcDbEntity
8
0
100
AcDbLine
10
272.852
20
52.756
30
0
11
272.721
21
52.782
31
0
0
LINE
5
661
330
C
100
AcDbEntity
8
0
100
AcDbLine
10
272.721
20
52.782
30
0
11
272.592
21
52.816
31
0
0
LINE
5
662
330
C
100
AcDbEntity
8
0
100
AcDbLine
10
272.592
20
52.816
30
0
11
272.465
21
52.857
31
0
0
LINE
5
663
330
C
100
AcDbEntity
8
0
100
AcDbLine
10
272.465
20
52.857
30
0
11
272.341
21
52.906
31
0
0
LINE
5
664
330
C
100
AcDbEntity
8
0
100
AcDbLine
10
272.341
20
52.906
30
0
11
272.219
21
52.962
31
0
0
LINE
5
665
330
C
100
AcDbEntity
8
0
100
AcDbLine
10
272.219
20
52.962
30
0
11
272.099
21
53.026
31
0
0
LINE
5
666
330
C
100
AcDbEntity
8
0
100
AcDbLine
10
272.099
20
53.026
30
0
11
271.981
21
53.097
31
0
0
LINE
5
667
330
C
100
AcDbEntity
8
0
100
AcDbLine
10
271.981
20
53.097
30
0
11
271.867
21
53.175
31
0
0
LINE
5
668
330
C
100
AcDbEntity
8
0
100
AcDbLine
10
271.867
20
53.175
30
0
11
271.758
21
53.259
31
0
0
LINE
5
669
330
C
100
AcDbEntity
8
0
100
AcDbLine
10
271.758
20
53.259
30
0
11
271.653
21
53.35
31
0
0
LINE
5
66A
330
C
100
AcDbEntity
8
0
100
AcDbLine
10
271.653
20
53.35
30
0
11
271.553
21
53.446
31
0
0
LINE
5
66B
330
C
100
AcDbEntity
8
0
100
AcDbLine
10
271.553
20
53.446
30
0
11
271.458
21
53.548
31
0
0
LINE
5
66C
330
C
100
AcDbEntity
8
0
100
AcDbLine
10
271.458
20
53.548
30
0
11
271.367
21
53.657
31
0
0
LINE
5
66D
330
C
100
AcDbEntity
8
0
100
AcDbLine
10
271.367
20
53.657
30
0
11
271.281
21
53.772
31
0
0
LINE
5
66E
330
C
100
AcDbEntity
8
0
100
AcDbLine
10
271.281
20
53.772
30
0
11
271.2
21
53.893
31
0
0
LINE
5
66F
330
C
100
AcDbEntity
8
0
100
AcDbLine
10
271.2
20
53.893
30
0
11
271.123
21
54.02
31
0
0
LINE
5
670
330
C
100
AcDbEntity
8
0
100
AcDbLine
10
271.123
20
54.02
30
0
11
271.051
21
54.153
31
0
0
LINE
5
671
330
C
100
AcDbEntity
8
0
100
AcDbLine
10
271.051
20
54.153
30
0
11
270.985
21
54.292
31
0
0
LINE
5
672
330
C
100
AcDbEntity
8
0
100
AcDbLine
10
270.985
20
54.292
30
0
11
270.926
21
54.435
31
0
0
LINE
5
673
330
C
100
AcDbEntity
8
0
100
AcDbLine
10
270.926
20
54.435
30
0
11
270.874
21
54.583
31
0
0
LINE
5
674
330
C
100
AcDbEntity
8
0
100
AcDbLine
10
270.874
20
54.583
30
0
11
270.828
21
54.737
31
0
0
LINE
5
675
330
C
100
AcDbEntity
8
0
100
AcDbLine
10
270.828
20
54.737
30
0
11
270.79
21
54.895
31
0
0
LINE
5
676
330
C
100
AcDbEntity
8
0
100
AcDbLine
10
270.79
20
54.895
30
0
11
270.759
21
55.058
31
0
0
LINE
5
677
330
C
100
AcDbEntity
8
0
100
AcDbLine
10
270.759
20
55.058
30
0
11
270.735
21
55.225
31
0
0
LINE
5
678
330
C
100
AcDbEntity
8
0
100
AcDbLine
10
270.735
20
55.225
30
0
11
270.717
21
55.398
31
0
0
LINE
5
679
330
C
100
AcDbEntity
8
0
100
AcDbLine
10
270.717
20
55.398
30
0
11
270.707
21
55.576
31
0
0
LINE
5
67A
330
C
100
AcDbEntity
8
0
100
AcDbLine
10
270.707
20
55.576
30
0
11
270.703
21
55.758
31
0
0
LINE
5
67B
330
C
100
AcDbEntity
8
0
100
AcDbLine
10
270.703
20
55.758
30
0
11
270.703
21
55.758
31
0
0
LINE
5
67C
330
C
100
AcDbEntity
8
0
100
AcDbLine
10
270.703
20
55.758
30
0
11
270.707
21
55.939
31
0
0
LINE
5
67D
330
C
100
AcDbEntity
8
0
100
AcDbLine
10
270.707
20
55.939
30
0
11
270.717
21
56.115
31
0
0
LINE
5
67E
330
C
100
AcDbEntity
8
0
100
AcDbLine
10
270.717
20
56.115
30
0
11
270.734
21
56.287
31
0
0
LINE
5
67F
330
C
100
AcDbEntity
8
0
100
AcDbLine
10
270.734
20
56.287
30
0
11
270.758
21
56.453
31
0
0
LINE
5
680
330
C
100
AcDbEntity
8
0
100
AcDbLine
10
270.758
20
56.453
30
0
11
270.789
21
56.614
31
0
0
LINE
5
681
330
C
100
AcDbEntity
8
0
100
AcDbLine
10
270.789
20
56.614
30
0
11
270.826
21
56.771
31
0
0
LINE
5
682
330
C
100
AcDbEntity
8
0
100
AcDbLine
10
270.826
20
56.771
30
0
11
270.871
21
56.923
31
0
0
LINE
5
683
330
C
100
AcDbEntity
8
0
100
AcDbLine
10
270.871
20
56.923
30
0
11
270.922
21
57.069
31
0
0
LINE
5
684
330
C
100
AcDbEntity
8
0
100
AcDbLine
10
270.922
20
57.069
30
0
11
270.98
21
57.211
31
0
0
LINE
5
685
330
C
100
AcDbEntity
8
0
100
AcDbLine
10
270.98
20
57.211
30
0
11
271.045
21
57.348
31
0
0
LINE
5
686
330
C
100
AcDbEntity
8
0
100
AcDbLine
10
271.045
20
57.348
30
0
11
271.116
21
57.479
31
0
0
LINE
5
687
330
C
100
AcDbEntity
8
0
100
AcDbLine
10
271.116
20
57.479
30
0
11
271.191
21
57.604
31
0
0
LINE
5
688
330
C
100
AcDbEntity
8
0
100
AcDbLine
10
271.191
20
57.604
30
0
11
271.271
21
57.723
31
0
0
LINE
5
689
330
C
100
AcDbEntity
8
0
100
AcDbLine
10
271.271
20
57.723
30
0
11
271.355
21
57.836
31
0
0
LINE
5
68A
330
C
100
AcDbEntity
8
0
100
AcDbLine
10
271.355
20
57.836
30
0
11
271.443
21
57.943
31
0
0
LINE
5
68B
330
C
100
AcDbEntity
8
0
100
AcDbLine
10
271.443
20
57.943
30
0
11
271.537
21
58.043
31
0
0
LINE
5
68C
330
C
100
AcDbEntity
8
0
100
AcDbLine
10
271.537
20
58.043
30
0
11
271.634
21
58.137
31
0
0
LINE
5
68D
330
C
100
AcDbEntity
8
0
100
AcDbLine
10
271.634
20
58.137
30
0
11
271.736
21
58.225
31
0
0
LINE
5
68E
330
C
100
AcDbEntity
8
0
100
AcDbLine
10
271.736
20
58.225
30
0
11
271.843
21
58.307
31
0
0
LINE
5
68F
330
C
100
AcDbEntity
8
0
100
AcDbLine
10
271.843
20
58.307
30
0
11
271.954
21
58.383
31
0
0
LINE
5
690
330
C
100
AcDbEntity
8
0
100
AcDbLine
10
271.954
20
58.383
30
0
11
272.069
21
58.452
31
0
0
LINE
5
691
330
C
100
AcDbEntity
8
0
100
AcDbLine
10
272.069
20
58.452
30
0
11
272.185
21
58.514
31
0
0
LINE
5
692
330
C
100
AcDbEntity
8
0
100
AcDbLine
10
272.185
20
58.514
30
0
11
272.304
21
58.568
31
0
0
LINE
5
693
330
C
100
AcDbEntity
8
0
100
AcDbLine
10
272.304
20
58.568
30
0
11
272.426
21
58.615
31
0
0
LINE
5
694
330
C
100
AcDbEntity
8
0
100
AcDbLine
10
272.426
20
58.615
30
0
11
272.549
21
58.655
31
0
0
LINE
5
695
330
C
100
AcDbEntity
8
0
100
AcDbLine
10
272.549
20
58.655
30
0
11
272.675
21
58.688
31
0
0
LINE
5
696
330
C
100
AcDbEntity
8
0
100
AcDbLine
10
272.675
20
58.688
30
0
11
272.802
21
58.713
31
0
0
LINE
5
697
330
C
100
AcDbEntity
8
0
100
AcDbLine
10
272.802
20
58.713
30
0
11
272.932
21
58.731
31
0
0
LINE
5
698
330
C
100
AcDbEntity
8
0
100
AcDbLine
10
272.932
20
58.731
30
0
11
273.065
21
58.742
31
0
0
LINE
5
699
330
C
100
AcDbEntity
8
0
100
AcDbLine
10
273.065
20
58.742
30
0
11
273.199
21
58.746
31
0
0
LINE
5
69A
330
C
100
AcDbEntity
8
0
100
AcDbLine
10
273.199
20
58.746
30
0
11
273.199
21
58.746
31
0
0
LINE
5
69B
330
C
100
AcDbEntity
8
0
100
AcDbLine
10
273.199
20
58.746
30
0
11
273.324
21
58.743
31
0
0
LINE
5
69C
330
C
100
AcDbEntity
8
0
100
AcDbLine
10
273.324
20
58.743
30
0
11
273.445
21
58.734
31
0
0
LINE
5
69D
330
C
100
AcDbEntity
8
0
100
AcDbLine
10
273.445
20
58.734
30
0
11
273.563
21
58.718
31
0
0
LINE
5
69E
330
C
100
AcDbEntity
8
0
100
AcDbLine
10
273.563
20
58.718
30
0
11
273.679
21
58.697
31
0
0
LINE
5
69F
330
C
100
AcDbEntity
8
0
100
AcDbLine
10
273.679
20
58.697
30
0
11
273.791
21
58.669
31
0
0
LINE
5
6A0
330
C
100
AcDbEntity
8
0
100
AcDbLine
10
273.791
20
58.669
30
0
11
273.9
21
58.636
31
0
0
LINE
5
6A1
330
C
100
AcDbEntity
8
0
100
AcDbLine
10
273.9
20
58.636
30
0
11
274.006
21
58.596
31
0
0
LINE
5
6A2
330
C
100
AcDbEntity
8
0
100
AcDbLine
10
274.006
20
58.596
30
0
11
274.109
21
58.55
31
0
0
LINE
5
6A3
330
C
100
AcDbEntity
8
0
100
AcDbLine
10
274.109
20
58.55
30
0
11
274.209
21
58.498
31
0
0
LINE
5
6A4
330
C
100
AcDbEntity
8
0
100
AcDbLine
10
274.209
20
58.498
30
0
11
274.306
21
58.44
31
0
0
LINE
5
6A5
330
C
100
AcDbEntity
8
0
100
AcDbLine
10
274.306
20
58.44
30
0
11
274.399
21
58.376
31
0
0
LINE
5
6A6
330
C
100
AcDbEntity
8
0
100
AcDbLine
10
274.399
20
58.376
30
0
11
274.488
21
58.307
31
0
0
LINE
5
6A7
330
C
100
AcDbEntity
8
0
100
AcDbLine
10
274.488
20
58.307
30
0
11
274.573
21
58.232
31
0
0
LINE
5
6A8
330
C
100
AcDbEntity
8
0
100
AcDbLine
10
274.573
20
58.232
30
0
11
274.654
21
58.152
31
0
0
LINE
5
6A9
330
C
100
AcDbEntity
8
0
100
AcDbLine
10
274.654
20
58.152
30
0
11
274.73
21
58.066
31
0
0
LINE
5
6AA
330
C
100
AcDbEntity
8
0
100
AcDbLine
10
274.73
20
58.066
30
0
11
274.802
21
57.976
31
0
0
LINE
5
6AB
330
C
100
AcDbEntity
8
0
100
AcDbLine
10
274.802
20
57.976
30
0
11
274.87
21
57.879
31
0
0
LINE
5
6AC
330
C
100
AcDbEntity
8
0
100
AcDbLine
10
274.87
20
57.879
30
0
11
274.933
21
57.778
31
0
0
LINE
5
6AD
330
C
100
AcDbEntity
8
0
100
AcDbLine
10
274.933
20
57.778
30
0
11
274.992
21
57.67
31
0
0
LINE
5
6AE
330
C
100
AcDbEntity
8
0
100
AcDbLine
10
274.992
20
57.67
30
0
11
275.047
21
57.558
31
0
0
LINE
5
6AF
330
C
100
AcDbEntity
8
0
100
AcDbLine
10
275.047
20
57.558
30
0
11
275.097
21
57.44
31
0
0
LINE
5
6B0
330
C
100
AcDbEntity
8
0
100
AcDbLine
10
275.097
20
57.44
30
0
11
275.142
21
57.318
31
0
0
LINE
5
6B1
330
C
100
AcDbEntity
8
0
100
AcDbLine
10
275.142
20
57.318
30
0
11
275.182
21
57.191
31
0
0
LINE
5
6B2
330
C
100
AcDbEntity
8
0
100
AcDbLine
10
275.182
20
57.191
30
0
11
275.216
21
57.059
31
0
0
LINE
5
6B3
330
C
100
AcDbEntity
8
0
100
AcDbLine
10
275.216
20
57.059
30
0
11
275.245
21
56.922
31
0
0
LINE
5
6B4
330
C
100
AcDbEntity
8
0
100
AcDbLine
10
275.245
20
56.922
30
0
11
275.269
21
56.78
31
0
0
LINE
5
6B5
330
C
100
AcDbEntity
8
0
100
AcDbLine
10
275.269
20
56.78
30
0
11
275.287
21
56.634
31
0
0
LINE
5
6B6
330
C
100
AcDbEntity
8
0
100
AcDbLine
10
275.287
20
56.634
30
0
11
275.301
21
56.483
31
0
0
LINE
5
6B7
330
C
100
AcDbEntity
8
0
100
AcDbLine
10
275.301
20
56.483
30
0
11
275.309
21
56.327
31
0
0
LINE
5
6B8
330
C
100
AcDbEntity
8
0
100
AcDbLine
10
275.309
20
56.327
30
0
11
275.311
21
56.166
31
0
0
LINE
5
6B9
330
C
100
AcDbEntity
8
0
100
AcDbLine
10
275.311
20
56.166
30
0
11
275.311
21
56.166
31
0
0
LINE
5
6BA
330
C
100
AcDbEntity
8
0
100
AcDbLine
10
275.311
20
56.166
30
0
11
274.951
21
56.166
31
0
0
LINE
5
6BB
330
C
100
AcDbEntity
8
0
100
AcDbLine
10
274.951
20
56.166
30
0
11
274.949
21
56.278
31
0
0
LINE
5
6BC
330
C
100
AcDbEntity
8
0
100
AcDbLine
10
274.949
20
56.278
30
0
11
274.942
21
56.387
31
0
0
LINE
5
6BD
330
C
100
AcDbEntity
8
0
100
AcDbLine
10
274.942
20
56.387
30
0
11
274.931
21
56.492
31
0
0
LINE
5
6BE
330
C
100
AcDbEntity
8
0
100
AcDbLine
10
274.931
20
56.492
30
0
11
274.915
21
56.593
31
0
0
LINE
5
6BF
330
C
100
AcDbEntity
8
0
100
AcDbLine
10
274.915
20
56.593
30
0
11
274.895
21
56.691
31
0
0
LINE
5
6C0
330
C
100
AcDbEntity
8
0
100
AcDbLine
10
274.895
20
56.691
30
0
11
274.87
21
56.785
31
0
0
LINE
5
6C1
330
C
100
AcDbEntity
8
0
100
AcDbLine
10
274.87
20
56.785
30
0
11
274.841
21
56.876
31
0
0
LINE
5
6C2
330
C
100
AcDbEntity
8
0
100
AcDbLine
10
274.841
20
56.876
30
0
11
274.807
21
56.963
31
0
0
LINE
5
6C3
330
C
100
AcDbEntity
8
0
100
AcDbLine
10
274.807
20
56.963
30
0
11
274.769
21
57.046
31
0
0
LINE
5
6C4
330
C
100
AcDbEntity
8
0
100
AcDbLine
10
274.769
20
57.046
30
0
11
274.726
21
57.126
31
0
0
LINE
5
6C5
330
C
100
AcDbEntity
8
0
100
AcDbLine
10
274.726
20
57.126
30
0
11
274.68
21
57.202
31
0
0
LINE
5
6C6
330
C
100
AcDbEntity
8
0
100
AcDbLine
10
274.68
20
57.202
30
0
11
274.631
21
57.274
31
0
0
LINE
5
6C7
330
C
100
AcDbEntity
8
0
100
AcDbLine
10
274.631
20
57.274
30
0
11
274.579
21
57.343
31
0
0
LINE
5
6C8
330
C
100
AcDbEntity
8
0
100
AcDbLine
10
274.579
20
57.343
30
0
11
274.525
21
57.408
31
0
0
LINE
5
6C9
330
C
100
AcDbEntity
8
0
100
AcDbLine
10
274.525
20
57.408
30
0
11
274.467
21
57.469
31
0
0
LINE
5
6CA
330
C
100
AcDbEntity
8
0
100
AcDbLine
10
274.467
20
57.469
30
0
11
274.408
21
57.526
31
0
0
LINE
5
6CB
330
C
100
AcDbEntity
8
0
100
AcDbLine
10
274.408
20
57.526
30
0
11
274.345
21
57.579
31
0
0
LINE
5
6CC
330
C
100
AcDbEntity
8
0
100
AcDbLine
10
274.345
20
57.579
30
0
11
274.28
21
57.629
31
0
0
LINE
5
6CD
330
C
100
AcDbEntity
8
0
100
AcDbLine
10
274.28
20
57.629
30
0
11
274.212
21
57.675
31
0
0
LINE
5
6CE
330
C
100
AcDbEntity
8
0
100
AcDbLine
10
274.212
20
57.675
30
0
11
274.141
21
57.717
31
0
0
LINE
5
6CF
330
C
100
AcDbEntity
8
0
100
AcDbLine
10
274.141
20
57.717
30
0
11
274.069
21
57.755
31
0
0
LINE
5
6D0
330
C
100
AcDbEntity
8
0
100
AcDbLine
10
274.069
20
57.755
30
0
11
273.995
21
57.789
31
0
0
LINE
5
6D1
330
C
100
AcDbEntity
8
0
100
AcDbLine
10
273.995
20
57.789
30
0
11
273.92
21
57.82
31
0
0
LINE
5
6D2
330
C
100
AcDbEntity
8
0
100
AcDbLine
10
273.92
20
57.82
30
0
11
273.845
21
57.846
31
0
0
LINE
5
6D3
330
C
100
AcDbEntity
8
0
100
AcDbLine
10
273.845
20
57.846
30
0
11
273.768
21
57.868
31
0
0
LINE
5
6D4
330
C
100
AcDbEntity
8
0
100
AcDbLine
10
273.768
20
57.868
30
0
11
273.69
21
57.886
31
0
0
LINE
5
6D5
330
C
100
AcDbEntity
8
0
100
AcDbLine
10
273.69
20
57.886
30
0
11
273.611
21
57.9
31
0
0
LINE
5
6D6
330
C
100
AcDbEntity
8
0
100
AcDbLine
10
273.611
20
57.9
30
0
11
273.531
21
57.91
31
0
0
LINE
5
6D7
330
C
100
AcDbEntity
8
0
100
AcDbLine
10
273.531
20
57.91
30
0
11
273.449
21
57.916
31
0
0
LINE
5
6D8
330
C
100
AcDbEntity
8
0
100
AcDbLine
10
273.449
20
57.916
30
0
11
273.367
21
57.918
31
0
0
LINE
5
6D9
330
C
100
AcDbEntity
8
0
100
AcDbLine
10
273.367
20
57.918
30
0
11
273.367
21
57.918
31
0
0
LINE
5
6DA
330
C
100
AcDbEntity
8
0
100
AcDbLine
10
273.367
20
57.918
30
0
11
273.274
21
57.915
31
0
0
LINE
5
6DB
330
C
100
AcDbEntity
8
0
100
AcDbLine
10
273.274
20
57.915
30
0
11
273.183
21
57.908
31
0
0
LINE
5
6DC
330
C
100
AcDbEntity
8
0
100
AcDbLine
10
273.183
20
57.908
30
0
11
273.094
21
57.895
31
0
0
LINE
5
6DD
330
C
100
AcDbEntity
8
0
100
AcDbLine
10
273.094
20
57.895
30
0
11
273.006
21
57.876
31
0
0
LINE
5
6DE
330
C
100
AcDbEntity
8
0
100
AcDbLine
10
273.006
20
57.876
30
0
11
272.919
21
57.853
31
0
0
LINE
5
6DF
330
C
100
AcDbEntity
8
0
100
AcDbLine
10
272.919
20
57.853
30
0
11
272.835
21
57.824
31
0
0
LINE
5
6E0
330
C
100
AcDbEntity
8
0
100
AcDbLine
10
272.835
20
57.824
30
0
11
272.752
21
57.79
31
0
0
LINE
5
6E1
330
C
100
AcDbEntity
8
0
100
AcDbLine
10
272.752
20
57.79
30
0
11
272.67
21
57.751
31
0
0
LINE
5
6E2
330
C
100
AcDbEntity
8
0
100
AcDbLine
10
272.67
20
57.751
30
0
11
272.59
21
57.707
31
0
0
LINE
5
6E3
330
C
100
AcDbEntity
8
0
100
AcDbLine
10
272.59
20
57.707
30
0
11
272.512
21
57.657
31
0
0
LINE
5
6E4
330
C
100
AcDbEntity
8
0
100
AcDbLine
10
272.512
20
57.657
30
0
11
272.436
21
57.603
31
0
0
LINE
5
6E5
330
C
100
AcDbEntity
8
0
100
AcDbLine
10
272.436
20
57.603
30
0
11
272.364
21
57.544
31
0
0
LINE
5
6E6
330
C
100
AcDbEntity
8
0
100
AcDbLine
10
272.364
20
57.544
30
0
11
272.294
21
57.48
31
0
0
LINE
5
6E7
330
C
100
AcDbEntity
8
0
100
AcDbLine
10
272.294
20
57.48
30
0
11
272.228
21
57.413
31
0
0
LINE
5
6E8
330
C
100
AcDbEntity
8
0
100
AcDbLine
10
272.228
20
57.413
30
0
11
272.164
21
57.34
31
0
0
LINE
5
6E9
330
C
100
AcDbEntity
8
0
100
AcDbLine
10
272.164
20
57.34
30
0
11
272.104
21
57.264
31
0
0
LINE
5
6EA
330
C
100
AcDbEntity
8
0
100
AcDbLine
10
272.104
20
57.264
30
0
11
272.047
21
57.183
31
0
0
LINE
5
6EB
330
C
100
AcDbEntity
8
0
100
AcDbLine
10
272.047
20
57.183
30
0
11
271.993
21
57.097
31
0
0
LINE
5
6EC
330
C
100
AcDbEntity
8
0
100
AcDbLine
10
271.993
20
57.097
30
0
11
271.942
21
57.007
31
0
0
LINE
5
6ED
330
C
100
AcDbEntity
8
0
100
AcDbLine
10
271.942
20
57.007
30
0
11
271.894
21
56.913
31
0
0
LINE
5
6EE
330
C
100
AcDbEntity
8
0
100
AcDbLine
10
271.894
20
56.913
30
0
11
271.85
21
56.815
31
0
0
LINE
5
6EF
330
C
100
AcDbEntity
8
0
100
AcDbLine
10
271.85
20
56.815
30
0
11
271.811
21
56.712
31
0
0
LINE
5
6F0
330
C
100
AcDbEntity
8
0
100
AcDbLine
10
271.811
20
56.712
30
0
11
271.776
21
56.606
31
0
0
LINE
5
6F1
330
C
100
AcDbEntity
8
0
100
AcDbLine
10
271.776
20
56.606
30
0
11
271.746
21
56.496
31
0
0
LINE
5
6F2
330
C
100
AcDbEntity
8
0
100
AcDbLine
10
271.746
20
56.496
30
0
11
271.721
21
56.383
31
0
0
LINE
5
6F3
330
C
100
AcDbEntity
8
0
100
AcDbLine
10
271.721
20
56.383
30
0
11
271.7
21
56.265
31
0
0
LINE
5
6F4
330
C
100
AcDbEntity
8
0
100
AcDbLine
10
271.7
20
56.265
30
0
11
271.684
21
56.144
31
0
0
LINE
5
6F5
330
C
100
AcDbEntity
8
0
100
AcDbLine
10
271.684
20
56.144
30
0
11
271.672
21
56.019
31
0
0
LINE
5
6F6
330
C
100
AcDbEntity
8
0
100
AcDbLine
10
271.672
20
56.019
30
0
11
271.666
21
55.891
31
0
0
LINE
5
6F7
330
C
100
AcDbEntity
8
0
100
AcDbLine
10
271.666
20
55.891
30
0
11
271.663
21
55.758
31
0
0
LINE
5
6F8
330
C
100
AcDbEntity
8
0
100
AcDbLine
10
271.663
20
55.758
30
0
11
271.663
21
55.758
31
0
0
LINE
5
6F9
330
C
100
AcDbEntity
8
0
100
AcDbLine
10
271.663
20
55.758
30
0
11
271.666
21
55.623
31
0
0
LINE
5
6FA
330
C
100
AcDbEntity
8
0
100
AcDbLine
10
271.666
20
55.623
30
0
11
271.672
21
55.492
31
0
0
LINE
5
6FB
330
C
100
AcDbEntity
8
0
100
AcDbLine
10
271.672
20
55.492
30
0
11
271.684
21
55.365
31
0
0
LINE
5
6FC
330
C
100
AcDbEntity
8
0
100
AcDbLine
10
271.684
20
55.365
30
0
11
271.7
21
55.242
31
0
0
LINE
5
6FD
330
C
100
AcDbEntity
8
0
100
AcDbLine
10
271.7
20
55.242
30
0
11
271.721
21
55.122
31
0
0
LINE
5
6FE
330
C
100
AcDbEntity
8
0
100
AcDbLine
10
271.721
20
55.122
30
0
11
271.746
21
55.006
31
0
0
LINE
5
6FF
330
C
100
AcDbEntity
8
0
100
AcDbLine
10
271.746
20
55.006
30
0
11
271.776
21
54.894
31
0
0
LINE
5
700
330
C
100
AcDbEntity
8
0
100
AcDbLine
10
271.776
20
54.894
30
0
11
271.811
21
54.786
31
0
0
LINE
5
701
330
C
100
AcDbEntity
8
0
100
AcDbLine
10
271.811
20
54.786
30
0
11
271.85
21
54.682
31
0
0
LINE
5
702
330
C
100
AcDbEntity
8
0
100
AcDbLine
10
271.85
20
54.682
30
0
11
271.894
21
54.582
31
0
0
LINE
5
703
330
C
100
AcDbEntity
8
0
100
AcDbLine
10
271.894
20
54.582
30
0
11
271.942
21
54.486
31
0
0
LINE
5
704
330
C
100
AcDbEntity
8
0
100
AcDbLine
10
271.942
20
54.486
30
0
11
271.993
21
54.394
31
0
0
LINE
5
705
330
C
100
AcDbEntity
8
0
100
AcDbLine
10
271.993
20
54.394
30
0
11
272.047
21
54.307
31
0
0
LINE
5
706
330
C
100
AcDbEntity
8
0
100
AcDbLine
10
272.047
20
54.307
30
0
11
272.104
21
54.225
31
0
0
LINE
5
707
330
C
100
AcDbEntity
8
0
100
AcDbLine
10
272.104
20
54.225
30
0
11
272.164
21
54.147
31
0
0
LINE
5
708
330
C
100
AcDbEntity
8
0
100
AcDbLine
10
272.164
20
54.147
30
0
11
272.228
21
54.074
31
0
0
LINE
5
709
330
C
100
AcDbEntity
8
0
100
AcDbLine
10
272.228
20
54.074
30
0
11
272.294
21
54.005
31
0
0
LINE
5
70A
330
C
100
AcDbEntity
8
0
100
AcDbLine
10
272.294
20
54.005
30
0
11
272.364
21
53.941
31
0
0
LINE
5
70B
330
C
100
AcDbEntity
8
0
100
AcDbLine
10
272.364
20
53.941
30
0
11
272.436
21
53.881
31
0
0
LINE
5
70C
330
C
100
AcDbEntity
8
0
100
AcDbLine
10
272.436
20
53.881
30
0
11
272.512
21
53.826
31
0
0
LINE
5
70D
330
C
100
AcDbEntity
8
0
100
AcDbLine
10
272.512
20
53.826
30
0
11
272.59
21
53.776
31
0
0
LINE
5
70E
330
C
100
AcDbEntity
8
0
100
AcDbLine
10
272.59
20
53.776
30
0
11
272.67
21
53.731
31
0
0
LINE
5
70F
330
C
100
AcDbEntity
8
0
100
AcDbLine
10
272.67
20
53.731
30
0
11
272.752
21
53.691
31
0
0
LINE
5
710
330
C
100
AcDbEntity
8
0
100
AcDbLine
10
272.752
20
53.691
30
0
11
272.835
21
53.657
31
0
0
LINE
5
711
330
C
100
AcDbEntity
8
0
100
AcDbLine
10
272.835
20
53.657
30
0
11
272.919
21
53.628
31
0
0
LINE
5
712
330
C
100
AcDbEntity
8
0
100
AcDbLine
10
272.919
20
53.628
30
0
11
273.006
21
53.604
31
0
0
LINE
5
713
330
C
100
AcDbEntity
8
0
100
AcDbLine
10
273.006
20
53.604
30
0
11
273.094
21
53.586
31
0
0
LINE
5
714
330
C
100
AcDbEntity
8
0
100
AcDbLine
10
273.094
20
53.586
30
0
11
273.183
21
53.573
31
0
0
LINE
5
715
330
C
100
AcDbEntity
8
0
100
AcDbLine
10
273.183
20
53.573
30
0
11
273.274
21
53.565
31
0
0
LINE
5
716
330
C
100
AcDbEntity
8
0
100
AcDbLine
10
273.274
20
53.565
30
0
11
273.367
21
53.562
31
0
0
LINE
5
717
330
C
100
AcDbEntity
8
0
100
AcDbLine
10
273.367
20
53.562
30
0
11
273.367
21
53.562
31
0
0
LINE
5
718
330
C
100
AcDbEntity
8
0
100
AcDbLine
10
273.367
20
53.562
30
0
11
273.445
21
53.564
31
0
0
LINE
5
719
330
C
100
AcDbEntity
8
0
100
AcDbLine
10
273.445
20
53.564
30
0
11
273.522
21
53.57
31
0
0
LINE
5
71A
330
C
100
AcDbEntity
8
0
100
AcDbLine
10
273.522
20
53.57
30
0
11
273.599
21
53.58
31
0
0
LINE
5
71B
330
C
100
AcDbEntity
8
0
100
AcDbLine
10
273.599
20
53.58
30
0
11
273.675
21
53.595
31
0
0
LINE
5
71C
330
C
100
AcDbEntity
8
0
100
AcDbLine
10
273.675
20
53.595
30
0
11
273.75
21
53.613
31
0
0
LINE
5
71D
330
C
100
AcDbEntity
8
0
100
AcDbLine
10
273.75
20
53.613
30
0
11
273.825
21
53.635
31
0
0
LINE
5
71E
330
C
100
AcDbEntity
8
0
100
AcDbLine
10
273.825
20
53.635
30
0
11
273.9
21
53.662
31
0
0
LINE
5
71F
330
C
100
AcDbEntity
8
0
100
AcDbLine
10
273.9
20
53.662
30
0
11
273.974
21
53.693
31
0
0
LINE
5
720
330
C
100
AcDbEntity
8
0
100
AcDbLine
10
273.974
20
53.693
30
0
11
274.047
21
53.727
31
0
0
LINE
5
721
330
C
100
AcDbEntity
8
0
100
AcDbLine
10
274.047
20
53.727
30
0
11
274.12
21
53.766
31
0
0
LINE
5
722
330
C
100
AcDbEntity
8
0
100
AcDbLine
10
274.12
20
53.766
30
0
11
274.192
21
53.809
31
0
0
LINE
5
723
330
C
100
AcDbEntity
8
0
100
AcDbLine
10
274.192
20
53.809
30
0
11
274.26
21
53.855
31
0
0
LINE
5
724
330
C
100
AcDbEntity
8
0
100
AcDbLine
10
274.26
20
53.855
30
0
11
274.326
21
53.905
31
0
0
LINE
5
725
330
C
100
AcDbEntity
8
0
100
AcDbLine
10
274.326
20
53.905
30
0
11
274.39
21
53.959
31
0
0
LINE
5
726
330
C
100
AcDbEntity
8
0
100
AcDbLine
10
274.39
20
53.959
30
0
11
274.451
21
54.017
31
0
0
LINE
5
727
330
C
100
AcDbEntity
8
0
100
AcDbLine
10
274.451
20
54.017
30
0
11
274.509
21
54.079
31
0
0
LINE
5
728
330
C
100
AcDbEntity
8
0
100
AcDbLine
10
274.509
20
54.079
30
0
11
274.565
21
54.144
31
0
0
LINE
5
729
330
C
100
AcDbEntity
8
0
100
AcDbLine
10
274.565
20
54.144
30
0
11
274.618
21
54.213
31
0
0
LINE
5
72A
330
C
100
AcDbEntity
8
0
100
AcDbLine
10
274.618
20
54.213
30
0
11
274.669
21
54.286
31
0
0
LINE
5
72B
330
C
100
AcDbEntity
8
0
100
AcDbLine
10
274.669
20
54.286
30
0
11
274.717
21
54.363
31
0
0
LINE
5
72C
330
C
100
AcDbEntity
8
0
100
AcDbLine
10
274.717
20
54.363
30
0
11
274.762
21
54.443
31
0
0
LINE
5
72D
330
C
100
AcDbEntity
8
0
100
AcDbLine
10
274.762
20
54.443
30
0
11
274.801
21
54.527
31
0
0
LINE
5
72E
330
C
100
AcDbEntity
8
0
100
AcDbLine
10
274.801
20
54.527
30
0
11
274.837
21
54.614
31
0
0
LINE
5
72F
330
C
100
AcDbEntity
8
0
100
AcDbLine
10
274.837
20
54.614
30
0
11
274.867
21
54.704
31
0
0
LINE
5
730
330
C
100
AcDbEntity
8
0
100
AcDbLine
10
274.867
20
54.704
30
0
11
274.893
21
54.797
31
0
0
LINE
5
731
330
C
100
AcDbEntity
8
0
100
AcDbLine
10
274.893
20
54.797
30
0
11
274.914
21
54.894
31
0
0
LINE
5
732
330
C
100
AcDbEntity
8
0
100
AcDbLine
10
274.914
20
54.894
30
0
11
274.93
21
54.994
31
0
0
LINE
5
733
330
C
100
AcDbEntity
8
0
100
AcDbLine
10
274.93
20
54.994
30
0
11
274.942
21
55.097
31
0
0
LINE
5
734
330
C
100
AcDbEntity
8
0
100
AcDbLine
10
274.942
20
55.097
30
0
11
274.949
21
55.204
31
0
0
LINE
5
735
330
C
100
AcDbEntity
8
0
100
AcDbLine
10
274.949
20
55.204
30
0
11
274.951
21
55.314
31
0
0
LINE
5
736
330
C
100
AcDbEntity
8
0
100
AcDbLine
10
274.951
20
55.314
30
0
11
274.951
21
55.314
31
0
0
LINE
5
737
330
C
100
AcDbEntity
8
0
100
AcDbLine
10
274.951
20
55.314
30
0
11
275.311
21
55.314
31
0
0
LINE
5
738
330
C
100
AcDbEntity
8
0
100
AcDbLine
10
275.311
20
55.314
30
0
11
275.308
21
55.15
31
0
0
LINE
5
739
330
C
100
AcDbEntity
8
0
100
AcDbLine
10
275.308
20
55.15
30
0
11
275.3
21
54.991
31
0
0
LINE
5
73A
330
C
100
AcDbEntity
8
0
100
AcDbLine
10
275.3
20
54.991
30
0
11
275.287
21
54.837
31
0
0
LINE
5
73B
330
C
100
AcDbEntity
8
0
100
AcDbLine
10
275.287
20
54.837
30
0
11
275.268
21
54.688
31
0
0
LINE
5
73C
330
C
100
AcDbEntity
8
0
100
AcDbLine
10
275.268
20
54.688
30
0
11
275.243
21
54.544
31
0
0
LINE
5
73D
330
C
100
AcDbEntity
8
0
100
AcDbLine
10
275.243
20
54.544
30
0
11
275.213
21
54.405
31
0
0
LINE
5
73E
330
C
100
AcDbEntity
8
0
100
AcDbLine
10
275.213
20
54.405
30
0
11
275.177
21
54.271
31
0
0
LINE
5
73F
330
C
100
AcDbEntity
8
0
100
AcDbLine
10
275.177
20
54.271
30
0
11
275.136
21
54.143
31
0
0
LINE
5
740
330
C
100
AcDbEntity
8
0
100
AcDbLine
10
275.136
20
54.143
30
0
11
275.09
21
54.019
31
0
0
LINE
5
741
330
C
100
AcDbEntity
8
0
100
AcDbLine
10
275.09
20
54.019
30
0
11
275.038
21
53.901
31
0
0
LINE
5
742
330
C
100
AcDbEntity
8
0
100
AcDbLine
10
275.038
20
53.901
30
0
11
274.982
21
53.788
31
0
0
LINE
5
743
330
C
100
AcDbEntity
8
0
100
AcDbLine
10
274.982
20
53.788
30
0
11
274.921
21
53.681
31
0
0
LINE
5
744
330
C
100
AcDbEntity
8
0
100
AcDbLine
10
274.921
20
53.681
30
0
11
274.857
21
53.579
31
0
0
LINE
5
745
330
C
100
AcDbEntity
8
0
100
AcDbLine
10
274.857
20
53.579
30
0
11
274.789
21
53.482
31
0
0
LINE
5
746
330
C
100
AcDbEntity
8
0
100
AcDbLine
10
274.789
20
53.482
30
0
11
274.717
21
53.392
31
0
0
LINE
5
747
330
C
100
AcDbEntity
8
0
100
AcDbLine
10
274.717
20
53.392
30
0
11
274.641
21
53.307
31
0
0
LINE
5
748
330
C
100
AcDbEntity
8
0
100
AcDbLine
10
274.641
20
53.307
30
0
11
274.562
21
53.227
31
0
0
LINE
5
749
330
C
100
AcDbEntity
8
0
100
AcDbLine
10
274.562
20
53.227
30
0
11
274.479
21
53.153
31
0
0
LINE
5
74A
330
C
100
AcDbEntity
8
0
100
AcDbLine
10
274.479
20
53.153
30
0
11
274.391
21
53.085
31
0
0
LINE
5
74B
330
C
100
AcDbEntity
8
0
100
AcDbLine
10
274.391
20
53.085
30
0
11
274.3
21
53.022
31
0
0
LINE
5
74C
330
C
100
AcDbEntity
8
0
100
AcDbLine
10
274.3
20
53.022
30
0
11
274.206
21
52.965
31
0
0
LINE
5
74D
330
C
100
AcDbEntity
8
0
100
AcDbLine
10
274.206
20
52.965
30
0
11
274.11
21
52.914
31
0
0
LINE
5
74E
330
C
100
AcDbEntity
8
0
100
AcDbLine
10
274.11
20
52.914
30
0
11
274.011
21
52.869
31
0
0
LINE
5
74F
330
C
100
AcDbEntity
8
0
100
AcDbLine
10
274.011
20
52.869
30
0
11
273.91
21
52.83
31
0
0
LINE
5
750
330
C
100
AcDbEntity
8
0
100
AcDbLine
10
273.91
20
52.83
30
0
11
273.807
21
52.797
31
0
0
LINE
5
751
330
C
100
AcDbEntity
8
0
100
AcDbLine
10
273.807
20
52.797
30
0
11
273.702
21
52.77
31
0
0
LINE
5
752
330
C
100
AcDbEntity
8
0
100
AcDbLine
10
273.702
20
52.77
30
0
11
273.595
21
52.749
31
0
0
LINE
5
753
330
C
100
AcDbEntity
8
0
100
AcDbLine
10
273.595
20
52.749
30
0
11
273.485
21
52.734
31
0
0
LINE
5
754
330
C
100
AcDbEntity
8
0
100
AcDbLine
10
273.485
20
52.734
30
0
11
273.373
21
52.725
31
0
0
LINE
5
755
330
C
100
AcDbEntity
8
0
100
AcDbLine
10
273.373
20
52.725
30
0
11
273.259
21
52.722
31
0
0
LINE
5
756
330
C
100
AcDbEntity
8
0
100
AcDbLine
10
273.259
20
52.722
30
0
11
273.259
21
52.722
31
0
0
LINE
5
757
330
C
100
AcDbEntity
8
0
100
AcDbLine
10
275.887
20
52.866
30
0
11
275.107
21
52.866
31
0
0
LINE
5
758
330
C
100
AcDbEntity
8
0
100
AcDbLine
10
275.107
20
52.866
30
0
11
274.951
21
54.21
31
0
0
LINE
5
759
330
C
100
AcDbEntity
8
0
100
AcDbLine
10
274.951
20
54.21
30
0
11
274.951
21
61.05
31
0
0
LINE
5
75A
330
C
100
AcDbEntity
8
0
100
AcDbLine
10
274.951
20
61.05
30
0
11
275.887
21
61.05
31
0
0
LINE
5
75B
330
C
100
AcDbEntity
8
0
100
AcDbLine
10
275.887
20
61.05
30
0
11
275.887
21
52.866
31
0
0
LINE
5
75C
330
C
100
AcDbEntity
8
0
100
AcDbLine
10
275.887
20
52.866
30
0
11
275.887
21
52.866
31
0
0
LINE
5
75D
330
C
100
AcDbEntity
8
0
100
AcDbLine
10
280.309
20
52.722
30
0
11
280.309
21
52.722
31
0
0
LINE
5
75E
330
C
100
AcDbEntity
8
0
100
AcDbLine
10
280.309
20
52.722
30
0
11
280.162
21
52.726
31
0
0
LINE
5
75F
330
C
100
AcDbEntity
8
0
100
AcDbLine
10
280.162
20
52.726
30
0
11
280.018
21
52.737
31
0
0
LINE
5
760
330
C
100
AcDbEntity
8
0
100
AcDbLine
10
280.018
20
52.737
30
0
11
279.877
21
52.756
31
0
0
LINE
5
761
330
C
100
AcDbEntity
8
0
100
AcDbLine
10
279.877
20
52.756
30
0
11
279.739
21
52.783
31
0
0
LINE
5
762
330
C
100
AcDbEntity
8
0
100
AcDbLine
10
279.739
20
52.783
30
0
11
279.605
21
52.817
31
0
0
LINE
5
763
330
C
100
AcDbEntity
8
0
100
AcDbLine
10
279.605
20
52.817
30
0
11
279.474
21
52.859
31
0
0
LINE
5
764
330
C
100
AcDbEntity
8
0
100
AcDbLine
10
279.474
20
52.859
30
0
11
279.346
21
52.909
31
0
0
LINE
5
765
330
C
100
AcDbEntity
8
0
100
AcDbLine
10
279.346
20
52.909
30
0
11
279.221
21
52.966
31
0
0
LINE
5
766
330
C
100
AcDbEntity
8
0
100
AcDbLine
10
279.221
20
52.966
30
0
11
279.099
21
53.031
31
0
0
LINE
5
767
330
C
100
AcDbEntity
8
0
100
AcDbLine
10
279.099
20
53.031
30
0
11
278.98
21
53.103
31
0
0
LINE
5
768
330
C
100
AcDbEntity
8
0
100
AcDbLine
10
278.98
20
53.103
30
0
11
278.866
21
53.182
31
0
0
LINE
5
769
330
C
100
AcDbEntity
8
0
100
AcDbLine
10
278.866
20
53.182
30
0
11
278.756
21
53.267
31
0
0
LINE
5
76A
330
C
100
AcDbEntity
8
0
100
AcDbLine
10
278.756
20
53.267
30
0
11
278.651
21
53.358
31
0
0
LINE
5
76B
330
C
100
AcDbEntity
8
0
100
AcDbLine
10
278.651
20
53.358
30
0
11
278.552
21
53.455
31
0
0
LINE
5
76C
330
C
100
AcDbEntity
8
0
100
AcDbLine
10
278.552
20
53.455
30
0
11
278.457
21
53.558
31
0
0
LINE
5
76D
330
C
100
AcDbEntity
8
0
100
AcDbLine
10
278.457
20
53.558
30
0
11
278.367
21
53.667
31
0
0
LINE
5
76E
330
C
100
AcDbEntity
8
0
100
AcDbLine
10
278.367
20
53.667
30
0
11
278.282
21
53.782
31
0
0
LINE
5
76F
330
C
100
AcDbEntity
8
0
100
AcDbLine
10
278.282
20
53.782
30
0
11
278.202
21
53.903
31
0
0
LINE
5
770
330
C
100
AcDbEntity
8
0
100
AcDbLine
10
278.202
20
53.903
30
0
11
278.126
21
54.029
31
0
0
LINE
5
771
330
C
100
AcDbEntity
8
0
100
AcDbLine
10
278.126
20
54.029
30
0
11
278.056
21
54.162
31
0
0
LINE
5
772
330
C
100
AcDbEntity
8
0
100
AcDbLine
10
278.056
20
54.162
30
0
11
277.992
21
54.3
31
0
0
LINE
5
773
330
C
100
AcDbEntity
8
0
100
AcDbLine
10
277.992
20
54.3
30
0
11
277.934
21
54.441
31
0
0
LINE
5
774
330
C
100
AcDbEntity
8
0
100
AcDbLine
10
277.934
20
54.441
30
0
11
277.883
21
54.587
31
0
0
LINE
5
775
330
C
100
AcDbEntity
8
0
100
AcDbLine
10
277.883
20
54.587
30
0
11
277.839
21
54.737
31
0
0
LINE
5
776
330
C
100
AcDbEntity
8
0
100
AcDbLine
10
277.839
20
54.737
30
0
11
277.802
21
54.891
31
0
0
LINE
5
777
330
C
100
AcDbEntity
8
0
100
AcDbLine
10
277.802
20
54.891
30
0
11
277.771
21
55.049
31
0
0
LINE
5
778
330
C
100
AcDbEntity
8
0
100
AcDbLine
10
277.771
20
55.049
30
0
11
277.748
21
55.211
31
0
0
LINE
5
779
330
C
100
AcDbEntity
8
0
100
AcDbLine
10
277.748
20
55.211
30
0
11
277.731
21
55.377
31
0
0
LINE
5
77A
330
C
100
AcDbEntity
8
0
100
AcDbLine
10
277.731
20
55.377
30
0
11
277.721
21
55.548
31
0
0
LINE
5
77B
330
C
100
AcDbEntity
8
0
100
AcDbLine
10
277.721
20
55.548
30
0
11
277.717
21
55.722
31
0
0
LINE
5
77C
330
C
100
AcDbEntity
8
0
100
AcDbLine
10
277.717
20
55.722
30
0
11
277.717
21
55.722
31
0
0
LINE
5
77D
330
C
100
AcDbEntity
8
0
100
AcDbLine
10
277.717
20
55.722
30
0
11
277.721
21
55.908
31
0
0
LINE
5
77E
330
C
100
AcDbEntity
8
0
100
AcDbLine
10
277.721
20
55.908
30
0
11
277.731
21
56.088
31
0
0
LINE
5
77F
330
C
100
AcDbEntity
8
0
100
AcDbLine
10
277.731
20
56.088
30
0
11
277.747
21
56.263
31
0
0
LINE
5
780
330
C
100
AcDbEntity
8
0
100
AcDbLine
10
277.747
20
56.263
30
0
11
277.771
21
56.433
31
0
0
LINE
5
781
330
C
100
AcDbEntity
8
0
100
AcDbLine
10
277.771
20
56.433
30
0
11
277.801
21
56.598
31
0
0
LINE
5
782
330
C
100
AcDbEntity
8
0
100
AcDbLine
10
277.801
20
56.598
30
0
11
277.838
21
56.757
31
0
0
LINE
5
783
330
C
100
AcDbEntity
8
0
100
AcDbLine
10
277.838
20
56.757
30
0
11
277.882
21
56.911
31
0
0
LINE
5
784
330
C
100
AcDbEntity
8
0
100
AcDbLine
10
277.882
20
56.911
30
0
11
277.932
21
57.06
31
0
0
LINE
5
785
330
C
100
AcDbEntity
8
0
100
AcDbLine
10
277.932
20
57.06
30
0
11
277.989
21
57.204
31
0
0
LINE
5
786
330
C
100
AcDbEntity
8
0
100
AcDbLine
10
277.989
20
57.204
30
0
11
278.053
21
57.342
31
0
0
LINE
5
787
330
C
100
AcDbEntity
8
0
100
AcDbLine
10
278.053
20
57.342
30
0
11
278.123
21
57.474
31
0
0
LINE
5
788
330
C
100
AcDbEntity
8
0
100
AcDbLine
10
278.123
20
57.474
30
0
11
278.198
21
57.601
31
0
0
LINE
5
789
330
C
100
AcDbEntity
8
0
100
AcDbLine
10
278.198
20
57.601
30
0
11
278.277
21
57.72
31
0
0
LINE
5
78A
330
C
100
AcDbEntity
8
0
100
AcDbLine
10
278.277
20
57.72
30
0
11
278.362
21
57.834
31
0
0
LINE
5
78B
330
C
100
AcDbEntity
8
0
100
AcDbLine
10
278.362
20
57.834
30
0
11
278.451
21
57.941
31
0
0
LINE
5
78C
330
C
100
AcDbEntity
8
0
100
AcDbLine
10
278.451
20
57.941
30
0
11
278.546
21
58.042
31
0
0
LINE
5
78D
330
C
100
AcDbEntity
8
0
100
AcDbLine
10
278.546
20
58.042
30
0
11
278.646
21
58.137
31
0
0
LINE
5
78E
330
C
100
AcDbEntity
8
0
100
AcDbLine
10
278.646
20
58.137
30
0
11
278.75
21
58.225
31
0
0
LINE
5
78F
330
C
100
AcDbEntity
8
0
100
AcDbLine
10
278.75
20
58.225
30
0
11
278.86
21
58.307
31
0
0
LINE
5
790
330
C
100
AcDbEntity
8
0
100
AcDbLine
10
278.86
20
58.307
30
0
11
278.974
21
58.383
31
0
0
LINE
5
791
330
C
100
AcDbEntity
8
0
100
AcDbLine
10
278.974
20
58.383
30
0
11
279.093
21
58.452
31
0
0
LINE
5
792
330
C
100
AcDbEntity
8
0
100
AcDbLine
10
279.093
20
58.452
30
0
11
279.215
21
58.514
31
0
0
LINE
5
793
330
C
100
AcDbEntity
8
0
100
AcDbLine
10
279.215
20
58.514
30
0
11
279.34
21
58.568
31
0
0
LINE
5
794
330
C
100
AcDbEntity
8
0
100
AcDbLine
10
279.34
20
58.568
30
0
11
279.469
21
58.615
31
0
0
LINE
5
795
330
C
100
AcDbEntity
8
0
100
AcDbLine
10
279.469
20
58.615
30
0
11
279.6
21
58.655
31
0
0
LINE
5
796
330
C
100
AcDbEntity
8
0
100
AcDbLine
10
279.6
20
58.655
30
0
11
279.736
21
58.688
31
0
0
LINE
5
797
330
C
100
AcDbEntity
8
0
100
AcDbLine
10
279.736
20
58.688
30
0
11
279.874
21
58.713
31
0
0
LINE
5
798
330
C
100
AcDbEntity
8
0
100
AcDbLine
10
279.874
20
58.713
30
0
11
280.016
21
58.731
31
0
0
LINE
5
799
330
C
100
AcDbEntity
8
0
100
AcDbLine
10
280.016
20
58.731
30
0
11
280.161
21
58.742
31
0
0
LINE
5
79A
330
C
100
AcDbEntity
8
0
100
AcDbLine
10
280.161
20
58.742
30
0
11
280.309
21
58.746
31
0
0
LINE
5
79B
330
C
100
AcDbEntity
8
0
100
AcDbLine
10
280.309
20
58.746
30
0
11
280.309
21
58.746
31
0
0
LINE
5
79C
330
C
100
AcDbEntity
8
0
100
AcDbLine
10
280.309
20
58.746
30
0
11
280.438
21
58.743
31
0
0
LINE
5
79D
330
C
100
AcDbEntity
8
0
100
AcDbLine
10
280.438
20
58.743
30
0
11
280.563
21
58.735
31
0
0
LINE
5
79E
330
C
100
AcDbEntity
8
0
100
AcDbLine
10
280.563
20
58.735
30
0
11
280.684
21
58.722
31
0
0
LINE
5
79F
330
C
100
AcDbEntity
8
0
100
AcDbLine
10
280.684
20
58.722
30
0
11
280.802
21
58.704
31
0
0
LINE
5
7A0
330
C
100
AcDbEntity
8
0
100
AcDbLine
10
280.802
20
58.704
30
0
11
280.915
21
58.68
31
0
0
LINE
5
7A1
330
C
100
AcDbEntity
8
0
100
AcDbLine
10
280.915
20
58.68
30
0
11
281.025
21
58.651
31
0
0
LINE
5
7A2
330
C
100
AcDbEntity
8
0
100
AcDbLine
10
281.025
20
58.651
30
0
11
281.131
21
58.617
31
0
0
LINE
5
7A3
330
C
100
AcDbEntity
8
0
100
AcDbLine
10
281.131
20
58.617
30
0
11
281.233
21
58.577
31
0
0
LINE
5
7A4
330
C
100
AcDbEntity
8
0
100
AcDbLine
10
281.233
20
58.577
30
0
11
281.331
21
58.532
31
0
0
LINE
5
7A5
330
C
100
AcDbEntity
8
0
100
AcDbLine
10
281.331
20
58.532
30
0
11
281.425
21
58.482
31
0
0
LINE
5
7A6
330
C
100
AcDbEntity
8
0
100
AcDbLine
10
281.425
20
58.482
30
0
11
281.516
21
58.427
31
0
0
LINE
5
7A7
330
C
100
AcDbEntity
8
0
100
AcDbLine
10
281.516
20
58.427
30
0
11
281.603
21
58.369
31
0
0
LINE
5
7A8
330
C
100
AcDbEntity
8
0
100
AcDbLine
10
281.603
20
58.369
30
0
11
281.686
21
58.307
31
0
0
LINE
5
7A9
330
C
100
AcDbEntity
8
0
100
AcDbLine
10
281.686
20
58.307
30
0
11
281.766
21
58.241
31
0
0
LINE
5
7AA
330
C
100
AcDbEntity
8
0
100
AcDbLine
10
281.766
20
58.241
30
0
11
281.842
21
58.172
31
0
0
LINE
5
7AB
330
C
100
AcDbEntity
8
0
100
AcDbLine
10
281.842
20
58.172
30
0
11
281.915
21
58.098
31
0
0
LINE
5
7AC
330
C
100
AcDbEntity
8
0
100
AcDbLine
10
281.915
20
58.098
30
0
11
281.984
21
58.021
31
0
0
LINE
5
7AD
330
C
100
AcDbEntity
8
0
100
AcDbLine
10
281.984
20
58.021
30
0
11
282.049
21
57.941
31
0
0
LINE
5
7AE
330
C
100
AcDbEntity
8
0
100
AcDbLine
10
282.049
20
57.941
30
0
11
282.111
21
57.856
31
0
0
LINE
5
7AF
330
C
100
AcDbEntity
8
0
100
AcDbLine
10
282.111
20
57.856
30
0
11
282.169
21
57.768
31
0
0
LINE
5
7B0
330
C
100
AcDbEntity
8
0
100
AcDbLine
10
282.169
20
57.768
30
0
11
282.224
21
57.677
31
0
0
LINE
5
7B1
330
C
100
AcDbEntity
8
0
100
AcDbLine
10
282.224
20
57.677
30
0
11
282.275
21
57.583
31
0
0
LINE
5
7B2
330
C
100
AcDbEntity
8
0
100
AcDbLine
10
282.275
20
57.583
30
0
11
282.323
21
57.487
31
0
0
LINE
5
7B3
330
C
100
AcDbEntity
8
0
100
AcDbLine
10
282.323
20
57.487
30
0
11
282.367
21
57.389
31
0
0
LINE
5
7B4
330
C
100
AcDbEntity
8
0
100
AcDbLine
10
282.367
20
57.389
30
0
11
282.408
21
57.289
31
0
0
LINE
5
7B5
330
C
100
AcDbEntity
8
0
100
AcDbLine
10
282.408
20
57.289
30
0
11
282.446
21
57.186
31
0
0
LINE
5
7B6
330
C
100
AcDbEntity
8
0
100
AcDbLine
10
282.446
20
57.186
30
0
11
282.48
21
57.081
31
0
0
LINE
5
7B7
330
C
100
AcDbEntity
8
0
100
AcDbLine
10
282.48
20
57.081
30
0
11
282.511
21
56.973
31
0
0
LINE
5
7B8
330
C
100
AcDbEntity
8
0
100
AcDbLine
10
282.511
20
56.973
30
0
11
282.538
21
56.863
31
0
0
LINE
5
7B9
330
C
100
AcDbEntity
8
0
100
AcDbLine
10
282.538
20
56.863
30
0
11
282.562
21
56.751
31
0
0
LINE
5
7BA
330
C
100
AcDbEntity
8
0
100
AcDbLine
10
282.562
20
56.751
30
0
11
282.583
21
56.637
31
0
0
LINE
5
7BB
330
C
100
AcDbEntity
8
0
100
AcDbLine
10
282.583
20
56.637
30
0
11
282.6
21
56.523
31
0
0
LINE
5
7BC
330
C
100
AcDbEntity
8
0
100
AcDbLine
10
282.6
20
56.523
30
0
11
282.615
21
56.407
31
0
0
LINE
5
7BD
330
C
100
AcDbEntity
8
0
100
AcDbLine
10
282.615
20
56.407
30
0
11
282.626
21
56.291
31
0
0
LINE
5
7BE
330
C
100
AcDbEntity
8
0
100
AcDbLine
10
282.626
20
56.291
30
0
11
282.633
21
56.174
31
0
0
LINE
5
7BF
330
C
100
AcDbEntity
8
0
100
AcDbLine
10
282.633
20
56.174
30
0
11
282.638
21
56.057
31
0
0
LINE
5
7C0
330
C
100
AcDbEntity
8
0
100
AcDbLine
10
282.638
20
56.057
30
0
11
282.64
21
55.938
31
0
0
LINE
5
7C1
330
C
100
AcDbEntity
8
0
100
AcDbLine
10
282.64
20
55.938
30
0
11
282.638
21
55.819
31
0
0
LINE
5
7C2
330
C
100
AcDbEntity
8
0
100
AcDbLine
10
282.638
20
55.819
30
0
11
282.633
21
55.699
31
0
0
LINE
5
7C3
330
C
100
AcDbEntity
8
0
100
AcDbLine
10
282.633
20
55.699
30
0
11
282.625
21
55.578
31
0
0
LINE
5
7C4
330
C
100
AcDbEntity
8
0
100
AcDbLine
10
282.625
20
55.578
30
0
11
282.625
21
55.578
31
0
0
LINE
5
7C5
330
C
100
AcDbEntity
8
0
100
AcDbLine
10
282.625
20
55.578
30
0
11
278.473
21
55.578
31
0
0
LINE
5
7C6
330
C
100
AcDbEntity
8
0
100
AcDbLine
10
278.473
20
55.578
30
0
11
278.473
21
56.154
31
0
0
LINE
5
7C7
330
C
100
AcDbEntity
8
0
100
AcDbLine
10
278.473
20
56.154
30
0
11
282.007
21
56.154
31
0
0
LINE
5
7C8
330
C
100
AcDbEntity
8
0
100
AcDbLine
10
282.007
20
56.154
30
0
11
281.731
21
55.974
31
0
0
LINE
5
7C9
330
C
100
AcDbEntity
8
0
100
AcDbLine
10
281.731
20
55.974
30
0
11
281.734
21
56.045
31
0
0
LINE
5
7CA
330
C
100
AcDbEntity
8
0
100
AcDbLine
10
281.734
20
56.045
30
0
11
281.735
21
56.116
31
0
0
LINE
5
7CB
330
C
100
AcDbEntity
8
0
100
AcDbLine
10
281.735
20
56.116
30
0
11
281.735
21
56.186
31
0
0
LINE
5
7CC
330
C
100
AcDbEntity
8
0
100
AcDbLine
10
281.735
20
56.186
30
0
11
281.734
21
56.257
31
0
0
LINE
5
7CD
330
C
100
AcDbEntity
8
0
100
AcDbLine
10
281.734
20
56.257
30
0
11
281.73
21
56.328
31
0
0
LINE
5
7CE
330
C
100
AcDbEntity
8
0
100
AcDbLine
10
281.73
20
56.328
30
0
11
281.726
21
56.399
31
0
0
LINE
5
7CF
330
C
100
AcDbEntity
8
0
100
AcDbLine
10
281.726
20
56.399
30
0
11
281.72
21
56.47
31
0
0
LINE
5
7D0
330
C
100
AcDbEntity
8
0
100
AcDbLine
10
281.72
20
56.47
30
0
11
281.712
21
56.54
31
0
0
LINE
5
7D1
330
C
100
AcDbEntity
8
0
100
AcDbLine
10
281.712
20
56.54
30
0
11
281.703
21
56.611
31
0
0
LINE
5
7D2
330
C
100
AcDbEntity
8
0
100
AcDbLine
10
281.703
20
56.611
30
0
11
281.692
21
56.682
31
0
0
LINE
5
7D3
330
C
100
AcDbEntity
8
0
100
AcDbLine
10
281.692
20
56.682
30
0
11
281.68
21
56.752
31
0
0
LINE
5
7D4
330
C
100
AcDbEntity
8
0
100
AcDbLine
10
281.68
20
56.752
30
0
11
281.665
21
56.821
31
0
0
LINE
5
7D5
330
C
100
AcDbEntity
8
0
100
AcDbLine
10
281.665
20
56.821
30
0
11
281.649
21
56.889
31
0
0
LINE
5
7D6
330
C
100
AcDbEntity
8
0
100
AcDbLine
10
281.649
20
56.889
30
0
11
281.631
21
56.956
31
0
0
LINE
5
7D7
330
C
100
AcDbEntity
8
0
100
AcDbLine
10
281.631
20
56.956
30
0
11
281.61
21
57.022
31
0
0
LINE
5
7D8
330
C
100
AcDbEntity
8
0
100
AcDbLine
10
281.61
20
57.022
30
0
11
281.588
21
57.086
31
0
0
LINE
5
7D9
330
C
100
AcDbEntity
8
0
100
AcDbLine
10
281.588
20
57.086
30
0
11
281.564
21
57.15
31
0
0
LINE
5
7DA
330
C
100
AcDbEntity
8
0
100
AcDbLine
10
281.564
20
57.15
30
0
11
281.538
21
57.212
31
0
0
LINE
5
7DB
330
C
100
AcDbEntity
8
0
100
AcDbLine
10
281.538
20
57.212
30
0
11
281.509
21
57.273
31
0
0
LINE
5
7DC
330
C
100
AcDbEntity
8
0
100
AcDbLine
10
281.509
20
57.273
30
0
11
281.479
21
57.333
31
0
0
LINE
5
7DD
330
C
100
AcDbEntity
8
0
100
AcDbLine
10
281.479
20
57.333
30
0
11
281.447
21
57.391
31
0
0
LINE
5
7DE
330
C
100
AcDbEntity
8
0
100
AcDbLine
10
281.447
20
57.391
30
0
11
281.412
21
57.447
31
0
0
LINE
5
7DF
330
C
100
AcDbEntity
8
0
100
AcDbLine
10
281.412
20
57.447
30
0
11
281.374
21
57.501
31
0
0
LINE
5
7E0
330
C
100
AcDbEntity
8
0
100
AcDbLine
10
281.374
20
57.501
30
0
11
281.334
21
57.552
31
0
0
LINE
5
7E1
330
C
100
AcDbEntity
8
0
100
AcDbLine
10
281.334
20
57.552
30
0
11
281.292
21
57.601
31
0
0
LINE
5
7E2
330
C
100
AcDbEntity
8
0
100
AcDbLine
10
281.292
20
57.601
30
0
11
281.247
21
57.647
31
0
0
LINE
5
7E3
330
C
100
AcDbEntity
8
0
100
AcDbLine
10
281.247
20
57.647
30
0
11
281.199
21
57.691
31
0
0
LINE
5
7E4
330
C
100
AcDbEntity
8
0
100
AcDbLine
10
281.199
20
57.691
30
0
11
281.149
21
57.733
31
0
0
LINE
5
7E5
330
C
100
AcDbEntity
8
0
100
AcDbLine
10
281.149
20
57.733
30
0
11
281.096
21
57.773
31
0
0
LINE
5
7E6
330
C
100
AcDbEntity
8
0
100
AcDbLine
10
281.096
20
57.773
30
0
11
281.041
21
57.81
31
0
0
LINE
5
7E7
330
C
100
AcDbEntity
8
0
100
AcDbLine
10
281.041
20
57.81
30
0
11
280.983
21
57.844
31
0
0
LINE
5
7E8
330
C
100
AcDbEntity
8
0
100
AcDbLine
10
280.983
20
57.844
30
0
11
280.922
21
57.875
31
0
0
LINE
5
7E9
330
C
100
AcDbEntity
8
0
100
AcDbLine
10
280.922
20
57.875
30
0
11
280.858
21
57.902
31
0
0
LINE
5
7EA
330
C
100
AcDbEntity
8
0
100
AcDbLine
10
280.858
20
57.902
30
0
11
280.791
21
57.925
31
0
0
LINE
5
7EB
330
C
100
AcDbEntity
8
0
100
AcDbLine
10
280.791
20
57.925
30
0
11
280.72
21
57.945
31
0
0
LINE
5
7EC
330
C
100
AcDbEntity
8
0
100
AcDbLine
10
280.72
20
57.945
30
0
11
280.647
21
57.961
31
0
0
LINE
5
7ED
330
C
100
AcDbEntity
8
0
100
AcDbLine
10
280.647
20
57.961
30
0
11
280.57
21
57.974
31
0
0
LINE
5
7EE
330
C
100
AcDbEntity
8
0
100
AcDbLine
10
280.57
20
57.974
30
0
11
280.49
21
57.983
31
0
0
LINE
5
7EF
330
C
100
AcDbEntity
8
0
100
AcDbLine
10
280.49
20
57.983
30
0
11
280.407
21
57.988
31
0
0
LINE
5
7F0
330
C
100
AcDbEntity
8
0
100
AcDbLine
10
280.407
20
57.988
30
0
11
280.321
21
57.99
31
0
0
LINE
5
7F1
330
C
100
AcDbEntity
8
0
100
AcDbLine
10
280.321
20
57.99
30
0
11
280.321
21
57.99
31
0
0
LINE
5
7F2
330
C
100
AcDbEntity
8
0
100
AcDbLine
10
280.321
20
57.99
30
0
11
280.213
21
57.987
31
0
0
LINE
5
7F3
330
C
100
AcDbEntity
8
0
100
AcDbLine
10
280.213
20
57.987
30
0
11
280.108
21
57.979
31
0
0
LINE
5
7F4
330
C
100
AcDbEntity
8
0
100
AcDbLine
10
280.108
20
57.979
30
0
11
280.006
21
57.965
31
0
0
LINE
5
7F5
330
C
100
AcDbEntity
8
0
100
AcDbLine
10
280.006
20
57.965
30
0
11
279.908
21
57.945
31
0
0
LINE
5
7F6
330
C
100
AcDbEntity
8
0
100
AcDbLine
10
279.908
20
57.945
30
0
11
279.814
21
57.919
31
0
0
LINE
5
7F7
330
C
100
AcDbEntity
8
0
100
AcDbLine
10
279.814
20
57.919
30
0
11
279.724
21
57.888
31
0
0
LINE
5
7F8
330
C
100
AcDbEntity
8
0
100
AcDbLine
10
279.724
20
57.888
30
0
11
279.637
21
57.852
31
0
0
LINE
5
7F9
330
C
100
AcDbEntity
8
0
100
AcDbLine
10
279.637
20
57.852
30
0
11
279.553
21
57.81
31
0
0
LINE
5
7FA
330
C
100
AcDbEntity
8
0
100
AcDbLine
10
279.553
20
57.81
30
0
11
279.473
21
57.762
31
0
0
LINE
5
7FB
330
C
100
AcDbEntity
8
0
100
AcDbLine
10
279.473
20
57.762
30
0
11
279.397
21
57.708
31
0
0
LINE
5
7FC
330
C
100
AcDbEntity
8
0
100
AcDbLine
10
279.397
20
57.708
30
0
11
279.325
21
57.65
31
0
0
LINE
5
7FD
330
C
100
AcDbEntity
8
0
100
AcDbLine
10
279.325
20
57.65
30
0
11
279.256
21
57.588
31
0
0
LINE
5
7FE
330
C
100
AcDbEntity
8
0
100
AcDbLine
10
279.256
20
57.588
30
0
11
279.191
21
57.523
31
0
0
LINE
5
7FF
330
C
100
AcDbEntity
8
0
100
AcDbLine
10
279.191
20
57.523
30
0
11
279.129
21
57.454
31
0
0
LINE
5
800
330
C
100
AcDbEntity
8
0
100
AcDbLine
10
279.129
20
57.454
30
0
11
279.072
21
57.382
31
0
0
LINE
5
801
330
C
100
AcDbEntity
8
0
100
AcDbLine
10
279.072
20
57.382
30
0
11
279.018
21
57.306
31
0
0
LINE
5
802
330
C
100
AcDbEntity
8
0
100
AcDbLine
10
279.018
20
57.306
30
0
11
278.968
21
57.226
31
0
0
LINE
5
803
330
C
100
AcDbEntity
8
0
100
AcDbLine
10
278.968
20
57.226
30
0
11
278.921
21
57.144
31
0
0
LINE
5
804
330
C
100
AcDbEntity
8
0
100
AcDbLine
10
278.921
20
57.144
30
0
11
278.878
21
57.057
31
0
0
LINE
5
805
330
C
100
AcDbEntity
8
0
100
AcDbLine
10
278.878
20
57.057
30
0
11
278.839
21
56.967
31
0
0
LINE
5
806
330
C
100
AcDbEntity
8
0
100
AcDbLine
10
278.839
20
56.967
30
0
11
278.804
21
56.874
31
0
0
LINE
5
807
330
C
100
AcDbEntity
8
0
100
AcDbLine
10
278.804
20
56.874
30
0
11
278.772
21
56.78
31
0
0
LINE
5
808
330
C
100
AcDbEntity
8
0
100
AcDbLine
10
278.772
20
56.78
30
0
11
278.744
21
56.685
31
0
0
LINE
5
809
330
C
100
AcDbEntity
8
0
100
AcDbLine
10
278.744
20
56.685
30
0
11
278.72
21
56.588
31
0
0
LINE
5
80A
330
C
100
AcDbEntity
8
0
100
AcDbLine
10
278.72
20
56.588
30
0
11
278.7
21
56.489
31
0
0
LINE
5
80B
330
C
100
AcDbEntity
8
0
100
AcDbLine
10
278.7
20
56.489
30
0
11
278.683
21
56.389
31
0
0
LINE
5
80C
330
C
100
AcDbEntity
8
0
100
AcDbLine
10
278.683
20
56.389
30
0
11
278.67
21
56.288
31
0
0
LINE
5
80D
330
C
100
AcDbEntity
8
0
100
AcDbLine
10
278.67
20
56.288
30
0
11
278.661
21
56.185
31
0
0
LINE
5
80E
330
C
100
AcDbEntity
8
0
100
AcDbLine
10
278.661
20
56.185
30
0
11
278.655
21
56.08
31
0
0
LINE
5
80F
330
C
100
AcDbEntity
8
0
100
AcDbLine
10
278.655
20
56.08
30
0
11
278.653
21
55.974
31
0
0
LINE
5
810
330
C
100
AcDbEntity
8
0
100
AcDbLine
10
278.653
20
55.974
30
0
11
278.653
21
55.974
31
0
0
LINE
5
811
330
C
100
AcDbEntity
8
0
100
AcDbLine
10
278.653
20
55.974
30
0
11
278.653
21
55.59
31
0
0
LINE
5
812
330
C
100
AcDbEntity
8
0
100
AcDbLine
10
278.653
20
55.59
30
0
11
278.655
21
55.471
31
0
0
LINE
5
813
330
C
100
AcDbEntity
8
0
100
AcDbLine
10
278.655
20
55.471
30
0
11
278.661
21
55.355
31
0
0
LINE
5
814
330
C
100
AcDbEntity
8
0
100
AcDbLine
10
278.661
20
55.355
30
0
11
278.67
21
55.241
31
0
0
LINE
5
815
330
C
100
AcDbEntity
8
0
100
AcDbLine
10
278.67
20
55.241
30
0
11
278.682
21
55.13
31
0
0
LINE
5
816
330
C
100
AcDbEntity
8
0
100
AcDbLine
10
278.682
20
55.13
30
0
11
278.699
21
55.022
31
0
0
LINE
5
817
330
C
100
AcDbEntity
8
0
100
AcDbLine
10
278.699
20
55.022
30
0
11
278.719
21
54.915
31
0
0
LINE
5
818
330
C
100
AcDbEntity
8
0
100
AcDbLine
10
278.719
20
54.915
30
0
11
278.743
21
54.812
31
0
0
LINE
5
819
330
C
100
AcDbEntity
8
0
100
AcDbLine
10
278.743
20
54.812
30
0
11
278.77
21
54.711
31
0
0
LINE
5
81A
330
C
100
AcDbEntity
8
0
100
AcDbLine
10
278.77
20
54.711
30
0
11
278.801
21
54.612
31
0
0
LINE
5
81B
330
C
100
AcDbEntity
8
0
100
AcDbLine
10
278.801
20
54.612
30
0
11
278.836
21
54.516
31
0
0
LINE
5
81C
330
C
100
AcDbEntity
8
0
100
AcDbLine
10
278.836
20
54.516
30
0
11
278.875
21
54.423
31
0
0
LINE
5
81D
330
C
100
AcDbEntity
8
0
100
AcDbLine
10
278.875
20
54.423
30
0
11
278.917
21
54.334
31
0
0
LINE
5
81E
330
C
100
AcDbEntity
8
0
100
AcDbLine
10
278.917
20
54.334
30
0
11
278.962
21
54.249
31
0
0
LINE
5
81F
330
C
100
AcDbEntity
8
0
100
AcDbLine
10
278.962
20
54.249
30
0
11
279.012
21
54.168
31
0
0
LINE
5
820
330
C
100
AcDbEntity
8
0
100
AcDbLine
10
279.012
20
54.168
30
0
11
279.065
21
54.091
31
0
0
LINE
5
821
330
C
100
AcDbEntity
8
0
100
AcDbLine
10
279.065
20
54.091
30
0
11
279.122
21
54.018
31
0
0
LINE
5
822
330
C
100
AcDbEntity
8
0
100
AcDbLine
10
279.122
20
54.018
30
0
11
279.182
21
53.949
31
0
0
LINE
5
823
330
C
100
AcDbEntity
8
0
100
AcDbLine
10
279.182
20
53.949
30
0
11
279.246
21
53.884
31
0
0
LINE
5
824
330
C
100
AcDbEntity
8
0
100
AcDbLine
10
279.246
20
53.884
30
0
11
279.314
21
53.823
31
0
0
LINE
5
825
330
C
100
AcDbEntity
8
0
100
AcDbLine
10
279.314
20
53.823
30
0
11
279.385
21
53.766
31
0
0
LINE
5
826
330
C
100
AcDbEntity
8
0
100
AcDbLine
10
279.385
20
53.766
30
0
11
279.46
21
53.714
31
0
0
LINE
5
827
330
C
100
AcDbEntity
8
0
100
AcDbLine
10
279.46
20
53.714
30
0
11
279.539
21
53.667
31
0
0
LINE
5
828
330
C
100
AcDbEntity
8
0
100
AcDbLine
10
279.539
20
53.667
30
0
11
279.622
21
53.625
31
0
0
LINE
5
829
330
C
100
AcDbEntity
8
0
100
AcDbLine
10
279.622
20
53.625
30
0
11
279.709
21
53.589
31
0
0
LINE
5
82A
330
C
100
AcDbEntity
8
0
100
AcDbLine
10
279.709
20
53.589
30
0
11
279.799
21
53.559
31
0
0
LINE
5
82B
330
C
100
AcDbEntity
8
0
100
AcDbLine
10
279.799
20
53.559
30
0
11
279.894
21
53.534
31
0
0
LINE
5
82C
330
C
100
AcDbEntity
8
0
100
AcDbLine
10
279.894
20
53.534
30
0
11
279.992
21
53.515
31
0
0
LINE
5
82D
330
C
100
AcDbEntity
8
0
100
AcDbLine
10
279.992
20
53.515
30
0
11
280.094
21
53.501
31
0
0
LINE
5
82E
330
C
100
AcDbEntity
8
0
100
AcDbLine
10
280.094
20
53.501
30
0
11
280.2
21
53.493
31
0
0
LINE
5
82F
330
C
100
AcDbEntity
8
0
100
AcDbLine
10
280.2
20
53.493
30
0
11
280.309
21
53.49
31
0
0
LINE
5
830
330
C
100
AcDbEntity
8
0
100
AcDbLine
10
280.309
20
53.49
30
0
11
280.309
21
53.49
31
0
0
LINE
5
831
330
C
100
AcDbEntity
8
0
100
AcDbLine
10
280.309
20
53.49
30
0
11
280.419
21
53.493
31
0
0
LINE
5
832
330
C
100
AcDbEntity
8
0
100
AcDbLine
10
280.419
20
53.493
30
0
11
280.524
21
53.501
31
0
0
LINE
5
833
330
C
100
AcDbEntity
8
0
100
AcDbLine
10
280.524
20
53.501
30
0
11
280.626
21
53.514
31
0
0
LINE
5
834
330
C
100
AcDbEntity
8
0
100
AcDbLine
10
280.626
20
53.514
30
0
11
280.724
21
53.533
31
0
0
LINE
5
835
330
C
100
AcDbEntity
8
0
100
AcDbLine
10
280.724
20
53.533
30
0
11
280.818
21
53.557
31
0
0
LINE
5
836
330
C
100
AcDbEntity
8
0
100
AcDbLine
10
280.818
20
53.557
30
0
11
280.908
21
53.587
31
0
0
LINE
5
837
330
C
100
AcDbEntity
8
0
100
AcDbLine
10
280.908
20
53.587
30
0
11
280.993
21
53.622
31
0
0
LINE
5
838
330
C
100
AcDbEntity
8
0
100
AcDbLine
10
280.993
20
53.622
30
0
11
281.075
21
53.663
31
0
0
LINE
5
839
330
C
100
AcDbEntity
8
0
100
AcDbLine
10
281.075
20
53.663
30
0
11
281.153
21
53.709
31
0
0
LINE
5
83A
330
C
100
AcDbEntity
8
0
100
AcDbLine
10
281.153
20
53.709
30
0
11
281.227
21
53.76
31
0
0
LINE
5
83B
330
C
100
AcDbEntity
8
0
100
AcDbLine
10
281.227
20
53.76
30
0
11
281.296
21
53.817
31
0
0
LINE
5
83C
330
C
100
AcDbEntity
8
0
100
AcDbLine
10
281.296
20
53.817
30
0
11
281.36
21
53.878
31
0
0
LINE
5
83D
330
C
100
AcDbEntity
8
0
100
AcDbLine
10
281.36
20
53.878
30
0
11
281.418
21
53.945
31
0
0
LINE
5
83E
330
C
100
AcDbEntity
8
0
100
AcDbLine
10
281.418
20
53.945
30
0
11
281.47
21
54.017
31
0
0
LINE
5
83F
330
C
100
AcDbEntity
8
0
100
AcDbLine
10
281.47
20
54.017
30
0
11
281.517
21
54.094
31
0
0
LINE
5
840
330
C
100
AcDbEntity
8
0
100
AcDbLine
10
281.517
20
54.094
30
0
11
281.558
21
54.177
31
0
0
LINE
5
841
330
C
100
AcDbEntity
8
0
100
AcDbLine
10
281.558
20
54.177
30
0
11
281.593
21
54.264
31
0
0
LINE
5
842
330
C
100
AcDbEntity
8
0
100
AcDbLine
10
281.593
20
54.264
30
0
11
281.623
21
54.357
31
0
0
LINE
5
843
330
C
100
AcDbEntity
8
0
100
AcDbLine
10
281.623
20
54.357
30
0
11
281.647
21
54.455
31
0
0
LINE
5
844
330
C
100
AcDbEntity
8
0
100
AcDbLine
10
281.647
20
54.455
30
0
11
281.665
21
54.558
31
0
0
LINE
5
845
330
C
100
AcDbEntity
8
0
100
AcDbLine
10
281.665
20
54.558
30
0
11
281.665
21
54.558
31
0
0
LINE
5
846
330
C
100
AcDbEntity
8
0
100
AcDbLine
10
281.665
20
54.558
30
0
11
282.637
21
54.558
31
0
0
LINE
5
847
330
C
100
AcDbEntity
8
0
100
AcDbLine
10
282.637
20
54.558
30
0
11
282.617
21
54.446
31
0
0
LINE
5
848
330
C
100
AcDbEntity
8
0
100
AcDbLine
10
282.617
20
54.446
30
0
11
282.592
21
54.336
31
0
0
LINE
5
849
330
C
100
AcDbEntity
8
0
100
AcDbLine
10
282.592
20
54.336
30
0
11
282.563
21
54.23
31
0
0
LINE
5
84A
330
C
100
AcDbEntity
8
0
100
AcDbLine
10
282.563
20
54.23
30
0
11
282.529
21
54.127
31
0
0
LINE
5
84B
330
C
100
AcDbEntity
8
0
100
AcDbLine
10
282.529
20
54.127
30
0
11
282.49
21
54.028
31
0
0
LINE
5
84C
330
C
100
AcDbEntity
8
0
100
AcDbLine
10
282.49
20
54.028
30
0
11
282.447
21
53.931
31
0
0
LINE
5
84D
330
C
100
AcDbEntity
8
0
100
AcDbLine
10
282.447
20
53.931
30
0
11
282.399
21
53.838
31
0
0
LINE
5
84E
330
C
100
AcDbEntity
8
0
100
AcDbLine
10
282.399
20
53.838
30
0
11
282.347
21
53.748
31
0
0
LINE
5
84F
330
C
100
AcDbEntity
8
0
100
AcDbLine
10
282.347
20
53.748
30
0
11
282.291
21
53.661
31
0
0
LINE
5
850
330
C
100
AcDbEntity
8
0
100
AcDbLine
10
282.291
20
53.661
30
0
11
282.229
21
53.577
31
0
0
LINE
5
851
330
C
100
AcDbEntity
8
0
100
AcDbLine
10
282.229
20
53.577
30
0
11
282.164
21
53.497
31
0
0
LINE
5
852
330
C
100
AcDbEntity
8
0
100
AcDbLine
10
282.164
20
53.497
30
0
11
282.095
21
53.42
31
0
0
LINE
5
853
330
C
100
AcDbEntity
8
0
100
AcDbLine
10
282.095
20
53.42
30
0
11
282.023
21
53.347
31
0
0
LINE
5
854
330
C
100
AcDbEntity
8
0
100
AcDbLine
10
282.023
20
53.347
30
0
11
281.947
21
53.278
31
0
0
LINE
5
855
330
C
100
AcDbEntity
8
0
100
AcDbLine
10
281.947
20
53.278
30
0
11
281.868
21
53.213
31
0
0
LINE
5
856
330
C
100
AcDbEntity
8
0
100
AcDbLine
10
281.868
20
53.213
30
0
11
281.785
21
53.152
31
0
0
LINE
5
857
330
C
100
AcDbEntity
8
0
100
AcDbLine
10
281.785
20
53.152
30
0
11
281.699
21
53.094
31
0
0
LINE
5
858
330
C
100
AcDbEntity
8
0
100
AcDbLine
10
281.699
20
53.094
30
0
11
281.609
21
53.04
31
0
0
LINE
5
859
330
C
100
AcDbEntity
8
0
100
AcDbLine
10
281.609
20
53.04
30
0
11
281.516
21
52.99
31
0
0
LINE
5
85A
330
C
100
AcDbEntity
8
0
100
AcDbLine
10
281.516
20
52.99
30
0
11
281.419
21
52.944
31
0
0
LINE
5
85B
330
C
100
AcDbEntity
8
0
100
AcDbLine
10
281.419
20
52.944
30
0
11
281.32
21
52.902
31
0
0
LINE
5
85C
330
C
100
AcDbEntity
8
0
100
AcDbLine
10
281.32
20
52.902
30
0
11
281.217
21
52.864
31
0
0
LINE
5
85D
330
C
100
AcDbEntity
8
0
100
AcDbLine
10
281.217
20
52.864
30
0
11
281.113
21
52.831
31
0
0
LINE
5
85E
330
C
100
AcDbEntity
8
0
100
AcDbLine
10
281.113
20
52.831
30
0
11
281.005
21
52.802
31
0
0
LINE
5
85F
330
C
100
AcDbEntity
8
0
100
AcDbLine
10
281.005
20
52.802
30
0
11
280.896
21
52.778
31
0
0
LINE
5
860
330
C
100
AcDbEntity
8
0
100
AcDbLine
10
280.896
20
52.778
30
0
11
280.783
21
52.758
31
0
0
LINE
5
861
330
C
100
AcDbEntity
8
0
100
AcDbLine
10
280.783
20
52.758
30
0
11
280.669
21
52.742
31
0
0
LINE
5
862
330
C
100
AcDbEntity
8
0
100
AcDbLine
10
280.669
20
52.742
30
0
11
280.551
21
52.731
31
0
0
LINE
5
863
330
C
100
AcDbEntity
8
0
100
AcDbLine
10
280.551
20
52.731
30
0
11
280.432
21
52.724
31
0
0
LINE
5
864
330
C
100
AcDbEntity
8
0
100
AcDbLine
10
280.432
20
52.724
30
0
11
280.309
21
52.722
31
0
0
LINE
5
865
330
C
100
AcDbEntity
8
0
100
AcDbLine
10
280.309
20
52.722
30
0
11
280.309
21
52.722
31
0
0
LINE
5
866
330
C
100
AcDbEntity
8
0
100
AcDbLine
10
285.259
20
60.426
30
0
11
285.259
21
60.426
31
0
0
LINE
5
867
330
C
100
AcDbEntity
8
0
100
AcDbLine
10
285.259
20
60.426
30
0
11
286.015
21
60.426
31
0
0
LINE
5
868
330
C
100
AcDbEntity
8
0
100
AcDbLine
10
286.015
20
60.426
30
0
11
286.015
21
52.866
31
0
0
LINE
5
869
330
C
100
AcDbEntity
8
0
100
AcDbLine
10
286.015
20
52.866
30
0
11
285.079
21
52.866
31
0
0
LINE
5
86A
330
C
100
AcDbEntity
8
0
100
AcDbLine
10
285.079
20
52.866
30
0
11
285.079
21
59.322
31
0
0
LINE
5
86B
330
C
100
AcDbEntity
8
0
100
AcDbLine
10
285.079
20
59.322
30
0
11
285.021
21
59.283
31
0
0
LINE
5
86C
330
C
100
AcDbEntity
8
0
100
AcDbLine
10
285.021
20
59.283
30
0
11
284.963
21
59.247
31
0
0
LINE
5
86D
330
C
100
AcDbEntity
8
0
100
AcDbLine
10
284.963
20
59.247
30
0
11
284.904
21
59.212
31
0
0
LINE
5
86E
330
C
100
AcDbEntity
8
0
100
AcDbLine
10
284.904
20
59.212
30
0
11
284.844
21
59.178
31
0
0
LINE
5
86F
330
C
100
AcDbEntity
8
0
100
AcDbLine
10
284.844
20
59.178
30
0
11
284.784
21
59.147
31
0
0
LINE
5
870
330
C
100
AcDbEntity
8
0
100
AcDbLine
10
284.784
20
59.147
30
0
11
284.724
21
59.118
31
0
0
LINE
5
871
330
C
100
AcDbEntity
8
0
100
AcDbLine
10
284.724
20
59.118
30
0
11
284.663
21
59.09
31
0
0
LINE
5
872
330
C
100
AcDbEntity
8
0
100
AcDbLine
10
284.663
20
59.09
30
0
11
284.601
21
59.065
31
0
0
LINE
5
873
330
C
100
AcDbEntity
8
0
100
AcDbLine
10
284.601
20
59.065
30
0
11
284.539
21
59.041
31
0
0
LINE
5
874
330
C
100
AcDbEntity
8
0
100
AcDbLine
10
284.539
20
59.041
30
0
11
284.476
21
59.019
31
0
0
LINE
5
875
330
C
100
AcDbEntity
8
0
100
AcDbLine
10
284.476
20
59.019
30
0
11
284.413
21
58.999
31
0
0
LINE
5
876
330
C
100
AcDbEntity
8
0
100
AcDbLine
10
284.413
20
58.999
30
0
11
284.35
21
58.981
31
0
0
LINE
5
877
330
C
100
AcDbEntity
8
0
100
AcDbLine
10
284.35
20
58.981
30
0
11
284.287
21
58.964
31
0
0
LINE
5
878
330
C
100
AcDbEntity
8
0
100
AcDbLine
10
284.287
20
58.964
30
0
11
284.224
21
58.95
31
0
0
LINE
5
879
330
C
100
AcDbEntity
8
0
100
AcDbLine
10
284.224
20
58.95
30
0
11
284.16
21
58.937
31
0
0
LINE
5
87A
330
C
100
AcDbEntity
8
0
100
AcDbLine
10
284.16
20
58.937
30
0
11
284.097
21
58.926
31
0
0
LINE
5
87B
330
C
100
AcDbEntity
8
0
100
AcDbLine
10
284.097
20
58.926
30
0
11
284.034
21
58.918
31
0
0
LINE
5
87C
330
C
100
AcDbEntity
8
0
100
AcDbLine
10
284.034
20
58.918
30
0
11
283.97
21
58.911
31
0
0
LINE
5
87D
330
C
100
AcDbEntity
8
0
100
AcDbLine
10
283.97
20
58.911
30
0
11
283.907
21
58.905
31
0
0
LINE
5
87E
330
C
100
AcDbEntity
8
0
100
AcDbLine
10
283.907
20
58.905
30
0
11
283.843
21
58.902
31
0
0
LINE
5
87F
330
C
100
AcDbEntity
8
0
100
AcDbLine
10
283.843
20
58.902
30
0
11
283.843
21
58.902
31
0
0
LINE
5
880
330
C
100
AcDbEntity
8
0
100
AcDbLine
10
283.843
20
58.902
30
0
11
283.843
21
59.814
31
0
0
LINE
5
881
330
C
100
AcDbEntity
8
0
100
AcDbLine
10
283.843
20
59.814
30
0
11
283.919
21
59.826
31
0
0
LINE
5
882
330
C
100
AcDbEntity
8
0
100
AcDbLine
10
283.919
20
59.826
30
0
11
283.994
21
59.839
31
0
0
LINE
5
883
330
C
100
AcDbEntity
8
0
100
AcDbLine
10
283.994
20
59.839
30
0
11
284.068
21
59.855
31
0
0
LINE
5
884
330
C
100
AcDbEntity
8
0
100
AcDbLine
10
284.068
20
59.855
30
0
11
284.142
21
59.872
31
0
0
LINE
5
885
330
C
100
AcDbEntity
8
0
100
AcDbLine
10
284.142
20
59.872
30
0
11
284.216
21
59.891
31
0
0
LINE
5
886
330
C
100
AcDbEntity
8
0
100
AcDbLine
10
284.216
20
59.891
30
0
11
284.289
21
59.911
31
0
0
LINE
5
887
330
C
100
AcDbEntity
8
0
100
AcDbLine
10
284.289
20
59.911
30
0
11
284.362
21
59.934
31
0
0
LINE
5
888
330
C
100
AcDbEntity
8
0
100
AcDbLine
10
284.362
20
59.934
30
0
11
284.435
21
59.958
31
0
0
LINE
5
889
330
C
100
AcDbEntity
8
0
100
AcDbLine
10
284.435
20
59.958
30
0
11
284.507
21
59.984
31
0
0
LINE
5
88A
330
C
100
AcDbEntity
8
0
100
AcDbLine
10
284.507
20
59.984
30
0
11
284.578
21
60.012
31
0
0
LINE
5
88B
330
C
100
AcDbEntity
8
0
100
AcDbLine
10
284.578
20
60.012
30
0
11
284.649
21
60.042
31
0
0
LINE
5
88C
330
C
100
AcDbEntity
8
0
100
AcDbLine
10
284.649
20
60.042
30
0
11
284.72
21
60.075
31
0
0
LINE
5
88D
330
C
100
AcDbEntity
8
0
100
AcDbLine
10
284.72
20
60.075
30
0
11
284.789
21
60.11
31
0
0
LINE
5
88E
330
C
100
AcDbEntity
8
0
100
AcDbLine
10
284.789
20
60.11
30
0
11
284.859
21
60.147
31
0
0
LINE
5
88F
330
C
100
AcDbEntity
8
0
100
AcDbLine
10
284.859
20
60.147
30
0
11
284.927
21
60.188
31
0
0
LINE
5
890
330
C
100
AcDbEntity
8
0
100
AcDbLine
10
284.927
20
60.188
30
0
11
284.995
21
60.23
31
0
0
LINE
5
891
330
C
100
AcDbEntity
8
0
100
AcDbLine
10
284.995
20
60.23
30
0
11
285.062
21
60.275
31
0
0
LINE
5
892
330
C
100
AcDbEntity
8
0
100
AcDbLine
10
285.062
20
60.275
30
0
11
285.128
21
60.323
31
0
0
LINE
5
893
330
C
100
AcDbEntity
8
0
100
AcDbLine
10
285.128
20
60.323
30
0
11
285.194
21
60.373
31
0
0
LINE
5
894
330
C
100
AcDbEntity
8
0
100
AcDbLine
10
285.194
20
60.373
30
0
11
285.259
21
60.426
31
0
0
LINE
5
895
330
C
100
AcDbEntity
8
0
100
AcDbLine
10
285.259
20
60.426
30
0
11
285.259
21
60.426
31
0
0
LINE
5
896
330
C
100
AcDbEntity
8
0
100
AcDbLine
10
217.196
20
78
30
0
11
217.196
21
75
31
0
0
LINE
5
897
330
C
100
AcDbEntity
8
0
100
AcDbLine
10
217.196
20
75
30
0
11
223.699
21
75
31
0
0
LINE
5
898
330
C
100
AcDbEntity
8
0
100
AcDbLine
10
223.699
20
75
30
0
11
223.699
21
78
31
0
0
LINE
5
899
330
C
100
AcDbEntity
8
0
100
AcDbLine
10
223.699
20
78
30
0
11
232.699
21
78
31
0
0
LINE
5
89A
330
C
100
AcDbEntity
8
0
100
AcDbLine
10
232.699
20
78
30
0
11
232.699
21
75
31
0
0
LINE
5
89B
330
C
100
AcDbEntity
8
0
100
AcDbLine
10
232.699
20
75
30
0
11
241.699
21
75
31
0
0
LINE
5
89C
330
C
100
AcDbEntity
8
0
100
AcDbLine
10
241.699
20
75
30
0
11
241.699
21
78
31
0
0
LINE
5
89D
330
C
100
AcDbEntity
8
0
100
AcDbLine
10
241.699
20
78
30
0
11
250.699
21
78
31
0
0
LINE
5
89E
330
C
100
AcDbEntity
8
0
100
AcDbLine
10
250.699
20
78
30
0
11
250.699
21
75
31
0
0
LINE
5
89F
330
C
100
AcDbEntity
8
0
100
AcDbLine
10
250.699
20
75
30
0
11
259.699
21
75
31
0
0
LINE
5
8A0
330
C
100
AcDbEntity
8
0
100
AcDbLine
10
259.699
20
75
30
0
11
259.699
21
78
31
0
0
LINE
5
8A1
330
C
100
AcDbEntity
8
0
100
AcDbLine
10
259.699
20
78
30
0
11
268.699
21
78
31
0
0
LINE
5
8A2
330
C
100
AcDbEntity
8
0
100
AcDbLine
10
268.699
20
78
30
0
11
268.699
21
75
31
0
0
LINE
5
8A3
330
C
100
AcDbEntity
8
0
100
AcDbLine
10
268.699
20
75
30
0
11
277.699
21
75
31
0
0
LINE
5
8A4
330
C
100
AcDbEntity
8
0
100
AcDbLine
10
277.699
20
75
30
0
11
277.699
21
78
31
0
0
LINE
5
8A5
330
C
100
AcDbEntity
8
0
100
AcDbLine
10
277.699
20
78
30
0
11
286.699
21
78
31
0
0
LINE
5
8A6
330
C
100
AcDbEntity
8
0
100
AcDbLine
10
286.699
20
78
30
0
11
286.699
21
75
31
0
0
LINE
5
8A7
330
C
100
AcDbEntity
8
0
100
AcDbLine
10
286.699
20
75
30
0
11
295.699
21
75
31
0
0
LINE
5
8A8
330
C
100
AcDbEntity
8
0
100
AcDbLine
10
295.699
20
75
30
0
11
295.699
21
78
31
0
0
LINE
5
8A9
330
C
100
AcDbEntity
8
0
100
AcDbLine
10
295.699
20
78
30
0
11
304.699
21
78
31
0
0
LINE
5
8AA
330
C
100
AcDbEntity
8
0
100
AcDbLine
10
304.699
20
78
30
0
11
304.699
21
75
31
0
0
LINE
5
8AB
330
C
100
AcDbEntity
8
0
100
AcDbLine
10
304.699
20
75
30
0
11
313.699
21
75
31
0
0
LINE
5
8AC
330
C
100
AcDbEntity
8
0
100
AcDbLine
10
313.699
20
75
30
0
11
313.699
21
78
31
0
0
LINE
5
8AD
330
C
100
AcDbEntity
8
0
100
AcDbLine
10
313.699
20
78
30
0
11
322.699
21
78
31
0
0
LINE
5
8AE
330
C
100
AcDbEntity
8
0
100
AcDbLine
10
322.699
20
78
30
0
11
322.699
21
75
31
0
0
LINE
5
8AF
330
C
100
AcDbEntity
8
0
100
AcDbLine
10
322.699
20
75
30
0
11
329.202
21
75
31
0
0
LINE
5
8B0
330
C
100
AcDbEntity
8
0
100
AcDbLine
10
329.202
20
75
30
0
11
329.202
21
78
31
0
0
LINE
5
8B1
330
C
100
AcDbEntity
8
0
100
AcDbLine
10
329.202
20
78
30
0
11
329.202
21
79.5
31
0
0
LINE
5
8B2
330
C
100
AcDbEntity
8
0
100
AcDbLine
10
329.202
20
79.5
30
0
11
334.398
21
79.5
31
0
0
LINE
5
8B3
330
C
100
AcDbEntity
8
0
100
AcDbLine
10
334.398
20
79.5
30
0
11
334.398
21
88.5
31
0
0
LINE
5
8B4
330
C
100
AcDbEntity
8
0
100
AcDbLine
10
334.398
20
88.5
30
0
11
329.202
21
88.5
31
0
0
LINE
5
8B5
330
C
100
AcDbEntity
8
0
100
AcDbLine
10
329.202
20
88.5
30
0
11
329.202
21
97.5
31
0
0
LINE
5
8B6
330
C
100
AcDbEntity
8
0
100
AcDbLine
10
329.202
20
97.5
30
0
11
334.398
21
97.5
31
0
0
LINE
5
8B7
330
C
100
AcDbEntity
8
0
100
AcDbLine
10
334.398
20
97.5
30
0
11
334.398
21
106.5
31
0
0
LINE
5
8B8
330
C
100
AcDbEntity
8
0
100
AcDbLine
10
334.398
20
106.5
30
0
11
329.202
21
106.5
31
0
0
LINE
5
8B9
330
C
100
AcDbEntity
8
0
100
AcDbLine
10
329.202
20
106.5
30
0
11
329.202
21
108
31
0
0
LINE
5
8BA
330
C
100
AcDbEntity
8
0
100
AcDbLine
10
329.202
20
108
30
0
11
217.196
21
108
31
0
0
LINE
5
8BB
330
C
100
AcDbEntity
8
0
100
AcDbLine
10
217.196
20
108
30
0
11
212
21
108
31
0
0
LINE
5
8BC
330
C
100
AcDbEntity
8
0
100
AcDbLine
10
212
20
108
30
0
11
212
21
106.5
31
0
0
LINE
5
8BD
330
C
100
AcDbEntity
8
0
100
AcDbLine
10
212
20
106.5
30
0
11
217.196
21
106.5
31
0
0
LINE
5
8BE
330
C
100
AcDbEntity
8
0
100
AcDbLine
10
217.196
20
106.5
30
0
11
217.196
21
97.5
31
0
0
LINE
5
8BF
330
C
100
AcDbEntity
8
0
100
AcDbLine
10
217.196
20
97.5
30
0
11
212
21
97.5
31
0
0
LINE
5
8C0
330
C
100
AcDbEntity
8
0
100
AcDbLine
10
212
20
97.5
30
0
11
212
21
88.5
31
0
0
LINE
5
8C1
330
C
100
AcDbEntity
8
0
100
AcDbLine
10
212
20
88.5
30
0
11
217.196
21
88.5
31
0
0
LINE
5
8C2
330
C
100
AcDbEntity
8
0
100
AcDbLine
10
217.196
20
88.5
30
0
11
217.196
21
79.5
31
0
0
LINE
5
8C3
330
C
100
AcDbEntity
8
0
100
AcDbLine
10
217.196
20
79.5
30
0
11
212
21
79.5
31
0
0
LINE
5
8C4
330
C
100
AcDbEntity
8
0
100
AcDbLine
10
212
20
79.5
30
0
11
212
21
78
31
0
0
LINE
5
8C5
330
C
100
AcDbEntity
8
0
100
AcDbLine
10
212
20
78
30
0
11
217.196
21
78
31
0
0
LINE
5
8C6
330
C
100
AcDbEntity
8
0
100
AcDbLine
10
261.295
20
88.722
30
0
11
261.295
21
88.722
31
0
0
LINE
5
8C7
330
C
100
AcDbEntity
8
0
100
AcDbLine
10
261.295
20
88.722
30
0
11
261.145
21
88.725
31
0
0
LINE
5
8C8
330
C
100
AcDbEntity
8
0
100
AcDbLine
10
261.145
20
88.725
30
0
11
260.998
21
88.733
31
0
0
LINE
5
8C9
330
C
100
AcDbEntity
8
0
100
AcDbLine
10
260.998
20
88.733
30
0
11
260.853
21
88.747
31
0
0
LINE
5
8CA
330
C
100
AcDbEntity
8
0
100
AcDbLine
10
260.853
20
88.747
30
0
11
260.711
21
88.766
31
0
0
LINE
5
8CB
330
C
100
AcDbEntity
8
0
100
AcDbLine
10
260.711
20
88.766
30
0
11
260.571
21
88.79
31
0
0
LINE
5
8CC
330
C
100
AcDbEntity
8
0
100
AcDbLine
10
260.571
20
88.79
30
0
11
260.433
21
88.82
31
0
0
LINE
5
8CD
330
C
100
AcDbEntity
8
0
100
AcDbLine
10
260.433
20
88.82
30
0
11
260.299
21
88.856
31
0
0
LINE
5
8CE
330
C
100
AcDbEntity
8
0
100
AcDbLine
10
260.299
20
88.856
30
0
11
260.166
21
88.897
31
0
0
LINE
5
8CF
330
C
100
AcDbEntity
8
0
100
AcDbLine
10
260.166
20
88.897
30
0
11
260.036
21
88.943
31
0
0
LINE
5
8D0
330
C
100
AcDbEntity
8
0
100
AcDbLine
10
260.036
20
88.943
30
0
11
259.909
21
88.995
31
0
0
LINE
5
8D1
330
C
100
AcDbEntity
8
0
100
AcDbLine
10
259.909
20
88.995
30
0
11
259.786
21
89.052
31
0
0
LINE
5
8D2
330
C
100
AcDbEntity
8
0
100
AcDbLine
10
259.786
20
89.052
30
0
11
259.667
21
89.115
31
0
0
LINE
5
8D3
330
C
100
AcDbEntity
8
0
100
AcDbLine
10
259.667
20
89.115
30
0
11
259.553
21
89.182
31
0
0
LINE
5
8D4
330
C
100
AcDbEntity
8
0
100
AcDbLine
10
259.553
20
89.182
30
0
11
259.445
21
89.255
31
0
0
LINE
5
8D5
330
C
100
AcDbEntity
8
0
100
AcDbLine
10
259.445
20
89.255
30
0
11
259.341
21
89.333
31
0
0
LINE
5
8D6
330
C
100
AcDbEntity
8
0
100
AcDbLine
10
259.341
20
89.333
30
0
11
259.242
21
89.417
31
0
0
LINE
5
8D7
330
C
100
AcDbEntity
8
0
100
AcDbLine
10
259.242
20
89.417
30
0
11
259.148
21
89.505
31
0
0
LINE
5
8D8
330
C
100
AcDbEntity
8
0
100
AcDbLine
10
259.148
20
89.505
30
0
11
259.059
21
89.599
31
0
0
LINE
5
8D9
330
C
100
AcDbEntity
8
0
100
AcDbLine
10
259.059
20
89.599
30
0
11
258.974
21
89.698
31
0
0
LINE
5
8DA
330
C
100
AcDbEntity
8
0
100
AcDbLine
10
258.974
20
89.698
30
0
11
258.895
21
89.802
31
0
0
LINE
5
8DB
330
C
100
AcDbEntity
8
0
100
AcDbLine
10
258.895
20
89.802
30
0
11
258.822
21
89.911
31
0
0
LINE
5
8DC
330
C
100
AcDbEntity
8
0
100
AcDbLine
10
258.822
20
89.911
30
0
11
258.756
21
90.026
31
0
0
LINE
5
8DD
330
C
100
AcDbEntity
8
0
100
AcDbLine
10
258.756
20
90.026
30
0
11
258.698
21
90.145
31
0
0
LINE
5
8DE
330
C
100
AcDbEntity
8
0
100
AcDbLine
10
258.698
20
90.145
30
0
11
258.648
21
90.27
31
0
0
LINE
5
8DF
330
C
100
AcDbEntity
8
0
100
AcDbLine
10
258.648
20
90.27
30
0
11
258.604
21
90.399
31
0
0
LINE
5
8E0
330
C
100
AcDbEntity
8
0
100
AcDbLine
10
258.604
20
90.399
30
0
11
258.568
21
90.534
31
0
0
LINE
5
8E1
330
C
100
AcDbEntity
8
0
100
AcDbLine
10
258.568
20
90.534
30
0
11
258.54
21
90.673
31
0
0
LINE
5
8E2
330
C
100
AcDbEntity
8
0
100
AcDbLine
10
258.54
20
90.673
30
0
11
258.519
21
90.818
31
0
0
LINE
5
8E3
330
C
100
AcDbEntity
8
0
100
AcDbLine
10
258.519
20
90.818
30
0
11
258.505
21
90.967
31
0
0
LINE
5
8E4
330
C
100
AcDbEntity
8
0
100
AcDbLine
10
258.505
20
90.967
30
0
11
258.499
21
91.122
31
0
0
LINE
5
8E5
330
C
100
AcDbEntity
8
0
100
AcDbLine
10
258.499
20
91.122
30
0
11
258.499
21
91.122
31
0
0
LINE
5
8E6
330
C
100
AcDbEntity
8
0
100
AcDbLine
10
258.499
20
91.122
30
0
11
259.411
21
91.122
31
0
0
LINE
5
8E7
330
C
100
AcDbEntity
8
0
100
AcDbLine
10
259.411
20
91.122
30
0
11
259.414
21
91.018
31
0
0
LINE
5
8E8
330
C
100
AcDbEntity
8
0
100
AcDbLine
10
259.414
20
91.018
30
0
11
259.422
21
90.918
31
0
0
LINE
5
8E9
330
C
100
AcDbEntity
8
0
100
AcDbLine
10
259.422
20
90.918
30
0
11
259.434
21
90.822
31
0
0
LINE
5
8EA
330
C
100
AcDbEntity
8
0
100
AcDbLine
10
259.434
20
90.822
30
0
11
259.452
21
90.73
31
0
0
LINE
5
8EB
330
C
100
AcDbEntity
8
0
100
AcDbLine
10
259.452
20
90.73
30
0
11
259.476
21
90.641
31
0
0
LINE
5
8EC
330
C
100
AcDbEntity
8
0
100
AcDbLine
10
259.476
20
90.641
30
0
11
259.504
21
90.556
31
0
0
LINE
5
8ED
330
C
100
AcDbEntity
8
0
100
AcDbLine
10
259.504
20
90.556
30
0
11
259.538
21
90.475
31
0
0
LINE
5
8EE
330
C
100
AcDbEntity
8
0
100
AcDbLine
10
259.538
20
90.475
30
0
11
259.576
21
90.398
31
0
0
LINE
5
8EF
330
C
100
AcDbEntity
8
0
100
AcDbLine
10
259.576
20
90.398
30
0
11
259.62
21
90.325
31
0
0
LINE
5
8F0
330
C
100
AcDbEntity
8
0
100
AcDbLine
10
259.62
20
90.325
30
0
11
259.669
21
90.255
31
0
0
LINE
5
8F1
330
C
100
AcDbEntity
8
0
100
AcDbLine
10
259.669
20
90.255
30
0
11
259.722
21
90.189
31
0
0
LINE
5
8F2
330
C
100
AcDbEntity
8
0
100
AcDbLine
10
259.722
20
90.189
30
0
11
259.779
21
90.126
31
0
0
LINE
5
8F3
330
C
100
AcDbEntity
8
0
100
AcDbLine
10
259.779
20
90.126
30
0
11
259.839
21
90.067
31
0
0
LINE
5
8F4
330
C
100
AcDbEntity
8
0
100
AcDbLine
10
259.839
20
90.067
30
0
11
259.902
21
90.012
31
0
0
LINE
5
8F5
330
C
100
AcDbEntity
8
0
100
AcDbLine
10
259.902
20
90.012
30
0
11
259.969
21
89.96
31
0
0
LINE
5
8F6
330
C
100
AcDbEntity
8
0
100
AcDbLine
10
259.969
20
89.96
30
0
11
260.039
21
89.911
31
0
0
LINE
5
8F7
330
C
100
AcDbEntity
8
0
100
AcDbLine
10
260.039
20
89.911
30
0
11
260.113
21
89.866
31
0
0
LINE
5
8F8
330
C
100
AcDbEntity
8
0
100
AcDbLine
10
260.113
20
89.866
30
0
11
260.19
21
89.824
31
0
0
LINE
5
8F9
330
C
100
AcDbEntity
8
0
100
AcDbLine
10
260.19
20
89.824
30
0
11
260.27
21
89.786
31
0
0
LINE
5
8FA
330
C
100
AcDbEntity
8
0
100
AcDbLine
10
260.27
20
89.786
30
0
11
260.353
21
89.751
31
0
0
LINE
5
8FB
330
C
100
AcDbEntity
8
0
100
AcDbLine
10
260.353
20
89.751
30
0
11
260.439
21
89.72
31
0
0
LINE
5
8FC
330
C
100
AcDbEntity
8
0
100
AcDbLine
10
260.439
20
89.72
30
0
11
260.527
21
89.692
31
0
0
LINE
5
8FD
330
C
100
AcDbEntity
8
0
100
AcDbLine
10
260.527
20
89.692
30
0
11
260.616
21
89.667
31
0
0
LINE
5
8FE
330
C
100
AcDbEntity
8
0
100
AcDbLine
10
260.616
20
89.667
30
0
11
260.706
21
89.645
31
0
0
LINE
5
8FF
330
C
100
AcDbEntity
8
0
100
AcDbLine
10
260.706
20
89.645
30
0
11
260.799
21
89.627
31
0
0
LINE
5
900
330
C
100
AcDbEntity
8
0
100
AcDbLine
10
260.799
20
89.627
30
0
11
260.892
21
89.612
31
0
0
LINE
5
901
330
C
100
AcDbEntity
8
0
100
AcDbLine
10
260.892
20
89.612
30
0
11
260.988
21
89.601
31
0
0
LINE
5
902
330
C
100
AcDbEntity
8
0
100
AcDbLine
10
260.988
20
89.601
30
0
11
261.085
21
89.593
31
0
0
LINE
5
903
330
C
100
AcDbEntity
8
0
100
AcDbLine
10
261.085
20
89.593
30
0
11
261.183
21
89.588
31
0
0
LINE
5
904
330
C
100
AcDbEntity
8
0
100
AcDbLine
10
261.183
20
89.588
30
0
11
261.283
21
89.586
31
0
0
LINE
5
905
330
C
100
AcDbEntity
8
0
100
AcDbLine
10
261.283
20
89.586
30
0
11
261.283
21
89.586
31
0
0
LINE
5
906
330
C
100
AcDbEntity
8
0
100
AcDbLine
10
261.283
20
89.586
30
0
11
261.391
21
89.588
31
0
0
LINE
5
907
330
C
100
AcDbEntity
8
0
100
AcDbLine
10
261.391
20
89.588
30
0
11
261.496
21
89.593
31
0
0
LINE
5
908
330
C
100
AcDbEntity
8
0
100
AcDbLine
10
261.496
20
89.593
30
0
11
261.598
21
89.602
31
0
0
LINE
5
909
330
C
100
AcDbEntity
8
0
100
AcDbLine
10
261.598
20
89.602
30
0
11
261.697
21
89.614
31
0
0
LINE
5
90A
330
C
100
AcDbEntity
8
0
100
AcDbLine
10
261.697
20
89.614
30
0
11
261.793
21
89.629
31
0
0
LINE
5
90B
330
C
100
AcDbEntity
8
0
100
AcDbLine
10
261.793
20
89.629
30
0
11
261.887
21
89.649
31
0
0
LINE
5
90C
330
C
100
AcDbEntity
8
0
100
AcDbLine
10
261.887
20
89.649
30
0
11
261.977
21
89.671
31
0
0
LINE
5
90D
330
C
100
AcDbEntity
8
0
100
AcDbLine
10
261.977
20
89.671
30
0
11
262.065
21
89.697
31
0
0
LINE
5
90E
330
C
100
AcDbEntity
8
0
100
AcDbLine
10
262.065
20
89.697
30
0
11
262.149
21
89.727
31
0
0
LINE
5
90F
330
C
100
AcDbEntity
8
0
100
AcDbLine
10
262.149
20
89.727
30
0
11
262.231
21
89.76
31
0
0
LINE
5
910
330
C
100
AcDbEntity
8
0
100
AcDbLine
10
262.231
20
89.76
30
0
11
262.31
21
89.796
31
0
0
LINE
5
911
330
C
100
AcDbEntity
8
0
100
AcDbLine
10
262.31
20
89.796
30
0
11
262.385
21
89.834
31
0
0
LINE
5
912
330
C
100
AcDbEntity
8
0
100
AcDbLine
10
262.385
20
89.834
30
0
11
262.456
21
89.874
31
0
0
LINE
5
913
330
C
100
AcDbEntity
8
0
100
AcDbLine
10
262.456
20
89.874
30
0
11
262.524
21
89.917
31
0
0
LINE
5
914
330
C
100
AcDbEntity
8
0
100
AcDbLine
10
262.524
20
89.917
30
0
11
262.587
21
89.962
31
0
0
LINE
5
915
330
C
100
AcDbEntity
8
0
100
AcDbLine
10
262.587
20
89.962
30
0
11
262.648
21
90.009
31
0
0
LINE
5
916
330
C
100
AcDbEntity
8
0
100
AcDbLine
10
262.648
20
90.009
30
0
11
262.704
21
90.058
31
0
0
LINE
5
917
330
C
100
AcDbEntity
8
0
100
AcDbLine
10
262.704
20
90.058
30
0
11
262.757
21
90.109
31
0
0
LINE
5
918
330
C
100
AcDbEntity
8
0
100
AcDbLine
10
262.757
20
90.109
30
0
11
262.807
21
90.163
31
0
0
LINE
5
919
330
C
100
AcDbEntity
8
0
100
AcDbLine
10
262.807
20
90.163
30
0
11
262.852
21
90.219
31
0
0
LINE
5
91A
330
C
100
AcDbEntity
8
0
100
AcDbLine
10
262.852
20
90.219
30
0
11
262.894
21
90.277
31
0
0
LINE
5
91B
330
C
100
AcDbEntity
8
0
100
AcDbLine
10
262.894
20
90.277
30
0
11
262.931
21
90.335
31
0
0
LINE
5
91C
330
C
100
AcDbEntity
8
0
100
AcDbLine
10
262.931
20
90.335
30
0
11
262.964
21
90.395
31
0
0
LINE
5
91D
330
C
100
AcDbEntity
8
0
100
AcDbLine
10
262.964
20
90.395
30
0
11
262.992
21
90.456
31
0
0
LINE
5
91E
330
C
100
AcDbEntity
8
0
100
AcDbLine
10
262.992
20
90.456
30
0
11
263.016
21
90.518
31
0
0
LINE
5
91F
330
C
100
AcDbEntity
8
0
100
AcDbLine
10
263.016
20
90.518
30
0
11
263.036
21
90.582
31
0
0
LINE
5
920
330
C
100
AcDbEntity
8
0
100
AcDbLine
10
263.036
20
90.582
30
0
11
263.052
21
90.646
31
0
0
LINE
5
921
330
C
100
AcDbEntity
8
0
100
AcDbLine
10
263.052
20
90.646
30
0
11
263.062
21
90.711
31
0
0
LINE
5
922
330
C
100
AcDbEntity
8
0
100
AcDbLine
10
263.062
20
90.711
30
0
11
263.069
21
90.778
31
0
0
LINE
5
923
330
C
100
AcDbEntity
8
0
100
AcDbLine
10
263.069
20
90.778
30
0
11
263.071
21
90.846
31
0
0
LINE
5
924
330
C
100
AcDbEntity
8
0
100
AcDbLine
10
263.071
20
90.846
30
0
11
263.071
21
90.846
31
0
0
LINE
5
925
330
C
100
AcDbEntity
8
0
100
AcDbLine
10
263.071
20
90.846
30
0
11
263.068
21
90.94
31
0
0
LINE
5
926
330
C
100
AcDbEntity
8
0
100
AcDbLine
10
263.068
20
90.94
30
0
11
263.059
21
91.031
31
0
0
LINE
5
927
330
C
100
AcDbEntity
8
0
100
AcDbLine
10
263.059
20
91.031
30
0
11
263.045
21
91.118
31
0
0
LINE
5
928
330
C
100
AcDbEntity
8
0
100
AcDbLine
10
263.045
20
91.118
30
0
11
263.024
21
91.201
31
0
0
LINE
5
929
330
C
100
AcDbEntity
8
0
100
AcDbLine
10
263.024
20
91.201
30
0
11
262.998
21
91.28
31
0
0
LINE
5
92A
330
C
100
AcDbEntity
8
0
100
AcDbLine
10
262.998
20
91.28
30
0
11
262.965
21
91.356
31
0
0
LINE
5
92B
330
C
100
AcDbEntity
8
0
100
AcDbLine
10
262.965
20
91.356
30
0
11
262.927
21
91.428
31
0
0
LINE
5
92C
330
C
100
AcDbEntity
8
0
100
AcDbLine
10
262.927
20
91.428
30
0
11
262.883
21
91.497
31
0
0
LINE
5
92D
330
C
100
AcDbEntity
8
0
100
AcDbLine
10
262.883
20
91.497
30
0
11
262.833
21
91.562
31
0
0
LINE
5
92E
330
C
100
AcDbEntity
8
0
100
AcDbLine
10
262.833
20
91.562
30
0
11
262.777
21
91.623
31
0
0
LINE
5
92F
330
C
100
AcDbEntity
8
0
100
AcDbLine
10
262.777
20
91.623
30
0
11
262.716
21
91.681
31
0
0
LINE
5
930
330
C
100
AcDbEntity
8
0
100
AcDbLine
10
262.716
20
91.681
30
0
11
262.648
21
91.737
31
0
0
LINE
5
931
330
C
100
AcDbEntity
8
0
100
AcDbLine
10
262.648
20
91.737
30
0
11
262.575
21
91.791
31
0
0
LINE
5
932
330
C
100
AcDbEntity
8
0
100
AcDbLine
10
262.575
20
91.791
30
0
11
262.497
21
91.843
31
0
0
LINE
5
933
330
C
100
AcDbEntity
8
0
100
AcDbLine
10
262.497
20
91.843
30
0
11
262.413
21
91.892
31
0
0
LINE
5
934
330
C
100
AcDbEntity
8
0
100
AcDbLine
10
262.413
20
91.892
30
0
11
262.323
21
91.939
31
0
0
LINE
5
935
330
C
100
AcDbEntity
8
0
100
AcDbLine
10
262.323
20
91.939
30
0
11
262.227
21
91.984
31
0
0
LINE
5
936
330
C
100
AcDbEntity
8
0
100
AcDbLine
10
262.227
20
91.984
30
0
11
262.126
21
92.027
31
0
0
LINE
5
937
330
C
100
AcDbEntity
8
0
100
AcDbLine
10
262.126
20
92.027
30
0
11
262.02
21
92.068
31
0
0
LINE
5
938
330
C
100
AcDbEntity
8
0
100
AcDbLine
10
262.02
20
92.068
30
0
11
261.907
21
92.106
31
0
0
LINE
5
939
330
C
100
AcDbEntity
8
0
100
AcDbLine
10
261.907
20
92.106
30
0
11
261.907
21
92.106
31
0
0
LINE
5
93A
330
C
100
AcDbEntity
8
0
100
AcDbLine
10
261.907
20
92.106
30
0
11
260.575
21
92.574
31
0
0
LINE
5
93B
330
C
100
AcDbEntity
8
0
100
AcDbLine
10
260.575
20
92.574
30
0
11
260.393
21
92.642
31
0
0
LINE
5
93C
330
C
100
AcDbEntity
8
0
100
AcDbLine
10
260.393
20
92.642
30
0
11
260.219
21
92.712
31
0
0
LINE
5
93D
330
C
100
AcDbEntity
8
0
100
AcDbLine
10
260.219
20
92.712
30
0
11
260.055
21
92.784
31
0
0
LINE
5
93E
330
C
100
AcDbEntity
8
0
100
AcDbLine
10
260.055
20
92.784
30
0
11
259.899
21
92.858
31
0
0
LINE
5
93F
330
C
100
AcDbEntity
8
0
100
AcDbLine
10
259.899
20
92.858
30
0
11
259.753
21
92.934
31
0
0
LINE
5
940
330
C
100
AcDbEntity
8
0
100
AcDbLine
10
259.753
20
92.934
30
0
11
259.616
21
93.012
31
0
0
LINE
5
941
330
C
100
AcDbEntity
8
0
100
AcDbLine
10
259.616
20
93.012
30
0
11
259.488
21
93.091
31
0
0
LINE
5
942
330
C
100
AcDbEntity
8
0
100
AcDbLine
10
259.488
20
93.091
30
0
11
259.369
21
93.173
31
0
0
LINE
5
943
330
C
100
AcDbEntity
8
0
100
AcDbLine
10
259.369
20
93.173
30
0
11
259.26
21
93.257
31
0
0
LINE
5
944
330
C
100
AcDbEntity
8
0
100
AcDbLine
10
259.26
20
93.257
30
0
11
259.159
21
93.342
31
0
0
LINE
5
945
330
C
100
AcDbEntity
8
0
100
AcDbLine
10
259.159
20
93.342
30
0
11
259.068
21
93.432
31
0
0
LINE
5
946
330
C
100
AcDbEntity
8
0
100
AcDbLine
10
259.068
20
93.432
30
0
11
258.986
21
93.529
31
0
0
LINE
5
947
330
C
100
AcDbEntity
8
0
100
AcDbLine
10
258.986
20
93.529
30
0
11
258.914
21
93.633
31
0
0
LINE
5
948
330
C
100
AcDbEntity
8
0
100
AcDbLine
10
258.914
20
93.633
30
0
11
258.852
21
93.743
31
0
0
LINE
5
949
330
C
100
AcDbEntity
8
0
100
AcDbLine
10
258.852
20
93.743
30
0
11
258.799
21
93.861
31
0
0
LINE
5
94A
330
C
100
AcDbEntity
8
0
100
AcDbLine
10
258.799
20
93.861
30
0
11
258.756
21
93.986
31
0
0
LINE
5
94B
330
C
100
AcDbEntity
8
0
100
AcDbLine
10
258.756
20
93.986
30
0
11
258.722
21
94.117
31
0
0
LINE
5
94C
330
C
100
AcDbEntity
8
0
100
AcDbLine
10
258.722
20
94.117
30
0
11
258.698
21
94.256
31
0
0
LINE
5
94D
330
C
100
AcDbEntity
8
0
100
AcDbLine
10
258.698
20
94.256
30
0
11
258.684
21
94.401
31
0
0
LINE
5
94E
330
C
100
AcDbEntity
8
0
100
AcDbLine
10
258.684
20
94.401
30
0
11
258.679
21
94.554
31
0
0
LINE
5
94F
330
C
100
AcDbEntity
8
0
100
AcDbLine
10
258.679
20
94.554
30
0
11
258.679
21
94.554
31
0
0
LINE
5
950
330
C
100
AcDbEntity
8
0
100
AcDbLine
10
258.679
20
94.554
30
0
11
258.686
21
94.726
31
0
0
LINE
5
951
330
C
100
AcDbEntity
8
0
100
AcDbLine
10
258.686
20
94.726
30
0
11
258.706
21
94.891
31
0
0
LINE
5
952
330
C
100
AcDbEntity
8
0
100
AcDbLine
10
258.706
20
94.891
30
0
11
258.74
21
95.05
31
0
0
LINE
5
953
330
C
100
AcDbEntity
8
0
100
AcDbLine
10
258.74
20
95.05
30
0
11
258.787
21
95.203
31
0
0
LINE
5
954
330
C
100
AcDbEntity
8
0
100
AcDbLine
10
258.787
20
95.203
30
0
11
258.848
21
95.349
31
0
0
LINE
5
955
330
C
100
AcDbEntity
8
0
100
AcDbLine
10
258.848
20
95.349
30
0
11
258.922
21
95.489
31
0
0
LINE
5
956
330
C
100
AcDbEntity
8
0
100
AcDbLine
10
258.922
20
95.489
30
0
11
259.01
21
95.622
31
0
0
LINE
5
957
330
C
100
AcDbEntity
8
0
100
AcDbLine
10
259.01
20
95.622
30
0
11
259.111
21
95.748
31
0
0
LINE
5
958
330
C
100
AcDbEntity
8
0
100
AcDbLine
10
259.111
20
95.748
30
0
11
259.226
21
95.868
31
0
0
LINE
5
959
330
C
100
AcDbEntity
8
0
100
AcDbLine
10
259.226
20
95.868
30
0
11
259.354
21
95.982
31
0
0
LINE
5
95A
330
C
100
AcDbEntity
8
0
100
AcDbLine
10
259.354
20
95.982
30
0
11
259.495
21
96.087
31
0
0
LINE
5
95B
330
C
100
AcDbEntity
8
0
100
AcDbLine
10
259.495
20
96.087
30
0
11
259.647
21
96.181
31
0
0
LINE
5
95C
330
C
100
AcDbEntity
8
0
100
AcDbLine
10
259.647
20
96.181
30
0
11
259.81
21
96.264
31
0
0
LINE
5
95D
330
C
100
AcDbEntity
8
0
100
AcDbLine
10
259.81
20
96.264
30
0
11
259.985
21
96.335
31
0
0
LINE
5
95E
330
C
100
AcDbEntity
8
0
100
AcDbLine
10
259.985
20
96.335
30
0
11
260.171
21
96.396
31
0
0
LINE
5
95F
330
C
100
AcDbEntity
8
0
100
AcDbLine
10
260.171
20
96.396
30
0
11
260.368
21
96.446
31
0
0
LINE
5
960
330
C
100
AcDbEntity
8
0
100
AcDbLine
10
260.368
20
96.446
30
0
11
260.577
21
96.484
31
0
0
LINE
5
961
330
C
100
AcDbEntity
8
0
100
AcDbLine
10
260.577
20
96.484
30
0
11
260.797
21
96.512
31
0
0
LINE
5
962
330
C
100
AcDbEntity
8
0
100
AcDbLine
10
260.797
20
96.512
30
0
11
261.028
21
96.528
31
0
0
LINE
5
963
330
C
100
AcDbEntity
8
0
100
AcDbLine
10
261.028
20
96.528
30
0
11
261.271
21
96.534
31
0
0
LINE
5
964
330
C
100
AcDbEntity
8
0
100
AcDbLine
10
261.271
20
96.534
30
0
11
261.271
21
96.534
31
0
0
LINE
5
965
330
C
100
AcDbEntity
8
0
100
AcDbLine
10
261.271
20
96.534
30
0
11
261.497
21
96.529
31
0
0
LINE
5
966
330
C
100
AcDbEntity
8
0
100
AcDbLine
10
261.497
20
96.529
30
0
11
261.712
21
96.513
31
0
0
LINE
5
967
330
C
100
AcDbEntity
8
0
100
AcDbLine
10
261.712
20
96.513
30
0
11
261.917
21
96.486
31
0
0
LINE
5
968
330
C
100
AcDbEntity
8
0
100
AcDbLine
10
261.917
20
96.486
30
0
11
262.112
21
96.449
31
0
0
LINE
5
969
330
C
100
AcDbEntity
8
0
100
AcDbLine
10
262.112
20
96.449
30
0
11
262.297
21
96.401
31
0
0
LINE
5
96A
330
C
100
AcDbEntity
8
0
100
AcDbLine
10
262.297
20
96.401
30
0
11
262.472
21
96.343
31
0
0
LINE
5
96B
330
C
100
AcDbEntity
8
0
100
AcDbLine
10
262.472
20
96.343
30
0
11
262.637
21
96.274
31
0
0
LINE
5
96C
330
C
100
AcDbEntity
8
0
100
AcDbLine
10
262.637
20
96.274
30
0
11
262.792
21
96.194
31
0
0
LINE
5
96D
330
C
100
AcDbEntity
8
0
100
AcDbLine
10
262.792
20
96.194
30
0
11
262.937
21
96.104
31
0
0
LINE
5
96E
330
C
100
AcDbEntity
8
0
100
AcDbLine
10
262.937
20
96.104
30
0
11
263.071
21
96.003
31
0
0
LINE
5
96F
330
C
100
AcDbEntity
8
0
100
AcDbLine
10
263.071
20
96.003
30
0
11
263.195
21
95.893
31
0
0
LINE
5
970
330
C
100
AcDbEntity
8
0
100
AcDbLine
10
263.195
20
95.893
30
0
11
263.308
21
95.776
31
0
0
LINE
5
971
330
C
100
AcDbEntity
8
0
100
AcDbLine
10
263.308
20
95.776
30
0
11
263.41
21
95.652
31
0
0
LINE
5
972
330
C
100
AcDbEntity
8
0
100
AcDbLine
10
263.41
20
95.652
30
0
11
263.501
21
95.52
31
0
0
LINE
5
973
330
C
100
AcDbEntity
8
0
100
AcDbLine
10
263.501
20
95.52
30
0
11
263.581
21
95.381
31
0
0
LINE
5
974
330
C
100
AcDbEntity
8
0
100
AcDbLine
10
263.581
20
95.381
30
0
11
263.65
21
95.235
31
0
0
LINE
5
975
330
C
100
AcDbEntity
8
0
100
AcDbLine
10
263.65
20
95.235
30
0
11
263.708
21
95.082
31
0
0
LINE
5
976
330
C
100
AcDbEntity
8
0
100
AcDbLine
10
263.708
20
95.082
30
0
11
263.755
21
94.921
31
0
0
LINE
5
977
330
C
100
AcDbEntity
8
0
100
AcDbLine
10
263.755
20
94.921
30
0
11
263.79
21
94.753
31
0
0
LINE
5
978
330
C
100
AcDbEntity
8
0
100
AcDbLine
10
263.79
20
94.753
30
0
11
263.815
21
94.578
31
0
0
LINE
5
979
330
C
100
AcDbEntity
8
0
100
AcDbLine
10
263.815
20
94.578
30
0
11
263.815
21
94.578
31
0
0
LINE
5
97A
330
C
100
AcDbEntity
8
0
100
AcDbLine
10
263.815
20
94.578
30
0
11
262.891
21
94.578
31
0
0
LINE
5
97B
330
C
100
AcDbEntity
8
0
100
AcDbLine
10
262.891
20
94.578
30
0
11
262.87
21
94.68
31
0
0
LINE
5
97C
330
C
100
AcDbEntity
8
0
100
AcDbLine
10
262.87
20
94.68
30
0
11
262.843
21
94.778
31
0
0
LINE
5
97D
330
C
100
AcDbEntity
8
0
100
AcDbLine
10
262.843
20
94.778
30
0
11
262.809
21
94.87
31
0
0
LINE
5
97E
330
C
100
AcDbEntity
8
0
100
AcDbLine
10
262.809
20
94.87
30
0
11
262.77
21
94.959
31
0
0
LINE
5
97F
330
C
100
AcDbEntity
8
0
100
AcDbLine
10
262.77
20
94.959
30
0
11
262.724
21
95.042
31
0
0
LINE
5
980
330
C
100
AcDbEntity
8
0
100
AcDbLine
10
262.724
20
95.042
30
0
11
262.672
21
95.121
31
0
0
LINE
5
981
330
C
100
AcDbEntity
8
0
100
AcDbLine
10
262.672
20
95.121
30
0
11
262.614
21
95.196
31
0
0
LINE
5
982
330
C
100
AcDbEntity
8
0
100
AcDbLine
10
262.614
20
95.196
30
0
11
262.549
21
95.265
31
0
0
LINE
5
983
330
C
100
AcDbEntity
8
0
100
AcDbLine
10
262.549
20
95.265
30
0
11
262.479
21
95.33
31
0
0
LINE
5
984
330
C
100
AcDbEntity
8
0
100
AcDbLine
10
262.479
20
95.33
30
0
11
262.402
21
95.391
31
0
0
LINE
5
985
330
C
100
AcDbEntity
8
0
100
AcDbLine
10
262.402
20
95.391
30
0
11
262.319
21
95.446
31
0
0
LINE
5
986
330
C
100
AcDbEntity
8
0
100
AcDbLine
10
262.319
20
95.446
30
0
11
262.229
21
95.496
31
0
0
LINE
5
987
330
C
100
AcDbEntity
8
0
100
AcDbLine
10
262.229
20
95.496
30
0
11
262.133
21
95.539
31
0
0
LINE
5
988
330
C
100
AcDbEntity
8
0
100
AcDbLine
10
262.133
20
95.539
30
0
11
262.03
21
95.577
31
0
0
LINE
5
989
330
C
100
AcDbEntity
8
0
100
AcDbLine
10
262.03
20
95.577
30
0
11
261.92
21
95.609
31
0
0
LINE
5
98A
330
C
100
AcDbEntity
8
0
100
AcDbLine
10
261.92
20
95.609
30
0
11
261.804
21
95.635
31
0
0
LINE
5
98B
330
C
100
AcDbEntity
8
0
100
AcDbLine
10
261.804
20
95.635
30
0
11
261.68
21
95.656
31
0
0
LINE
5
98C
330
C
100
AcDbEntity
8
0
100
AcDbLine
10
261.68
20
95.656
30
0
11
261.551
21
95.67
31
0
0
LINE
5
98D
330
C
100
AcDbEntity
8
0
100
AcDbLine
10
261.551
20
95.67
30
0
11
261.414
21
95.679
31
0
0
LINE
5
98E
330
C
100
AcDbEntity
8
0
100
AcDbLine
10
261.414
20
95.679
30
0
11
261.271
21
95.682
31
0
0
LINE
5
98F
330
C
100
AcDbEntity
8
0
100
AcDbLine
10
261.271
20
95.682
30
0
11
261.271
21
95.682
31
0
0
LINE
5
990
330
C
100
AcDbEntity
8
0
100
AcDbLine
10
261.271
20
95.682
30
0
11
261.126
21
95.679
31
0
0
LINE
5
991
330
C
100
AcDbEntity
8
0
100
AcDbLine
10
261.126
20
95.679
30
0
11
260.987
21
95.669
31
0
0
LINE
5
992
330
C
100
AcDbEntity
8
0
100
AcDbLine
10
260.987
20
95.669
30
0
11
260.855
21
95.652
31
0
0
LINE
5
993
330
C
100
AcDbEntity
8
0
100
AcDbLine
10
260.855
20
95.652
30
0
11
260.729
21
95.629
31
0
0
LINE
5
994
330
C
100
AcDbEntity
8
0
100
AcDbLine
10
260.729
20
95.629
30
0
11
260.61
21
95.6
31
0
0
LINE
5
995
330
C
100
AcDbEntity
8
0
100
AcDbLine
10
260.61
20
95.6
30
0
11
260.497
21
95.563
31
0
0
LINE
5
996
330
C
100
AcDbEntity
8
0
100
AcDbLine
10
260.497
20
95.563
30
0
11
260.391
21
95.52
31
0
0
LINE
5
997
330
C
100
AcDbEntity
8
0
100
AcDbLine
10
260.391
20
95.52
30
0
11
260.292
21
95.471
31
0
0
LINE
5
998
330
C
100
AcDbEntity
8
0
100
AcDbLine
10
260.292
20
95.471
30
0
11
260.199
21
95.415
31
0
0
LINE
5
999
330
C
100
AcDbEntity
8
0
100
AcDbLine
10
260.199
20
95.415
30
0
11
260.113
21
95.352
31
0
0
LINE
5
99A
330
C
100
AcDbEntity
8
0
100
AcDbLine
10
260.113
20
95.352
30
0
11
260.035
21
95.284
31
0
0
LINE
5
99B
330
C
100
AcDbEntity
8
0
100
AcDbLine
10
260.035
20
95.284
30
0
11
259.964
21
95.213
31
0
0
LINE
5
99C
330
C
100
AcDbEntity
8
0
100
AcDbLine
10
259.964
20
95.213
30
0
11
259.902
21
95.138
31
0
0
LINE
5
99D
330
C
100
AcDbEntity
8
0
100
AcDbLine
10
259.902
20
95.138
30
0
11
259.848
21
95.06
31
0
0
LINE
5
99E
330
C
100
AcDbEntity
8
0
100
AcDbLine
10
259.848
20
95.06
30
0
11
259.803
21
94.978
31
0
0
LINE
5
99F
330
C
100
AcDbEntity
8
0
100
AcDbLine
10
259.803
20
94.978
30
0
11
259.765
21
94.893
31
0
0
LINE
5
9A0
330
C
100
AcDbEntity
8
0
100
AcDbLine
10
259.765
20
94.893
30
0
11
259.736
21
94.805
31
0
0
LINE
5
9A1
330
C
100
AcDbEntity
8
0
100
AcDbLine
10
259.736
20
94.805
30
0
11
259.716
21
94.713
31
0
0
LINE
5
9A2
330
C
100
AcDbEntity
8
0
100
AcDbLine
10
259.716
20
94.713
30
0
11
259.703
21
94.617
31
0
0
LINE
5
9A3
330
C
100
AcDbEntity
8
0
100
AcDbLine
10
259.703
20
94.617
30
0
11
259.699
21
94.518
31
0
0
LINE
5
9A4
330
C
100
AcDbEntity
8
0
100
AcDbLine
10
259.699
20
94.518
30
0
11
259.699
21
94.518
31
0
0
LINE
5
9A5
330
C
100
AcDbEntity
8
0
100
AcDbLine
10
259.699
20
94.518
30
0
11
259.702
21
94.437
31
0
0
LINE
5
9A6
330
C
100
AcDbEntity
8
0
100
AcDbLine
10
259.702
20
94.437
30
0
11
259.71
21
94.359
31
0
0
LINE
5
9A7
330
C
100
AcDbEntity
8
0
100
AcDbLine
10
259.71
20
94.359
30
0
11
259.723
21
94.285
31
0
0
LINE
5
9A8
330
C
100
AcDbEntity
8
0
100
AcDbLine
10
259.723
20
94.285
30
0
11
259.741
21
94.214
31
0
0
LINE
5
9A9
330
C
100
AcDbEntity
8
0
100
AcDbLine
10
259.741
20
94.214
30
0
11
259.764
21
94.147
31
0
0
LINE
5
9AA
330
C
100
AcDbEntity
8
0
100
AcDbLine
10
259.764
20
94.147
30
0
11
259.793
21
94.083
31
0
0
LINE
5
9AB
330
C
100
AcDbEntity
8
0
100
AcDbLine
10
259.793
20
94.083
30
0
11
259.827
21
94.022
31
0
0
LINE
5
9AC
330
C
100
AcDbEntity
8
0
100
AcDbLine
10
259.827
20
94.022
30
0
11
259.866
21
93.965
31
0
0
LINE
5
9AD
330
C
100
AcDbEntity
8
0
100
AcDbLine
10
259.866
20
93.965
30
0
11
259.911
21
93.911
31
0
0
LINE
5
9AE
330
C
100
AcDbEntity
8
0
100
AcDbLine
10
259.911
20
93.911
30
0
11
259.96
21
93.861
31
0
0
LINE
5
9AF
330
C
100
AcDbEntity
8
0
100
AcDbLine
10
259.96
20
93.861
30
0
11
260.015
21
93.813
31
0
0
LINE
5
9B0
330
C
100
AcDbEntity
8
0
100
AcDbLine
10
260.015
20
93.813
30
0
11
260.076
21
93.766
31
0
0
LINE
5
9B1
330
C
100
AcDbEntity
8
0
100
AcDbLine
10
260.076
20
93.766
30
0
11
260.144
21
93.72
31
0
0
LINE
5
9B2
330
C
100
AcDbEntity
8
0
100
AcDbLine
10
260.144
20
93.72
30
0
11
260.217
21
93.675
31
0
0
LINE
5
9B3
330
C
100
AcDbEntity
8
0
100
AcDbLine
10
260.217
20
93.675
30
0
11
260.295
21
93.631
31
0
0
LINE
5
9B4
330
C
100
AcDbEntity
8
0
100
AcDbLine
10
260.295
20
93.631
30
0
11
260.38
21
93.588
31
0
0
LINE
5
9B5
330
C
100
AcDbEntity
8
0
100
AcDbLine
10
260.38
20
93.588
30
0
11
260.471
21
93.546
31
0
0
LINE
5
9B6
330
C
100
AcDbEntity
8
0
100
AcDbLine
10
260.471
20
93.546
30
0
11
260.568
21
93.505
31
0
0
LINE
5
9B7
330
C
100
AcDbEntity
8
0
100
AcDbLine
10
260.568
20
93.505
30
0
11
260.671
21
93.465
31
0
0
LINE
5
9B8
330
C
100
AcDbEntity
8
0
100
AcDbLine
10
260.671
20
93.465
30
0
11
260.779
21
93.426
31
0
0
LINE
5
9B9
330
C
100
AcDbEntity
8
0
100
AcDbLine
10
260.779
20
93.426
30
0
11
260.779
21
93.426
31
0
0
LINE
5
9BA
330
C
100
AcDbEntity
8
0
100
AcDbLine
10
260.779
20
93.426
30
0
11
262.339
21
92.886
31
0
0
LINE
5
9BB
330
C
100
AcDbEntity
8
0
100
AcDbLine
10
262.339
20
92.886
30
0
11
262.498
21
92.83
31
0
0
LINE
5
9BC
330
C
100
AcDbEntity
8
0
100
AcDbLine
10
262.498
20
92.83
30
0
11
262.65
21
92.769
31
0
0
LINE
5
9BD
330
C
100
AcDbEntity
8
0
100
AcDbLine
10
262.65
20
92.769
30
0
11
262.795
21
92.705
31
0
0
LINE
5
9BE
330
C
100
AcDbEntity
8
0
100
AcDbLine
10
262.795
20
92.705
30
0
11
262.933
21
92.635
31
0
0
LINE
5
9BF
330
C
100
AcDbEntity
8
0
100
AcDbLine
10
262.933
20
92.635
30
0
11
263.064
21
92.562
31
0
0
LINE
5
9C0
330
C
100
AcDbEntity
8
0
100
AcDbLine
10
263.064
20
92.562
30
0
11
263.189
21
92.484
31
0
0
LINE
5
9C1
330
C
100
AcDbEntity
8
0
100
AcDbLine
10
263.189
20
92.484
30
0
11
263.307
21
92.402
31
0
0
LINE
5
9C2
330
C
100
AcDbEntity
8
0
100
AcDbLine
10
263.307
20
92.402
30
0
11
263.418
21
92.316
31
0
0
LINE
5
9C3
330
C
100
AcDbEntity
8
0
100
AcDbLine
10
263.418
20
92.316
30
0
11
263.523
21
92.225
31
0
0
LINE
5
9C4
330
C
100
AcDbEntity
8
0
100
AcDbLine
10
263.523
20
92.225
30
0
11
263.62
21
92.13
31
0
0
LINE
5
9C5
330
C
100
AcDbEntity
8
0
100
AcDbLine
10
263.62
20
92.13
30
0
11
263.71
21
92.03
31
0
0
LINE
5
9C6
330
C
100
AcDbEntity
8
0
100
AcDbLine
10
263.71
20
92.03
30
0
11
263.79
21
91.924
31
0
0
LINE
5
9C7
330
C
100
AcDbEntity
8
0
100
AcDbLine
10
263.79
20
91.924
30
0
11
263.86
21
91.812
31
0
0
LINE
5
9C8
330
C
100
AcDbEntity
8
0
100
AcDbLine
10
263.86
20
91.812
30
0
11
263.922
21
91.695
31
0
0
LINE
5
9C9
330
C
100
AcDbEntity
8
0
100
AcDbLine
10
263.922
20
91.695
30
0
11
263.973
21
91.572
31
0
0
LINE
5
9CA
330
C
100
AcDbEntity
8
0
100
AcDbLine
10
263.973
20
91.572
30
0
11
264.016
21
91.443
31
0
0
LINE
5
9CB
330
C
100
AcDbEntity
8
0
100
AcDbLine
10
264.016
20
91.443
30
0
11
264.049
21
91.308
31
0
0
LINE
5
9CC
330
C
100
AcDbEntity
8
0
100
AcDbLine
10
264.049
20
91.308
30
0
11
264.072
21
91.168
31
0
0
LINE
5
9CD
330
C
100
AcDbEntity
8
0
100
AcDbLine
10
264.072
20
91.168
30
0
11
264.087
21
91.022
31
0
0
LINE
5
9CE
330
C
100
AcDbEntity
8
0
100
AcDbLine
10
264.087
20
91.022
30
0
11
264.091
21
90.87
31
0
0
LINE
5
9CF
330
C
100
AcDbEntity
8
0
100
AcDbLine
10
264.091
20
90.87
30
0
11
264.091
21
90.87
31
0
0
LINE
5
9D0
330
C
100
AcDbEntity
8
0
100
AcDbLine
10
264.091
20
90.87
30
0
11
264.088
21
90.751
31
0
0
LINE
5
9D1
330
C
100
AcDbEntity
8
0
100
AcDbLine
10
264.088
20
90.751
30
0
11
264.078
21
90.635
31
0
0
LINE
5
9D2
330
C
100
AcDbEntity
8
0
100
AcDbLine
10
264.078
20
90.635
30
0
11
264.062
21
90.52
31
0
0
LINE
5
9D3
330
C
100
AcDbEntity
8
0
100
AcDbLine
10
264.062
20
90.52
30
0
11
264.04
21
90.408
31
0
0
LINE
5
9D4
330
C
100
AcDbEntity
8
0
100
AcDbLine
10
264.04
20
90.408
30
0
11
264.011
21
90.299
31
0
0
LINE
5
9D5
330
C
100
AcDbEntity
8
0
100
AcDbLine
10
264.011
20
90.299
30
0
11
263.976
21
90.191
31
0
0
LINE
5
9D6
330
C
100
AcDbEntity
8
0
100
AcDbLine
10
263.976
20
90.191
30
0
11
263.934
21
90.086
31
0
0
LINE
5
9D7
330
C
100
AcDbEntity
8
0
100
AcDbLine
10
263.934
20
90.086
30
0
11
263.886
21
89.983
31
0
0
LINE
5
9D8
330
C
100
AcDbEntity
8
0
100
AcDbLine
10
263.886
20
89.983
30
0
11
263.831
21
89.882
31
0
0
LINE
5
9D9
330
C
100
AcDbEntity
8
0
100
AcDbLine
10
263.831
20
89.882
30
0
11
263.77
21
89.784
31
0
0
LINE
5
9DA
330
C
100
AcDbEntity
8
0
100
AcDbLine
10
263.77
20
89.784
30
0
11
263.703
21
89.689
31
0
0
LINE
5
9DB
330
C
100
AcDbEntity
8
0
100
AcDbLine
10
263.703
20
89.689
30
0
11
263.63
21
89.598
31
0
0
LINE
5
9DC
330
C
100
AcDbEntity
8
0
100
AcDbLine
10
263.63
20
89.598
30
0
11
263.55
21
89.51
31
0
0
LINE
5
9DD
330
C
100
AcDbEntity
8
0
100
AcDbLine
10
263.55
20
89.51
30
0
11
263.465
21
89.427
31
0
0
LINE
5
9DE
330
C
100
AcDbEntity
8
0
100
AcDbLine
10
263.465
20
89.427
30
0
11
263.373
21
89.347
31
0
0
LINE
5
9DF
330
C
100
AcDbEntity
8
0
100
AcDbLine
10
263.373
20
89.347
30
0
11
263.276
21
89.272
31
0
0
LINE
5
9E0
330
C
100
AcDbEntity
8
0
100
AcDbLine
10
263.276
20
89.272
30
0
11
263.172
21
89.201
31
0
0
LINE
5
9E1
330
C
100
AcDbEntity
8
0
100
AcDbLine
10
263.172
20
89.201
30
0
11
263.063
21
89.133
31
0
0
LINE
5
9E2
330
C
100
AcDbEntity
8
0
100
AcDbLine
10
263.063
20
89.133
30
0
11
262.947
21
89.07
31
0
0
LINE
5
9E3
330
C
100
AcDbEntity
8
0
100
AcDbLine
10
262.947
20
89.07
30
0
11
262.825
21
89.01
31
0
0
LINE
5
9E4
330
C
100
AcDbEntity
8
0
100
AcDbLine
10
262.825
20
89.01
30
0
11
262.698
21
88.955
31
0
0
LINE
5
9E5
330
C
100
AcDbEntity
8
0
100
AcDbLine
10
262.698
20
88.955
30
0
11
262.564
21
88.906
31
0
0
LINE
5
9E6
330
C
100
AcDbEntity
8
0
100
AcDbLine
10
262.564
20
88.906
30
0
11
262.425
21
88.863
31
0
0
LINE
5
9E7
330
C
100
AcDbEntity
8
0
100
AcDbLine
10
262.425
20
88.863
30
0
11
262.281
21
88.826
31
0
0
LINE
5
9E8
330
C
100
AcDbEntity
8
0
100
AcDbLine
10
262.281
20
88.826
30
0
11
262.131
21
88.794
31
0
0
LINE
5
9E9
330
C
100
AcDbEntity
8
0
100
AcDbLine
10
262.131
20
88.794
30
0
11
261.975
21
88.768
31
0
0
LINE
5
9EA
330
C
100
AcDbEntity
8
0
100
AcDbLine
10
261.975
20
88.768
30
0
11
261.813
21
88.748
31
0
0
LINE
5
9EB
330
C
100
AcDbEntity
8
0
100
AcDbLine
10
261.813
20
88.748
30
0
11
261.646
21
88.734
31
0
0
LINE
5
9EC
330
C
100
AcDbEntity
8
0
100
AcDbLine
10
261.646
20
88.734
30
0
11
261.474
21
88.725
31
0
0
LINE
5
9ED
330
C
100
AcDbEntity
8
0
100
AcDbLine
10
261.474
20
88.725
30
0
11
261.295
21
88.722
31
0
0
LINE
5
9EE
330
C
100
AcDbEntity
8
0
100
AcDbLine
10
261.295
20
88.722
30
0
11
261.295
21
88.722
31
0
0
LINE
5
9EF
330
C
100
AcDbEntity
8
0
100
AcDbLine
10
266.665
20
95.958
30
0
11
266.665
21
95.958
31
0
0
LINE
5
9F0
330
C
100
AcDbEntity
8
0
100
AcDbLine
10
266.665
20
95.958
30
0
11
266.609
21
95.96
31
0
0
LINE
5
9F1
330
C
100
AcDbEntity
8
0
100
AcDbLine
10
266.609
20
95.96
30
0
11
266.555
21
95.965
31
0
0
LINE
5
9F2
330
C
100
AcDbEntity
8
0
100
AcDbLine
10
266.555
20
95.965
30
0
11
266.503
21
95.973
31
0
0
LINE
5
9F3
330
C
100
AcDbEntity
8
0
100
AcDbLine
10
266.503
20
95.973
30
0
11
266.454
21
95.984
31
0
0
LINE
5
9F4
330
C
100
AcDbEntity
8
0
100
AcDbLine
10
266.454
20
95.984
30
0
11
266.407
21
95.999
31
0
0
LINE
5
9F5
330
C
100
AcDbEntity
8
0
100
AcDbLine
10
266.407
20
95.999
30
0
11
266.363
21
96.017
31
0
0
LINE
5
9F6
330
C
100
AcDbEntity
8
0
100
AcDbLine
10
266.363
20
96.017
30
0
11
266.321
21
96.039
31
0
0
LINE
5
9F7
330
C
100
AcDbEntity
8
0
100
AcDbLine
10
266.321
20
96.039
30
0
11
266.281
21
96.064
31
0
0
LINE
5
9F8
330
C
100
AcDbEntity
8
0
100
AcDbLine
10
266.281
20
96.064
30
0
11
266.244
21
96.092
31
0
0
LINE
5
9F9
330
C
100
AcDbEntity
8
0
100
AcDbLine
10
266.244
20
96.092
30
0
11
266.209
21
96.123
31
0
0
LINE
5
9FA
330
C
100
AcDbEntity
8
0
100
AcDbLine
10
266.209
20
96.123
30
0
11
266.177
21
96.157
31
0
0
LINE
5
9FB
330
C
100
AcDbEntity
8
0
100
AcDbLine
10
266.177
20
96.157
30
0
11
266.149
21
96.193
31
0
0
LINE
5
9FC
330
C
100
AcDbEntity
8
0
100
AcDbLine
10
266.149
20
96.193
30
0
11
266.124
21
96.231
31
0
0
LINE
5
9FD
330
C
100
AcDbEntity
8
0
100
AcDbLine
10
266.124
20
96.231
30
0
11
266.102
21
96.272
31
0
0
LINE
5
9FE
330
C
100
AcDbEntity
8
0
100
AcDbLine
10
266.102
20
96.272
30
0
11
266.083
21
96.314
31
0
0
LINE
5
9FF
330
C
100
AcDbEntity
8
0
100
AcDbLine
10
266.083
20
96.314
30
0
11
266.068
21
96.359
31
0
0
LINE
5
A00
330
C
100
AcDbEntity
8
0
100
AcDbLine
10
266.068
20
96.359
30
0
11
266.056
21
96.405
31
0
0
LINE
5
A01
330
C
100
AcDbEntity
8
0
100
AcDbLine
10
266.056
20
96.405
30
0
11
266.048
21
96.454
31
0
0
LINE
5
A02
330
C
100
AcDbEntity
8
0
100
AcDbLine
10
266.048
20
96.454
30
0
11
266.043
21
96.505
31
0
0
LINE
5
A03
330
C
100
AcDbEntity
8
0
100
AcDbLine
10
266.043
20
96.505
30
0
11
266.041
21
96.558
31
0
0
LINE
5
A04
330
C
100
AcDbEntity
8
0
100
AcDbLine
10
266.041
20
96.558
30
0
11
266.041
21
96.558
31
0
0
LINE
5
A05
330
C
100
AcDbEntity
8
0
100
AcDbLine
10
266.041
20
96.558
30
0
11
266.043
21
96.61
31
0
0
LINE
5
A06
330
C
100
AcDbEntity
8
0
100
AcDbLine
10
266.043
20
96.61
30
0
11
266.048
21
96.659
31
0
0
LINE
5
A07
330
C
100
AcDbEntity
8
0
100
AcDbLine
10
266.048
20
96.659
30
0
11
266.056
21
96.707
31
0
0
LINE
5
A08
330
C
100
AcDbEntity
8
0
100
AcDbLine
10
266.056
20
96.707
30
0
11
266.068
21
96.752
31
0
0
LINE
5
A09
330
C
100
AcDbEntity
8
0
100
AcDbLine
10
266.068
20
96.752
30
0
11
266.083
21
96.795
31
0
0
LINE
5
A0A
330
C
100
AcDbEntity
8
0
100
AcDbLine
10
266.083
20
96.795
30
0
11
266.102
21
96.836
31
0
0
LINE
5
A0B
330
C
100
AcDbEntity
8
0
100
AcDbLine
10
266.102
20
96.836
30
0
11
266.124
21
96.875
31
0
0
LINE
5
A0C
330
C
100
AcDbEntity
8
0
100
AcDbLine
10
266.124
20
96.875
30
0
11
266.149
21
96.911
31
0
0
LINE
5
A0D
330
C
100
AcDbEntity
8
0
100
AcDbLine
10
266.149
20
96.911
30
0
11
266.177
21
96.946
31
0
0
LINE
5
A0E
330
C
100
AcDbEntity
8
0
100
AcDbLine
10
266.177
20
96.946
30
0
11
266.209
21
96.978
31
0
0
LINE
5
A0F
330
C
100
AcDbEntity
8
0
100
AcDbLine
10
266.209
20
96.978
30
0
11
266.244
21
97.008
31
0
0
LINE
5
A10
330
C
100
AcDbEntity
8
0
100
AcDbLine
10
266.244
20
97.008
30
0
11
266.281
21
97.034
31
0
0
LINE
5
A11
330
C
100
AcDbEntity
8
0
100
AcDbLine
10
266.281
20
97.034
30
0
11
266.321
21
97.058
31
0
0
LINE
5
A12
330
C
100
AcDbEntity
8
0
100
AcDbLine
10
266.321
20
97.058
30
0
11
266.363
21
97.078
31
0
0
LINE
5
A13
330
C
100
AcDbEntity
8
0
100
AcDbLine
10
266.363
20
97.078
30
0
11
266.407
21
97.095
31
0
0
LINE
5
A14
330
C
100
AcDbEntity
8
0
100
AcDbLine
10
266.407
20
97.095
30
0
11
266.454
21
97.109
31
0
0
LINE
5
A15
330
C
100
AcDbEntity
8
0
100
AcDbLine
10
266.454
20
97.109
30
0
11
266.503
21
97.12
31
0
0
LINE
5
A16
330
C
100
AcDbEntity
8
0
100
AcDbLine
10
266.503
20
97.12
30
0
11
266.555
21
97.128
31
0
0
LINE
5
A17
330
C
100
AcDbEntity
8
0
100
AcDbLine
10
266.555
20
97.128
30
0
11
266.609
21
97.132
31
0
0
LINE
5
A18
330
C
100
AcDbEntity
8
0
100
AcDbLine
10
266.609
20
97.132
30
0
11
266.665
21
97.134
31
0
0
LINE
5
A19
330
C
100
AcDbEntity
8
0
100
AcDbLine
10
266.665
20
97.134
30
0
11
266.665
21
97.134
31
0
0
LINE
5
A1A
330
C
100
AcDbEntity
8
0
100
AcDbLine
10
266.665
20
97.134
30
0
11
266.722
21
97.132
31
0
0
LINE
5
A1B
330
C
100
AcDbEntity
8
0
100
AcDbLine
10
266.722
20
97.132
30
0
11
266.776
21
97.128
31
0
0
LINE
5
A1C
330
C
100
AcDbEntity
8
0
100
AcDbLine
10
266.776
20
97.128
30
0
11
266.827
21
97.12
31
0
0
LINE
5
A1D
330
C
100
AcDbEntity
8
0
100
AcDbLine
10
266.827
20
97.12
30
0
11
266.876
21
97.109
31
0
0
LINE
5
A1E
330
C
100
AcDbEntity
8
0
100
AcDbLine
10
266.876
20
97.109
30
0
11
266.923
21
97.095
31
0
0
LINE
5
A1F
330
C
100
AcDbEntity
8
0
100
AcDbLine
10
266.923
20
97.095
30
0
11
266.968
21
97.078
31
0
0
LINE
5
A20
330
C
100
AcDbEntity
8
0
100
AcDbLine
10
266.968
20
97.078
30
0
11
267.01
21
97.058
31
0
0
LINE
5
A21
330
C
100
AcDbEntity
8
0
100
AcDbLine
10
267.01
20
97.058
30
0
11
267.049
21
97.034
31
0
0
LINE
5
A22
330
C
100
AcDbEntity
8
0
100
AcDbLine
10
267.049
20
97.034
30
0
11
267.086
21
97.008
31
0
0
LINE
5
A23
330
C
100
AcDbEntity
8
0
100
AcDbLine
10
267.086
20
97.008
30
0
11
267.121
21
96.978
31
0
0
LINE
5
A24
330
C
100
AcDbEntity
8
0
100
AcDbLine
10
267.121
20
96.978
30
0
11
267.153
21
96.946
31
0
0
LINE
5
A25
330
C
100
AcDbEntity
8
0
100
AcDbLine
10
267.153
20
96.946
30
0
11
267.182
21
96.911
31
0
0
LINE
5
A26
330
C
100
AcDbEntity
8
0
100
AcDbLine
10
267.182
20
96.911
30
0
11
267.207
21
96.875
31
0
0
LINE
5
A27
330
C
100
AcDbEntity
8
0
100
AcDbLine
10
267.207
20
96.875
30
0
11
267.229
21
96.836
31
0
0
LINE
5
A28
330
C
100
AcDbEntity
8
0
100
AcDbLine
10
267.229
20
96.836
30
0
11
267.247
21
96.795
31
0
0
LINE
5
A29
330
C
100
AcDbEntity
8
0
100
AcDbLine
10
267.247
20
96.795
30
0
11
267.262
21
96.752
31
0
0
LINE
5
A2A
330
C
100
AcDbEntity
8
0
100
AcDbLine
10
267.262
20
96.752
30
0
11
267.274
21
96.707
31
0
0
LINE
5
A2B
330
C
100
AcDbEntity
8
0
100
AcDbLine
10
267.274
20
96.707
30
0
11
267.282
21
96.659
31
0
0
LINE
5
A2C
330
C
100
AcDbEntity
8
0
100
AcDbLine
10
267.282
20
96.659
30
0
11
267.288
21
96.61
31
0
0
LINE
5
A2D
330
C
100
AcDbEntity
8
0
100
AcDbLine
10
267.288
20
96.61
30
0
11
267.289
21
96.558
31
0
0
LINE
5
A2E
330
C
100
AcDbEntity
8
0
100
AcDbLine
10
267.289
20
96.558
30
0
11
267.289
21
96.558
31
0
0
LINE
5
A2F
330
C
100
AcDbEntity
8
0
100
AcDbLine
10
267.289
20
96.558
30
0
11
267.288
21
96.505
31
0
0
LINE
5
A30
330
C
100
AcDbEntity
8
0
100
AcDbLine
10
267.288
20
96.505
30
0
11
267.282
21
96.454
31
0
0
LINE
5
A31
330
C
100
AcDbEntity
8
0
100
AcDbLine
10
267.282
20
96.454
30
0
11
267.274
21
96.405
31
0
0
LINE
5
A32
330
C
100
AcDbEntity
8
0
100
AcDbLine
10
267.274
20
96.405
30
0
11
267.262
21
96.359
31
0
0
LINE
5
A33
330
C
100
AcDbEntity
8
0
100
AcDbLine
10
267.262
20
96.359
30
0
11
267.247
21
96.314
31
0
0
LINE
5
A34
330
C
100
AcDbEntity
8
0
100
AcDbLine
10
267.247
20
96.314
30
0
11
267.229
21
96.272
31
0
0
LINE
5
A35
330
C
100
AcDbEntity
8
0
100
AcDbLine
10
267.229
20
96.272
30
0
11
267.207
21
96.231
31
0
0
LINE
5
A36
330
C
100
AcDbEntity
8
0
100
AcDbLine
10
267.207
20
96.231
30
0
11
267.182
21
96.193
31
0
0
LINE
5
A37
330
C
100
AcDbEntity
8
0
100
AcDbLine
10
267.182
20
96.193
30
0
11
267.153
21
96.157
31
0
0
LINE
5
A38
330
C
100
AcDbEntity
8
0
100
AcDbLine
10
267.153
20
96.157
30
0
11
267.121
21
96.123
31
0
0
LINE
5
A39
330
C
100
AcDbEntity
8
0
100
AcDbLine
10
267.121
20
96.123
30
0
11
267.086
21
96.092
31
0
0
LINE
5
A3A
330
C
100
AcDbEntity
8
0
100
AcDbLine
10
267.086
20
96.092
30
0
11
267.049
21
96.064
31
0
0
LINE
5
A3B
330
C
100
AcDbEntity
8
0
100
AcDbLine
10
267.049
20
96.064
30
0
11
267.01
21
96.039
31
0
0
LINE
5
A3C
330
C
100
AcDbEntity
8
0
100
AcDbLine
10
267.01
20
96.039
30
0
11
266.968
21
96.017
31
0
0
LINE
5
A3D
330
C
100
AcDbEntity
8
0
100
AcDbLine
10
266.968
20
96.017
30
0
11
266.923
21
95.999
31
0
0
LINE
5
A3E
330
C
100
AcDbEntity
8
0
100
AcDbLine
10
266.923
20
95.999
30
0
11
266.876
21
95.984
31
0
0
LINE
5
A3F
330
C
100
AcDbEntity
8
0
100
AcDbLine
10
266.876
20
95.984
30
0
11
266.827
21
95.973
31
0
0
LINE
5
A40
330
C
100
AcDbEntity
8
0
100
AcDbLine
10
266.827
20
95.973
30
0
11
266.776
21
95.965
31
0
0
LINE
5
A41
330
C
100
AcDbEntity
8
0
100
AcDbLine
10
266.776
20
95.965
30
0
11
266.722
21
95.96
31
0
0
LINE
5
A42
330
C
100
AcDbEntity
8
0
100
AcDbLine
10
266.722
20
95.96
30
0
11
266.665
21
95.958
31
0
0
LINE
5
A43
330
C
100
AcDbEntity
8
0
100
AcDbLine
10
266.665
20
95.958
30
0
11
266.665
21
95.958
31
0
0
LINE
5
A44
330
C
100
AcDbEntity
8
0
100
AcDbLine
10
267.133
20
88.866
30
0
11
266.197
21
88.866
31
0
0
LINE
5
A45
330
C
100
AcDbEntity
8
0
100
AcDbLine
10
266.197
20
88.866
30
0
11
266.197
21
94.614
31
0
0
LINE
5
A46
330
C
100
AcDbEntity
8
0
100
AcDbLine
10
266.197
20
94.614
30
0
11
267.133
21
94.614
31
0
0
LINE
5
A47
330
C
100
AcDbEntity
8
0
100
AcDbLine
10
267.133
20
94.614
30
0
11
267.133
21
88.866
31
0
0
LINE
5
A48
330
C
100
AcDbEntity
8
0
100
AcDbLine
10
267.133
20
88.866
30
0
11
267.133
21
88.866
31
0
0
LINE
5
A49
330
C
100
AcDbEntity
8
0
100
AcDbLine
10
271.765
20
88.722
30
0
11
271.765
21
88.722
31
0
0
LINE
5
A4A
330
C
100
AcDbEntity
8
0
100
AcDbLine
10
271.765
20
88.722
30
0
11
271.627
21
88.726
31
0
0
LINE
5
A4B
330
C
100
AcDbEntity
8
0
100
AcDbLine
10
271.627
20
88.726
30
0
11
271.491
21
88.737
31
0
0
LINE
5
A4C
330
C
100
AcDbEntity
8
0
100
AcDbLine
10
271.491
20
88.737
30
0
11
271.358
21
88.756
31
0
0
LINE
5
A4D
330
C
100
AcDbEntity
8
0
100
AcDbLine
10
271.358
20
88.756
30
0
11
271.227
21
88.782
31
0
0
LINE
5
A4E
330
C
100
AcDbEntity
8
0
100
AcDbLine
10
271.227
20
88.782
30
0
11
271.098
21
88.816
31
0
0
LINE
5
A4F
330
C
100
AcDbEntity
8
0
100
AcDbLine
10
271.098
20
88.816
30
0
11
270.971
21
88.857
31
0
0
LINE
5
A50
330
C
100
AcDbEntity
8
0
100
AcDbLine
10
270.971
20
88.857
30
0
11
270.847
21
88.906
31
0
0
LINE
5
A51
330
C
100
AcDbEntity
8
0
100
AcDbLine
10
270.847
20
88.906
30
0
11
270.725
21
88.962
31
0
0
LINE
5
A52
330
C
100
AcDbEntity
8
0
100
AcDbLine
10
270.725
20
88.962
30
0
11
270.605
21
89.026
31
0
0
LINE
5
A53
330
C
100
AcDbEntity
8
0
100
AcDbLine
10
270.605
20
89.026
30
0
11
270.487
21
89.097
31
0
0
LINE
5
A54
330
C
100
AcDbEntity
8
0
100
AcDbLine
10
270.487
20
89.097
30
0
11
270.373
21
89.175
31
0
0
LINE
5
A55
330
C
100
AcDbEntity
8
0
100
AcDbLine
10
270.373
20
89.175
30
0
11
270.264
21
89.259
31
0
0
LINE
5
A56
330
C
100
AcDbEntity
8
0
100
AcDbLine
10
270.264
20
89.259
30
0
11
270.159
21
89.35
31
0
0
LINE
5
A57
330
C
100
AcDbEntity
8
0
100
AcDbLine
10
270.159
20
89.35
30
0
11
270.059
21
89.446
31
0
0
LINE
5
A58
330
C
100
AcDbEntity
8
0
100
AcDbLine
10
270.059
20
89.446
30
0
11
269.964
21
89.549
31
0
0
LINE
5
A59
330
C
100
AcDbEntity
8
0
100
AcDbLine
10
269.964
20
89.549
30
0
11
269.873
21
89.657
31
0
0
LINE
5
A5A
330
C
100
AcDbEntity
8
0
100
AcDbLine
10
269.873
20
89.657
30
0
11
269.787
21
89.772
31
0
0
LINE
5
A5B
330
C
100
AcDbEntity
8
0
100
AcDbLine
10
269.787
20
89.772
30
0
11
269.706
21
89.893
31
0
0
LINE
5
A5C
330
C
100
AcDbEntity
8
0
100
AcDbLine
10
269.706
20
89.893
30
0
11
269.629
21
90.02
31
0
0
LINE
5
A5D
330
C
100
AcDbEntity
8
0
100
AcDbLine
10
269.629
20
90.02
30
0
11
269.557
21
90.153
31
0
0
LINE
5
A5E
330
C
100
AcDbEntity
8
0
100
AcDbLine
10
269.557
20
90.153
30
0
11
269.491
21
90.292
31
0
0
LINE
5
A5F
330
C
100
AcDbEntity
8
0
100
AcDbLine
10
269.491
20
90.292
30
0
11
269.432
21
90.435
31
0
0
LINE
5
A60
330
C
100
AcDbEntity
8
0
100
AcDbLine
10
269.432
20
90.435
30
0
11
269.38
21
90.583
31
0
0
LINE
5
A61
330
C
100
AcDbEntity
8
0
100
AcDbLine
10
269.38
20
90.583
30
0
11
269.334
21
90.737
31
0
0
LINE
5
A62
330
C
100
AcDbEntity
8
0
100
AcDbLine
10
269.334
20
90.737
30
0
11
269.296
21
90.895
31
0
0
LINE
5
A63
330
C
100
AcDbEntity
8
0
100
AcDbLine
10
269.296
20
90.895
30
0
11
269.265
21
91.058
31
0
0
LINE
5
A64
330
C
100
AcDbEntity
8
0
100
AcDbLine
10
269.265
20
91.058
30
0
11
269.241
21
91.225
31
0
0
LINE
5
A65
330
C
100
AcDbEntity
8
0
100
AcDbLine
10
269.241
20
91.225
30
0
11
269.223
21
91.398
31
0
0
LINE
5
A66
330
C
100
AcDbEntity
8
0
100
AcDbLine
10
269.223
20
91.398
30
0
11
269.213
21
91.576
31
0
0
LINE
5
A67
330
C
100
AcDbEntity
8
0
100
AcDbLine
10
269.213
20
91.576
30
0
11
269.209
21
91.758
31
0
0
LINE
5
A68
330
C
100
AcDbEntity
8
0
100
AcDbLine
10
269.209
20
91.758
30
0
11
269.209
21
91.758
31
0
0
LINE
5
A69
330
C
100
AcDbEntity
8
0
100
AcDbLine
10
269.209
20
91.758
30
0
11
269.213
21
91.939
31
0
0
LINE
5
A6A
330
C
100
AcDbEntity
8
0
100
AcDbLine
10
269.213
20
91.939
30
0
11
269.223
21
92.115
31
0
0
LINE
5
A6B
330
C
100
AcDbEntity
8
0
100
AcDbLine
10
269.223
20
92.115
30
0
11
269.24
21
92.287
31
0
0
LINE
5
A6C
330
C
100
AcDbEntity
8
0
100
AcDbLine
10
269.24
20
92.287
30
0
11
269.264
21
92.453
31
0
0
LINE
5
A6D
330
C
100
AcDbEntity
8
0
100
AcDbLine
10
269.264
20
92.453
30
0
11
269.295
21
92.615
31
0
0
LINE
5
A6E
330
C
100
AcDbEntity
8
0
100
AcDbLine
10
269.295
20
92.615
30
0
11
269.332
21
92.771
31
0
0
LINE
5
A6F
330
C
100
AcDbEntity
8
0
100
AcDbLine
10
269.332
20
92.771
30
0
11
269.377
21
92.923
31
0
0
LINE
5
A70
330
C
100
AcDbEntity
8
0
100
AcDbLine
10
269.377
20
92.923
30
0
11
269.428
21
93.069
31
0
0
LINE
5
A71
330
C
100
AcDbEntity
8
0
100
AcDbLine
10
269.428
20
93.069
30
0
11
269.486
21
93.211
31
0
0
LINE
5
A72
330
C
100
AcDbEntity
8
0
100
AcDbLine
10
269.486
20
93.211
30
0
11
269.551
21
93.348
31
0
0
LINE
5
A73
330
C
100
AcDbEntity
8
0
100
AcDbLine
10
269.551
20
93.348
30
0
11
269.622
21
93.479
31
0
0
LINE
5
A74
330
C
100
AcDbEntity
8
0
100
AcDbLine
10
269.622
20
93.479
30
0
11
269.697
21
93.604
31
0
0
LINE
5
A75
330
C
100
AcDbEntity
8
0
100
AcDbLine
10
269.697
20
93.604
30
0
11
269.777
21
93.723
31
0
0
LINE
5
A76
330
C
100
AcDbEntity
8
0
100
AcDbLine
10
269.777
20
93.723
30
0
11
269.861
21
93.836
31
0
0
LINE
5
A77
330
C
100
AcDbEntity
8
0
100
AcDbLine
10
269.861
20
93.836
30
0
11
269.949
21
93.943
31
0
0
LINE
5
A78
330
C
100
AcDbEntity
8
0
100
AcDbLine
10
269.949
20
93.943
30
0
11
270.043
21
94.043
31
0
0
LINE
5
A79
330
C
100
AcDbEntity
8
0
100
AcDbLine
10
270.043
20
94.043
30
0
11
270.14
21
94.137
31
0
0
LINE
5
A7A
330
C
100
AcDbEntity
8
0
100
AcDbLine
10
270.14
20
94.137
30
0
11
270.242
21
94.225
31
0
0
LINE
5
A7B
330
C
100
AcDbEntity
8
0
100
AcDbLine
10
270.242
20
94.225
30
0
11
270.349
21
94.307
31
0
0
LINE
5
A7C
330
C
100
AcDbEntity
8
0
100
AcDbLine
10
270.349
20
94.307
30
0
11
270.46
21
94.383
31
0
0
LINE
5
A7D
330
C
100
AcDbEntity
8
0
100
AcDbLine
10
270.46
20
94.383
30
0
11
270.575
21
94.452
31
0
0
LINE
5
A7E
330
C
100
AcDbEntity
8
0
100
AcDbLine
10
270.575
20
94.452
30
0
11
270.691
21
94.514
31
0
0
LINE
5
A7F
330
C
100
AcDbEntity
8
0
100
AcDbLine
10
270.691
20
94.514
30
0
11
270.81
21
94.568
31
0
0
LINE
5
A80
330
C
100
AcDbEntity
8
0
100
AcDbLine
10
270.81
20
94.568
30
0
11
270.932
21
94.615
31
0
0
LINE
5
A81
330
C
100
AcDbEntity
8
0
100
AcDbLine
10
270.932
20
94.615
30
0
11
271.055
21
94.655
31
0
0
LINE
5
A82
330
C
100
AcDbEntity
8
0
100
AcDbLine
10
271.055
20
94.655
30
0
11
271.181
21
94.688
31
0
0
LINE
5
A83
330
C
100
AcDbEntity
8
0
100
AcDbLine
10
271.181
20
94.688
30
0
11
271.308
21
94.713
31
0
0
LINE
5
A84
330
C
100
AcDbEntity
8
0
100
AcDbLine
10
271.308
20
94.713
30
0
11
271.438
21
94.731
31
0
0
LINE
5
A85
330
C
100
AcDbEntity
8
0
100
AcDbLine
10
271.438
20
94.731
30
0
11
271.571
21
94.742
31
0
0
LINE
5
A86
330
C
100
AcDbEntity
8
0
100
AcDbLine
10
271.571
20
94.742
30
0
11
271.705
21
94.746
31
0
0
LINE
5
A87
330
C
100
AcDbEntity
8
0
100
AcDbLine
10
271.705
20
94.746
30
0
11
271.705
21
94.746
31
0
0
LINE
5
A88
330
C
100
AcDbEntity
8
0
100
AcDbLine
10
271.705
20
94.746
30
0
11
271.83
21
94.743
31
0
0
LINE
5
A89
330
C
100
AcDbEntity
8
0
100
AcDbLine
10
271.83
20
94.743
30
0
11
271.951
21
94.734
31
0
0
LINE
5
A8A
330
C
100
AcDbEntity
8
0
100
AcDbLine
10
271.951
20
94.734
30
0
11
272.069
21
94.718
31
0
0
LINE
5
A8B
330
C
100
AcDbEntity
8
0
100
AcDbLine
10
272.069
20
94.718
30
0
11
272.185
21
94.697
31
0
0
LINE
5
A8C
330
C
100
AcDbEntity
8
0
100
AcDbLine
10
272.185
20
94.697
30
0
11
272.297
21
94.669
31
0
0
LINE
5
A8D
330
C
100
AcDbEntity
8
0
100
AcDbLine
10
272.297
20
94.669
30
0
11
272.406
21
94.636
31
0
0
LINE
5
A8E
330
C
100
AcDbEntity
8
0
100
AcDbLine
10
272.406
20
94.636
30
0
11
272.512
21
94.596
31
0
0
LINE
5
A8F
330
C
100
AcDbEntity
8
0
100
AcDbLine
10
272.512
20
94.596
30
0
11
272.615
21
94.55
31
0
0
LINE
5
A90
330
C
100
AcDbEntity
8
0
100
AcDbLine
10
272.615
20
94.55
30
0
11
272.715
21
94.498
31
0
0
LINE
5
A91
330
C
100
AcDbEntity
8
0
100
AcDbLine
10
272.715
20
94.498
30
0
11
272.812
21
94.44
31
0
0
LINE
5
A92
330
C
100
AcDbEntity
8
0
100
AcDbLine
10
272.812
20
94.44
30
0
11
272.905
21
94.376
31
0
0
LINE
5
A93
330
C
100
AcDbEntity
8
0
100
AcDbLine
10
272.905
20
94.376
30
0
11
272.994
21
94.307
31
0
0
LINE
5
A94
330
C
100
AcDbEntity
8
0
100
AcDbLine
10
272.994
20
94.307
30
0
11
273.079
21
94.232
31
0
0
LINE
5
A95
330
C
100
AcDbEntity
8
0
100
AcDbLine
10
273.079
20
94.232
30
0
11
273.16
21
94.152
31
0
0
LINE
5
A96
330
C
100
AcDbEntity
8
0
100
AcDbLine
10
273.16
20
94.152
30
0
11
273.236
21
94.067
31
0
0
LINE
5
A97
330
C
100
AcDbEntity
8
0
100
AcDbLine
10
273.236
20
94.067
30
0
11
273.308
21
93.976
31
0
0
LINE
5
A98
330
C
100
AcDbEntity
8
0
100
AcDbLine
10
273.308
20
93.976
30
0
11
273.376
21
93.879
31
0
0
LINE
5
A99
330
C
100
AcDbEntity
8
0
100
AcDbLine
10
273.376
20
93.879
30
0
11
273.439
21
93.778
31
0
0
LINE
5
A9A
330
C
100
AcDbEntity
8
0
100
AcDbLine
10
273.439
20
93.778
30
0
11
273.498
21
93.671
31
0
0
LINE
5
A9B
330
C
100
AcDbEntity
8
0
100
AcDbLine
10
273.498
20
93.671
30
0
11
273.553
21
93.558
31
0
0
LINE
5
A9C
330
C
100
AcDbEntity
8
0
100
AcDbLine
10
273.553
20
93.558
30
0
11
273.603
21
93.44
31
0
0
LINE
5
A9D
330
C
100
AcDbEntity
8
0
100
AcDbLine
10
273.603
20
93.44
30
0
11
273.648
21
93.318
31
0
0
LINE
5
A9E
330
C
100
AcDbEntity
8
0
100
AcDbLine
10
273.648
20
93.318
30
0
11
273.688
21
93.191
31
0
0
LINE
5
A9F
330
C
100
AcDbEntity
8
0
100
AcDbLine
10
273.688
20
93.191
30
0
11
273.722
21
93.059
31
0
0
LINE
5
AA0
330
C
100
AcDbEntity
8
0
100
AcDbLine
10
273.722
20
93.059
30
0
11
273.751
21
92.922
31
0
0
LINE
5
AA1
330
C
100
AcDbEntity
8
0
100
AcDbLine
10
273.751
20
92.922
30
0
11
273.775
21
92.78
31
0
0
LINE
5
AA2
330
C
100
AcDbEntity
8
0
100
AcDbLine
10
273.775
20
92.78
30
0
11
273.793
21
92.634
31
0
0
LINE
5
AA3
330
C
100
AcDbEntity
8
0
100
AcDbLine
10
273.793
20
92.634
30
0
11
273.807
21
92.483
31
0
0
LINE
5
AA4
330
C
100
AcDbEntity
8
0
100
AcDbLine
10
273.807
20
92.483
30
0
11
273.815
21
92.327
31
0
0
LINE
5
AA5
330
C
100
AcDbEntity
8
0
100
AcDbLine
10
273.815
20
92.327
30
0
11
273.817
21
92.166
31
0
0
LINE
5
AA6
330
C
100
AcDbEntity
8
0
100
AcDbLine
10
273.817
20
92.166
30
0
11
273.817
21
92.166
31
0
0
LINE
5
AA7
330
C
100
AcDbEntity
8
0
100
AcDbLine
10
273.817
20
92.166
30
0
11
273.457
21
92.166
31
0
0
LINE
5
AA8
330
C
100
AcDbEntity
8
0
100
AcDbLine
10
273.457
20
92.166
30
0
11
273.455
21
92.278
31
0
0
LINE
5
AA9
330
C
100
AcDbEntity
8
0
100
AcDbLine
10
273.455
20
92.278
30
0
11
273.448
21
92.387
31
0
0
LINE
5
AAA
330
C
100
AcDbEntity
8
0
100
AcDbLine
10
273.448
20
92.387
30
0
11
273.437
21
92.492
31
0
0
LINE
5
AAB
330
C
100
AcDbEntity
8
0
100
AcDbLine
10
273.437
20
92.492
30
0
11
273.421
21
92.593
31
0
0
LINE
5
AAC
330
C
100
AcDbEntity
8
0
100
AcDbLine
10
273.421
20
92.593
30
0
11
273.401
21
92.691
31
0
0
LINE
5
AAD
330
C
100
AcDbEntity
8
0
100
AcDbLine
10
273.401
20
92.691
30
0
11
273.376
21
92.785
31
0
0
LINE
5
AAE
330
C
100
AcDbEntity
8
0
100
AcDbLine
10
273.376
20
92.785
30
0
11
273.347
21
92.876
31
0
0
LINE
5
AAF
330
C
100
AcDbEntity
8
0
100
AcDbLine
10
273.347
20
92.876
30
0
11
273.313
21
92.963
31
0
0
LINE
5
AB0
330
C
100
AcDbEntity
8
0
100
AcDbLine
10
273.313
20
92.963
30
0
11
273.275
21
93.046
31
0
0
LINE
5
AB1
330
C
100
AcDbEntity
8
0
100
AcDbLine
10
273.275
20
93.046
30
0
11
273.232
21
93.126
31
0
0
LINE
5
AB2
330
C
100
AcDbEntity
8
0
100
AcDbLine
10
273.232
20
93.126
30
0
11
273.186
21
93.202
31
0
0
LINE
5
AB3
330
C
100
AcDbEntity
8
0
100
AcDbLine
10
273.186
20
93.202
30
0
11
273.137
21
93.274
31
0
0
LINE
5
AB4
330
C
100
AcDbEntity
8
0
100
AcDbLine
10
273.137
20
93.274
30
0
11
273.085
21
93.343
31
0
0
LINE
5
AB5
330
C
100
AcDbEntity
8
0
100
AcDbLine
10
273.085
20
93.343
30
0
11
273.031
21
93.408
31
0
0
LINE
5
AB6
330
C
100
AcDbEntity
8
0
100
AcDbLine
10
273.031
20
93.408
30
0
11
272.973
21
93.469
31
0
0
LINE
5
AB7
330
C
100
AcDbEntity
8
0
100
AcDbLine
10
272.973
20
93.469
30
0
11
272.914
21
93.526
31
0
0
LINE
5
AB8
330
C
100
AcDbEntity
8
0
100
AcDbLine
10
272.914
20
93.526
30
0
11
272.851
21
93.579
31
0
0
LINE
5
AB9
330
C
100
AcDbEntity
8
0
100
AcDbLine
10
272.851
20
93.579
30
0
11
272.786
21
93.629
31
0
0
LINE
5
ABA
330
C
100
AcDbEntity
8
0
100
AcDbLine
10
272.786
20
93.629
30
0
11
272.718
21
93.675
31
0
0
LINE
5
ABB
330
C
100
AcDbEntity
8
0
100
AcDbLine
10
272.718
20
93.675
30
0
11
272.647
21
93.717
31
0
0
LINE
5
ABC
330
C
100
AcDbEntity
8
0
100
AcDbLine
10
272.647
20
93.717
30
0
11
272.575
21
93.755
31
0
0
LINE
5
ABD
330
C
100
AcDbEntity
8
0
100
AcDbLine
10
272.575
20
93.755
30
0
11
272.501
21
93.789
31
0
0
LINE
5
ABE
330
C
100
AcDbEntity
8
0
100
AcDbLine
10
272.501
20
93.789
30
0
11
272.426
21
93.82
31
0
0
LINE
5
ABF
330
C
100
AcDbEntity
8
0
100
AcDbLine
10
272.426
20
93.82
30
0
11
272.351
21
93.846
31
0
0
LINE
5
AC0
330
C
100
AcDbEntity
8
0
100
AcDbLine
10
272.351
20
93.846
30
0
11
272.274
21
93.868
31
0
0
LINE
5
AC1
330
C
100
AcDbEntity
8
0
100
AcDbLine
10
272.274
20
93.868
30
0
11
272.196
21
93.886
31
0
0
LINE
5
AC2
330
C
100
AcDbEntity
8
0
100
AcDbLine
10
272.196
20
93.886
30
0
11
272.117
21
93.9
31
0
0
LINE
5
AC3
330
C
100
AcDbEntity
8
0
100
AcDbLine
10
272.117
20
93.9
30
0
11
272.037
21
93.91
31
0
0
LINE
5
AC4
330
C
100
AcDbEntity
8
0
100
AcDbLine
10
272.037
20
93.91
30
0
11
271.955
21
93.916
31
0
0
LINE
5
AC5
330
C
100
AcDbEntity
8
0
100
AcDbLine
10
271.955
20
93.916
30
0
11
271.873
21
93.918
31
0
0
LINE
5
AC6
330
C
100
AcDbEntity
8
0
100
AcDbLine
10
271.873
20
93.918
30
0
11
271.873
21
93.918
31
0
0
LINE
5
AC7
330
C
100
AcDbEntity
8
0
100
AcDbLine
10
271.873
20
93.918
30
0
11
271.78
21
93.915
31
0
0
LINE
5
AC8
330
C
100
AcDbEntity
8
0
100
AcDbLine
10
271.78
20
93.915
30
0
11
271.689
21
93.908
31
0
0
LINE
5
AC9
330
C
100
AcDbEntity
8
0
100
AcDbLine
10
271.689
20
93.908
30
0
11
271.6
21
93.895
31
0
0
LINE
5
ACA
330
C
100
AcDbEntity
8
0
100
AcDbLine
10
271.6
20
93.895
30
0
11
271.512
21
93.876
31
0
0
LINE
5
ACB
330
C
100
AcDbEntity
8
0
100
AcDbLine
10
271.512
20
93.876
30
0
11
271.425
21
93.853
31
0
0
LINE
5
ACC
330
C
100
AcDbEntity
8
0
100
AcDbLine
10
271.425
20
93.853
30
0
11
271.341
21
93.824
31
0
0
LINE
5
ACD
330
C
100
AcDbEntity
8
0
100
AcDbLine
10
271.341
20
93.824
30
0
11
271.258
21
93.79
31
0
0
LINE
5
ACE
330
C
100
AcDbEntity
8
0
100
AcDbLine
10
271.258
20
93.79
30
0
11
271.176
21
93.751
31
0
0
LINE
5
ACF
330
C
100
AcDbEntity
8
0
100
AcDbLine
10
271.176
20
93.751
30
0
11
271.096
21
93.707
31
0
0
LINE
5
AD0
330
C
100
AcDbEntity
8
0
100
AcDbLine
10
271.096
20
93.707
30
0
11
271.018
21
93.657
31
0
0
LINE
5
AD1
330
C
100
AcDbEntity
8
0
100
AcDbLine
10
271.018
20
93.657
30
0
11
270.942
21
93.603
31
0
0
LINE
5
AD2
330
C
100
AcDbEntity
8
0
100
AcDbLine
10
270.942
20
93.603
30
0
11
270.87
21
93.544
31
0
0
LINE
5
AD3
330
C
100
AcDbEntity
8
0
100
AcDbLine
10
270.87
20
93.544
30
0
11
270.8
21
93.48
31
0
0
LINE
5
AD4
330
C
100
AcDbEntity
8
0
100
AcDbLine
10
270.8
20
93.48
30
0
11
270.734
21
93.413
31
0
0
LINE
5
AD5
330
C
100
AcDbEntity
8
0
100
AcDbLine
10
270.734
20
93.413
30
0
11
270.67
21
93.341
31
0
0
LINE
5
AD6
330
C
100
AcDbEntity
8
0
100
AcDbLine
10
270.67
20
93.341
30
0
11
270.61
21
93.264
31
0
0
LINE
5
AD7
330
C
100
AcDbEntity
8
0
100
AcDbLine
10
270.61
20
93.264
30
0
11
270.553
21
93.183
31
0
0
LINE
5
AD8
330
C
100
AcDbEntity
8
0
100
AcDbLine
10
270.553
20
93.183
30
0
11
270.499
21
93.097
31
0
0
LINE
5
AD9
330
C
100
AcDbEntity
8
0
100
AcDbLine
10
270.499
20
93.097
30
0
11
270.448
21
93.007
31
0
0
LINE
5
ADA
330
C
100
AcDbEntity
8
0
100
AcDbLine
10
270.448
20
93.007
30
0
11
270.4
21
92.913
31
0
0
LINE
5
ADB
330
C
100
AcDbEntity
8
0
100
AcDbLine
10
270.4
20
92.913
30
0
11
270.356
21
92.815
31
0
0
LINE
5
ADC
330
C
100
AcDbEntity
8
0
100
AcDbLine
10
270.356
20
92.815
30
0
11
270.317
21
92.712
31
0
0
LINE
5
ADD
330
C
100
AcDbEntity
8
0
100
AcDbLine
10
270.317
20
92.712
30
0
11
270.282
21
92.606
31
0
0
LINE
5
ADE
330
C
100
AcDbEntity
8
0
100
AcDbLine
10
270.282
20
92.606
30
0
11
270.252
21
92.496
31
0
0
LINE
5
ADF
330
C
100
AcDbEntity
8
0
100
AcDbLine
10
270.252
20
92.496
30
0
11
270.227
21
92.383
31
0
0
LINE
5
AE0
330
C
100
AcDbEntity
8
0
100
AcDbLine
10
270.227
20
92.383
30
0
11
270.206
21
92.265
31
0
0
LINE
5
AE1
330
C
100
AcDbEntity
8
0
100
AcDbLine
10
270.206
20
92.265
30
0
11
270.19
21
92.144
31
0
0
LINE
5
AE2
330
C
100
AcDbEntity
8
0
100
AcDbLine
10
270.19
20
92.144
30
0
11
270.178
21
92.019
31
0
0
LINE
5
AE3
330
C
100
AcDbEntity
8
0
100
AcDbLine
10
270.178
20
92.019
30
0
11
270.172
21
91.891
31
0
0
LINE
5
AE4
330
C
100
AcDbEntity
8
0
100
AcDbLine
10
270.172
20
91.891
30
0
11
270.169
21
91.758
31
0
0
LINE
5
AE5
330
C
100
AcDbEntity
8
0
100
AcDbLine
10
270.169
20
91.758
30
0
11
270.169
21
91.758
31
0
0
LINE
5
AE6
330
C
100
AcDbEntity
8
0
100
AcDbLine
10
270.169
20
91.758
30
0
11
270.172
21
91.623
31
0
0
LINE
5
AE7
330
C
100
AcDbEntity
8
0
100
AcDbLine
10
270.172
20
91.623
30
0
11
270.178
21
91.492
31
0
0
LINE
5
AE8
330
C
100
AcDbEntity
8
0
100
AcDbLine
10
270.178
20
91.492
30
0
11
270.19
21
91.365
31
0
0
LINE
5
AE9
330
C
100
AcDbEntity
8
0
100
AcDbLine
10
270.19
20
91.365
30
0
11
270.206
21
91.242
31
0
0
LINE
5
AEA
330
C
100
AcDbEntity
8
0
100
AcDbLine
10
270.206
20
91.242
30
0
11
270.227
21
91.122
31
0
0
LINE
5
AEB
330
C
100
AcDbEntity
8
0
100
AcDbLine
10
270.227
20
91.122
30
0
11
270.252
21
91.006
31
0
0
LINE
5
AEC
330
C
100
AcDbEntity
8
0
100
AcDbLine
10
270.252
20
91.006
30
0
11
270.282
21
90.894
31
0
0
LINE
5
AED
330
C
100
AcDbEntity
8
0
100
AcDbLine
10
270.282
20
90.894
30
0
11
270.317
21
90.786
31
0
0
LINE
5
AEE
330
C
100
AcDbEntity
8
0
100
AcDbLine
10
270.317
20
90.786
30
0
11
270.356
21
90.682
31
0
0
LINE
5
AEF
330
C
100
AcDbEntity
8
0
100
AcDbLine
10
270.356
20
90.682
30
0
11
270.4
21
90.582
31
0
0
LINE
5
AF0
330
C
100
AcDbEntity
8
0
100
AcDbLine
10
270.4
20
90.582
30
0
11
270.448
21
90.486
31
0
0
LINE
5
AF1
330
C
100
AcDbEntity
8
0
100
AcDbLine
10
270.448
20
90.486
30
0
11
270.499
21
90.394
31
0
0
LINE
5
AF2
330
C
100
AcDbEntity
8
0
100
AcDbLine
10
270.499
20
90.394
30
0
11
270.553
21
90.307
31
0
0
LINE
5
AF3
330
C
100
AcDbEntity
8
0
100
AcDbLine
10
270.553
20
90.307
30
0
11
270.61
21
90.225
31
0
0
LINE
5
AF4
330
C
100
AcDbEntity
8
0
100
AcDbLine
10
270.61
20
90.225
30
0
11
270.67
21
90.147
31
0
0
LINE
5
AF5
330
C
100
AcDbEntity
8
0
100
AcDbLine
10
270.67
20
90.147
30
0
11
270.734
21
90.074
31
0
0
LINE
5
AF6
330
C
100
AcDbEntity
8
0
100
AcDbLine
10
270.734
20
90.074
30
0
11
270.8
21
90.005
31
0
0
LINE
5
AF7
330
C
100
AcDbEntity
8
0
100
AcDbLine
10
270.8
20
90.005
30
0
11
270.87
21
89.941
31
0
0
LINE
5
AF8
330
C
100
AcDbEntity
8
0
100
AcDbLine
10
270.87
20
89.941
30
0
11
270.942
21
89.881
31
0
0
LINE
5
AF9
330
C
100
AcDbEntity
8
0
100
AcDbLine
10
270.942
20
89.881
30
0
11
271.018
21
89.826
31
0
0
LINE
5
AFA
330
C
100
AcDbEntity
8
0
100
AcDbLine
10
271.018
20
89.826
30
0
11
271.096
21
89.776
31
0
0
LINE
5
AFB
330
C
100
AcDbEntity
8
0
100
AcDbLine
10
271.096
20
89.776
30
0
11
271.176
21
89.731
31
0
0
LINE
5
AFC
330
C
100
AcDbEntity
8
0
100
AcDbLine
10
271.176
20
89.731
30
0
11
271.258
21
89.691
31
0
0
LINE
5
AFD
330
C
100
AcDbEntity
8
0
100
AcDbLine
10
271.258
20
89.691
30
0
11
271.341
21
89.657
31
0
0
LINE
5
AFE
330
C
100
AcDbEntity
8
0
100
AcDbLine
10
271.341
20
89.657
30
0
11
271.425
21
89.628
31
0
0
LINE
5
AFF
330
C
100
AcDbEntity
8
0
100
AcDbLine
10
271.425
20
89.628
30
0
11
271.512
21
89.604
31
0
0
LINE
5
B00
330
C
100
AcDbEntity
8
0
100
AcDbLine
10
271.512
20
89.604
30
0
11
271.6
21
89.586
31
0
0
LINE
5
B01
330
C
100
AcDbEntity
8
0
100
AcDbLine
10
271.6
20
89.586
30
0
11
271.689
21
89.573
31
0
0
LINE
5
B02
330
C
100
AcDbEntity
8
0
100
AcDbLine
10
271.689
20
89.573
30
0
11
271.78
21
89.565
31
0
0
LINE
5
B03
330
C
100
AcDbEntity
8
0
100
AcDbLine
10
271.78
20
89.565
30
0
11
271.873
21
89.562
31
0
0
LINE
5
B04
330
C
100
AcDbEntity
8
0
100
AcDbLine
10
271.873
20
89.562
30
0
11
271.873
21
89.562
31
0
0
LINE
5
B05
330
C
100
AcDbEntity
8
0
100
AcDbLine
10
271.873
20
89.562
30
0
11
271.951
21
89.564
31
0
0
LINE
5
B06
330
C
100
AcDbEntity
8
0
100
AcDbLine
10
271.951
20
89.564
30
0
11
272.028
21
89.57
31
0
0
LINE
5
B07
330
C
100
AcDbEntity
8
0
100
AcDbLine
10
272.028
20
89.57
30
0
11
272.105
21
89.58
31
0
0
LINE
5
B08
330
C
100
AcDbEntity
8
0
100
AcDbLine
10
272.105
20
89.58
30
0
11
272.181
21
89.595
31
0
0
LINE
5
B09
330
C
100
AcDbEntity
8
0
100
AcDbLine
10
272.181
20
89.595
30
0
11
272.256
21
89.613
31
0
0
LINE
5
B0A
330
C
100
AcDbEntity
8
0
100
AcDbLine
10
272.256
20
89.613
30
0
11
272.331
21
89.635
31
0
0
LINE
5
B0B
330
C
100
AcDbEntity
8
0
100
AcDbLine
10
272.331
20
89.635
30
0
11
272.406
21
89.662
31
0
0
LINE
5
B0C
330
C
100
AcDbEntity
8
0
100
AcDbLine
10
272.406
20
89.662
30
0
11
272.48
21
89.693
31
0
0
LINE
5
B0D
330
C
100
AcDbEntity
8
0
100
AcDbLine
10
272.48
20
89.693
30
0
11
272.553
21
89.727
31
0
0
LINE
5
B0E
330
C
100
AcDbEntity
8
0
100
AcDbLine
10
272.553
20
89.727
30
0
11
272.626
21
89.766
31
0
0
LINE
5
B0F
330
C
100
AcDbEntity
8
0
100
AcDbLine
10
272.626
20
89.766
30
0
11
272.698
21
89.809
31
0
0
LINE
5
B10
330
C
100
AcDbEntity
8
0
100
AcDbLine
10
272.698
20
89.809
30
0
11
272.766
21
89.855
31
0
0
LINE
5
B11
330
C
100
AcDbEntity
8
0
100
AcDbLine
10
272.766
20
89.855
30
0
11
272.832
21
89.905
31
0
0
LINE
5
B12
330
C
100
AcDbEntity
8
0
100
AcDbLine
10
272.832
20
89.905
30
0
11
272.896
21
89.959
31
0
0
LINE
5
B13
330
C
100
AcDbEntity
8
0
100
AcDbLine
10
272.896
20
89.959
30
0
11
272.957
21
90.017
31
0
0
LINE
5
B14
330
C
100
AcDbEntity
8
0
100
AcDbLine
10
272.957
20
90.017
30
0
11
273.015
21
90.079
31
0
0
LINE
5
B15
330
C
100
AcDbEntity
8
0
100
AcDbLine
10
273.015
20
90.079
30
0
11
273.071
21
90.144
31
0
0
LINE
5
B16
330
C
100
AcDbEntity
8
0
100
AcDbLine
10
273.071
20
90.144
30
0
11
273.124
21
90.213
31
0
0
LINE
5
B17
330
C
100
AcDbEntity
8
0
100
AcDbLine
10
273.124
20
90.213
30
0
11
273.175
21
90.286
31
0
0
LINE
5
B18
330
C
100
AcDbEntity
8
0
100
AcDbLine
10
273.175
20
90.286
30
0
11
273.223
21
90.363
31
0
0
LINE
5
B19
330
C
100
AcDbEntity
8
0
100
AcDbLine
10
273.223
20
90.363
30
0
11
273.268
21
90.443
31
0
0
LINE
5
B1A
330
C
100
AcDbEntity
8
0
100
AcDbLine
10
273.268
20
90.443
30
0
11
273.307
21
90.527
31
0
0
LINE
5
B1B
330
C
100
AcDbEntity
8
0
100
AcDbLine
10
273.307
20
90.527
30
0
11
273.343
21
90.614
31
0
0
LINE
5
B1C
330
C
100
AcDbEntity
8
0
100
AcDbLine
10
273.343
20
90.614
30
0
11
273.373
21
90.704
31
0
0
LINE
5
B1D
330
C
100
AcDbEntity
8
0
100
AcDbLine
10
273.373
20
90.704
30
0
11
273.399
21
90.797
31
0
0
LINE
5
B1E
330
C
100
AcDbEntity
8
0
100
AcDbLine
10
273.399
20
90.797
30
0
11
273.42
21
90.894
31
0
0
LINE
5
B1F
330
C
100
AcDbEntity
8
0
100
AcDbLine
10
273.42
20
90.894
30
0
11
273.436
21
90.994
31
0
0
LINE
5
B20
330
C
100
AcDbEntity
8
0
100
AcDbLine
10
273.436
20
90.994
30
0
11
273.448
21
91.097
31
0
0
LINE
5
B21
330
C
100
AcDbEntity
8
0
100
AcDbLine
10
273.448
20
91.097
30
0
11
273.455
21
91.204
31
0
0
LINE
5
B22
330
C
100
AcDbEntity
8
0
100
AcDbLine
10
273.455
20
91.204
30
0
11
273.457
21
91.314
31
0
0
LINE
5
B23
330
C
100
AcDbEntity
8
0
100
AcDbLine
10
273.457
20
91.314
30
0
11
273.457
21
91.314
31
0
0
LINE
5
B24
330
C
100
AcDbEntity
8
0
100
AcDbLine
10
273.457
20
91.314
30
0
11
273.817
21
91.314
31
0
0
LINE
5
B25
330
C
100
AcDbEntity
8
0
100
AcDbLine
10
273.817
20
91.314
30
0
11
273.814
21
91.15
31
0
0
LINE
5
B26
330
C
100
AcDbEntity
8
0
100
AcDbLine
10
273.814
20
91.15
30
0
11
273.806
21
90.991
31
0
0
LINE
5
B27
330
C
100
AcDbEntity
8
0
100
AcDbLine
10
273.806
20
90.991
30
0
11
273.793
21
90.837
31
0
0
LINE
5
B28
330
C
100
AcDbEntity
8
0
100
AcDbLine
10
273.793
20
90.837
30
0
11
273.774
21
90.688
31
0
0
LINE
5
B29
330
C
100
AcDbEntity
8
0
100
AcDbLine
10
273.774
20
90.688
30
0
11
273.749
21
90.544
31
0
0
LINE
5
B2A
330
C
100
AcDbEntity
8
0
100
AcDbLine
10
273.749
20
90.544
30
0
11
273.719
21
90.405
31
0
0
LINE
5
B2B
330
C
100
AcDbEntity
8
0
100
AcDbLine
10
273.719
20
90.405
30
0
11
273.683
21
90.271
31
0
0
LINE
5
B2C
330
C
100
AcDbEntity
8
0
100
AcDbLine
10
273.683
20
90.271
30
0
11
273.642
21
90.143
31
0
0
LINE
5
B2D
330
C
100
AcDbEntity
8
0
100
AcDbLine
10
273.642
20
90.143
30
0
11
273.596
21
90.019
31
0
0
LINE
5
B2E
330
C
100
AcDbEntity
8
0
100
AcDbLine
10
273.596
20
90.019
30
0
11
273.544
21
89.901
31
0
0
LINE
5
B2F
330
C
100
AcDbEntity
8
0
100
AcDbLine
10
273.544
20
89.901
30
0
11
273.488
21
89.788
31
0
0
LINE
5
B30
330
C
100
AcDbEntity
8
0
100
AcDbLine
10
273.488
20
89.788
30
0
11
273.427
21
89.681
31
0
0
LINE
5
B31
330
C
100
AcDbEntity
8
0
100
AcDbLine
10
273.427
20
89.681
30
0
11
273.363
21
89.579
31
0
0
LINE
5
B32
330
C
100
AcDbEntity
8
0
100
AcDbLine
10
273.363
20
89.579
30
0
11
273.295
21
89.482
31
0
0
LINE
5
B33
330
C
100
AcDbEntity
8
0
100
AcDbLine
10
273.295
20
89.482
30
0
11
273.223
21
89.392
31
0
0
LINE
5
B34
330
C
100
AcDbEntity
8
0
100
AcDbLine
10
273.223
20
89.392
30
0
11
273.147
21
89.307
31
0
0
LINE
5
B35
330
C
100
AcDbEntity
8
0
100
AcDbLine
10
273.147
20
89.307
30
0
11
273.068
21
89.227
31
0
0
LINE
5
B36
330
C
100
AcDbEntity
8
0
100
AcDbLine
10
273.068
20
89.227
30
0
11
272.985
21
89.153
31
0
0
LINE
5
B37
330
C
100
AcDbEntity
8
0
100
AcDbLine
10
272.985
20
89.153
30
0
11
272.897
21
89.085
31
0
0
LINE
5
B38
330
C
100
AcDbEntity
8
0
100
AcDbLine
10
272.897
20
89.085
30
0
11
272.806
21
89.022
31
0
0
LINE
5
B39
330
C
100
AcDbEntity
8
0
100
AcDbLine
10
272.806
20
89.022
30
0
11
272.712
21
88.965
31
0
0
LINE
5
B3A
330
C
100
AcDbEntity
8
0
100
AcDbLine
10
272.712
20
88.965
30
0
11
272.616
21
88.914
31
0
0
LINE
5
B3B
330
C
100
AcDbEntity
8
0
100
AcDbLine
10
272.616
20
88.914
30
0
11
272.517
21
88.869
31
0
0
LINE
5
B3C
330
C
100
AcDbEntity
8
0
100
AcDbLine
10
272.517
20
88.869
30
0
11
272.416
21
88.83
31
0
0
LINE
5
B3D
330
C
100
AcDbEntity
8
0
100
AcDbLine
10
272.416
20
88.83
30
0
11
272.313
21
88.797
31
0
0
LINE
5
B3E
330
C
100
AcDbEntity
8
0
100
AcDbLine
10
272.313
20
88.797
30
0
11
272.208
21
88.77
31
0
0
LINE
5
B3F
330
C
100
AcDbEntity
8
0
100
AcDbLine
10
272.208
20
88.77
30
0
11
272.101
21
88.749
31
0
0
LINE
5
B40
330
C
100
AcDbEntity
8
0
100
AcDbLine
10
272.101
20
88.749
30
0
11
271.991
21
88.734
31
0
0
LINE
5
B41
330
C
100
AcDbEntity
8
0
100
AcDbLine
10
271.991
20
88.734
30
0
11
271.879
21
88.725
31
0
0
LINE
5
B42
330
C
100
AcDbEntity
8
0
100
AcDbLine
10
271.879
20
88.725
30
0
11
271.765
21
88.722
31
0
0
LINE
5
B43
330
C
100
AcDbEntity
8
0
100
AcDbLine
10
271.765
20
88.722
30
0
11
271.765
21
88.722
31
0
0
LINE
5
B44
330
C
100
AcDbEntity
8
0
100
AcDbLine
10
274.393
20
88.866
30
0
11
273.613
21
88.866
31
0
0
LINE
5
B45
330
C
100
AcDbEntity
8
0
100
AcDbLine
10
273.613
20
88.866
30
0
11
273.457
21
90.21
31
0
0
LINE
5
B46
330
C
100
AcDbEntity
8
0
100
AcDbLine
10
273.457
20
90.21
30
0
11
273.457
21
97.05
31
0
0
LINE
5
B47
330
C
100
AcDbEntity
8
0
100
AcDbLine
10
273.457
20
97.05
30
0
11
274.393
21
97.05
31
0
0
LINE
5
B48
330
C
100
AcDbEntity
8
0
100
AcDbLine
10
274.393
20
97.05
30
0
11
274.393
21
88.866
31
0
0
LINE
5
B49
330
C
100
AcDbEntity
8
0
100
AcDbLine
10
274.393
20
88.866
30
0
11
274.393
21
88.866
31
0
0
LINE
5
B4A
330
C
100
AcDbEntity
8
0
100
AcDbLine
10
278.815
20
88.722
30
0
11
278.815
21
88.722
31
0
0
LINE
5
B4B
330
C
100
AcDbEntity
8
0
100
AcDbLine
10
278.815
20
88.722
30
0
11
278.668
21
88.726
31
0
0
LINE
5
B4C
330
C
100
AcDbEntity
8
0
100
AcDbLine
10
278.668
20
88.726
30
0
11
278.524
21
88.737
31
0
0
LINE
5
B4D
330
C
100
AcDbEntity
8
0
100
AcDbLine
10
278.524
20
88.737
30
0
11
278.383
21
88.756
31
0
0
LINE
5
B4E
330
C
100
AcDbEntity
8
0
100
AcDbLine
10
278.383
20
88.756
30
0
11
278.245
21
88.783
31
0
0
LINE
5
B4F
330
C
100
AcDbEntity
8
0
100
AcDbLine
10
278.245
20
88.783
30
0
11
278.111
21
88.817
31
0
0
LINE
5
B50
330
C
100
AcDbEntity
8
0
100
AcDbLine
10
278.111
20
88.817
30
0
11
277.98
21
88.859
31
0
0
LINE
5
B51
330
C
100
AcDbEntity
8
0
100
AcDbLine
10
277.98
20
88.859
30
0
11
277.852
21
88.909
31
0
0
LINE
5
B52
330
C
100
AcDbEntity
8
0
100
AcDbLine
10
277.852
20
88.909
30
0
11
277.727
21
88.966
31
0
0
LINE
5
B53
330
C
100
AcDbEntity
8
0
100
AcDbLine
10
277.727
20
88.966
30
0
11
277.605
21
89.031
31
0
0
LINE
5
B54
330
C
100
AcDbEntity
8
0
100
AcDbLine
10
277.605
20
89.031
30
0
11
277.486
21
89.103
31
0
0
LINE
5
B55
330
C
100
AcDbEntity
8
0
100
AcDbLine
10
277.486
20
89.103
30
0
11
277.372
21
89.182
31
0
0
LINE
5
B56
330
C
100
AcDbEntity
8
0
100
AcDbLine
10
277.372
20
89.182
30
0
11
277.262
21
89.267
31
0
0
LINE
5
B57
330
C
100
AcDbEntity
8
0
100
AcDbLine
10
277.262
20
89.267
30
0
11
277.157
21
89.358
31
0
0
LINE
5
B58
330
C
100
AcDbEntity
8
0
100
AcDbLine
10
277.157
20
89.358
30
0
11
277.058
21
89.455
31
0
0
LINE
5
B59
330
C
100
AcDbEntity
8
0
100
AcDbLine
10
277.058
20
89.455
30
0
11
276.963
21
89.558
31
0
0
LINE
5
B5A
330
C
100
AcDbEntity
8
0
100
AcDbLine
10
276.963
20
89.558
30
0
11
276.873
21
89.667
31
0
0
LINE
5
B5B
330
C
100
AcDbEntity
8
0
100
AcDbLine
10
276.873
20
89.667
30
0
11
276.788
21
89.782
31
0
0
LINE
5
B5C
330
C
100
AcDbEntity
8
0
100
AcDbLine
10
276.788
20
89.782
30
0
11
276.708
21
89.903
31
0
0
LINE
5
B5D
330
C
100
AcDbEntity
8
0
100
AcDbLine
10
276.708
20
89.903
30
0
11
276.632
21
90.029
31
0
0
LINE
5
B5E
330
C
100
AcDbEntity
8
0
100
AcDbLine
10
276.632
20
90.029
30
0
11
276.562
21
90.162
31
0
0
LINE
5
B5F
330
C
100
AcDbEntity
8
0
100
AcDbLine
10
276.562
20
90.162
30
0
11
276.498
21
90.3
31
0
0
LINE
5
B60
330
C
100
AcDbEntity
8
0
100
AcDbLine
10
276.498
20
90.3
30
0
11
276.44
21
90.441
31
0
0
LINE
5
B61
330
C
100
AcDbEntity
8
0
100
AcDbLine
10
276.44
20
90.441
30
0
11
276.389
21
90.587
31
0
0
LINE
5
B62
330
C
100
AcDbEntity
8
0
100
AcDbLine
10
276.389
20
90.587
30
0
11
276.345
21
90.737
31
0
0
LINE
5
B63
330
C
100
AcDbEntity
8
0
100
AcDbLine
10
276.345
20
90.737
30
0
11
276.308
21
90.891
31
0
0
LINE
5
B64
330
C
100
AcDbEntity
8
0
100
AcDbLine
10
276.308
20
90.891
30
0
11
276.277
21
91.049
31
0
0
LINE
5
B65
330
C
100
AcDbEntity
8
0
100
AcDbLine
10
276.277
20
91.049
30
0
11
276.254
21
91.211
31
0
0
LINE
5
B66
330
C
100
AcDbEntity
8
0
100
AcDbLine
10
276.254
20
91.211
30
0
11
276.237
21
91.377
31
0
0
LINE
5
B67
330
C
100
AcDbEntity
8
0
100
AcDbLine
10
276.237
20
91.377
30
0
11
276.227
21
91.548
31
0
0
LINE
5
B68
330
C
100
AcDbEntity
8
0
100
AcDbLine
10
276.227
20
91.548
30
0
11
276.223
21
91.722
31
0
0
LINE
5
B69
330
C
100
AcDbEntity
8
0
100
AcDbLine
10
276.223
20
91.722
30
0
11
276.223
21
91.722
31
0
0
LINE
5
B6A
330
C
100
AcDbEntity
8
0
100
AcDbLine
10
276.223
20
91.722
30
0
11
276.227
21
91.908
31
0
0
LINE
5
B6B
330
C
100
AcDbEntity
8
0
100
AcDbLine
10
276.227
20
91.908
30
0
11
276.237
21
92.088
31
0
0
LINE
5
B6C
330
C
100
AcDbEntity
8
0
100
AcDbLine
10
276.237
20
92.088
30
0
11
276.253
21
92.263
31
0
0
LINE
5
B6D
330
C
100
AcDbEntity
8
0
100
AcDbLine
10
276.253
20
92.263
30
0
11
276.277
21
92.433
31
0
0
LINE
5
B6E
330
C
100
AcDbEntity
8
0
100
AcDbLine
10
276.277
20
92.433
30
0
11
276.307
21
92.598
31
0
0
LINE
5
B6F
330
C
100
AcDbEntity
8
0
100
AcDbLine
10
276.307
20
92.598
30
0
11
276.344
21
92.757
31
0
0
LINE
5
B70
330
C
100
AcDbEntity
8
0
100
AcDbLine
10
276.344
20
92.757
30
0
11
276.388
21
92.911
31
0
0
LINE
5
B71
330
C
100
AcDbEntity
8
0
100
AcDbLine
10
276.388
20
92.911
30
0
11
276.438
21
93.06
31
0
0
LINE
5
B72
330
C
100
AcDbEntity
8
0
100
AcDbLine
10
276.438
20
93.06
30
0
11
276.495
21
93.204
31
0
0
LINE
5
B73
330
C
100
AcDbEntity
8
0
100
AcDbLine
10
276.495
20
93.204
30
0
11
276.559
21
93.342
31
0
0
LINE
5
B74
330
C
100
AcDbEntity
8
0
100
AcDbLine
10
276.559
20
93.342
30
0
11
276.629
21
93.474
31
0
0
LINE
5
B75
330
C
100
AcDbEntity
8
0
100
AcDbLine
10
276.629
20
93.474
30
0
11
276.704
21
93.601
31
0
0
LINE
5
B76
330
C
100
AcDbEntity
8
0
100
AcDbLine
10
276.704
20
93.601
30
0
11
276.783
21
93.72
31
0
0
LINE
5
B77
330
C
100
AcDbEntity
8
0
100
AcDbLine
10
276.783
20
93.72
30
0
11
276.868
21
93.834
31
0
0
LINE
5
B78
330
C
100
AcDbEntity
8
0
100
AcDbLine
10
276.868
20
93.834
30
0
11
276.957
21
93.941
31
0
0
LINE
5
B79
330
C
100
AcDbEntity
8
0
100
AcDbLine
10
276.957
20
93.941
30
0
11
277.052
21
94.042
31
0
0
LINE
5
B7A
330
C
100
AcDbEntity
8
0
100
AcDbLine
10
277.052
20
94.042
30
0
11
277.152
21
94.137
31
0
0
LINE
5
B7B
330
C
100
AcDbEntity
8
0
100
AcDbLine
10
277.152
20
94.137
30
0
11
277.256
21
94.225
31
0
0
LINE
5
B7C
330
C
100
AcDbEntity
8
0
100
AcDbLine
10
277.256
20
94.225
30
0
11
277.366
21
94.307
31
0
0
LINE
5
B7D
330
C
100
AcDbEntity
8
0
100
AcDbLine
10
277.366
20
94.307
30
0
11
277.48
21
94.383
31
0
0
LINE
5
B7E
330
C
100
AcDbEntity
8
0
100
AcDbLine
10
277.48
20
94.383
30
0
11
277.599
21
94.452
31
0
0
LINE
5
B7F
330
C
100
AcDbEntity
8
0
100
AcDbLine
10
277.599
20
94.452
30
0
11
277.721
21
94.514
31
0
0
LINE
5
B80
330
C
100
AcDbEntity
8
0
100
AcDbLine
10
277.721
20
94.514
30
0
11
277.846
21
94.568
31
0
0
LINE
5
B81
330
C
100
AcDbEntity
8
0
100
AcDbLine
10
277.846
20
94.568
30
0
11
277.975
21
94.615
31
0
0
LINE
5
B82
330
C
100
AcDbEntity
8
0
100
AcDbLine
10
277.975
20
94.615
30
0
11
278.106
21
94.655
31
0
0
LINE
5
B83
330
C
100
AcDbEntity
8
0
100
AcDbLine
10
278.106
20
94.655
30
0
11
278.242
21
94.688
31
0
0
LINE
5
B84
330
C
100
AcDbEntity
8
0
100
AcDbLine
10
278.242
20
94.688
30
0
11
278.38
21
94.713
31
0
0
LINE
5
B85
330
C
100
AcDbEntity
8
0
100
AcDbLine
10
278.38
20
94.713
30
0
11
278.522
21
94.731
31
0
0
LINE
5
B86
330
C
100
AcDbEntity
8
0
100
AcDbLine
10
278.522
20
94.731
30
0
11
278.667
21
94.742
31
0
0
LINE
5
B87
330
C
100
AcDbEntity
8
0
100
AcDbLine
10
278.667
20
94.742
30
0
11
278.815
21
94.746
31
0
0
LINE
5
B88
330
C
100
AcDbEntity
8
0
100
AcDbLine
10
278.815
20
94.746
30
0
11
278.815
21
94.746
31
0
0
LINE
5
B89
330
C
100
AcDbEntity
8
0
100
AcDbLine
10
278.815
20
94.746
30
0
11
278.944
21
94.743
31
0
0
LINE
5
B8A
330
C
100
AcDbEntity
8
0
100
AcDbLine
10
278.944
20
94.743
30
0
11
279.069
21
94.735
31
0
0
LINE
5
B8B
330
C
100
AcDbEntity
8
0
100
AcDbLine
10
279.069
20
94.735
30
0
11
279.19
21
94.722
31
0
0
LINE
5
B8C
330
C
100
AcDbEntity
8
0
100
AcDbLine
10
279.19
20
94.722
30
0
11
279.308
21
94.704
31
0
0
LINE
5
B8D
330
C
100
AcDbEntity
8
0
100
AcDbLine
10
279.308
20
94.704
30
0
11
279.421
21
94.68
31
0
0
LINE
5
B8E
330
C
100
AcDbEntity
8
0
100
AcDbLine
10
279.421
20
94.68
30
0
11
279.531
21
94.651
31
0
0
LINE
5
B8F
330
C
100
AcDbEntity
8
0
100
AcDbLine
10
279.531
20
94.651
30
0
11
279.637
21
94.617
31
0
0
LINE
5
B90
330
C
100
AcDbEntity
8
0
100
AcDbLine
10
279.637
20
94.617
30
0
11
279.739
21
94.577
31
0
0
LINE
5
B91
330
C
100
AcDbEntity
8
0
100
AcDbLine
10
279.739
20
94.577
30
0
11
279.837
21
94.532
31
0
0
LINE
5
B92
330
C
100
AcDbEntity
8
0
100
AcDbLine
10
279.837
20
94.532
30
0
11
279.931
21
94.482
31
0
0
LINE
5
B93
330
C
100
AcDbEntity
8
0
100
AcDbLine
10
279.931
20
94.482
30
0
11
280.022
21
94.427
31
0
0
LINE
5
B94
330
C
100
AcDbEntity
8
0
100
AcDbLine
10
280.022
20
94.427
30
0
11
280.109
21
94.369
31
0
0
LINE
5
B95
330
C
100
AcDbEntity
8
0
100
AcDbLine
10
280.109
20
94.369
30
0
11
280.192
21
94.307
31
0
0
LINE
5
B96
330
C
100
AcDbEntity
8
0
100
AcDbLine
10
280.192
20
94.307
30
0
11
280.272
21
94.241
31
0
0
LINE
5
B97
330
C
100
AcDbEntity
8
0
100
AcDbLine
10
280.272
20
94.241
30
0
11
280.348
21
94.171
31
0
0
LINE
5
B98
330
C
100
AcDbEntity
8
0
100
AcDbLine
10
280.348
20
94.171
30
0
11
280.421
21
94.098
31
0
0
LINE
5
B99
330
C
100
AcDbEntity
8
0
100
AcDbLine
10
280.421
20
94.098
30
0
11
280.49
21
94.021
31
0
0
LINE
5
B9A
330
C
100
AcDbEntity
8
0
100
AcDbLine
10
280.49
20
94.021
30
0
11
280.555
21
93.941
31
0
0
LINE
5
B9B
330
C
100
AcDbEntity
8
0
100
AcDbLine
10
280.555
20
93.941
30
0
11
280.617
21
93.856
31
0
0
LINE
5
B9C
330
C
100
AcDbEntity
8
0
100
AcDbLine
10
280.617
20
93.856
30
0
11
280.675
21
93.768
31
0
0
LINE
5
B9D
330
C
100
AcDbEntity
8
0
100
AcDbLine
10
280.675
20
93.768
30
0
11
280.73
21
93.677
31
0
0
LINE
5
B9E
330
C
100
AcDbEntity
8
0
100
AcDbLine
10
280.73
20
93.677
30
0
11
280.781
21
93.583
31
0
0
LINE
5
B9F
330
C
100
AcDbEntity
8
0
100
AcDbLine
10
280.781
20
93.583
30
0
11
280.829
21
93.487
31
0
0
LINE
5
BA0
330
C
100
AcDbEntity
8
0
100
AcDbLine
10
280.829
20
93.487
30
0
11
280.873
21
93.389
31
0
0
LINE
5
BA1
330
C
100
AcDbEntity
8
0
100
AcDbLine
10
280.873
20
93.389
30
0
11
280.914
21
93.289
31
0
0
LINE
5
BA2
330
C
100
AcDbEntity
8
0
100
AcDbLine
10
280.914
20
93.289
30
0
11
280.952
21
93.186
31
0
0
LINE
5
BA3
330
C
100
AcDbEntity
8
0
100
AcDbLine
10
280.952
20
93.186
30
0
11
280.986
21
93.081
31
0
0
LINE
5
BA4
330
C
100
AcDbEntity
8
0
100
AcDbLine
10
280.986
20
93.081
30
0
11
281.017
21
92.973
31
0
0
LINE
5
BA5
330
C
100
AcDbEntity
8
0
100
AcDbLine
10
281.017
20
92.973
30
0
11
281.044
21
92.863
31
0
0
LINE
5
BA6
330
C
100
AcDbEntity
8
0
100
AcDbLine
10
281.044
20
92.863
30
0
11
281.068
21
92.751
31
0
0
LINE
5
BA7
330
C
100
AcDbEntity
8
0
100
AcDbLine
10
281.068
20
92.751
30
0
11
281.089
21
92.637
31
0
0
LINE
5
BA8
330
C
100
AcDbEntity
8
0
100
AcDbLine
10
281.089
20
92.637
30
0
11
281.106
21
92.523
31
0
0
LINE
5
BA9
330
C
100
AcDbEntity
8
0
100
AcDbLine
10
281.106
20
92.523
30
0
11
281.121
21
92.407
31
0
0
LINE
5
BAA
330
C
100
AcDbEntity
8
0
100
AcDbLine
10
281.121
20
92.407
30
0
11
281.132
21
92.291
31
0
0
LINE
5
BAB
330
C
100
AcDbEntity
8
0
100
AcDbLine
10
281.132
20
92.291
30
0
11
281.139
21
92.174
31
0
0
LINE
5
BAC
330
C
100
AcDbEntity
8
0
100
AcDbLine
10
281.139
20
92.174
30
0
11
281.144
21
92.057
31
0
0
LINE
5
BAD
330
C
100
AcDbEntity
8
0
100
AcDbLine
10
281.144
20
92.057
30
0
11
281.146
21
91.938
31
0
0
LINE
5
BAE
330
C
100
AcDbEntity
8
0
100
AcDbLine
10
281.146
20
91.938
30
0
11
281.144
21
91.819
31
0
0
LINE
5
BAF
330
C
100
AcDbEntity
8
0
100
AcDbLine
10
281.144
20
91.819
30
0
11
281.139
21
91.699
31
0
0
LINE
5
BB0
330
C
100
AcDbEntity
8
0
100
AcDbLine
10
281.139
20
91.699
30
0
11
281.131
21
91.578
31
0
0
LINE
5
BB1
330
C
100
AcDbEntity
8
0
100
AcDbLine
10
281.131
20
91.578
30
0
11
281.131
21
91.578
31
0
0
LINE
5
BB2
330
C
100
AcDbEntity
8
0
100
AcDbLine
10
281.131
20
91.578
30
0
11
276.979
21
91.578
31
0
0
LINE
5
BB3
330
C
100
AcDbEntity
8
0
100
AcDbLine
10
276.979
20
91.578
30
0
11
276.979
21
92.154
31
0
0
LINE
5
BB4
330
C
100
AcDbEntity
8
0
100
AcDbLine
10
276.979
20
92.154
30
0
11
280.513
21
92.154
31
0
0
LINE
5
BB5
330
C
100
AcDbEntity
8
0
100
AcDbLine
10
280.513
20
92.154
30
0
11
280.237
21
91.974
31
0
0
LINE
5
BB6
330
C
100
AcDbEntity
8
0
100
AcDbLine
10
280.237
20
91.974
30
0
11
280.24
21
92.045
31
0
0
LINE
5
BB7
330
C
100
AcDbEntity
8
0
100
AcDbLine
10
280.24
20
92.045
30
0
11
280.241
21
92.116
31
0
0
LINE
5
BB8
330
C
100
AcDbEntity
8
0
100
AcDbLine
10
280.241
20
92.116
30
0
11
280.241
21
92.186
31
0
0
LINE
5
BB9
330
C
100
AcDbEntity
8
0
100
AcDbLine
10
280.241
20
92.186
30
0
11
280.24
21
92.257
31
0
0
LINE
5
BBA
330
C
100
AcDbEntity
8
0
100
AcDbLine
10
280.24
20
92.257
30
0
11
280.236
21
92.328
31
0
0
LINE
5
BBB
330
C
100
AcDbEntity
8
0
100
AcDbLine
10
280.236
20
92.328
30
0
11
280.232
21
92.399
31
0
0
LINE
5
BBC
330
C
100
AcDbEntity
8
0
100
AcDbLine
10
280.232
20
92.399
30
0
11
280.226
21
92.47
31
0
0
LINE
5
BBD
330
C
100
AcDbEntity
8
0
100
AcDbLine
10
280.226
20
92.47
30
0
11
280.218
21
92.54
31
0
0
LINE
5
BBE
330
C
100
AcDbEntity
8
0
100
AcDbLine
10
280.218
20
92.54
30
0
11
280.209
21
92.611
31
0
0
LINE
5
BBF
330
C
100
AcDbEntity
8
0
100
AcDbLine
10
280.209
20
92.611
30
0
11
280.198
21
92.682
31
0
0
LINE
5
BC0
330
C
100
AcDbEntity
8
0
100
AcDbLine
10
280.198
20
92.682
30
0
11
280.186
21
92.752
31
0
0
LINE
5
BC1
330
C
100
AcDbEntity
8
0
100
AcDbLine
10
280.186
20
92.752
30
0
11
280.171
21
92.821
31
0
0
LINE
5
BC2
330
C
100
AcDbEntity
8
0
100
AcDbLine
10
280.171
20
92.821
30
0
11
280.155
21
92.889
31
0
0
LINE
5
BC3
330
C
100
AcDbEntity
8
0
100
AcDbLine
10
280.155
20
92.889
30
0
11
280.137
21
92.956
31
0
0
LINE
5
BC4
330
C
100
AcDbEntity
8
0
100
AcDbLine
10
280.137
20
92.956
30
0
11
280.116
21
93.022
31
0
0
LINE
5
BC5
330
C
100
AcDbEntity
8
0
100
AcDbLine
10
280.116
20
93.022
30
0
11
280.094
21
93.086
31
0
0
LINE
5
BC6
330
C
100
AcDbEntity
8
0
100
AcDbLine
10
280.094
20
93.086
30
0
11
280.07
21
93.15
31
0
0
LINE
5
BC7
330
C
100
AcDbEntity
8
0
100
AcDbLine
10
280.07
20
93.15
30
0
11
280.044
21
93.212
31
0
0
LINE
5
BC8
330
C
100
AcDbEntity
8
0
100
AcDbLine
10
280.044
20
93.212
30
0
11
280.015
21
93.273
31
0
0
LINE
5
BC9
330
C
100
AcDbEntity
8
0
100
AcDbLine
10
280.015
20
93.273
30
0
11
279.985
21
93.333
31
0
0
LINE
5
BCA
330
C
100
AcDbEntity
8
0
100
AcDbLine
10
279.985
20
93.333
30
0
11
279.953
21
93.391
31
0
0
LINE
5
BCB
330
C
100
AcDbEntity
8
0
100
AcDbLine
10
279.953
20
93.391
30
0
11
279.918
21
93.447
31
0
0
LINE
5
BCC
330
C
100
AcDbEntity
8
0
100
AcDbLine
10
279.918
20
93.447
30
0
11
279.88
21
93.501
31
0
0
LINE
5
BCD
330
C
100
AcDbEntity
8
0
100
AcDbLine
10
279.88
20
93.501
30
0
11
279.84
21
93.552
31
0
0
LINE
5
BCE
330
C
100
AcDbEntity
8
0
100
AcDbLine
10
279.84
20
93.552
30
0
11
279.798
21
93.601
31
0
0
LINE
5
BCF
330
C
100
AcDbEntity
8
0
100
AcDbLine
10
279.798
20
93.601
30
0
11
279.753
21
93.647
31
0
0
LINE
5
BD0
330
C
100
AcDbEntity
8
0
100
AcDbLine
10
279.753
20
93.647
30
0
11
279.705
21
93.691
31
0
0
LINE
5
BD1
330
C
100
AcDbEntity
8
0
100
AcDbLine
10
279.705
20
93.691
30
0
11
279.655
21
93.733
31
0
0
LINE
5
BD2
330
C
100
AcDbEntity
8
0
100
AcDbLine
10
279.655
20
93.733
30
0
11
279.602
21
93.773
31
0
0
LINE
5
BD3
330
C
100
AcDbEntity
8
0
100
AcDbLine
10
279.602
20
93.773
30
0
11
279.547
21
93.81
31
0
0
LINE
5
BD4
330
C
100
AcDbEntity
8
0
100
AcDbLine
10
279.547
20
93.81
30
0
11
279.489
21
93.844
31
0
0
LINE
5
BD5
330
C
100
AcDbEntity
8
0
100
AcDbLine
10
279.489
20
93.844
30
0
11
279.428
21
93.875
31
0
0
LINE
5
BD6
330
C
100
AcDbEntity
8
0
100
AcDbLine
10
279.428
20
93.875
30
0
11
279.364
21
93.902
31
0
0
LINE
5
BD7
330
C
100
AcDbEntity
8
0
100
AcDbLine
10
279.364
20
93.902
30
0
11
279.297
21
93.925
31
0
0
LINE
5
BD8
330
C
100
AcDbEntity
8
0
100
AcDbLine
10
279.297
20
93.925
30
0
11
279.226
21
93.945
31
0
0
LINE
5
BD9
330
C
100
AcDbEntity
8
0
100
AcDbLine
10
279.226
20
93.945
30
0
11
279.153
21
93.961
31
0
0
LINE
5
BDA
330
C
100
AcDbEntity
8
0
100
AcDbLine
10
279.153
20
93.961
30
0
11
279.076
21
93.974
31
0
0
LINE
5
BDB
330
C
100
AcDbEntity
8
0
100
AcDbLine
10
279.076
20
93.974
30
0
11
278.996
21
93.983
31
0
0
LINE
5
BDC
330
C
100
AcDbEntity
8
0
100
AcDbLine
10
278.996
20
93.983
30
0
11
278.913
21
93.988
31
0
0
LINE
5
BDD
330
C
100
AcDbEntity
8
0
100
AcDbLine
10
278.913
20
93.988
30
0
11
278.827
21
93.99
31
0
0
LINE
5
BDE
330
C
100
AcDbEntity
8
0
100
AcDbLine
10
278.827
20
93.99
30
0
11
278.827
21
93.99
31
0
0
LINE
5
BDF
330
C
100
AcDbEntity
8
0
100
AcDbLine
10
278.827
20
93.99
30
0
11
278.719
21
93.987
31
0
0
LINE
5
BE0
330
C
100
AcDbEntity
8
0
100
AcDbLine
10
278.719
20
93.987
30
0
11
278.614
21
93.979
31
0
0
LINE
5
BE1
330
C
100
AcDbEntity
8
0
100
AcDbLine
10
278.614
20
93.979
30
0
11
278.512
21
93.965
31
0
0
LINE
5
BE2
330
C
100
AcDbEntity
8
0
100
AcDbLine
10
278.512
20
93.965
30
0
11
278.414
21
93.945
31
0
0
LINE
5
BE3
330
C
100
AcDbEntity
8
0
100
AcDbLine
10
278.414
20
93.945
30
0
11
278.32
21
93.919
31
0
0
LINE
5
BE4
330
C
100
AcDbEntity
8
0
100
AcDbLine
10
278.32
20
93.919
30
0
11
278.23
21
93.888
31
0
0
LINE
5
BE5
330
C
100
AcDbEntity
8
0
100
AcDbLine
10
278.23
20
93.888
30
0
11
278.143
21
93.852
31
0
0
LINE
5
BE6
330
C
100
AcDbEntity
8
0
100
AcDbLine
10
278.143
20
93.852
30
0
11
278.059
21
93.81
31
0
0
LINE
5
BE7
330
C
100
AcDbEntity
8
0
100
AcDbLine
10
278.059
20
93.81
30
0
11
277.979
21
93.762
31
0
0
LINE
5
BE8
330
C
100
AcDbEntity
8
0
100
AcDbLine
10
277.979
20
93.762
30
0
11
277.903
21
93.708
31
0
0
LINE
5
BE9
330
C
100
AcDbEntity
8
0
100
AcDbLine
10
277.903
20
93.708
30
0
11
277.831
21
93.65
31
0
0
LINE
5
BEA
330
C
100
AcDbEntity
8
0
100
AcDbLine
10
277.831
20
93.65
30
0
11
277.762
21
93.588
31
0
0
LINE
5
BEB
330
C
100
AcDbEntity
8
0
100
AcDbLine
10
277.762
20
93.588
30
0
11
277.697
21
93.523
31
0
0
LINE
5
BEC
330
C
100
AcDbEntity
8
0
100
AcDbLine
10
277.697
20
93.523
30
0
11
277.635
21
93.454
31
0
0
LINE
5
BED
330
C
100
AcDbEntity
8
0
100
AcDbLine
10
277.635
20
93.454
30
0
11
277.578
21
93.382
31
0
0
LINE
5
BEE
330
C
100
AcDbEntity
8
0
100
AcDbLine
10
277.578
20
93.382
30
0
11
277.524
21
93.306
31
0
0
LINE
5
BEF
330
C
100
AcDbEntity
8
0
100
AcDbLine
10
277.524
20
93.306
30
0
11
277.474
21
93.226
31
0
0
LINE
5
BF0
330
C
100
AcDbEntity
8
0
100
AcDbLine
10
277.474
20
93.226
30
0
11
277.427
21
93.144
31
0
0
LINE
5
BF1
330
C
100
AcDbEntity
8
0
100
AcDbLine
10
277.427
20
93.144
30
0
11
277.384
21
93.057
31
0
0
LINE
5
BF2
330
C
100
AcDbEntity
8
0
100
AcDbLine
10
277.384
20
93.057
30
0
11
277.345
21
92.967
31
0
0
LINE
5
BF3
330
C
100
AcDbEntity
8
0
100
AcDbLine
10
277.345
20
92.967
30
0
11
277.31
21
92.874
31
0
0
LINE
5
BF4
330
C
100
AcDbEntity
8
0
100
AcDbLine
10
277.31
20
92.874
30
0
11
277.278
21
92.78
31
0
0
LINE
5
BF5
330
C
100
AcDbEntity
8
0
100
AcDbLine
10
277.278
20
92.78
30
0
11
277.25
21
92.685
31
0
0
LINE
5
BF6
330
C
100
AcDbEntity
8
0
100
AcDbLine
10
277.25
20
92.685
30
0
11
277.226
21
92.588
31
0
0
LINE
5
BF7
330
C
100
AcDbEntity
8
0
100
AcDbLine
10
277.226
20
92.588
30
0
11
277.206
21
92.489
31
0
0
LINE
5
BF8
330
C
100
AcDbEntity
8
0
100
AcDbLine
10
277.206
20
92.489
30
0
11
277.189
21
92.389
31
0
0
LINE
5
BF9
330
C
100
AcDbEntity
8
0
100
AcDbLine
10
277.189
20
92.389
30
0
11
277.176
21
92.288
31
0
0
LINE
5
BFA
330
C
100
AcDbEntity
8
0
100
AcDbLine
10
277.176
20
92.288
30
0
11
277.167
21
92.185
31
0
0
LINE
5
BFB
330
C
100
AcDbEntity
8
0
100
AcDbLine
10
277.167
20
92.185
30
0
11
277.161
21
92.08
31
0
0
LINE
5
BFC
330
C
100
AcDbEntity
8
0
100
AcDbLine
10
277.161
20
92.08
30
0
11
277.159
21
91.974
31
0
0
LINE
5
BFD
330
C
100
AcDbEntity
8
0
100
AcDbLine
10
277.159
20
91.974
30
0
11
277.159
21
91.974
31
0
0
LINE
5
BFE
330
C
100
AcDbEntity
8
0
100
AcDbLine
10
277.159
20
91.974
30
0
11
277.159
21
91.59
31
0
0
LINE
5
BFF
330
C
100
AcDbEntity
8
0
100
AcDbLine
10
277.159
20
91.59
30
0
11
277.161
21
91.471
31
0
0
LINE
5
C00
330
C
100
AcDbEntity
8
0
100
AcDbLine
10
277.161
20
91.471
30
0
11
277.167
21
91.355
31
0
0
LINE
5
C01
330
C
100
AcDbEntity
8
0
100
AcDbLine
10
277.167
20
91.355
30
0
11
277.176
21
91.241
31
0
0
LINE
5
C02
330
C
100
AcDbEntity
8
0
100
AcDbLine
10
277.176
20
91.241
30
0
11
277.188
21
91.13
31
0
0
LINE
5
C03
330
C
100
AcDbEntity
8
0
100
AcDbLine
10
277.188
20
91.13
30
0
11
277.205
21
91.022
31
0
0
LINE
5
C04
330
C
100
AcDbEntity
8
0
100
AcDbLine
10
277.205
20
91.022
30
0
11
277.225
21
90.915
31
0
0
LINE
5
C05
330
C
100
AcDbEntity
8
0
100
AcDbLine
10
277.225
20
90.915
30
0
11
277.249
21
90.812
31
0
0
LINE
5
C06
330
C
100
AcDbEntity
8
0
100
AcDbLine
10
277.249
20
90.812
30
0
11
277.276
21
90.711
31
0
0
LINE
5
C07
330
C
100
AcDbEntity
8
0
100
AcDbLine
10
277.276
20
90.711
30
0
11
277.307
21
90.612
31
0
0
LINE
5
C08
330
C
100
AcDbEntity
8
0
100
AcDbLine
10
277.307
20
90.612
30
0
11
277.342
21
90.516
31
0
0
LINE
5
C09
330
C
100
AcDbEntity
8
0
100
AcDbLine
10
277.342
20
90.516
30
0
11
277.381
21
90.423
31
0
0
LINE
5
C0A
330
C
100
AcDbEntity
8
0
100
AcDbLine
10
277.381
20
90.423
30
0
11
277.423
21
90.334
31
0
0
LINE
5
C0B
330
C
100
AcDbEntity
8
0
100
AcDbLine
10
277.423
20
90.334
30
0
11
277.468
21
90.249
31
0
0
LINE
5
C0C
330
C
100
AcDbEntity
8
0
100
AcDbLine
10
277.468
20
90.249
30
0
11
277.518
21
90.168
31
0
0
LINE
5
C0D
330
C
100
AcDbEntity
8
0
100
AcDbLine
10
277.518
20
90.168
30
0
11
277.571
21
90.091
31
0
0
LINE
5
C0E
330
C
100
AcDbEntity
8
0
100
AcDbLine
10
277.571
20
90.091
30
0
11
277.628
21
90.018
31
0
0
LINE
5
C0F
330
C
100
AcDbEntity
8
0
100
AcDbLine
10
277.628
20
90.018
30
0
11
277.688
21
89.949
31
0
0
LINE
5
C10
330
C
100
AcDbEntity
8
0
100
AcDbLine
10
277.688
20
89.949
30
0
11
277.752
21
89.884
31
0
0
LINE
5
C11
330
C
100
AcDbEntity
8
0
100
AcDbLine
10
277.752
20
89.884
30
0
11
277.82
21
89.823
31
0
0
LINE
5
C12
330
C
100
AcDbEntity
8
0
100
AcDbLine
10
277.82
20
89.823
30
0
11
277.891
21
89.766
31
0
0
LINE
5
C13
330
C
100
AcDbEntity
8
0
100
AcDbLine
10
277.891
20
89.766
30
0
11
277.966
21
89.714
31
0
0
LINE
5
C14
330
C
100
AcDbEntity
8
0
100
AcDbLine
10
277.966
20
89.714
30
0
11
278.045
21
89.667
31
0
0
LINE
5
C15
330
C
100
AcDbEntity
8
0
100
AcDbLine
10
278.045
20
89.667
30
0
11
278.128
21
89.625
31
0
0
LINE
5
C16
330
C
100
AcDbEntity
8
0
100
AcDbLine
10
278.128
20
89.625
30
0
11
278.215
21
89.589
31
0
0
LINE
5
C17
330
C
100
AcDbEntity
8
0
100
AcDbLine
10
278.215
20
89.589
30
0
11
278.305
21
89.559
31
0
0
LINE
5
C18
330
C
100
AcDbEntity
8
0
100
AcDbLine
10
278.305
20
89.559
30
0
11
278.4
21
89.534
31
0
0
LINE
5
C19
330
C
100
AcDbEntity
8
0
100
AcDbLine
10
278.4
20
89.534
30
0
11
278.498
21
89.515
31
0
0
LINE
5
C1A
330
C
100
AcDbEntity
8
0
100
AcDbLine
10
278.498
20
89.515
30
0
11
278.6
21
89.501
31
0
0
LINE
5
C1B
330
C
100
AcDbEntity
8
0
100
AcDbLine
10
278.6
20
89.501
30
0
11
278.706
21
89.493
31
0
0
LINE
5
C1C
330
C
100
AcDbEntity
8
0
100
AcDbLine
10
278.706
20
89.493
30
0
11
278.815
21
89.49
31
0
0
LINE
5
C1D
330
C
100
AcDbEntity
8
0
100
AcDbLine
10
278.815
20
89.49
30
0
11
278.815
21
89.49
31
0
0
LINE
5
C1E
330
C
100
AcDbEntity
8
0
100
AcDbLine
10
278.815
20
89.49
30
0
11
278.925
21
89.493
31
0
0
LINE
5
C1F
330
C
100
AcDbEntity
8
0
100
AcDbLine
10
278.925
20
89.493
30
0
11
279.03
21
89.501
31
0
0
LINE
5
C20
330
C
100
AcDbEntity
8
0
100
AcDbLine
10
279.03
20
89.501
30
0
11
279.132
21
89.514
31
0
0
LINE
5
C21
330
C
100
AcDbEntity
8
0
100
AcDbLine
10
279.132
20
89.514
30
0
11
279.23
21
89.533
31
0
0
LINE
5
C22
330
C
100
AcDbEntity
8
0
100
AcDbLine
10
279.23
20
89.533
30
0
11
279.324
21
89.558
31
0
0
LINE
5
C23
330
C
100
AcDbEntity
8
0
100
AcDbLine
10
279.324
20
89.558
30
0
11
279.414
21
89.587
31
0
0
LINE
5
C24
330
C
100
AcDbEntity
8
0
100
AcDbLine
10
279.414
20
89.587
30
0
11
279.499
21
89.622
31
0
0
LINE
5
C25
330
C
100
AcDbEntity
8
0
100
AcDbLine
10
279.499
20
89.622
30
0
11
279.581
21
89.663
31
0
0
LINE
5
C26
330
C
100
AcDbEntity
8
0
100
AcDbLine
10
279.581
20
89.663
30
0
11
279.659
21
89.709
31
0
0
LINE
5
C27
330
C
100
AcDbEntity
8
0
100
AcDbLine
10
279.659
20
89.709
30
0
11
279.733
21
89.76
31
0
0
LINE
5
C28
330
C
100
AcDbEntity
8
0
100
AcDbLine
10
279.733
20
89.76
30
0
11
279.802
21
89.817
31
0
0
LINE
5
C29
330
C
100
AcDbEntity
8
0
100
AcDbLine
10
279.802
20
89.817
30
0
11
279.866
21
89.878
31
0
0
LINE
5
C2A
330
C
100
AcDbEntity
8
0
100
AcDbLine
10
279.866
20
89.878
30
0
11
279.924
21
89.945
31
0
0
LINE
5
C2B
330
C
100
AcDbEntity
8
0
100
AcDbLine
10
279.924
20
89.945
30
0
11
279.976
21
90.017
31
0
0
LINE
5
C2C
330
C
100
AcDbEntity
8
0
100
AcDbLine
10
279.976
20
90.017
30
0
11
280.023
21
90.094
31
0
0
LINE
5
C2D
330
C
100
AcDbEntity
8
0
100
AcDbLine
10
280.023
20
90.094
30
0
11
280.064
21
90.177
31
0
0
LINE
5
C2E
330
C
100
AcDbEntity
8
0
100
AcDbLine
10
280.064
20
90.177
30
0
11
280.099
21
90.264
31
0
0
LINE
5
C2F
330
C
100
AcDbEntity
8
0
100
AcDbLine
10
280.099
20
90.264
30
0
11
280.129
21
90.357
31
0
0
LINE
5
C30
330
C
100
AcDbEntity
8
0
100
AcDbLine
10
280.129
20
90.357
30
0
11
280.153
21
90.455
31
0
0
LINE
5
C31
330
C
100
AcDbEntity
8
0
100
AcDbLine
10
280.153
20
90.455
30
0
11
280.171
21
90.558
31
0
0
LINE
5
C32
330
C
100
AcDbEntity
8
0
100
AcDbLine
10
280.171
20
90.558
30
0
11
280.171
21
90.558
31
0
0
LINE
5
C33
330
C
100
AcDbEntity
8
0
100
AcDbLine
10
280.171
20
90.558
30
0
11
281.143
21
90.558
31
0
0
LINE
5
C34
330
C
100
AcDbEntity
8
0
100
AcDbLine
10
281.143
20
90.558
30
0
11
281.123
21
90.446
31
0
0
LINE
5
C35
330
C
100
AcDbEntity
8
0
100
AcDbLine
10
281.123
20
90.446
30
0
11
281.098
21
90.336
31
0
0
LINE
5
C36
330
C
100
AcDbEntity
8
0
100
AcDbLine
10
281.098
20
90.336
30
0
11
281.069
21
90.23
31
0
0
LINE
5
C37
330
C
100
AcDbEntity
8
0
100
AcDbLine
10
281.069
20
90.23
30
0
11
281.035
21
90.127
31
0
0
LINE
5
C38
330
C
100
AcDbEntity
8
0
100
AcDbLine
10
281.035
20
90.127
30
0
11
280.996
21
90.028
31
0
0
LINE
5
C39
330
C
100
AcDbEntity
8
0
100
AcDbLine
10
280.996
20
90.028
30
0
11
280.953
21
89.931
31
0
0
LINE
5
C3A
330
C
100
AcDbEntity
8
0
100
AcDbLine
10
280.953
20
89.931
30
0
11
280.905
21
89.838
31
0
0
LINE
5
C3B
330
C
100
AcDbEntity
8
0
100
AcDbLine
10
280.905
20
89.838
30
0
11
280.853
21
89.748
31
0
0
LINE
5
C3C
330
C
100
AcDbEntity
8
0
100
AcDbLine
10
280.853
20
89.748
30
0
11
280.797
21
89.661
31
0
0
LINE
5
C3D
330
C
100
AcDbEntity
8
0
100
AcDbLine
10
280.797
20
89.661
30
0
11
280.735
21
89.577
31
0
0
LINE
5
C3E
330
C
100
AcDbEntity
8
0
100
AcDbLine
10
280.735
20
89.577
30
0
11
280.67
21
89.497
31
0
0
LINE
5
C3F
330
C
100
AcDbEntity
8
0
100
AcDbLine
10
280.67
20
89.497
30
0
11
280.601
21
89.42
31
0
0
LINE
5
C40
330
C
100
AcDbEntity
8
0
100
AcDbLine
10
280.601
20
89.42
30
0
11
280.529
21
89.347
31
0
0
LINE
5
C41
330
C
100
AcDbEntity
8
0
100
AcDbLine
10
280.529
20
89.347
30
0
11
280.453
21
89.278
31
0
0
LINE
5
C42
330
C
100
AcDbEntity
8
0
100
AcDbLine
10
280.453
20
89.278
30
0
11
280.374
21
89.213
31
0
0
LINE
5
C43
330
C
100
AcDbEntity
8
0
100
AcDbLine
10
280.374
20
89.213
30
0
11
280.291
21
89.152
31
0
0
LINE
5
C44
330
C
100
AcDbEntity
8
0
100
AcDbLine
10
280.291
20
89.152
30
0
11
280.205
21
89.094
31
0
0
LINE
5
C45
330
C
100
AcDbEntity
8
0
100
AcDbLine
10
280.205
20
89.094
30
0
11
280.115
21
89.04
31
0
0
LINE
5
C46
330
C
100
AcDbEntity
8
0
100
AcDbLine
10
280.115
20
89.04
30
0
11
280.022
21
88.99
31
0
0
LINE
5
C47
330
C
100
AcDbEntity
8
0
100
AcDbLine
10
280.022
20
88.99
30
0
11
279.925
21
88.944
31
0
0
LINE
5
C48
330
C
100
AcDbEntity
8
0
100
AcDbLine
10
279.925
20
88.944
30
0
11
279.826
21
88.902
31
0
0
LINE
5
C49
330
C
100
AcDbEntity
8
0
100
AcDbLine
10
279.826
20
88.902
30
0
11
279.723
21
88.864
31
0
0
LINE
5
C4A
330
C
100
AcDbEntity
8
0
100
AcDbLine
10
279.723
20
88.864
30
0
11
279.619
21
88.831
31
0
0
LINE
5
C4B
330
C
100
AcDbEntity
8
0
100
AcDbLine
10
279.619
20
88.831
30
0
11
279.511
21
88.802
31
0
0
LINE
5
C4C
330
C
100
AcDbEntity
8
0
100
AcDbLine
10
279.511
20
88.802
30
0
11
279.402
21
88.778
31
0
0
LINE
5
C4D
330
C
100
AcDbEntity
8
0
100
AcDbLine
10
279.402
20
88.778
30
0
11
279.289
21
88.758
31
0
0
LINE
5
C4E
330
C
100
AcDbEntity
8
0
100
AcDbLine
10
279.289
20
88.758
30
0
11
279.175
21
88.742
31
0
0
LINE
5
C4F
330
C
100
AcDbEntity
8
0
100
AcDbLine
10
279.175
20
88.742
30
0
11
279.057
21
88.731
31
0
0
LINE
5
C50
330
C
100
AcDbEntity
8
0
100
AcDbLine
10
279.057
20
88.731
30
0
11
278.938
21
88.724
31
0
0
LINE
5
C51
330
C
100
AcDbEntity
8
0
100
AcDbLine
10
278.938
20
88.724
30
0
11
278.815
21
88.722
31
0
0
LINE
5
C52
330
C
100
AcDbEntity
8
0
100
AcDbLine
10
278.815
20
88.722
30
0
11
278.815
21
88.722
31
0
0
LINE
5
C53
330
C
100
AcDbEntity
8
0
100
AcDbLine
10
287.857
20
88.866
30
0
11
282.541
21
88.866
31
0
0
LINE
5
C54
330
C
100
AcDbEntity
8
0
100
AcDbLine
10
282.541
20
88.866
30
0
11
282.541
21
89.982
31
0
0
LINE
5
C55
330
C
100
AcDbEntity
8
0
100
AcDbLine
10
282.541
20
89.982
30
0
11
282.543
21
90.111
31
0
0
LINE
5
C56
330
C
100
AcDbEntity
8
0
100
AcDbLine
10
282.543
20
90.111
30
0
11
282.55
21
90.235
31
0
0
LINE
5
C57
330
C
100
AcDbEntity
8
0
100
AcDbLine
10
282.55
20
90.235
30
0
11
282.56
21
90.355
31
0
0
LINE
5
C58
330
C
100
AcDbEntity
8
0
100
AcDbLine
10
282.56
20
90.355
30
0
11
282.575
21
90.471
31
0
0
LINE
5
C59
330
C
100
AcDbEntity
8
0
100
AcDbLine
10
282.575
20
90.471
30
0
11
282.594
21
90.582
31
0
0
LINE
5
C5A
330
C
100
AcDbEntity
8
0
100
AcDbLine
10
282.594
20
90.582
30
0
11
282.618
21
90.689
31
0
0
LINE
5
C5B
330
C
100
AcDbEntity
8
0
100
AcDbLine
10
282.618
20
90.689
30
0
11
282.646
21
90.792
31
0
0
LINE
5
C5C
330
C
100
AcDbEntity
8
0
100
AcDbLine
10
282.646
20
90.792
30
0
11
282.678
21
90.89
31
0
0
LINE
5
C5D
330
C
100
AcDbEntity
8
0
100
AcDbLine
10
282.678
20
90.89
30
0
11
282.714
21
90.984
31
0
0
LINE
5
C5E
330
C
100
AcDbEntity
8
0
100
AcDbLine
10
282.714
20
90.984
30
0
11
282.754
21
91.074
31
0
0
LINE
5
C5F
330
C
100
AcDbEntity
8
0
100
AcDbLine
10
282.754
20
91.074
30
0
11
282.799
21
91.16
31
0
0
LINE
5
C60
330
C
100
AcDbEntity
8
0
100
AcDbLine
10
282.799
20
91.16
30
0
11
282.846
21
91.243
31
0
0
LINE
5
C61
330
C
100
AcDbEntity
8
0
100
AcDbLine
10
282.846
20
91.243
30
0
11
282.898
21
91.323
31
0
0
LINE
5
C62
330
C
100
AcDbEntity
8
0
100
AcDbLine
10
282.898
20
91.323
30
0
11
282.952
21
91.4
31
0
0
LINE
5
C63
330
C
100
AcDbEntity
8
0
100
AcDbLine
10
282.952
20
91.4
30
0
11
283.011
21
91.475
31
0
0
LINE
5
C64
330
C
100
AcDbEntity
8
0
100
AcDbLine
10
283.011
20
91.475
30
0
11
283.072
21
91.546
31
0
0
LINE
5
C65
330
C
100
AcDbEntity
8
0
100
AcDbLine
10
283.072
20
91.546
30
0
11
283.138
21
91.614
31
0
0
LINE
5
C66
330
C
100
AcDbEntity
8
0
100
AcDbLine
10
283.138
20
91.614
30
0
11
283.206
21
91.679
31
0
0
LINE
5
C67
330
C
100
AcDbEntity
8
0
100
AcDbLine
10
283.206
20
91.679
30
0
11
283.279
21
91.741
31
0
0
LINE
5
C68
330
C
100
AcDbEntity
8
0
100
AcDbLine
10
283.279
20
91.741
30
0
11
283.354
21
91.8
31
0
0
LINE
5
C69
330
C
100
AcDbEntity
8
0
100
AcDbLine
10
283.354
20
91.8
30
0
11
283.433
21
91.857
31
0
0
LINE
5
C6A
330
C
100
AcDbEntity
8
0
100
AcDbLine
10
283.433
20
91.857
30
0
11
283.515
21
91.912
31
0
0
LINE
5
C6B
330
C
100
AcDbEntity
8
0
100
AcDbLine
10
283.515
20
91.912
30
0
11
283.599
21
91.966
31
0
0
LINE
5
C6C
330
C
100
AcDbEntity
8
0
100
AcDbLine
10
283.599
20
91.966
30
0
11
283.686
21
92.018
31
0
0
LINE
5
C6D
330
C
100
AcDbEntity
8
0
100
AcDbLine
10
283.686
20
92.018
30
0
11
283.776
21
92.069
31
0
0
LINE
5
C6E
330
C
100
AcDbEntity
8
0
100
AcDbLine
10
283.776
20
92.069
30
0
11
283.869
21
92.118
31
0
0
LINE
5
C6F
330
C
100
AcDbEntity
8
0
100
AcDbLine
10
283.869
20
92.118
30
0
11
283.965
21
92.165
31
0
0
LINE
5
C70
330
C
100
AcDbEntity
8
0
100
AcDbLine
10
283.965
20
92.165
30
0
11
284.064
21
92.211
31
0
0
LINE
5
C71
330
C
100
AcDbEntity
8
0
100
AcDbLine
10
284.064
20
92.211
30
0
11
284.165
21
92.255
31
0
0
LINE
5
C72
330
C
100
AcDbEntity
8
0
100
AcDbLine
10
284.165
20
92.255
30
0
11
284.269
21
92.298
31
0
0
LINE
5
C73
330
C
100
AcDbEntity
8
0
100
AcDbLine
10
284.269
20
92.298
30
0
11
284.269
21
92.298
31
0
0
LINE
5
C74
330
C
100
AcDbEntity
8
0
100
AcDbLine
10
284.269
20
92.298
30
0
11
285.757
21
92.886
31
0
0
LINE
5
C75
330
C
100
AcDbEntity
8
0
100
AcDbLine
10
285.757
20
92.886
30
0
11
285.87
21
92.934
31
0
0
LINE
5
C76
330
C
100
AcDbEntity
8
0
100
AcDbLine
10
285.87
20
92.934
30
0
11
285.976
21
92.985
31
0
0
LINE
5
C77
330
C
100
AcDbEntity
8
0
100
AcDbLine
10
285.976
20
92.985
30
0
11
286.077
21
93.038
31
0
0
LINE
5
C78
330
C
100
AcDbEntity
8
0
100
AcDbLine
10
286.077
20
93.038
30
0
11
286.172
21
93.094
31
0
0
LINE
5
C79
330
C
100
AcDbEntity
8
0
100
AcDbLine
10
286.172
20
93.094
30
0
11
286.261
21
93.153
31
0
0
LINE
5
C7A
330
C
100
AcDbEntity
8
0
100
AcDbLine
10
286.261
20
93.153
30
0
11
286.345
21
93.214
31
0
0
LINE
5
C7B
330
C
100
AcDbEntity
8
0
100
AcDbLine
10
286.345
20
93.214
30
0
11
286.422
21
93.278
31
0
0
LINE
5
C7C
330
C
100
AcDbEntity
8
0
100
AcDbLine
10
286.422
20
93.278
30
0
11
286.494
21
93.345
31
0
0
LINE
5
C7D
330
C
100
AcDbEntity
8
0
100
AcDbLine
10
286.494
20
93.345
30
0
11
286.561
21
93.414
31
0
0
LINE
5
C7E
330
C
100
AcDbEntity
8
0
100
AcDbLine
10
286.561
20
93.414
30
0
11
286.621
21
93.486
31
0
0
LINE
5
C7F
330
C
100
AcDbEntity
8
0
100
AcDbLine
10
286.621
20
93.486
30
0
11
286.676
21
93.561
31
0
0
LINE
5
C80
330
C
100
AcDbEntity
8
0
100
AcDbLine
10
286.676
20
93.561
30
0
11
286.725
21
93.64
31
0
0
LINE
5
C81
330
C
100
AcDbEntity
8
0
100
AcDbLine
10
286.725
20
93.64
30
0
11
286.768
21
93.722
31
0
0
LINE
5
C82
330
C
100
AcDbEntity
8
0
100
AcDbLine
10
286.768
20
93.722
30
0
11
286.806
21
93.808
31
0
0
LINE
5
C83
330
C
100
AcDbEntity
8
0
100
AcDbLine
10
286.806
20
93.808
30
0
11
286.837
21
93.897
31
0
0
LINE
5
C84
330
C
100
AcDbEntity
8
0
100
AcDbLine
10
286.837
20
93.897
30
0
11
286.863
21
93.99
31
0
0
LINE
5
C85
330
C
100
AcDbEntity
8
0
100
AcDbLine
10
286.863
20
93.99
30
0
11
286.883
21
94.087
31
0
0
LINE
5
C86
330
C
100
AcDbEntity
8
0
100
AcDbLine
10
286.883
20
94.087
30
0
11
286.898
21
94.187
31
0
0
LINE
5
C87
330
C
100
AcDbEntity
8
0
100
AcDbLine
10
286.898
20
94.187
30
0
11
286.906
21
94.291
31
0
0
LINE
5
C88
330
C
100
AcDbEntity
8
0
100
AcDbLine
10
286.906
20
94.291
30
0
11
286.909
21
94.398
31
0
0
LINE
5
C89
330
C
100
AcDbEntity
8
0
100
AcDbLine
10
286.909
20
94.398
30
0
11
286.909
21
94.398
31
0
0
LINE
5
C8A
330
C
100
AcDbEntity
8
0
100
AcDbLine
10
286.909
20
94.398
30
0
11
286.905
21
94.511
31
0
0
LINE
5
C8B
330
C
100
AcDbEntity
8
0
100
AcDbLine
10
286.905
20
94.511
30
0
11
286.893
21
94.62
31
0
0
LINE
5
C8C
330
C
100
AcDbEntity
8
0
100
AcDbLine
10
286.893
20
94.62
30
0
11
286.873
21
94.725
31
0
0
LINE
5
C8D
330
C
100
AcDbEntity
8
0
100
AcDbLine
10
286.873
20
94.725
30
0
11
286.845
21
94.825
31
0
0
LINE
5
C8E
330
C
100
AcDbEntity
8
0
100
AcDbLine
10
286.845
20
94.825
30
0
11
286.809
21
94.921
31
0
0
LINE
5
C8F
330
C
100
AcDbEntity
8
0
100
AcDbLine
10
286.809
20
94.921
30
0
11
286.766
21
95.014
31
0
0
LINE
5
C90
330
C
100
AcDbEntity
8
0
100
AcDbLine
10
286.766
20
95.014
30
0
11
286.714
21
95.102
31
0
0
LINE
5
C91
330
C
100
AcDbEntity
8
0
100
AcDbLine
10
286.714
20
95.102
30
0
11
286.654
21
95.185
31
0
0
LINE
5
C92
330
C
100
AcDbEntity
8
0
100
AcDbLine
10
286.654
20
95.185
30
0
11
286.586
21
95.265
31
0
0
LINE
5
C93
330
C
100
AcDbEntity
8
0
100
AcDbLine
10
286.586
20
95.265
30
0
11
286.51
21
95.34
31
0
0
LINE
5
C94
330
C
100
AcDbEntity
8
0
100
AcDbLine
10
286.51
20
95.34
30
0
11
286.427
21
95.41
31
0
0
LINE
5
C95
330
C
100
AcDbEntity
8
0
100
AcDbLine
10
286.427
20
95.41
30
0
11
286.338
21
95.472
31
0
0
LINE
5
C96
330
C
100
AcDbEntity
8
0
100
AcDbLine
10
286.338
20
95.472
30
0
11
286.242
21
95.527
31
0
0
LINE
5
C97
330
C
100
AcDbEntity
8
0
100
AcDbLine
10
286.242
20
95.527
30
0
11
286.141
21
95.574
31
0
0
LINE
5
C98
330
C
100
AcDbEntity
8
0
100
AcDbLine
10
286.141
20
95.574
30
0
11
286.032
21
95.614
31
0
0
LINE
5
C99
330
C
100
AcDbEntity
8
0
100
AcDbLine
10
286.032
20
95.614
30
0
11
285.918
21
95.647
31
0
0
LINE
5
C9A
330
C
100
AcDbEntity
8
0
100
AcDbLine
10
285.918
20
95.647
30
0
11
285.797
21
95.673
31
0
0
LINE
5
C9B
330
C
100
AcDbEntity
8
0
100
AcDbLine
10
285.797
20
95.673
30
0
11
285.67
21
95.691
31
0
0
LINE
5
C9C
330
C
100
AcDbEntity
8
0
100
AcDbLine
10
285.67
20
95.691
30
0
11
285.537
21
95.702
31
0
0
LINE
5
C9D
330
C
100
AcDbEntity
8
0
100
AcDbLine
10
285.537
20
95.702
30
0
11
285.397
21
95.706
31
0
0
LINE
5
C9E
330
C
100
AcDbEntity
8
0
100
AcDbLine
10
285.397
20
95.706
30
0
11
285.397
21
95.706
31
0
0
LINE
5
C9F
330
C
100
AcDbEntity
8
0
100
AcDbLine
10
285.397
20
95.706
30
0
11
285.258
21
95.703
31
0
0
LINE
5
CA0
330
C
100
AcDbEntity
8
0
100
AcDbLine
10
285.258
20
95.703
30
0
11
285.124
21
95.694
31
0
0
LINE
5
CA1
330
C
100
AcDbEntity
8
0
100
AcDbLine
10
285.124
20
95.694
30
0
11
284.995
21
95.679
31
0
0
LINE
5
CA2
330
C
100
AcDbEntity
8
0
100
AcDbLine
10
284.995
20
95.679
30
0
11
284.872
21
95.658
31
0
0
LINE
5
CA3
330
C
100
AcDbEntity
8
0
100
AcDbLine
10
284.872
20
95.658
30
0
11
284.753
21
95.63
31
0
0
LINE
5
CA4
330
C
100
AcDbEntity
8
0
100
AcDbLine
10
284.753
20
95.63
30
0
11
284.639
21
95.597
31
0
0
LINE
5
CA5
330
C
100
AcDbEntity
8
0
100
AcDbLine
10
284.639
20
95.597
30
0
11
284.531
21
95.558
31
0
0
LINE
5
CA6
330
C
100
AcDbEntity
8
0
100
AcDbLine
10
284.531
20
95.558
30
0
11
284.428
21
95.512
31
0
0
LINE
5
CA7
330
C
100
AcDbEntity
8
0
100
AcDbLine
10
284.428
20
95.512
30
0
11
284.329
21
95.461
31
0
0
LINE
5
CA8
330
C
100
AcDbEntity
8
0
100
AcDbLine
10
284.329
20
95.461
30
0
11
284.236
21
95.403
31
0
0
LINE
5
CA9
330
C
100
AcDbEntity
8
0
100
AcDbLine
10
284.236
20
95.403
30
0
11
284.149
21
95.339
31
0
0
LINE
5
CAA
330
C
100
AcDbEntity
8
0
100
AcDbLine
10
284.149
20
95.339
30
0
11
284.07
21
95.27
31
0
0
LINE
5
CAB
330
C
100
AcDbEntity
8
0
100
AcDbLine
10
284.07
20
95.27
30
0
11
283.999
21
95.194
31
0
0
LINE
5
CAC
330
C
100
AcDbEntity
8
0
100
AcDbLine
10
283.999
20
95.194
30
0
11
283.936
21
95.112
31
0
0
LINE
5
CAD
330
C
100
AcDbEntity
8
0
100
AcDbLine
10
283.936
20
95.112
30
0
11
283.88
21
95.024
31
0
0
LINE
5
CAE
330
C
100
AcDbEntity
8
0
100
AcDbLine
10
283.88
20
95.024
30
0
11
283.832
21
94.93
31
0
0
LINE
5
CAF
330
C
100
AcDbEntity
8
0
100
AcDbLine
10
283.832
20
94.93
30
0
11
283.792
21
94.83
31
0
0
LINE
5
CB0
330
C
100
AcDbEntity
8
0
100
AcDbLine
10
283.792
20
94.83
30
0
11
283.759
21
94.724
31
0
0
LINE
5
CB1
330
C
100
AcDbEntity
8
0
100
AcDbLine
10
283.759
20
94.724
30
0
11
283.734
21
94.612
31
0
0
LINE
5
CB2
330
C
100
AcDbEntity
8
0
100
AcDbLine
10
283.734
20
94.612
30
0
11
283.717
21
94.494
31
0
0
LINE
5
CB3
330
C
100
AcDbEntity
8
0
100
AcDbLine
10
283.717
20
94.494
30
0
11
283.717
21
94.494
31
0
0
LINE
5
CB4
330
C
100
AcDbEntity
8
0
100
AcDbLine
10
283.717
20
94.494
30
0
11
282.673
21
94.494
31
0
0
LINE
5
CB5
330
C
100
AcDbEntity
8
0
100
AcDbLine
10
282.673
20
94.494
30
0
11
282.685
21
94.623
31
0
0
LINE
5
CB6
330
C
100
AcDbEntity
8
0
100
AcDbLine
10
282.685
20
94.623
30
0
11
282.702
21
94.748
31
0
0
LINE
5
CB7
330
C
100
AcDbEntity
8
0
100
AcDbLine
10
282.702
20
94.748
30
0
11
282.726
21
94.869
31
0
0
LINE
5
CB8
330
C
100
AcDbEntity
8
0
100
AcDbLine
10
282.726
20
94.869
30
0
11
282.755
21
94.986
31
0
0
LINE
5
CB9
330
C
100
AcDbEntity
8
0
100
AcDbLine
10
282.755
20
94.986
30
0
11
282.791
21
95.099
31
0
0
LINE
5
CBA
330
C
100
AcDbEntity
8
0
100
AcDbLine
10
282.791
20
95.099
30
0
11
282.833
21
95.208
31
0
0
LINE
5
CBB
330
C
100
AcDbEntity
8
0
100
AcDbLine
10
282.833
20
95.208
30
0
11
282.88
21
95.313
31
0
0
LINE
5
CBC
330
C
100
AcDbEntity
8
0
100
AcDbLine
10
282.88
20
95.313
30
0
11
282.934
21
95.414
31
0
0
LINE
5
CBD
330
C
100
AcDbEntity
8
0
100
AcDbLine
10
282.934
20
95.414
30
0
11
282.994
21
95.511
31
0
0
LINE
5
CBE
330
C
100
AcDbEntity
8
0
100
AcDbLine
10
282.994
20
95.511
30
0
11
283.06
21
95.604
31
0
0
LINE
5
CBF
330
C
100
AcDbEntity
8
0
100
AcDbLine
10
283.06
20
95.604
30
0
11
283.132
21
95.693
31
0
0
LINE
5
CC0
330
C
100
AcDbEntity
8
0
100
AcDbLine
10
283.132
20
95.693
30
0
11
283.208
21
95.778
31
0
0
LINE
5
CC1
330
C
100
AcDbEntity
8
0
100
AcDbLine
10
283.208
20
95.778
30
0
11
283.29
21
95.858
31
0
0
LINE
5
CC2
330
C
100
AcDbEntity
8
0
100
AcDbLine
10
283.29
20
95.858
30
0
11
283.376
21
95.934
31
0
0
LINE
5
CC3
330
C
100
AcDbEntity
8
0
100
AcDbLine
10
283.376
20
95.934
30
0
11
283.467
21
96.005
31
0
0
LINE
5
CC4
330
C
100
AcDbEntity
8
0
100
AcDbLine
10
283.467
20
96.005
30
0
11
283.564
21
96.072
31
0
0
LINE
5
CC5
330
C
100
AcDbEntity
8
0
100
AcDbLine
10
283.564
20
96.072
30
0
11
283.665
21
96.135
31
0
0
LINE
5
CC6
330
C
100
AcDbEntity
8
0
100
AcDbLine
10
283.665
20
96.135
30
0
11
283.772
21
96.193
31
0
0
LINE
5
CC7
330
C
100
AcDbEntity
8
0
100
AcDbLine
10
283.772
20
96.193
30
0
11
283.883
21
96.247
31
0
0
LINE
5
CC8
330
C
100
AcDbEntity
8
0
100
AcDbLine
10
283.883
20
96.247
30
0
11
283.999
21
96.297
31
0
0
LINE
5
CC9
330
C
100
AcDbEntity
8
0
100
AcDbLine
10
283.999
20
96.297
30
0
11
284.12
21
96.342
31
0
0
LINE
5
CCA
330
C
100
AcDbEntity
8
0
100
AcDbLine
10
284.12
20
96.342
30
0
11
284.245
21
96.382
31
0
0
LINE
5
CCB
330
C
100
AcDbEntity
8
0
100
AcDbLine
10
284.245
20
96.382
30
0
11
284.373
21
96.418
31
0
0
LINE
5
CCC
330
C
100
AcDbEntity
8
0
100
AcDbLine
10
284.373
20
96.418
30
0
11
284.506
21
96.449
31
0
0
LINE
5
CCD
330
C
100
AcDbEntity
8
0
100
AcDbLine
10
284.506
20
96.449
30
0
11
284.643
21
96.475
31
0
0
LINE
5
CCE
330
C
100
AcDbEntity
8
0
100
AcDbLine
10
284.643
20
96.475
30
0
11
284.783
21
96.496
31
0
0
LINE
5
CCF
330
C
100
AcDbEntity
8
0
100
AcDbLine
10
284.783
20
96.496
30
0
11
284.928
21
96.513
31
0
0
LINE
5
CD0
330
C
100
AcDbEntity
8
0
100
AcDbLine
10
284.928
20
96.513
30
0
11
285.076
21
96.525
31
0
0
LINE
5
CD1
330
C
100
AcDbEntity
8
0
100
AcDbLine
10
285.076
20
96.525
30
0
11
285.229
21
96.532
31
0
0
LINE
5
CD2
330
C
100
AcDbEntity
8
0
100
AcDbLine
10
285.229
20
96.532
30
0
11
285.385
21
96.534
31
0
0
LINE
5
CD3
330
C
100
AcDbEntity
8
0
100
AcDbLine
10
285.385
20
96.534
30
0
11
285.385
21
96.534
31
0
0
LINE
5
CD4
330
C
100
AcDbEntity
8
0
100
AcDbLine
10
285.385
20
96.534
30
0
11
285.529
21
96.531
31
0
0
LINE
5
CD5
330
C
100
AcDbEntity
8
0
100
AcDbLine
10
285.529
20
96.531
30
0
11
285.67
21
96.523
31
0
0
LINE
5
CD6
330
C
100
AcDbEntity
8
0
100
AcDbLine
10
285.67
20
96.523
30
0
11
285.807
21
96.509
31
0
0
LINE
5
CD7
330
C
100
AcDbEntity
8
0
100
AcDbLine
10
285.807
20
96.509
30
0
11
285.942
21
96.489
31
0
0
LINE
5
CD8
330
C
100
AcDbEntity
8
0
100
AcDbLine
10
285.942
20
96.489
30
0
11
286.074
21
96.463
31
0
0
LINE
5
CD9
330
C
100
AcDbEntity
8
0
100
AcDbLine
10
286.074
20
96.463
30
0
11
286.202
21
96.432
31
0
0
LINE
5
CDA
330
C
100
AcDbEntity
8
0
100
AcDbLine
10
286.202
20
96.432
30
0
11
286.328
21
96.396
31
0
0
LINE
5
CDB
330
C
100
AcDbEntity
8
0
100
AcDbLine
10
286.328
20
96.396
30
0
11
286.451
21
96.354
31
0
0
LINE
5
CDC
330
C
100
AcDbEntity
8
0
100
AcDbLine
10
286.451
20
96.354
30
0
11
286.571
21
96.306
31
0
0
LINE
5
CDD
330
C
100
AcDbEntity
8
0
100
AcDbLine
10
286.571
20
96.306
30
0
11
286.687
21
96.252
31
0
0
LINE
5
CDE
330
C
100
AcDbEntity
8
0
100
AcDbLine
10
286.687
20
96.252
30
0
11
286.8
21
96.193
31
0
0
LINE
5
CDF
330
C
100
AcDbEntity
8
0
100
AcDbLine
10
286.8
20
96.193
30
0
11
286.908
21
96.131
31
0
0
LINE
5
CE0
330
C
100
AcDbEntity
8
0
100
AcDbLine
10
286.908
20
96.131
30
0
11
287.011
21
96.064
31
0
0
LINE
5
CE1
330
C
100
AcDbEntity
8
0
100
AcDbLine
10
287.011
20
96.064
30
0
11
287.109
21
95.992
31
0
0
LINE
5
CE2
330
C
100
AcDbEntity
8
0
100
AcDbLine
10
287.109
20
95.992
30
0
11
287.202
21
95.917
31
0
0
LINE
5
CE3
330
C
100
AcDbEntity
8
0
100
AcDbLine
10
287.202
20
95.917
30
0
11
287.291
21
95.837
31
0
0
LINE
5
CE4
330
C
100
AcDbEntity
8
0
100
AcDbLine
10
287.291
20
95.837
30
0
11
287.375
21
95.753
31
0
0
LINE
5
CE5
330
C
100
AcDbEntity
8
0
100
AcDbLine
10
287.375
20
95.753
30
0
11
287.453
21
95.664
31
0
0
LINE
5
CE6
330
C
100
AcDbEntity
8
0
100
AcDbLine
10
287.453
20
95.664
30
0
11
287.527
21
95.572
31
0
0
LINE
5
CE7
330
C
100
AcDbEntity
8
0
100
AcDbLine
10
287.527
20
95.572
30
0
11
287.596
21
95.475
31
0
0
LINE
5
CE8
330
C
100
AcDbEntity
8
0
100
AcDbLine
10
287.596
20
95.475
30
0
11
287.659
21
95.375
31
0
0
LINE
5
CE9
330
C
100
AcDbEntity
8
0
100
AcDbLine
10
287.659
20
95.375
30
0
11
287.716
21
95.271
31
0
0
LINE
5
CEA
330
C
100
AcDbEntity
8
0
100
AcDbLine
10
287.716
20
95.271
30
0
11
287.766
21
95.165
31
0
0
LINE
5
CEB
330
C
100
AcDbEntity
8
0
100
AcDbLine
10
287.766
20
95.165
30
0
11
287.809
21
95.055
31
0
0
LINE
5
CEC
330
C
100
AcDbEntity
8
0
100
AcDbLine
10
287.809
20
95.055
30
0
11
287.846
21
94.943
31
0
0
LINE
5
CED
330
C
100
AcDbEntity
8
0
100
AcDbLine
10
287.846
20
94.943
30
0
11
287.876
21
94.828
31
0
0
LINE
5
CEE
330
C
100
AcDbEntity
8
0
100
AcDbLine
10
287.876
20
94.828
30
0
11
287.899
21
94.71
31
0
0
LINE
5
CEF
330
C
100
AcDbEntity
8
0
100
AcDbLine
10
287.899
20
94.71
30
0
11
287.916
21
94.589
31
0
0
LINE
5
CF0
330
C
100
AcDbEntity
8
0
100
AcDbLine
10
287.916
20
94.589
30
0
11
287.926
21
94.465
31
0
0
LINE
5
CF1
330
C
100
AcDbEntity
8
0
100
AcDbLine
10
287.926
20
94.465
30
0
11
287.929
21
94.338
31
0
0
LINE
5
CF2
330
C
100
AcDbEntity
8
0
100
AcDbLine
10
287.929
20
94.338
30
0
11
287.929
21
94.338
31
0
0
LINE
5
CF3
330
C
100
AcDbEntity
8
0
100
AcDbLine
10
287.929
20
94.338
30
0
11
287.927
21
94.223
31
0
0
LINE
5
CF4
330
C
100
AcDbEntity
8
0
100
AcDbLine
10
287.927
20
94.223
30
0
11
287.921
21
94.111
31
0
0
LINE
5
CF5
330
C
100
AcDbEntity
8
0
100
AcDbLine
10
287.921
20
94.111
30
0
11
287.91
21
94.002
31
0
0
LINE
5
CF6
330
C
100
AcDbEntity
8
0
100
AcDbLine
10
287.91
20
94.002
30
0
11
287.895
21
93.896
31
0
0
LINE
5
CF7
330
C
100
AcDbEntity
8
0
100
AcDbLine
10
287.895
20
93.896
30
0
11
287.875
21
93.793
31
0
0
LINE
5
CF8
330
C
100
AcDbEntity
8
0
100
AcDbLine
10
287.875
20
93.793
30
0
11
287.851
21
93.694
31
0
0
LINE
5
CF9
330
C
100
AcDbEntity
8
0
100
AcDbLine
10
287.851
20
93.694
30
0
11
287.823
21
93.597
31
0
0
LINE
5
CFA
330
C
100
AcDbEntity
8
0
100
AcDbLine
10
287.823
20
93.597
30
0
11
287.791
21
93.503
31
0
0
LINE
5
CFB
330
C
100
AcDbEntity
8
0
100
AcDbLine
10
287.791
20
93.503
30
0
11
287.754
21
93.412
31
0
0
LINE
5
CFC
330
C
100
AcDbEntity
8
0
100
AcDbLine
10
287.754
20
93.412
30
0
11
287.713
21
93.324
31
0
0
LINE
5
CFD
330
C
100
AcDbEntity
8
0
100
AcDbLine
10
287.713
20
93.324
30
0
11
287.668
21
93.239
31
0
0
LINE
5
CFE
330
C
100
AcDbEntity
8
0
100
AcDbLine
10
287.668
20
93.239
30
0
11
287.619
21
93.156
31
0
0
LINE
5
CFF
330
C
100
AcDbEntity
8
0
100
AcDbLine
10
287.619
20
93.156
30
0
11
287.567
21
93.076
31
0
0
LINE
5
D00
330
C
100
AcDbEntity
8
0
100
AcDbLine
10
287.567
20
93.076
30
0
11
287.511
21
92.998
31
0
0
LINE
5
D01
330
C
100
AcDbEntity
8
0
100
AcDbLine
10
287.511
20
92.998
30
0
11
287.451
21
92.922
31
0
0
LINE
5
D02
330
C
100
AcDbEntity
8
0
100
AcDbLine
10
287.451
20
92.922
30
0
11
287.388
21
92.849
31
0
0
LINE
5
D03
330
C
100
AcDbEntity
8
0
100
AcDbLine
10
287.388
20
92.849
30
0
11
287.321
21
92.778
31
0
0
LINE
5
D04
330
C
100
AcDbEntity
8
0
100
AcDbLine
10
287.321
20
92.778
30
0
11
287.25
21
92.71
31
0
0
LINE
5
D05
330
C
100
AcDbEntity
8
0
100
AcDbLine
10
287.25
20
92.71
30
0
11
287.176
21
92.644
31
0
0
LINE
5
D06
330
C
100
AcDbEntity
8
0
100
AcDbLine
10
287.176
20
92.644
30
0
11
287.098
21
92.58
31
0
0
LINE
5
D07
330
C
100
AcDbEntity
8
0
100
AcDbLine
10
287.098
20
92.58
30
0
11
287.017
21
92.519
31
0
0
LINE
5
D08
330
C
100
AcDbEntity
8
0
100
AcDbLine
10
287.017
20
92.519
30
0
11
286.933
21
92.459
31
0
0
LINE
5
D09
330
C
100
AcDbEntity
8
0
100
AcDbLine
10
286.933
20
92.459
30
0
11
286.846
21
92.401
31
0
0
LINE
5
D0A
330
C
100
AcDbEntity
8
0
100
AcDbLine
10
286.846
20
92.401
30
0
11
286.755
21
92.345
31
0
0
LINE
5
D0B
330
C
100
AcDbEntity
8
0
100
AcDbLine
10
286.755
20
92.345
30
0
11
286.662
21
92.29
31
0
0
LINE
5
D0C
330
C
100
AcDbEntity
8
0
100
AcDbLine
10
286.662
20
92.29
30
0
11
286.566
21
92.238
31
0
0
LINE
5
D0D
330
C
100
AcDbEntity
8
0
100
AcDbLine
10
286.566
20
92.238
30
0
11
286.468
21
92.187
31
0
0
LINE
5
D0E
330
C
100
AcDbEntity
8
0
100
AcDbLine
10
286.468
20
92.187
30
0
11
286.366
21
92.138
31
0
0
LINE
5
D0F
330
C
100
AcDbEntity
8
0
100
AcDbLine
10
286.366
20
92.138
30
0
11
286.261
21
92.091
31
0
0
LINE
5
D10
330
C
100
AcDbEntity
8
0
100
AcDbLine
10
286.261
20
92.091
30
0
11
286.153
21
92.046
31
0
0
LINE
5
D11
330
C
100
AcDbEntity
8
0
100
AcDbLine
10
286.153
20
92.046
30
0
11
286.153
21
92.046
31
0
0
LINE
5
D12
330
C
100
AcDbEntity
8
0
100
AcDbLine
10
286.153
20
92.046
30
0
11
284.629
21
91.434
31
0
0
LINE
5
D13
330
C
100
AcDbEntity
8
0
100
AcDbLine
10
284.629
20
91.434
30
0
11
284.517
21
91.389
31
0
0
LINE
5
D14
330
C
100
AcDbEntity
8
0
100
AcDbLine
10
284.517
20
91.389
30
0
11
284.41
21
91.342
31
0
0
LINE
5
D15
330
C
100
AcDbEntity
8
0
100
AcDbLine
10
284.41
20
91.342
30
0
11
284.31
21
91.293
31
0
0
LINE
5
D16
330
C
100
AcDbEntity
8
0
100
AcDbLine
10
284.31
20
91.293
30
0
11
284.214
21
91.242
31
0
0
LINE
5
D17
330
C
100
AcDbEntity
8
0
100
AcDbLine
10
284.214
20
91.242
30
0
11
284.125
21
91.189
31
0
0
LINE
5
D18
330
C
100
AcDbEntity
8
0
100
AcDbLine
10
284.125
20
91.189
30
0
11
284.042
21
91.135
31
0
0
LINE
5
D19
330
C
100
AcDbEntity
8
0
100
AcDbLine
10
284.042
20
91.135
30
0
11
283.964
21
91.079
31
0
0
LINE
5
D1A
330
C
100
AcDbEntity
8
0
100
AcDbLine
10
283.964
20
91.079
30
0
11
283.892
21
91.021
31
0
0
LINE
5
D1B
330
C
100
AcDbEntity
8
0
100
AcDbLine
10
283.892
20
91.021
30
0
11
283.826
21
90.962
31
0
0
LINE
5
D1C
330
C
100
AcDbEntity
8
0
100
AcDbLine
10
283.826
20
90.962
30
0
11
283.765
21
90.9
31
0
0
LINE
5
D1D
330
C
100
AcDbEntity
8
0
100
AcDbLine
10
283.765
20
90.9
30
0
11
283.71
21
90.836
31
0
0
LINE
5
D1E
330
C
100
AcDbEntity
8
0
100
AcDbLine
10
283.71
20
90.836
30
0
11
283.662
21
90.768
31
0
0
LINE
5
D1F
330
C
100
AcDbEntity
8
0
100
AcDbLine
10
283.662
20
90.768
30
0
11
283.618
21
90.696
31
0
0
LINE
5
D20
330
C
100
AcDbEntity
8
0
100
AcDbLine
10
283.618
20
90.696
30
0
11
283.581
21
90.621
31
0
0
LINE
5
D21
330
C
100
AcDbEntity
8
0
100
AcDbLine
10
283.581
20
90.621
30
0
11
283.549
21
90.541
31
0
0
LINE
5
D22
330
C
100
AcDbEntity
8
0
100
AcDbLine
10
283.549
20
90.541
30
0
11
283.523
21
90.459
31
0
0
LINE
5
D23
330
C
100
AcDbEntity
8
0
100
AcDbLine
10
283.523
20
90.459
30
0
11
283.503
21
90.372
31
0
0
LINE
5
D24
330
C
100
AcDbEntity
8
0
100
AcDbLine
10
283.503
20
90.372
30
0
11
283.489
21
90.282
31
0
0
LINE
5
D25
330
C
100
AcDbEntity
8
0
100
AcDbLine
10
283.489
20
90.282
30
0
11
283.48
21
90.188
31
0
0
LINE
5
D26
330
C
100
AcDbEntity
8
0
100
AcDbLine
10
283.48
20
90.188
30
0
11
283.477
21
90.09
31
0
0
LINE
5
D27
330
C
100
AcDbEntity
8
0
100
AcDbLine
10
283.477
20
90.09
30
0
11
283.477
21
90.09
31
0
0
LINE
5
D28
330
C
100
AcDbEntity
8
0
100
AcDbLine
10
283.477
20
90.09
30
0
11
283.477
21
89.73
31
0
0
LINE
5
D29
330
C
100
AcDbEntity
8
0
100
AcDbLine
10
283.477
20
89.73
30
0
11
287.857
21
89.73
31
0
0
LINE
5
D2A
330
C
100
AcDbEntity
8
0
100
AcDbLine
10
287.857
20
89.73
30
0
11
287.857
21
88.866
31
0
0
LINE
5
D2B
330
C
100
AcDbEntity
8
0
100
AcDbLine
10
287.857
20
88.866
30
0
11
287.857
21
88.866
31
0
0
LINE
5
D2C
330
C
100
AcDbEntity
8
0
100
AcDbLine
10
217.196
20
114
30
0
11
217.196
21
111
31
0
0
LINE
5
D2D
330
C
100
AcDbEntity
8
0
100
AcDbLine
10
217.196
20
111
30
0
11
223.699
21
111
31
0
0
LINE
5
D2E
330
C
100
AcDbEntity
8
0
100
AcDbLine
10
223.699
20
111
30
0
11
223.699
21
114
31
0
0
LINE
5
D2F
330
C
100
AcDbEntity
8
0
100
AcDbLine
10
223.699
20
114
30
0
11
232.699
21
114
31
0
0
LINE
5
D30
330
C
100
AcDbEntity
8
0
100
AcDbLine
10
232.699
20
114
30
0
11
232.699
21
111
31
0
0
LINE
5
D31
330
C
100
AcDbEntity
8
0
100
AcDbLine
10
232.699
20
111
30
0
11
241.699
21
111
31
0
0
LINE
5
D32
330
C
100
AcDbEntity
8
0
100
AcDbLine
10
241.699
20
111
30
0
11
241.699
21
114
31
0
0
LINE
5
D33
330
C
100
AcDbEntity
8
0
100
AcDbLine
10
241.699
20
114
30
0
11
250.699
21
114
31
0
0
LINE
5
D34
330
C
100
AcDbEntity
8
0
100
AcDbLine
10
250.699
20
114
30
0
11
250.699
21
111
31
0
0
LINE
5
D35
330
C
100
AcDbEntity
8
0
100
AcDbLine
10
250.699
20
111
30
0
11
259.699
21
111
31
0
0
LINE
5
D36
330
C
100
AcDbEntity
8
0
100
AcDbLine
10
259.699
20
111
30
0
11
259.699
21
114
31
0
0
LINE
5
D37
330
C
100
AcDbEntity
8
0
100
AcDbLine
10
259.699
20
114
30
0
11
268.699
21
114
31
0
0
LINE
5
D38
330
C
100
AcDbEntity
8
0
100
AcDbLine
10
268.699
20
114
30
0
11
268.699
21
111
31
0
0
LINE
5
D39
330
C
100
AcDbEntity
8
0
100
AcDbLine
10
268.699
20
111
30
0
11
277.699
21
111
31
0
0
LINE
5
D3A
330
C
100
AcDbEntity
8
0
100
AcDbLine
10
277.699
20
111
30
0
11
277.699
21
114
31
0
0
LINE
5
D3B
330
C
100
AcDbEntity
8
0
100
AcDbLine
10
277.699
20
114
30
0
11
286.699
21
114
31
0
0
LINE
5
D3C
330
C
100
AcDbEntity
8
0
100
AcDbLine
10
286.699
20
114
30
0
11
286.699
21
111
31
0
0
LINE
5
D3D
330
C
100
AcDbEntity
8
0
100
AcDbLine
10
286.699
20
111
30
0
11
295.699
21
111
31
0
0
LINE
5
D3E
330
C
100
AcDbEntity
8
0
100
AcDbLine
10
295.699
20
111
30
0
11
295.699
21
114
31
0
0
LINE
5
D3F
330
C
100
AcDbEntity
8
0
100
AcDbLine
10
295.699
20
114
30
0
11
304.699
21
114
31
0
0
LINE
5
D40
330
C
100
AcDbEntity
8
0
100
AcDbLine
10
304.699
20
114
30
0
11
304.699
21
111
31
0
0
LINE
5
D41
330
C
100
AcDbEntity
8
0
100
AcDbLine
10
304.699
20
111
30
0
11
313.699
21
111
31
0
0
LINE
5
D42
330
C
100
AcDbEntity
8
0
100
AcDbLine
10
313.699
20
111
30
0
11
313.699
21
114
31
0
0
LINE
5
D43
330
C
100
AcDbEntity
8
0
100
AcDbLine
10
313.699
20
114
30
0
11
322.699
21
114
31
0
0
LINE
5
D44
330
C
100
AcDbEntity
8
0
100
AcDbLine
10
322.699
20
114
30
0
11
322.699
21
111
31
0
0
LINE
5
D45
330
C
100
AcDbEntity
8
0
100
AcDbLine
10
322.699
20
111
30
0
11
329.202
21
111
31
0
0
LINE
5
D46
330
C
100
AcDbEntity
8
0
100
AcDbLine
10
329.202
20
111
30
0
11
329.202
21
114
31
0
0
LINE
5
D47
330
C
100
AcDbEntity
8
0
100
AcDbLine
10
329.202
20
114
30
0
11
329.202
21
115.5
31
0
0
LINE
5
D48
330
C
100
AcDbEntity
8
0
100
AcDbLine
10
329.202
20
115.5
30
0
11
334.398
21
115.5
31
0
0
LINE
5
D49
330
C
100
AcDbEntity
8
0
100
AcDbLine
10
334.398
20
115.5
30
0
11
334.398
21
124.5
31
0
0
LINE
5
D4A
330
C
100
AcDbEntity
8
0
100
AcDbLine
10
334.398
20
124.5
30
0
11
329.202
21
124.5
31
0
0
LINE
5
D4B
330
C
100
AcDbEntity
8
0
100
AcDbLine
10
329.202
20
124.5
30
0
11
329.202
21
133.5
31
0
0
LINE
5
D4C
330
C
100
AcDbEntity
8
0
100
AcDbLine
10
329.202
20
133.5
30
0
11
334.398
21
133.5
31
0
0
LINE
5
D4D
330
C
100
AcDbEntity
8
0
100
AcDbLine
10
334.398
20
133.5
30
0
11
334.398
21
142.5
31
0
0
LINE
5
D4E
330
C
100
AcDbEntity
8
0
100
AcDbLine
10
334.398
20
142.5
30
0
11
329.202
21
142.5
31
0
0
LINE
5
D4F
330
C
100
AcDbEntity
8
0
100
AcDbLine
10
329.202
20
142.5
30
0
11
329.202
21
144
31
0
0
LINE
5
D50
330
C
100
AcDbEntity
8
0
100
AcDbLine
10
329.202
20
144
30
0
11
217.196
21
144
31
0
0
LINE
5
D51
330
C
100
AcDbEntity
8
0
100
AcDbLine
10
217.196
20
144
30
0
11
212
21
144
31
0
0
LINE
5
D52
330
C
100
AcDbEntity
8
0
100
AcDbLine
10
212
20
144
30
0
11
212
21
142.5
31
0
0
LINE
5
D53
330
C
100
AcDbEntity
8
0
100
AcDbLine
10
212
20
142.5
30
0
11
217.196
21
142.5
31
0
0
LINE
5
D54
330
C
100
AcDbEntity
8
0
100
AcDbLine
10
217.196
20
142.5
30
0
11
217.196
21
133.5
31
0
0
LINE
5
D55
330
C
100
AcDbEntity
8
0
100
AcDbLine
10
217.196
20
133.5
30
0
11
212
21
133.5
31
0
0
LINE
5
D56
330
C
100
AcDbEntity
8
0
100
AcDbLine
10
212
20
133.5
30
0
11
212
21
124.5
31
0
0
LINE
5
D57
330
C
100
AcDbEntity
8
0
100
AcDbLine
10
212
20
124.5
30
0
11
217.196
21
124.5
31
0
0
LINE
5
D58
330
C
100
AcDbEntity
8
0
100
AcDbLine
10
217.196
20
124.5
30
0
11
217.196
21
115.5
31
0
0
LINE
5
D59
330
C
100
AcDbEntity
8
0
100
AcDbLine
10
217.196
20
115.5
30
0
11
212
21
115.5
31
0
0
LINE
5
D5A
330
C
100
AcDbEntity
8
0
100
AcDbLine
10
212
20
115.5
30
0
11
212
21
114
31
0
0
LINE
5
D5B
330
C
100
AcDbEntity
8
0
100
AcDbLine
10
212
20
114
30
0
11
217.196
21
114
31
0
0
LINE
5
D5C
330
C
100
AcDbEntity
8
0
100
AcDbLine
10
261.229
20
124.722
30
0
11
261.229
21
124.722
31
0
0
LINE
5
D5D
330
C
100
AcDbEntity
8
0
100
AcDbLine
10
261.229
20
124.722
30
0
11
261.079
21
124.725
31
0
0
LINE
5
D5E
330
C
100
AcDbEntity
8
0
100
AcDbLine
10
261.079
20
124.725
30
0
11
260.932
21
124.733
31
0
0
LINE
5
D5F
330
C
100
AcDbEntity
8
0
100
AcDbLine
10
260.932
20
124.733
30
0
11
260.787
21
124.747
31
0
0
LINE
5
D60
330
C
100
AcDbEntity
8
0
100
AcDbLine
10
260.787
20
124.747
30
0
11
260.645
21
124.766
31
0
0
LINE
5
D61
330
C
100
AcDbEntity
8
0
100
AcDbLine
10
260.645
20
124.766
30
0
11
260.505
21
124.79
31
0
0
LINE
5
D62
330
C
100
AcDbEntity
8
0
100
AcDbLine
10
260.505
20
124.79
30
0
11
260.367
21
124.82
31
0
0
LINE
5
D63
330
C
100
AcDbEntity
8
0
100
AcDbLine
10
260.367
20
124.82
30
0
11
260.233
21
124.856
31
0
0
LINE
5
D64
330
C
100
AcDbEntity
8
0
100
AcDbLine
10
260.233
20
124.856
30
0
11
260.1
21
124.897
31
0
0
LINE
5
D65
330
C
100
AcDbEntity
8
0
100
AcDbLine
10
260.1
20
124.897
30
0
11
259.97
21
124.943
31
0
0
LINE
5
D66
330
C
100
AcDbEntity
8
0
100
AcDbLine
10
259.97
20
124.943
30
0
11
259.843
21
124.995
31
0
0
LINE
5
D67
330
C
100
AcDbEntity
8
0
100
AcDbLine
10
259.843
20
124.995
30
0
11
259.72
21
125.052
31
0
0
LINE
5
D68
330
C
100
AcDbEntity
8
0
100
AcDbLine
10
259.72
20
125.052
30
0
11
259.601
21
125.115
31
0
0
LINE
5
D69
330
C
100
AcDbEntity
8
0
100
AcDbLine
10
259.601
20
125.115
30
0
11
259.487
21
125.182
31
0
0
LINE
5
D6A
330
C
100
AcDbEntity
8
0
100
AcDbLine
10
259.487
20
125.182
30
0
11
259.379
21
125.255
31
0
0
LINE
5
D6B
330
C
100
AcDbEntity
8
0
100
AcDbLine
10
259.379
20
125.255
30
0
11
259.275
21
125.333
31
0
0
LINE
5
D6C
330
C
100
AcDbEntity
8
0
100
AcDbLine
10
259.275
20
125.333
30
0
11
259.176
21
125.417
31
0
0
LINE
5
D6D
330
C
100
AcDbEntity
8
0
100
AcDbLine
10
259.176
20
125.417
30
0
11
259.082
21
125.505
31
0
0
LINE
5
D6E
330
C
100
AcDbEntity
8
0
100
AcDbLine
10
259.082
20
125.505
30
0
11
258.993
21
125.599
31
0
0
LINE
5
D6F
330
C
100
AcDbEntity
8
0
100
AcDbLine
10
258.993
20
125.599
30
0
11
258.908
21
125.698
31
0
0
LINE
5
D70
330
C
100
AcDbEntity
8
0
100
AcDbLine
10
258.908
20
125.698
30
0
11
258.829
21
125.802
31
0
0
LINE
5
D71
330
C
100
AcDbEntity
8
0
100
AcDbLine
10
258.829
20
125.802
30
0
11
258.756
21
125.911
31
0
0
LINE
5
D72
330
C
100
AcDbEntity
8
0
100
AcDbLine
10
258.756
20
125.911
30
0
11
258.69
21
126.026
31
0
0
LINE
5
D73
330
C
100
AcDbEntity
8
0
100
AcDbLine
10
258.69
20
126.026
30
0
11
258.632
21
126.145
31
0
0
LINE
5
D74
330
C
100
AcDbEntity
8
0
100
AcDbLine
10
258.632
20
126.145
30
0
11
258.582
21
126.27
31
0
0
LINE
5
D75
330
C
100
AcDbEntity
8
0
100
AcDbLine
10
258.582
20
126.27
30
0
11
258.538
21
126.399
31
0
0
LINE
5
D76
330
C
100
AcDbEntity
8
0
100
AcDbLine
10
258.538
20
126.399
30
0
11
258.502
21
126.534
31
0
0
LINE
5
D77
330
C
100
AcDbEntity
8
0
100
AcDbLine
10
258.502
20
126.534
30
0
11
258.474
21
126.673
31
0
0
LINE
5
D78
330
C
100
AcDbEntity
8
0
100
AcDbLine
10
258.474
20
126.673
30
0
11
258.453
21
126.818
31
0
0
LINE
5
D79
330
C
100
AcDbEntity
8
0
100
AcDbLine
10
258.453
20
126.818
30
0
11
258.439
21
126.967
31
0
0
LINE
5
D7A
330
C
100
AcDbEntity
8
0
100
AcDbLine
10
258.439
20
126.967
30
0
11
258.433
21
127.122
31
0
0
LINE
5
D7B
330
C
100
AcDbEntity
8
0
100
AcDbLine
10
258.433
20
127.122
30
0
11
258.433
21
127.122
31
0
0
LINE
5
D7C
330
C
100
AcDbEntity
8
0
100
AcDbLine
10
258.433
20
127.122
30
0
11
259.345
21
127.122
31
0
0
LINE
5
D7D
330
C
100
AcDbEntity
8
0
100
AcDbLine
10
259.345
20
127.122
30
0
11
259.348
21
127.018
31
0
0
LINE
5
D7E
330
C
100
AcDbEntity
8
0
100
AcDbLine
10
259.348
20
127.018
30
0
11
259.356
21
126.918
31
0
0
LINE
5
D7F
330
C
100
AcDbEntity
8
0
100
AcDbLine
10
259.356
20
126.918
30
0
11
259.368
21
126.822
31
0
0
LINE
5
D80
330
C
100
AcDbEntity
8
0
100
AcDbLine
10
259.368
20
126.822
30
0
11
259.386
21
126.73
31
0
0
LINE
5
D81
330
C
100
AcDbEntity
8
0
100
AcDbLine
10
259.386
20
126.73
30
0
11
259.41
21
126.641
31
0
0
LINE
5
D82
330
C
100
AcDbEntity
8
0
100
AcDbLine
10
259.41
20
126.641
30
0
11
259.438
21
126.556
31
0
0
LINE
5
D83
330
C
100
AcDbEntity
8
0
100
AcDbLine
10
259.438
20
126.556
30
0
11
259.472
21
126.475
31
0
0
LINE
5
D84
330
C
100
AcDbEntity
8
0
100
AcDbLine
10
259.472
20
126.475
30
0
11
259.51
21
126.398
31
0
0
LINE
5
D85
330
C
100
AcDbEntity
8
0
100
AcDbLine
10
259.51
20
126.398
30
0
11
259.554
21
126.325
31
0
0
LINE
5
D86
330
C
100
AcDbEntity
8
0
100
AcDbLine
10
259.554
20
126.325
30
0
11
259.603
21
126.255
31
0
0
LINE
5
D87
330
C
100
AcDbEntity
8
0
100
AcDbLine
10
259.603
20
126.255
30
0
11
259.656
21
126.189
31
0
0
LINE
5
D88
330
C
100
AcDbEntity
8
0
100
AcDbLine
10
259.656
20
126.189
30
0
11
259.713
21
126.126
31
0
0
LINE
5
D89
330
C
100
AcDbEntity
8
0
100
AcDbLine
10
259.713
20
126.126
30
0
11
259.773
21
126.067
31
0
0
LINE
5
D8A
330
C
100
AcDbEntity
8
0
100
AcDbLine
10
259.773
20
126.067
30
0
11
259.836
21
126.012
31
0
0
LINE
5
D8B
330
C
100
AcDbEntity
8
0
100
AcDbLine
10
259.836
20
126.012
30
0
11
259.903
21
125.96
31
0
0
LINE
5
D8C
330
C
100
AcDbEntity
8
0
100
AcDbLine
10
259.903
20
125.96
30
0
11
259.973
21
125.911
31
0
0
LINE
5
D8D
330
C
100
AcDbEntity
8
0
100
AcDbLine
10
259.973
20
125.911
30
0
11
260.047
21
125.866
31
0
0
LINE
5
D8E
330
C
100
AcDbEntity
8
0
100
AcDbLine
10
260.047
20
125.866
30
0
11
260.124
21
125.824
31
0
0
LINE
5
D8F
330
C
100
AcDbEntity
8
0
100
AcDbLine
10
260.124
20
125.824
30
0
11
260.204
21
125.786
31
0
0
LINE
5
D90
330
C
100
AcDbEntity
8
0
100
AcDbLine
10
260.204
20
125.786
30
0
11
260.287
21
125.751
31
0
0
LINE
5
D91
330
C
100
AcDbEntity
8
0
100
AcDbLine
10
260.287
20
125.751
30
0
11
260.373
21
125.72
31
0
0
LINE
5
D92
330
C
100
AcDbEntity
8
0
100
AcDbLine
10
260.373
20
125.72
30
0
11
260.461
21
125.692
31
0
0
LINE
5
D93
330
C
100
AcDbEntity
8
0
100
AcDbLine
10
260.461
20
125.692
30
0
11
260.55
21
125.667
31
0
0
LINE
5
D94
330
C
100
AcDbEntity
8
0
100
AcDbLine
10
260.55
20
125.667
30
0
11
260.64
21
125.645
31
0
0
LINE
5
D95
330
C
100
AcDbEntity
8
0
100
AcDbLine
10
260.64
20
125.645
30
0
11
260.733
21
125.627
31
0
0
LINE
5
D96
330
C
100
AcDbEntity
8
0
100
AcDbLine
10
260.733
20
125.627
30
0
11
260.826
21
125.612
31
0
0
LINE
5
D97
330
C
100
AcDbEntity
8
0
100
AcDbLine
10
260.826
20
125.612
30
0
11
260.922
21
125.601
31
0
0
LINE
5
D98
330
C
100
AcDbEntity
8
0
100
AcDbLine
10
260.922
20
125.601
30
0
11
261.019
21
125.593
31
0
0
LINE
5
D99
330
C
100
AcDbEntity
8
0
100
AcDbLine
10
261.019
20
125.593
30
0
11
261.117
21
125.588
31
0
0
LINE
5
D9A
330
C
100
AcDbEntity
8
0
100
AcDbLine
10
261.117
20
125.588
30
0
11
261.217
21
125.586
31
0
0
LINE
5
D9B
330
C
100
AcDbEntity
8
0
100
AcDbLine
10
261.217
20
125.586
30
0
11
261.217
21
125.586
31
0
0
LINE
5
D9C
330
C
100
AcDbEntity
8
0
100
AcDbLine
10
261.217
20
125.586
30
0
11
261.325
21
125.588
31
0
0
LINE
5
D9D
330
C
100
AcDbEntity
8
0
100
AcDbLine
10
261.325
20
125.588
30
0
11
261.43
21
125.593
31
0
0
LINE
5
D9E
330
C
100
AcDbEntity
8
0
100
AcDbLine
10
261.43
20
125.593
30
0
11
261.532
21
125.602
31
0
0
LINE
5
D9F
330
C
100
AcDbEntity
8
0
100
AcDbLine
10
261.532
20
125.602
30
0
11
261.631
21
125.614
31
0
0
LINE
5
DA0
330
C
100
AcDbEntity
8
0
100
AcDbLine
10
261.631
20
125.614
30
0
11
261.727
21
125.629
31
0
0
LINE
5
DA1
330
C
100
AcDbEntity
8
0
100
AcDbLine
10
261.727
20
125.629
30
0
11
261.821
21
125.649
31
0
0
LINE
5
DA2
330
C
100
AcDbEntity
8
0
100
AcDbLine
10
261.821
20
125.649
30
0
11
261.911
21
125.671
31
0
0
LINE
5
DA3
330
C
100
AcDbEntity
8
0
100
AcDbLine
10
261.911
20
125.671
30
0
11
261.999
21
125.697
31
0
0
LINE
5
DA4
330
C
100
AcDbEntity
8
0
100
AcDbLine
10
261.999
20
125.697
30
0
11
262.083
21
125.727
31
0
0
LINE
5
DA5
330
C
100
AcDbEntity
8
0
100
AcDbLine
10
262.083
20
125.727
30
0
11
262.165
21
125.76
31
0
0
LINE
5
DA6
330
C
100
AcDbEntity
8
0
100
AcDbLine
10
262.165
20
125.76
30
0
11
262.244
21
125.796
31
0
0
LINE
5
DA7
330
C
100
AcDbEntity
8
0
100
AcDbLine
10
262.244
20
125.796
30
0
11
262.319
21
125.834
31
0
0
LINE
5
DA8
330
C
100
AcDbEntity
8
0
100
AcDbLine
10
262.319
20
125.834
30
0
11
262.39
21
125.874
31
0
0
LINE
5
DA9
330
C
100
AcDbEntity
8
0
100
AcDbLine
10
262.39
20
125.874
30
0
11
262.458
21
125.917
31
0
0
LINE
5
DAA
330
C
100
AcDbEntity
8
0
100
AcDbLine
10
262.458
20
125.917
30
0
11
262.521
21
125.962
31
0
0
LINE
5
DAB
330
C
100
AcDbEntity
8
0
100
AcDbLine
10
262.521
20
125.962
30
0
11
262.582
21
126.009
31
0
0
LINE
5
DAC
330
C
100
AcDbEntity
8
0
100
AcDbLine
10
262.582
20
126.009
30
0
11
262.638
21
126.058
31
0
0
LINE
5
DAD
330
C
100
AcDbEntity
8
0
100
AcDbLine
10
262.638
20
126.058
30
0
11
262.691
21
126.109
31
0
0
LINE
5
DAE
330
C
100
AcDbEntity
8
0
100
AcDbLine
10
262.691
20
126.109
30
0
11
262.741
21
126.163
31
0
0
LINE
5
DAF
330
C
100
AcDbEntity
8
0
100
AcDbLine
10
262.741
20
126.163
30
0
11
262.786
21
126.219
31
0
0
LINE
5
DB0
330
C
100
AcDbEntity
8
0
100
AcDbLine
10
262.786
20
126.219
30
0
11
262.828
21
126.277
31
0
0
LINE
5
DB1
330
C
100
AcDbEntity
8
0
100
AcDbLine
10
262.828
20
126.277
30
0
11
262.865
21
126.335
31
0
0
LINE
5
DB2
330
C
100
AcDbEntity
8
0
100
AcDbLine
10
262.865
20
126.335
30
0
11
262.898
21
126.395
31
0
0
LINE
5
DB3
330
C
100
AcDbEntity
8
0
100
AcDbLine
10
262.898
20
126.395
30
0
11
262.926
21
126.456
31
0
0
LINE
5
DB4
330
C
100
AcDbEntity
8
0
100
AcDbLine
10
262.926
20
126.456
30
0
11
262.95
21
126.518
31
0
0
LINE
5
DB5
330
C
100
AcDbEntity
8
0
100
AcDbLine
10
262.95
20
126.518
30
0
11
262.97
21
126.582
31
0
0
LINE
5
DB6
330
C
100
AcDbEntity
8
0
100
AcDbLine
10
262.97
20
126.582
30
0
11
262.986
21
126.646
31
0
0
LINE
5
DB7
330
C
100
AcDbEntity
8
0
100
AcDbLine
10
262.986
20
126.646
30
0
11
262.996
21
126.711
31
0
0
LINE
5
DB8
330
C
100
AcDbEntity
8
0
100
AcDbLine
10
262.996
20
126.711
30
0
11
263.003
21
126.778
31
0
0
LINE
5
DB9
330
C
100
AcDbEntity
8
0
100
AcDbLine
10
263.003
20
126.778
30
0
11
263.005
21
126.846
31
0
0
LINE
5
DBA
330
C
100
AcDbEntity
8
0
100
AcDbLine
10
263.005
20
126.846
30
0
11
263.005
21
126.846
31
0
0
LINE
5
DBB
330
C
100
AcDbEntity
8
0
100
AcDbLine
10
263.005
20
126.846
30
0
11
263.002
21
126.94
31
0
0
LINE
5
DBC
330
C
100
AcDbEntity
8
0
100
AcDbLine
10
263.002
20
126.94
30
0
11
262.993
21
127.031
31
0
0
LINE
5
DBD
330
C
100
AcDbEntity
8
0
100
AcDbLine
10
262.993
20
127.031
30
0
11
262.979
21
127.118
31
0
0
LINE
5
DBE
330
C
100
AcDbEntity
8
0
100
AcDbLine
10
262.979
20
127.118
30
0
11
262.958
21
127.201
31
0
0
LINE
5
DBF
330
C
100
AcDbEntity
8
0
100
AcDbLine
10
262.958
20
127.201
30
0
11
262.932
21
127.28
31
0
0
LINE
5
DC0
330
C
100
AcDbEntity
8
0
100
AcDbLine
10
262.932
20
127.28
30
0
11
262.899
21
127.356
31
0
0
LINE
5
DC1
330
C
100
AcDbEntity
8
0
100
AcDbLine
10
262.899
20
127.356
30
0
11
262.861
21
127.428
31
0
0
LINE
5
DC2
330
C
100
AcDbEntity
8
0
100
AcDbLine
10
262.861
20
127.428
30
0
11
262.817
21
127.497
31
0
0
LINE
5
DC3
330
C
100
AcDbEntity
8
0
100
AcDbLine
10
262.817
20
127.497
30
0
11
262.767
21
127.562
31
0
0
LINE
5
DC4
330
C
100
AcDbEntity
8
0
100
AcDbLine
10
262.767
20
127.562
30
0
11
262.711
21
127.623
31
0
0
LINE
5
DC5
330
C
100
AcDbEntity
8
0
100
AcDbLine
10
262.711
20
127.623
30
0
11
262.65
21
127.681
31
0
0
LINE
5
DC6
330
C
100
AcDbEntity
8
0
100
AcDbLine
10
262.65
20
127.681
30
0
11
262.582
21
127.737
31
0
0
LINE
5
DC7
330
C
100
AcDbEntity
8
0
100
AcDbLine
10
262.582
20
127.737
30
0
11
262.509
21
127.791
31
0
0
LINE
5
DC8
330
C
100
AcDbEntity
8
0
100
AcDbLine
10
262.509
20
127.791
30
0
11
262.431
21
127.843
31
0
0
LINE
5
DC9
330
C
100
AcDbEntity
8
0
100
AcDbLine
10
262.431
20
127.843
30
0
11
262.347
21
127.892
31
0
0
LINE
5
DCA
330
C
100
AcDbEntity
8
0
100
AcDbLine
10
262.347
20
127.892
30
0
11
262.257
21
127.939
31
0
0
LINE
5
DCB
330
C
100
AcDbEntity
8
0
100
AcDbLine
10
262.257
20
127.939
30
0
11
262.161
21
127.984
31
0
0
LINE
5
DCC
330
C
100
AcDbEntity
8
0
100
AcDbLine
10
262.161
20
127.984
30
0
11
262.06
21
128.027
31
0
0
LINE
5
DCD
330
C
100
AcDbEntity
8
0
100
AcDbLine
10
262.06
20
128.027
30
0
11
261.954
21
128.068
31
0
0
LINE
5
DCE
330
C
100
AcDbEntity
8
0
100
AcDbLine
10
261.954
20
128.068
30
0
11
261.841
21
128.106
31
0
0
LINE
5
DCF
330
C
100
AcDbEntity
8
0
100
AcDbLine
10
261.841
20
128.106
30
0
11
261.841
21
128.106
31
0
0
LINE
5
DD0
330
C
100
AcDbEntity
8
0
100
AcDbLine
10
261.841
20
128.106
30
0
11
260.509
21
128.574
31
0
0
LINE
5
DD1
330
C
100
AcDbEntity
8
0
100
AcDbLine
10
260.509
20
128.574
30
0
11
260.327
21
128.642
31
0
0
LINE
5
DD2
330
C
100
AcDbEntity
8
0
100
AcDbLine
10
260.327
20
128.642
30
0
11
260.153
21
128.712
31
0
0
LINE
5
DD3
330
C
100
AcDbEntity
8
0
100
AcDbLine
10
260.153
20
128.712
30
0
11
259.989
21
128.784
31
0
0
LINE
5
DD4
330
C
100
AcDbEntity
8
0
100
AcDbLine
10
259.989
20
128.784
30
0
11
259.833
21
128.858
31
0
0
LINE
5
DD5
330
C
100
AcDbEntity
8
0
100
AcDbLine
10
259.833
20
128.858
30
0
11
259.687
21
128.934
31
0
0
LINE
5
DD6
330
C
100
AcDbEntity
8
0
100
AcDbLine
10
259.687
20
128.934
30
0
11
259.55
21
129.012
31
0
0
LINE
5
DD7
330
C
100
AcDbEntity
8
0
100
AcDbLine
10
259.55
20
129.012
30
0
11
259.422
21
129.091
31
0
0
LINE
5
DD8
330
C
100
AcDbEntity
8
0
100
AcDbLine
10
259.422
20
129.091
30
0
11
259.303
21
129.173
31
0
0
LINE
5
DD9
330
C
100
AcDbEntity
8
0
100
AcDbLine
10
259.303
20
129.173
30
0
11
259.194
21
129.257
31
0
0
LINE
5
DDA
330
C
100
AcDbEntity
8
0
100
AcDbLine
10
259.194
20
129.257
30
0
11
259.093
21
129.342
31
0
0
LINE
5
DDB
330
C
100
AcDbEntity
8
0
100
AcDbLine
10
259.093
20
129.342
30
0
11
259.002
21
129.432
31
0
0
LINE
5
DDC
330
C
100
AcDbEntity
8
0
100
AcDbLine
10
259.002
20
129.432
30
0
11
258.92
21
129.529
31
0
0
LINE
5
DDD
330
C
100
AcDbEntity
8
0
100
AcDbLine
10
258.92
20
129.529
30
0
11
258.848
21
129.633
31
0
0
LINE
5
DDE
330
C
100
AcDbEntity
8
0
100
AcDbLine
10
258.848
20
129.633
30
0
11
258.786
21
129.743
31
0
0
LINE
5
DDF
330
C
100
AcDbEntity
8
0
100
AcDbLine
10
258.786
20
129.743
30
0
11
258.733
21
129.861
31
0
0
LINE
5
DE0
330
C
100
AcDbEntity
8
0
100
AcDbLine
10
258.733
20
129.861
30
0
11
258.69
21
129.986
31
0
0
LINE
5
DE1
330
C
100
AcDbEntity
8
0
100
AcDbLine
10
258.69
20
129.986
30
0
11
258.656
21
130.117
31
0
0
LINE
5
DE2
330
C
100
AcDbEntity
8
0
100
AcDbLine
10
258.656
20
130.117
30
0
11
258.632
21
130.256
31
0
0
LINE
5
DE3
330
C
100
AcDbEntity
8
0
100
AcDbLine
10
258.632
20
130.256
30
0
11
258.618
21
130.401
31
0
0
LINE
5
DE4
330
C
100
AcDbEntity
8
0
100
AcDbLine
10
258.618
20
130.401
30
0
11
258.613
21
130.554
31
0
0
LINE
5
DE5
330
C
100
AcDbEntity
8
0
100
AcDbLine
10
258.613
20
130.554
30
0
11
258.613
21
130.554
31
0
0
LINE
5
DE6
330
C
100
AcDbEntity
8
0
100
AcDbLine
10
258.613
20
130.554
30
0
11
258.62
21
130.726
31
0
0
LINE
5
DE7
330
C
100
AcDbEntity
8
0
100
AcDbLine
10
258.62
20
130.726
30
0
11
258.64
21
130.891
31
0
0
LINE
5
DE8
330
C
100
AcDbEntity
8
0
100
AcDbLine
10
258.64
20
130.891
30
0
11
258.674
21
131.05
31
0
0
LINE
5
DE9
330
C
100
AcDbEntity
8
0
100
AcDbLine
10
258.674
20
131.05
30
0
11
258.721
21
131.203
31
0
0
LINE
5
DEA
330
C
100
AcDbEntity
8
0
100
AcDbLine
10
258.721
20
131.203
30
0
11
258.782
21
131.349
31
0
0
LINE
5
DEB
330
C
100
AcDbEntity
8
0
100
AcDbLine
10
258.782
20
131.349
30
0
11
258.856
21
131.489
31
0
0
LINE
5
DEC
330
C
100
AcDbEntity
8
0
100
AcDbLine
10
258.856
20
131.489
30
0
11
258.944
21
131.622
31
0
0
LINE
5
DED
330
C
100
AcDbEntity
8
0
100
AcDbLine
10
258.944
20
131.622
30
0
11
259.045
21
131.748
31
0
0
LINE
5
DEE
330
C
100
AcDbEntity
8
0
100
AcDbLine
10
259.045
20
131.748
30
0
11
259.16
21
131.868
31
0
0
LINE
5
DEF
330
C
100
AcDbEntity
8
0
100
AcDbLine
10
259.16
20
131.868
30
0
11
259.288
21
131.982
31
0
0
LINE
5
DF0
330
C
100
AcDbEntity
8
0
100
AcDbLine
10
259.288
20
131.982
30
0
11
259.429
21
132.087
31
0
0
LINE
5
DF1
330
C
100
AcDbEntity
8
0
100
AcDbLine
10
259.429
20
132.087
30
0
11
259.581
21
132.181
31
0
0
LINE
5
DF2
330
C
100
AcDbEntity
8
0
100
AcDbLine
10
259.581
20
132.181
30
0
11
259.744
21
132.264
31
0
0
LINE
5
DF3
330
C
100
AcDbEntity
8
0
100
AcDbLine
10
259.744
20
132.264
30
0
11
259.919
21
132.335
31
0
0
LINE
5
DF4
330
C
100
AcDbEntity
8
0
100
AcDbLine
10
259.919
20
132.335
30
0
11
260.105
21
132.396
31
0
0
LINE
5
DF5
330
C
100
AcDbEntity
8
0
100
AcDbLine
10
260.105
20
132.396
30
0
11
260.302
21
132.446
31
0
0
LINE
5
DF6
330
C
100
AcDbEntity
8
0
100
AcDbLine
10
260.302
20
132.446
30
0
11
260.511
21
132.484
31
0
0
LINE
5
DF7
330
C
100
AcDbEntity
8
0
100
AcDbLine
10
260.511
20
132.484
30
0
11
260.731
21
132.512
31
0
0
LINE
5
DF8
330
C
100
AcDbEntity
8
0
100
AcDbLine
10
260.731
20
132.512
30
0
11
260.962
21
132.528
31
0
0
LINE
5
DF9
330
C
100
AcDbEntity
8
0
100
AcDbLine
10
260.962
20
132.528
30
0
11
261.205
21
132.534
31
0
0
LINE
5
DFA
330
C
100
AcDbEntity
8
0
100
AcDbLine
10
261.205
20
132.534
30
0
11
261.205
21
132.534
31
0
0
LINE
5
DFB
330
C
100
AcDbEntity
8
0
100
AcDbLine
10
261.205
20
132.534
30
0
11
261.431
21
132.529
31
0
0
LINE
5
DFC
330
C
100
AcDbEntity
8
0
100
AcDbLine
10
261.431
20
132.529
30
0
11
261.646
21
132.513
31
0
0
LINE
5
DFD
330
C
100
AcDbEntity
8
0
100
AcDbLine
10
261.646
20
132.513
30
0
11
261.851
21
132.486
31
0
0
LINE
5
DFE
330
C
100
AcDbEntity
8
0
100
AcDbLine
10
261.851
20
132.486
30
0
11
262.046
21
132.449
31
0
0
LINE
5
DFF
330
C
100
AcDbEntity
8
0
100
AcDbLine
10
262.046
20
132.449
30
0
11
262.231
21
132.401
31
0
0
LINE
5
E00
330
C
100
AcDbEntity
8
0
100
AcDbLine
10
262.231
20
132.401
30
0
11
262.406
21
132.343
31
0
0
LINE
5
E01
330
C
100
AcDbEntity
8
0
100
AcDbLine
10
262.406
20
132.343
30
0
11
262.571
21
132.274
31
0
0
LINE
5
E02
330
C
100
AcDbEntity
8
0
100
AcDbLine
10
262.571
20
132.274
30
0
11
262.726
21
132.194
31
0
0
LINE
5
E03
330
C
100
AcDbEntity
8
0
100
AcDbLine
10
262.726
20
132.194
30
0
11
262.871
21
132.104
31
0
0
LINE
5
E04
330
C
100
AcDbEntity
8
0
100
AcDbLine
10
262.871
20
132.104
30
0
11
263.005
21
132.003
31
0
0
LINE
5
E05
330
C
100
AcDbEntity
8
0
100
AcDbLine
10
263.005
20
132.003
30
0
11
263.129
21
131.893
31
0
0
LINE
5
E06
330
C
100
AcDbEntity
8
0
100
AcDbLine
10
263.129
20
131.893
30
0
11
263.242
21
131.776
31
0
0
LINE
5
E07
330
C
100
AcDbEntity
8
0
100
AcDbLine
10
263.242
20
131.776
30
0
11
263.344
21
131.652
31
0
0
LINE
5
E08
330
C
100
AcDbEntity
8
0
100
AcDbLine
10
263.344
20
131.652
30
0
11
263.435
21
131.52
31
0
0
LINE
5
E09
330
C
100
AcDbEntity
8
0
100
AcDbLine
10
263.435
20
131.52
30
0
11
263.515
21
131.381
31
0
0
LINE
5
E0A
330
C
100
AcDbEntity
8
0
100
AcDbLine
10
263.515
20
131.381
30
0
11
263.584
21
131.235
31
0
0
LINE
5
E0B
330
C
100
AcDbEntity
8
0
100
AcDbLine
10
263.584
20
131.235
30
0
11
263.642
21
131.082
31
0
0
LINE
5
E0C
330
C
100
AcDbEntity
8
0
100
AcDbLine
10
263.642
20
131.082
30
0
11
263.689
21
130.921
31
0
0
LINE
5
E0D
330
C
100
AcDbEntity
8
0
100
AcDbLine
10
263.689
20
130.921
30
0
11
263.724
21
130.753
31
0
0
LINE
5
E0E
330
C
100
AcDbEntity
8
0
100
AcDbLine
10
263.724
20
130.753
30
0
11
263.749
21
130.578
31
0
0
LINE
5
E0F
330
C
100
AcDbEntity
8
0
100
AcDbLine
10
263.749
20
130.578
30
0
11
263.749
21
130.578
31
0
0
LINE
5
E10
330
C
100
AcDbEntity
8
0
100
AcDbLine
10
263.749
20
130.578
30
0
11
262.825
21
130.578
31
0
0
LINE
5
E11
330
C
100
AcDbEntity
8
0
100
AcDbLine
10
262.825
20
130.578
30
0
11
262.804
21
130.68
31
0
0
LINE
5
E12
330
C
100
AcDbEntity
8
0
100
AcDbLine
10
262.804
20
130.68
30
0
11
262.777
21
130.778
31
0
0
LINE
5
E13
330
C
100
AcDbEntity
8
0
100
AcDbLine
10
262.777
20
130.778
30
0
11
262.743
21
130.87
31
0
0
LINE
5
E14
330
C
100
AcDbEntity
8
0
100
AcDbLine
10
262.743
20
130.87
30
0
11
262.704
21
130.959
31
0
0
LINE
5
E15
330
C
100
AcDbEntity
8
0
100
AcDbLine
10
262.704
20
130.959
30
0
11
262.658
21
131.042
31
0
0
LINE
5
E16
330
C
100
AcDbEntity
8
0
100
AcDbLine
10
262.658
20
131.042
30
0
11
262.606
21
131.121
31
0
0
LINE
5
E17
330
C
100
AcDbEntity
8
0
100
AcDbLine
10
262.606
20
131.121
30
0
11
262.548
21
131.196
31
0
0
LINE
5
E18
330
C
100
AcDbEntity
8
0
100
AcDbLine
10
262.548
20
131.196
30
0
11
262.483
21
131.265
31
0
0
LINE
5
E19
330
C
100
AcDbEntity
8
0
100
AcDbLine
10
262.483
20
131.265
30
0
11
262.413
21
131.33
31
0
0
LINE
5
E1A
330
C
100
AcDbEntity
8
0
100
AcDbLine
10
262.413
20
131.33
30
0
11
262.336
21
131.391
31
0
0
LINE
5
E1B
330
C
100
AcDbEntity
8
0
100
AcDbLine
10
262.336
20
131.391
30
0
11
262.253
21
131.446
31
0
0
LINE
5
E1C
330
C
100
AcDbEntity
8
0
100
AcDbLine
10
262.253
20
131.446
30
0
11
262.163
21
131.496
31
0
0
LINE
5
E1D
330
C
100
AcDbEntity
8
0
100
AcDbLine
10
262.163
20
131.496
30
0
11
262.067
21
131.539
31
0
0
LINE
5
E1E
330
C
100
AcDbEntity
8
0
100
AcDbLine
10
262.067
20
131.539
30
0
11
261.964
21
131.577
31
0
0
LINE
5
E1F
330
C
100
AcDbEntity
8
0
100
AcDbLine
10
261.964
20
131.577
30
0
11
261.854
21
131.609
31
0
0
LINE
5
E20
330
C
100
AcDbEntity
8
0
100
AcDbLine
10
261.854
20
131.609
30
0
11
261.738
21
131.635
31
0
0
LINE
5
E21
330
C
100
AcDbEntity
8
0
100
AcDbLine
10
261.738
20
131.635
30
0
11
261.614
21
131.656
31
0
0
LINE
5
E22
330
C
100
AcDbEntity
8
0
100
AcDbLine
10
261.614
20
131.656
30
0
11
261.485
21
131.67
31
0
0
LINE
5
E23
330
C
100
AcDbEntity
8
0
100
AcDbLine
10
261.485
20
131.67
30
0
11
261.348
21
131.679
31
0
0
LINE
5
E24
330
C
100
AcDbEntity
8
0
100
AcDbLine
10
261.348
20
131.679
30
0
11
261.205
21
131.682
31
0
0
LINE
5
E25
330
C
100
AcDbEntity
8
0
100
AcDbLine
10
261.205
20
131.682
30
0
11
261.205
21
131.682
31
0
0
LINE
5
E26
330
C
100
AcDbEntity
8
0
100
AcDbLine
10
261.205
20
131.682
30
0
11
261.06
21
131.679
31
0
0
LINE
5
E27
330
C
100
AcDbEntity
8
0
100
AcDbLine
10
261.06
20
131.679
30
0
11
260.921
21
131.669
31
0
0
LINE
5
E28
330
C
100
AcDbEntity
8
0
100
AcDbLine
10
260.921
20
131.669
30
0
11
260.789
21
131.652
31
0
0
LINE
5
E29
330
C
100
AcDbEntity
8
0
100
AcDbLine
10
260.789
20
131.652
30
0
11
260.663
21
131.629
31
0
0
LINE
5
E2A
330
C
100
AcDbEntity
8
0
100
AcDbLine
10
260.663
20
131.629
30
0
11
260.544
21
131.6
31
0
0
LINE
5
E2B
330
C
100
AcDbEntity
8
0
100
AcDbLine
10
260.544
20
131.6
30
0
11
260.431
21
131.563
31
0
0
LINE
5
E2C
330
C
100
AcDbEntity
8
0
100
AcDbLine
10
260.431
20
131.563
30
0
11
260.325
21
131.52
31
0
0
LINE
5
E2D
330
C
100
AcDbEntity
8
0
100
AcDbLine
10
260.325
20
131.52
30
0
11
260.226
21
131.471
31
0
0
LINE
5
E2E
330
C
100
AcDbEntity
8
0
100
AcDbLine
10
260.226
20
131.471
30
0
11
260.133
21
131.415
31
0
0
LINE
5
E2F
330
C
100
AcDbEntity
8
0
100
AcDbLine
10
260.133
20
131.415
30
0
11
260.047
21
131.352
31
0
0
LINE
5
E30
330
C
100
AcDbEntity
8
0
100
AcDbLine
10
260.047
20
131.352
30
0
11
259.969
21
131.284
31
0
0
LINE
5
E31
330
C
100
AcDbEntity
8
0
100
AcDbLine
10
259.969
20
131.284
30
0
11
259.898
21
131.213
31
0
0
LINE
5
E32
330
C
100
AcDbEntity
8
0
100
AcDbLine
10
259.898
20
131.213
30
0
11
259.836
21
131.138
31
0
0
LINE
5
E33
330
C
100
AcDbEntity
8
0
100
AcDbLine
10
259.836
20
131.138
30
0
11
259.782
21
131.06
31
0
0
LINE
5
E34
330
C
100
AcDbEntity
8
0
100
AcDbLine
10
259.782
20
131.06
30
0
11
259.737
21
130.978
31
0
0
LINE
5
E35
330
C
100
AcDbEntity
8
0
100
AcDbLine
10
259.737
20
130.978
30
0
11
259.699
21
130.893
31
0
0
LINE
5
E36
330
C
100
AcDbEntity
8
0
100
AcDbLine
10
259.699
20
130.893
30
0
11
259.67
21
130.805
31
0
0
LINE
5
E37
330
C
100
AcDbEntity
8
0
100
AcDbLine
10
259.67
20
130.805
30
0
11
259.65
21
130.713
31
0
0
LINE
5
E38
330
C
100
AcDbEntity
8
0
100
AcDbLine
10
259.65
20
130.713
30
0
11
259.637
21
130.617
31
0
0
LINE
5
E39
330
C
100
AcDbEntity
8
0
100
AcDbLine
10
259.637
20
130.617
30
0
11
259.633
21
130.518
31
0
0
LINE
5
E3A
330
C
100
AcDbEntity
8
0
100
AcDbLine
10
259.633
20
130.518
30
0
11
259.633
21
130.518
31
0
0
LINE
5
E3B
330
C
100
AcDbEntity
8
0
100
AcDbLine
10
259.633
20
130.518
30
0
11
259.636
21
130.437
31
0
0
LINE
5
E3C
330
C
100
AcDbEntity
8
0
100
AcDbLine
10
259.636
20
130.437
30
0
11
259.644
21
130.359
31
0
0
LINE
5
E3D
330
C
100
AcDbEntity
8
0
100
AcDbLine
10
259.644
20
130.359
30
0
11
259.657
21
130.285
31
0
0
LINE
5
E3E
330
C
100
AcDbEntity
8
0
100
AcDbLine
10
259.657
20
130.285
30
0
11
259.675
21
130.214
31
0
0
LINE
5
E3F
330
C
100
AcDbEntity
8
0
100
AcDbLine
10
259.675
20
130.214
30
0
11
259.698
21
130.147
31
0
0
LINE
5
E40
330
C
100
AcDbEntity
8
0
100
AcDbLine
10
259.698
20
130.147
30
0
11
259.727
21
130.083
31
0
0
LINE
5
E41
330
C
100
AcDbEntity
8
0
100
AcDbLine
10
259.727
20
130.083
30
0
11
259.761
21
130.022
31
0
0
LINE
5
E42
330
C
100
AcDbEntity
8
0
100
AcDbLine
10
259.761
20
130.022
30
0
11
259.8
21
129.965
31
0
0
LINE
5
E43
330
C
100
AcDbEntity
8
0
100
AcDbLine
10
259.8
20
129.965
30
0
11
259.845
21
129.911
31
0
0
LINE
5
E44
330
C
100
AcDbEntity
8
0
100
AcDbLine
10
259.845
20
129.911
30
0
11
259.894
21
129.861
31
0
0
LINE
5
E45
330
C
100
AcDbEntity
8
0
100
AcDbLine
10
259.894
20
129.861
30
0
11
259.949
21
129.813
31
0
0
LINE
5
E46
330
C
100
AcDbEntity
8
0
100
AcDbLine
10
259.949
20
129.813
30
0
11
260.01
21
129.766
31
0
0
LINE
5
E47
330
C
100
AcDbEntity
8
0
100
AcDbLine
10
260.01
20
129.766
30
0
11
260.078
21
129.72
31
0
0
LINE
5
E48
330
C
100
AcDbEntity
8
0
100
AcDbLine
10
260.078
20
129.72
30
0
11
260.151
21
129.675
31
0
0
LINE
5
E49
330
C
100
AcDbEntity
8
0
100
AcDbLine
10
260.151
20
129.675
30
0
11
260.229
21
129.631
31
0
0
LINE
5
E4A
330
C
100
AcDbEntity
8
0
100
AcDbLine
10
260.229
20
129.631
30
0
11
260.314
21
129.588
31
0
0
LINE
5
E4B
330
C
100
AcDbEntity
8
0
100
AcDbLine
10
260.314
20
129.588
30
0
11
260.405
21
129.546
31
0
0
LINE
5
E4C
330
C
100
AcDbEntity
8
0
100
AcDbLine
10
260.405
20
129.546
30
0
11
260.502
21
129.505
31
0
0
LINE
5
E4D
330
C
100
AcDbEntity
8
0
100
AcDbLine
10
260.502
20
129.505
30
0
11
260.605
21
129.465
31
0
0
LINE
5
E4E
330
C
100
AcDbEntity
8
0
100
AcDbLine
10
260.605
20
129.465
30
0
11
260.713
21
129.426
31
0
0
LINE
5
E4F
330
C
100
AcDbEntity
8
0
100
AcDbLine
10
260.713
20
129.426
30
0
11
260.713
21
129.426
31
0
0
LINE
5
E50
330
C
100
AcDbEntity
8
0
100
AcDbLine
10
260.713
20
129.426
30
0
11
262.273
21
128.886
31
0
0
LINE
5
E51
330
C
100
AcDbEntity
8
0
100
AcDbLine
10
262.273
20
128.886
30
0
11
262.432
21
128.83
31
0
0
LINE
5
E52
330
C
100
AcDbEntity
8
0
100
AcDbLine
10
262.432
20
128.83
30
0
11
262.584
21
128.769
31
0
0
LINE
5
E53
330
C
100
AcDbEntity
8
0
100
AcDbLine
10
262.584
20
128.769
30
0
11
262.729
21
128.705
31
0
0
LINE
5
E54
330
C
100
AcDbEntity
8
0
100
AcDbLine
10
262.729
20
128.705
30
0
11
262.867
21
128.635
31
0
0
LINE
5
E55
330
C
100
AcDbEntity
8
0
100
AcDbLine
10
262.867
20
128.635
30
0
11
262.998
21
128.562
31
0
0
LINE
5
E56
330
C
100
AcDbEntity
8
0
100
AcDbLine
10
262.998
20
128.562
30
0
11
263.123
21
128.484
31
0
0
LINE
5
E57
330
C
100
AcDbEntity
8
0
100
AcDbLine
10
263.123
20
128.484
30
0
11
263.241
21
128.402
31
0
0
LINE
5
E58
330
C
100
AcDbEntity
8
0
100
AcDbLine
10
263.241
20
128.402
30
0
11
263.352
21
128.316
31
0
0
LINE
5
E59
330
C
100
AcDbEntity
8
0
100
AcDbLine
10
263.352
20
128.316
30
0
11
263.457
21
128.225
31
0
0
LINE
5
E5A
330
C
100
AcDbEntity
8
0
100
AcDbLine
10
263.457
20
128.225
30
0
11
263.554
21
128.13
31
0
0
LINE
5
E5B
330
C
100
AcDbEntity
8
0
100
AcDbLine
10
263.554
20
128.13
30
0
11
263.644
21
128.03
31
0
0
LINE
5
E5C
330
C
100
AcDbEntity
8
0
100
AcDbLine
10
263.644
20
128.03
30
0
11
263.724
21
127.924
31
0
0
LINE
5
E5D
330
C
100
AcDbEntity
8
0
100
AcDbLine
10
263.724
20
127.924
30
0
11
263.794
21
127.812
31
0
0
LINE
5
E5E
330
C
100
AcDbEntity
8
0
100
AcDbLine
10
263.794
20
127.812
30
0
11
263.856
21
127.695
31
0
0
LINE
5
E5F
330
C
100
AcDbEntity
8
0
100
AcDbLine
10
263.856
20
127.695
30
0
11
263.907
21
127.572
31
0
0
LINE
5
E60
330
C
100
AcDbEntity
8
0
100
AcDbLine
10
263.907
20
127.572
30
0
11
263.95
21
127.443
31
0
0
LINE
5
E61
330
C
100
AcDbEntity
8
0
100
AcDbLine
10
263.95
20
127.443
30
0
11
263.983
21
127.308
31
0
0
LINE
5
E62
330
C
100
AcDbEntity
8
0
100
AcDbLine
10
263.983
20
127.308
30
0
11
264.006
21
127.168
31
0
0
LINE
5
E63
330
C
100
AcDbEntity
8
0
100
AcDbLine
10
264.006
20
127.168
30
0
11
264.021
21
127.022
31
0
0
LINE
5
E64
330
C
100
AcDbEntity
8
0
100
AcDbLine
10
264.021
20
127.022
30
0
11
264.025
21
126.87
31
0
0
LINE
5
E65
330
C
100
AcDbEntity
8
0
100
AcDbLine
10
264.025
20
126.87
30
0
11
264.025
21
126.87
31
0
0
LINE
5
E66
330
C
100
AcDbEntity
8
0
100
AcDbLine
10
264.025
20
126.87
30
0
11
264.022
21
126.751
31
0
0
LINE
5
E67
330
C
100
AcDbEntity
8
0
100
AcDbLine
10
264.022
20
126.751
30
0
11
264.012
21
126.635
31
0
0
LINE
5
E68
330
C
100
AcDbEntity
8
0
100
AcDbLine
10
264.012
20
126.635
30
0
11
263.996
21
126.52
31
0
0
LINE
5
E69
330
C
100
AcDbEntity
8
0
100
AcDbLine
10
263.996
20
126.52
30
0
11
263.974
21
126.408
31
0
0
LINE
5
E6A
330
C
100
AcDbEntity
8
0
100
AcDbLine
10
263.974
20
126.408
30
0
11
263.945
21
126.299
31
0
0
LINE
5
E6B
330
C
100
AcDbEntity
8
0
100
AcDbLine
10
263.945
20
126.299
30
0
11
263.91
21
126.191
31
0
0
LINE
5
E6C
330
C
100
AcDbEntity
8
0
100
AcDbLine
10
263.91
20
126.191
30
0
11
263.868
21
126.086
31
0
0
LINE
5
E6D
330
C
100
AcDbEntity
8
0
100
AcDbLine
10
263.868
20
126.086
30
0
11
263.82
21
125.983
31
0
0
LINE
5
E6E
330
C
100
AcDbEntity
8
0
100
AcDbLine
10
263.82
20
125.983
30
0
11
263.765
21
125.882
31
0
0
LINE
5
E6F
330
C
100
AcDbEntity
8
0
100
AcDbLine
10
263.765
20
125.882
30
0
11
263.704
21
125.784
31
0
0
LINE
5
E70
330
C
100
AcDbEntity
8
0
100
AcDbLine
10
263.704
20
125.784
30
0
11
263.637
21
125.689
31
0
0
LINE
5
E71
330
C
100
AcDbEntity
8
0
100
AcDbLine
10
263.637
20
125.689
30
0
11
263.564
21
125.598
31
0
0
LINE
5
E72
330
C
100
AcDbEntity
8
0
100
AcDbLine
10
263.564
20
125.598
30
0
11
263.484
21
125.51
31
0
0
LINE
5
E73
330
C
100
AcDbEntity
8
0
100
AcDbLine
10
263.484
20
125.51
30
0
11
263.399
21
125.427
31
0
0
LINE
5
E74
330
C
100
AcDbEntity
8
0
100
AcDbLine
10
263.399
20
125.427
30
0
11
263.307
21
125.347
31
0
0
LINE
5
E75
330
C
100
AcDbEntity
8
0
100
AcDbLine
10
263.307
20
125.347
30
0
11
263.21
21
125.272
31
0
0
LINE
5
E76
330
C
100
AcDbEntity
8
0
100
AcDbLine
10
263.21
20
125.272
30
0
11
263.106
21
125.201
31
0
0
LINE
5
E77
330
C
100
AcDbEntity
8
0
100
AcDbLine
10
263.106
20
125.201
30
0
11
262.997
21
125.133
31
0
0
LINE
5
E78
330
C
100
AcDbEntity
8
0
100
AcDbLine
10
262.997
20
125.133
30
0
11
262.881
21
125.07
31
0
0
LINE
5
E79
330
C
100
AcDbEntity
8
0
100
AcDbLine
10
262.881
20
125.07
30
0
11
262.759
21
125.01
31
0
0
LINE
5
E7A
330
C
100
AcDbEntity
8
0
100
AcDbLine
10
262.759
20
125.01
30
0
11
262.632
21
124.955
31
0
0
LINE
5
E7B
330
C
100
AcDbEntity
8
0
100
AcDbLine
10
262.632
20
124.955
30
0
11
262.498
21
124.906
31
0
0
LINE
5
E7C
330
C
100
AcDbEntity
8
0
100
AcDbLine
10
262.498
20
124.906
30
0
11
262.359
21
124.863
31
0
0
LINE
5
E7D
330
C
100
AcDbEntity
8
0
100
AcDbLine
10
262.359
20
124.863
30
0
11
262.215
21
124.826
31
0
0
LINE
5
E7E
330
C
100
AcDbEntity
8
0
100
AcDbLine
10
262.215
20
124.826
30
0
11
262.065
21
124.794
31
0
0
LINE
5
E7F
330
C
100
AcDbEntity
8
0
100
AcDbLine
10
262.065
20
124.794
30
0
11
261.909
21
124.768
31
0
0
LINE
5
E80
330
C
100
AcDbEntity
8
0
100
AcDbLine
10
261.909
20
124.768
30
0
11
261.747
21
124.748
31
0
0
LINE
5
E81
330
C
100
AcDbEntity
8
0
100
AcDbLine
10
261.747
20
124.748
30
0
11
261.58
21
124.734
31
0
0
LINE
5
E82
330
C
100
AcDbEntity
8
0
100
AcDbLine
10
261.58
20
124.734
30
0
11
261.408
21
124.725
31
0
0
LINE
5
E83
330
C
100
AcDbEntity
8
0
100
AcDbLine
10
261.408
20
124.725
30
0
11
261.229
21
124.722
31
0
0
LINE
5
E84
330
C
100
AcDbEntity
8
0
100
AcDbLine
10
261.229
20
124.722
30
0
11
261.229
21
124.722
31
0
0
LINE
5
E85
330
C
100
AcDbEntity
8
0
100
AcDbLine
10
266.599
20
131.958
30
0
11
266.599
21
131.958
31
0
0
LINE
5
E86
330
C
100
AcDbEntity
8
0
100
AcDbLine
10
266.599
20
131.958
30
0
11
266.543
21
131.96
31
0
0
LINE
5
E87
330
C
100
AcDbEntity
8
0
100
AcDbLine
10
266.543
20
131.96
30
0
11
266.489
21
131.965
31
0
0
LINE
5
E88
330
C
100
AcDbEntity
8
0
100
AcDbLine
10
266.489
20
131.965
30
0
11
266.437
21
131.973
31
0
0
LINE
5
E89
330
C
100
AcDbEntity
8
0
100
AcDbLine
10
266.437
20
131.973
30
0
11
266.388
21
131.984
31
0
0
LINE
5
E8A
330
C
100
AcDbEntity
8
0
100
AcDbLine
10
266.388
20
131.984
30
0
11
266.341
21
131.999
31
0
0
LINE
5
E8B
330
C
100
AcDbEntity
8
0
100
AcDbLine
10
266.341
20
131.999
30
0
11
266.297
21
132.017
31
0
0
LINE
5
E8C
330
C
100
AcDbEntity
8
0
100
AcDbLine
10
266.297
20
132.017
30
0
11
266.255
21
132.039
31
0
0
LINE
5
E8D
330
C
100
AcDbEntity
8
0
100
AcDbLine
10
266.255
20
132.039
30
0
11
266.215
21
132.064
31
0
0
LINE
5
E8E
330
C
100
AcDbEntity
8
0
100
AcDbLine
10
266.215
20
132.064
30
0
11
266.178
21
132.092
31
0
0
LINE
5
E8F
330
C
100
AcDbEntity
8
0
100
AcDbLine
10
266.178
20
132.092
30
0
11
266.143
21
132.123
31
0
0
LINE
5
E90
330
C
100
AcDbEntity
8
0
100
AcDbLine
10
266.143
20
132.123
30
0
11
266.111
21
132.157
31
0
0
LINE
5
E91
330
C
100
AcDbEntity
8
0
100
AcDbLine
10
266.111
20
132.157
30
0
11
266.083
21
132.193
31
0
0
LINE
5
E92
330
C
100
AcDbEntity
8
0
100
AcDbLine
10
266.083
20
132.193
30
0
11
266.058
21
132.231
31
0
0
LINE
5
E93
330
C
100
AcDbEntity
8
0
100
AcDbLine
10
266.058
20
132.231
30
0
11
266.036
21
132.272
31
0
0
LINE
5
E94
330
C
100
AcDbEntity
8
0
100
AcDbLine
10
266.036
20
132.272
30
0
11
266.017
21
132.314
31
0
0
LINE
5
E95
330
C
100
AcDbEntity
8
0
100
AcDbLine
10
266.017
20
132.314
30
0
11
266.002
21
132.359
31
0
0
LINE
5
E96
330
C
100
AcDbEntity
8
0
100
AcDbLine
10
266.002
20
132.359
30
0
11
265.99
21
132.405
31
0
0
LINE
5
E97
330
C
100
AcDbEntity
8
0
100
AcDbLine
10
265.99
20
132.405
30
0
11
265.982
21
132.454
31
0
0
LINE
5
E98
330
C
100
AcDbEntity
8
0
100
AcDbLine
10
265.982
20
132.454
30
0
11
265.977
21
132.505
31
0
0
LINE
5
E99
330
C
100
AcDbEntity
8
0
100
AcDbLine
10
265.977
20
132.505
30
0
11
265.975
21
132.558
31
0
0
LINE
5
E9A
330
C
100
AcDbEntity
8
0
100
AcDbLine
10
265.975
20
132.558
30
0
11
265.975
21
132.558
31
0
0
LINE
5
E9B
330
C
100
AcDbEntity
8
0
100
AcDbLine
10
265.975
20
132.558
30
0
11
265.977
21
132.61
31
0
0
LINE
5
E9C
330
C
100
AcDbEntity
8
0
100
AcDbLine
10
265.977
20
132.61
30
0
11
265.982
21
132.659
31
0
0
LINE
5
E9D
330
C
100
AcDbEntity
8
0
100
AcDbLine
10
265.982
20
132.659
30
0
11
265.99
21
132.707
31
0
0
LINE
5
E9E
330
C
100
AcDbEntity
8
0
100
AcDbLine
10
265.99
20
132.707
30
0
11
266.002
21
132.752
31
0
0
LINE
5
E9F
330
C
100
AcDbEntity
8
0
100
AcDbLine
10
266.002
20
132.752
30
0
11
266.017
21
132.795
31
0
0
LINE
5
EA0
330
C
100
AcDbEntity
8
0
100
AcDbLine
10
266.017
20
132.795
30
0
11
266.036
21
132.836
31
0
0
LINE
5
EA1
330
C
100
AcDbEntity
8
0
100
AcDbLine
10
266.036
20
132.836
30
0
11
266.058
21
132.875
31
0
0
LINE
5
EA2
330
C
100
AcDbEntity
8
0
100
AcDbLine
10
266.058
20
132.875
30
0
11
266.083
21
132.911
31
0
0
LINE
5
EA3
330
C
100
AcDbEntity
8
0
100
AcDbLine
10
266.083
20
132.911
30
0
11
266.111
21
132.946
31
0
0
LINE
5
EA4
330
C
100
AcDbEntity
8
0
100
AcDbLine
10
266.111
20
132.946
30
0
11
266.143
21
132.978
31
0
0
LINE
5
EA5
330
C
100
AcDbEntity
8
0
100
AcDbLine
10
266.143
20
132.978
30
0
11
266.178
21
133.008
31
0
0
LINE
5
EA6
330
C
100
AcDbEntity
8
0
100
AcDbLine
10
266.178
20
133.008
30
0
11
266.215
21
133.034
31
0
0
LINE
5
EA7
330
C
100
AcDbEntity
8
0
100
AcDbLine
10
266.215
20
133.034
30
0
11
266.255
21
133.058
31
0
0
LINE
5
EA8
330
C
100
AcDbEntity
8
0
100
AcDbLine
10
266.255
20
133.058
30
0
11
266.297
21
133.078
31
0
0
LINE
5
EA9
330
C
100
AcDbEntity
8
0
100
AcDbLine
10
266.297
20
133.078
30
0
11
266.341
21
133.095
31
0
0
LINE
5
EAA
330
C
100
AcDbEntity
8
0
100
AcDbLine
10
266.341
20
133.095
30
0
11
266.388
21
133.109
31
0
0
LINE
5
EAB
330
C
100
AcDbEntity
8
0
100
AcDbLine
10
266.388
20
133.109
30
0
11
266.437
21
133.12
31
0
0
LINE
5
EAC
330
C
100
AcDbEntity
8
0
100
AcDbLine
10
266.437
20
133.12
30
0
11
266.489
21
133.128
31
0
0
LINE
5
EAD
330
C
100
AcDbEntity
8
0
100
AcDbLine
10
266.489
20
133.128
30
0
11
266.543
21
133.132
31
0
0
LINE
5
EAE
330
C
100
AcDbEntity
8
0
100
AcDbLine
10
266.543
20
133.132
30
0
11
266.599
21
133.134
31
0
0
LINE
5
EAF
330
C
100
AcDbEntity
8
0
100
AcDbLine
10
266.599
20
133.134
30
0
11
266.599
21
133.134
31
0
0
LINE
5
EB0
330
C
100
AcDbEntity
8
0
100
AcDbLine
10
266.599
20
133.134
30
0
11
266.656
21
133.132
31
0
0
LINE
5
EB1
330
C
100
AcDbEntity
8
0
100
AcDbLine
10
266.656
20
133.132
30
0
11
266.71
21
133.128
31
0
0
LINE
5
EB2
330
C
100
AcDbEntity
8
0
100
AcDbLine
10
266.71
20
133.128
30
0
11
266.761
21
133.12
31
0
0
LINE
5
EB3
330
C
100
AcDbEntity
8
0
100
AcDbLine
10
266.761
20
133.12
30
0
11
266.81
21
133.109
31
0
0
LINE
5
EB4
330
C
100
AcDbEntity
8
0
100
AcDbLine
10
266.81
20
133.109
30
0
11
266.857
21
133.095
31
0
0
LINE
5
EB5
330
C
100
AcDbEntity
8
0
100
AcDbLine
10
266.857
20
133.095
30
0
11
266.902
21
133.078
31
0
0
LINE
5
EB6
330
C
100
AcDbEntity
8
0
100
AcDbLine
10
266.902
20
133.078
30
0
11
266.944
21
133.058
31
0
0
LINE
5
EB7
330
C
100
AcDbEntity
8
0
100
AcDbLine
10
266.944
20
133.058
30
0
11
266.983
21
133.034
31
0
0
LINE
5
EB8
330
C
100
AcDbEntity
8
0
100
AcDbLine
10
266.983
20
133.034
30
0
11
267.02
21
133.008
31
0
0
LINE
5
EB9
330
C
100
AcDbEntity
8
0
100
AcDbLine
10
267.02
20
133.008
30
0
11
267.055
21
132.978
31
0
0
LINE
5
EBA
330
C
100
AcDbEntity
8
0
100
AcDbLine
10
267.055
20
132.978
30
0
11
267.087
21
132.946
31
0
0
LINE
5
EBB
330
C
100
AcDbEntity
8
0
100
AcDbLine
10
267.087
20
132.946
30
0
11
267.116
21
132.911
31
0
0
LINE
5
EBC
330
C
100
AcDbEntity
8
0
100
AcDbLine
10
267.116
20
132.911
30
0
11
267.141
21
132.875
31
0
0
LINE
5
EBD
330
C
100
AcDbEntity
8
0
100
AcDbLine
10
267.141
20
132.875
30
0
11
267.163
21
132.836
31
0
0
LINE
5
EBE
330
C
100
AcDbEntity
8
0
100
AcDbLine
10
267.163
20
132.836
30
0
11
267.181
21
132.795
31
0
0
LINE
5
EBF
330
C
100
AcDbEntity
8
0
100
AcDbLine
10
267.181
20
132.795
30
0
11
267.196
21
132.752
31
0
0
LINE
5
EC0
330
C
100
AcDbEntity
8
0
100
AcDbLine
10
267.196
20
132.752
30
0
11
267.208
21
132.707
31
0
0
LINE
5
EC1
330
C
100
AcDbEntity
8
0
100
AcDbLine
10
267.208
20
132.707
30
0
11
267.216
21
132.659
31
0
0
LINE
5
EC2
330
C
100
AcDbEntity
8
0
100
AcDbLine
10
267.216
20
132.659
30
0
11
267.222
21
132.61
31
0
0
LINE
5
EC3
330
C
100
AcDbEntity
8
0
100
AcDbLine
10
267.222
20
132.61
30
0
11
267.223
21
132.558
31
0
0
LINE
5
EC4
330
C
100
AcDbEntity
8
0
100
AcDbLine
10
267.223
20
132.558
30
0
11
267.223
21
132.558
31
0
0
LINE
5
EC5
330
C
100
AcDbEntity
8
0
100
AcDbLine
10
267.223
20
132.558
30
0
11
267.222
21
132.505
31
0
0
LINE
5
EC6
330
C
100
AcDbEntity
8
0
100
AcDbLine
10
267.222
20
132.505
30
0
11
267.216
21
132.454
31
0
0
LINE
5
EC7
330
C
100
AcDbEntity
8
0
100
AcDbLine
10
267.216
20
132.454
30
0
11
267.208
21
132.405
31
0
0
LINE
5
EC8
330
C
100
AcDbEntity
8
0
100
AcDbLine
10
267.208
20
132.405
30
0
11
267.196
21
132.359
31
0
0
LINE
5
EC9
330
C
100
AcDbEntity
8
0
100
AcDbLine
10
267.196
20
132.359
30
0
11
267.181
21
132.314
31
0
0
LINE
5
ECA
330
C
100
AcDbEntity
8
0
100
AcDbLine
10
267.181
20
132.314
30
0
11
267.163
21
132.272
31
0
0
LINE
5
ECB
330
C
100
AcDbEntity
8
0
100
AcDbLine
10
267.163
20
132.272
30
0
11
267.141
21
132.231
31
0
0
LINE
5
ECC
330
C
100
AcDbEntity
8
0
100
AcDbLine
10
267.141
20
132.231
30
0
11
267.116
21
132.193
31
0
0
LINE
5
ECD
330
C
100
AcDbEntity
8
0
100
AcDbLine
10
267.116
20
132.193
30
0
11
267.087
21
132.157
31
0
0
LINE
5
ECE
330
C
100
AcDbEntity
8
0
100
AcDbLine
10
267.087
20
132.157
30
0
11
267.055
21
132.123
31
0
0
LINE
5
ECF
330
C
100
AcDbEntity
8
0
100
AcDbLine
10
267.055
20
132.123
30
0
11
267.02
21
132.092
31
0
0
LINE
5
ED0
330
C
100
AcDbEntity
8
0
100
AcDbLine
10
267.02
20
132.092
30
0
11
266.983
21
132.064
31
0
0
LINE
5
ED1
330
C
100
AcDbEntity
8
0
100
AcDbLine
10
266.983
20
132.064
30
0
11
266.944
21
132.039
31
0
0
LINE
5
ED2
330
C
100
AcDbEntity
8
0
100
AcDbLine
10
266.944
20
132.039
30
0
11
266.902
21
132.017
31
0
0
LINE
5
ED3
330
C
100
AcDbEntity
8
0
100
AcDbLine
10
266.902
20
132.017
30
0
11
266.857
21
131.999
31
0
0
LINE
5
ED4
330
C
100
AcDbEntity
8
0
100
AcDbLine
10
266.857
20
131.999
30
0
11
266.81
21
131.984
31
0
0
LINE
5
ED5
330
C
100
AcDbEntity
8
0
100
AcDbLine
10
266.81
20
131.984
30
0
11
266.761
21
131.973
31
0
0
LINE
5
ED6
330
C
100
AcDbEntity
8
0
100
AcDbLine
10
266.761
20
131.973
30
0
11
266.71
21
131.965
31
0
0
LINE
5
ED7
330
C
100
AcDbEntity
8
0
100
AcDbLine
10
266.71
20
131.965
30
0
11
266.656
21
131.96
31
0
0
LINE
5
ED8
330
C
100
AcDbEntity
8
0
100
AcDbLine
10
266.656
20
131.96
30
0
11
266.599
21
131.958
31
0
0
LINE
5
ED9
330
C
100
AcDbEntity
8
0
100
AcDbLine
10
266.599
20
131.958
30
0
11
266.599
21
131.958
31
0
0
LINE
5
EDA
330
C
100
AcDbEntity
8
0
100
AcDbLine
10
267.067
20
124.866
30
0
11
266.131
21
124.866
31
0
0
LINE
5
EDB
330
C
100
AcDbEntity
8
0
100
AcDbLine
10
266.131
20
124.866
30
0
11
266.131
21
130.614
31
0
0
LINE
5
EDC
330
C
100
AcDbEntity
8
0
100
AcDbLine
10
266.131
20
130.614
30
0
11
267.067
21
130.614
31
0
0
LINE
5
EDD
330
C
100
AcDbEntity
8
0
100
AcDbLine
10
267.067
20
130.614
30
0
11
267.067
21
124.866
31
0
0
LINE
5
EDE
330
C
100
AcDbEntity
8
0
100
AcDbLine
10
267.067
20
124.866
30
0
11
267.067
21
124.866
31
0
0
LINE
5
EDF
330
C
100
AcDbEntity
8
0
100
AcDbLine
10
271.699
20
124.722
30
0
11
271.699
21
124.722
31
0
0
LINE
5
EE0
330
C
100
AcDbEntity
8
0
100
AcDbLine
10
271.699
20
124.722
30
0
11
271.561
21
124.726
31
0
0
LINE
5
EE1
330
C
100
AcDbEntity
8
0
100
AcDbLine
10
271.561
20
124.726
30
0
11
271.425
21
124.737
31
0
0
LINE
5
EE2
330
C
100
AcDbEntity
8
0
100
AcDbLine
10
271.425
20
124.737
30
0
11
271.292
21
124.756
31
0
0
LINE
5
EE3
330
C
100
AcDbEntity
8
0
100
AcDbLine
10
271.292
20
124.756
30
0
11
271.161
21
124.782
31
0
0
LINE
5
EE4
330
C
100
AcDbEntity
8
0
100
AcDbLine
10
271.161
20
124.782
30
0
11
271.032
21
124.816
31
0
0
LINE
5
EE5
330
C
100
AcDbEntity
8
0
100
AcDbLine
10
271.032
20
124.816
30
0
11
270.905
21
124.857
31
0
0
LINE
5
EE6
330
C
100
AcDbEntity
8
0
100
AcDbLine
10
270.905
20
124.857
30
0
11
270.781
21
124.906
31
0
0
LINE
5
EE7
330
C
100
AcDbEntity
8
0
100
AcDbLine
10
270.781
20
124.906
30
0
11
270.659
21
124.962
31
0
0
LINE
5
EE8
330
C
100
AcDbEntity
8
0
100
AcDbLine
10
270.659
20
124.962
30
0
11
270.539
21
125.026
31
0
0
LINE
5
EE9
330
C
100
AcDbEntity
8
0
100
AcDbLine
10
270.539
20
125.026
30
0
11
270.421
21
125.097
31
0
0
LINE
5
EEA
330
C
100
AcDbEntity
8
0
100
AcDbLine
10
270.421
20
125.097
30
0
11
270.307
21
125.175
31
0
0
LINE
5
EEB
330
C
100
AcDbEntity
8
0
100
AcDbLine
10
270.307
20
125.175
30
0
11
270.198
21
125.259
31
0
0
LINE
5
EEC
330
C
100
AcDbEntity
8
0
100
AcDbLine
10
270.198
20
125.259
30
0
11
270.093
21
125.35
31
0
0
LINE
5
EED
330
C
100
AcDbEntity
8
0
100
AcDbLine
10
270.093
20
125.35
30
0
11
269.993
21
125.446
31
0
0
LINE
5
EEE
330
C
100
AcDbEntity
8
0
100
AcDbLine
10
269.993
20
125.446
30
0
11
269.898
21
125.549
31
0
0
LINE
5
EEF
330
C
100
AcDbEntity
8
0
100
AcDbLine
10
269.898
20
125.549
30
0
11
269.807
21
125.657
31
0
0
LINE
5
EF0
330
C
100
AcDbEntity
8
0
100
AcDbLine
10
269.807
20
125.657
30
0
11
269.721
21
125.772
31
0
0
LINE
5
EF1
330
C
100
AcDbEntity
8
0
100
AcDbLine
10
269.721
20
125.772
30
0
11
269.64
21
125.893
31
0
0
LINE
5
EF2
330
C
100
AcDbEntity
8
0
100
AcDbLine
10
269.64
20
125.893
30
0
11
269.563
21
126.02
31
0
0
LINE
5
EF3
330
C
100
AcDbEntity
8
0
100
AcDbLine
10
269.563
20
126.02
30
0
11
269.491
21
126.153
31
0
0
LINE
5
EF4
330
C
100
AcDbEntity
8
0
100
AcDbLine
10
269.491
20
126.153
30
0
11
269.425
21
126.292
31
0
0
LINE
5
EF5
330
C
100
AcDbEntity
8
0
100
AcDbLine
10
269.425
20
126.292
30
0
11
269.366
21
126.435
31
0
0
LINE
5
EF6
330
C
100
AcDbEntity
8
0
100
AcDbLine
10
269.366
20
126.435
30
0
11
269.314
21
126.583
31
0
0
LINE
5
EF7
330
C
100
AcDbEntity
8
0
100
AcDbLine
10
269.314
20
126.583
30
0
11
269.268
21
126.737
31
0
0
LINE
5
EF8
330
C
100
AcDbEntity
8
0
100
AcDbLine
10
269.268
20
126.737
30
0
11
269.23
21
126.895
31
0
0
LINE
5
EF9
330
C
100
AcDbEntity
8
0
100
AcDbLine
10
269.23
20
126.895
30
0
11
269.199
21
127.058
31
0
0
LINE
5
EFA
330
C
100
AcDbEntity
8
0
100
AcDbLine
10
269.199
20
127.058
30
0
11
269.175
21
127.225
31
0
0
LINE
5
EFB
330
C
100
AcDbEntity
8
0
100
AcDbLine
10
269.175
20
127.225
30
0
11
269.157
21
127.398
31
0
0
LINE
5
EFC
330
C
100
AcDbEntity
8
0
100
AcDbLine
10
269.157
20
127.398
30
0
11
269.147
21
127.576
31
0
0
LINE
5
EFD
330
C
100
AcDbEntity
8
0
100
AcDbLine
10
269.147
20
127.576
30
0
11
269.143
21
127.758
31
0
0
LINE
5
EFE
330
C
100
AcDbEntity
8
0
100
AcDbLine
10
269.143
20
127.758
30
0
11
269.143
21
127.758
31
0
0
LINE
5
EFF
330
C
100
AcDbEntity
8
0
100
AcDbLine
10
269.143
20
127.758
30
0
11
269.147
21
127.939
31
0
0
LINE
5
F00
330
C
100
AcDbEntity
8
0
100
AcDbLine
10
269.147
20
127.939
30
0
11
269.157
21
128.115
31
0
0
LINE
5
F01
330
C
100
AcDbEntity
8
0
100
AcDbLine
10
269.157
20
128.115
30
0
11
269.174
21
128.287
31
0
0
LINE
5
F02
330
C
100
AcDbEntity
8
0
100
AcDbLine
10
269.174
20
128.287
30
0
11
269.198
21
128.453
31
0
0
LINE
5
F03
330
C
100
AcDbEntity
8
0
100
AcDbLine
10
269.198
20
128.453
30
0
11
269.229
21
128.614
31
0
0
LINE
5
F04
330
C
100
AcDbEntity
8
0
100
AcDbLine
10
269.229
20
128.614
30
0
11
269.266
21
128.771
31
0
0
LINE
5
F05
330
C
100
AcDbEntity
8
0
100
AcDbLine
10
269.266
20
128.771
30
0
11
269.311
21
128.923
31
0
0
LINE
5
F06
330
C
100
AcDbEntity
8
0
100
AcDbLine
10
269.311
20
128.923
30
0
11
269.362
21
129.069
31
0
0
LINE
5
F07
330
C
100
AcDbEntity
8
0
100
AcDbLine
10
269.362
20
129.069
30
0
11
269.42
21
129.211
31
0
0
LINE
5
F08
330
C
100
AcDbEntity
8
0
100
AcDbLine
10
269.42
20
129.211
30
0
11
269.485
21
129.348
31
0
0
LINE
5
F09
330
C
100
AcDbEntity
8
0
100
AcDbLine
10
269.485
20
129.348
30
0
11
269.556
21
129.479
31
0
0
LINE
5
F0A
330
C
100
AcDbEntity
8
0
100
AcDbLine
10
269.556
20
129.479
30
0
11
269.631
21
129.604
31
0
0
LINE
5
F0B
330
C
100
AcDbEntity
8
0
100
AcDbLine
10
269.631
20
129.604
30
0
11
269.711
21
129.723
31
0
0
LINE
5
F0C
330
C
100
AcDbEntity
8
0
100
AcDbLine
10
269.711
20
129.723
30
0
11
269.795
21
129.836
31
0
0
LINE
5
F0D
330
C
100
AcDbEntity
8
0
100
AcDbLine
10
269.795
20
129.836
30
0
11
269.883
21
129.943
31
0
0
LINE
5
F0E
330
C
100
AcDbEntity
8
0
100
AcDbLine
10
269.883
20
129.943
30
0
11
269.977
21
130.043
31
0
0
LINE
5
F0F
330
C
100
AcDbEntity
8
0
100
AcDbLine
10
269.977
20
130.043
30
0
11
270.074
21
130.137
31
0
0
LINE
5
F10
330
C
100
AcDbEntity
8
0
100
AcDbLine
10
270.074
20
130.137
30
0
11
270.176
21
130.225
31
0
0
LINE
5
F11
330
C
100
AcDbEntity
8
0
100
AcDbLine
10
270.176
20
130.225
30
0
11
270.283
21
130.307
31
0
0
LINE
5
F12
330
C
100
AcDbEntity
8
0
100
AcDbLine
10
270.283
20
130.307
30
0
11
270.394
21
130.383
31
0
0
LINE
5
F13
330
C
100
AcDbEntity
8
0
100
AcDbLine
10
270.394
20
130.383
30
0
11
270.509
21
130.452
31
0
0
LINE
5
F14
330
C
100
AcDbEntity
8
0
100
AcDbLine
10
270.509
20
130.452
30
0
11
270.625
21
130.514
31
0
0
LINE
5
F15
330
C
100
AcDbEntity
8
0
100
AcDbLine
10
270.625
20
130.514
30
0
11
270.744
21
130.568
31
0
0
LINE
5
F16
330
C
100
AcDbEntity
8
0
100
AcDbLine
10
270.744
20
130.568
30
0
11
270.866
21
130.615
31
0
0
LINE
5
F17
330
C
100
AcDbEntity
8
0
100
AcDbLine
10
270.866
20
130.615
30
0
11
270.989
21
130.655
31
0
0
LINE
5
F18
330
C
100
AcDbEntity
8
0
100
AcDbLine
10
270.989
20
130.655
30
0
11
271.115
21
130.688
31
0
0
LINE
5
F19
330
C
100
AcDbEntity
8
0
100
AcDbLine
10
271.115
20
130.688
30
0
11
271.242
21
130.713
31
0
0
LINE
5
F1A
330
C
100
AcDbEntity
8
0
100
AcDbLine
10
271.242
20
130.713
30
0
11
271.372
21
130.731
31
0
0
LINE
5
F1B
330
C
100
AcDbEntity
8
0
100
AcDbLine
10
271.372
20
130.731
30
0
11
271.505
21
130.742
31
0
0
LINE
5
F1C
330
C
100
AcDbEntity
8
0
100
AcDbLine
10
271.505
20
130.742
30
0
11
271.639
21
130.746
31
0
0
LINE
5
F1D
330
C
100
AcDbEntity
8
0
100
AcDbLine
10
271.639
20
130.746
30
0
11
271.639
21
130.746
31
0
0
LINE
5
F1E
330
C
100
AcDbEntity
8
0
100
AcDbLine
10
271.639
20
130.746
30
0
11
271.764
21
130.743
31
0
0
LINE
5
F1F
330
C
100
AcDbEntity
8
0
100
AcDbLine
10
271.764
20
130.743
30
0
11
271.885
21
130.734
31
0
0
LINE
5
F20
330
C
100
AcDbEntity
8
0
100
AcDbLine
10
271.885
20
130.734
30
0
11
272.003
21
130.718
31
0
0
LINE
5
F21
330
C
100
AcDbEntity
8
0
100
AcDbLine
10
272.003
20
130.718
30
0
11
272.119
21
130.697
31
0
0
LINE
5
F22
330
C
100
AcDbEntity
8
0
100
AcDbLine
10
272.119
20
130.697
30
0
11
272.231
21
130.669
31
0
0
LINE
5
F23
330
C
100
AcDbEntity
8
0
100
AcDbLine
10
272.231
20
130.669
30
0
11
272.34
21
130.636
31
0
0
LINE
5
F24
330
C
100
AcDbEntity
8
0
100
AcDbLine
10
272.34
20
130.636
30
0
11
272.446
21
130.596
31
0
0
LINE
5
F25
330
C
100
AcDbEntity
8
0
100
AcDbLine
10
272.446
20
130.596
30
0
11
272.549
21
130.55
31
0
0
LINE
5
F26
330
C
100
AcDbEntity
8
0
100
AcDbLine
10
272.549
20
130.55
30
0
11
272.649
21
130.498
31
0
0
LINE
5
F27
330
C
100
AcDbEntity
8
0
100
AcDbLine
10
272.649
20
130.498
30
0
11
272.746
21
130.44
31
0
0
LINE
5
F28
330
C
100
AcDbEntity
8
0
100
AcDbLine
10
272.746
20
130.44
30
0
11
272.839
21
130.376
31
0
0
LINE
5
F29
330
C
100
AcDbEntity
8
0
100
AcDbLine
10
272.839
20
130.376
30
0
11
272.928
21
130.307
31
0
0
LINE
5
F2A
330
C
100
AcDbEntity
8
0
100
AcDbLine
10
272.928
20
130.307
30
0
11
273.013
21
130.232
31
0
0
LINE
5
F2B
330
C
100
AcDbEntity
8
0
100
AcDbLine
10
273.013
20
130.232
30
0
11
273.094
21
130.152
31
0
0
LINE
5
F2C
330
C
100
AcDbEntity
8
0
100
AcDbLine
10
273.094
20
130.152
30
0
11
273.17
21
130.066
31
0
0
LINE
5
F2D
330
C
100
AcDbEntity
8
0
100
AcDbLine
10
273.17
20
130.066
30
0
11
273.242
21
129.976
31
0
0
LINE
5
F2E
330
C
100
AcDbEntity
8
0
100
AcDbLine
10
273.242
20
129.976
30
0
11
273.31
21
129.879
31
0
0
LINE
5
F2F
330
C
100
AcDbEntity
8
0
100
AcDbLine
10
273.31
20
129.879
30
0
11
273.373
21
129.778
31
0
0
LINE
5
F30
330
C
100
AcDbEntity
8
0
100
AcDbLine
10
273.373
20
129.778
30
0
11
273.432
21
129.671
31
0
0
LINE
5
F31
330
C
100
AcDbEntity
8
0
100
AcDbLine
10
273.432
20
129.671
30
0
11
273.487
21
129.558
31
0
0
LINE
5
F32
330
C
100
AcDbEntity
8
0
100
AcDbLine
10
273.487
20
129.558
30
0
11
273.537
21
129.44
31
0
0
LINE
5
F33
330
C
100
AcDbEntity
8
0
100
AcDbLine
10
273.537
20
129.44
30
0
11
273.582
21
129.318
31
0
0
LINE
5
F34
330
C
100
AcDbEntity
8
0
100
AcDbLine
10
273.582
20
129.318
30
0
11
273.622
21
129.191
31
0
0
LINE
5
F35
330
C
100
AcDbEntity
8
0
100
AcDbLine
10
273.622
20
129.191
30
0
11
273.656
21
129.059
31
0
0
LINE
5
F36
330
C
100
AcDbEntity
8
0
100
AcDbLine
10
273.656
20
129.059
30
0
11
273.685
21
128.922
31
0
0
LINE
5
F37
330
C
100
AcDbEntity
8
0
100
AcDbLine
10
273.685
20
128.922
30
0
11
273.709
21
128.78
31
0
0
LINE
5
F38
330
C
100
AcDbEntity
8
0
100
AcDbLine
10
273.709
20
128.78
30
0
11
273.727
21
128.634
31
0
0
LINE
5
F39
330
C
100
AcDbEntity
8
0
100
AcDbLine
10
273.727
20
128.634
30
0
11
273.741
21
128.483
31
0
0
LINE
5
F3A
330
C
100
AcDbEntity
8
0
100
AcDbLine
10
273.741
20
128.483
30
0
11
273.749
21
128.327
31
0
0
LINE
5
F3B
330
C
100
AcDbEntity
8
0
100
AcDbLine
10
273.749
20
128.327
30
0
11
273.751
21
128.166
31
0
0
LINE
5
F3C
330
C
100
AcDbEntity
8
0
100
AcDbLine
10
273.751
20
128.166
30
0
11
273.751
21
128.166
31
0
0
LINE
5
F3D
330
C
100
AcDbEntity
8
0
100
AcDbLine
10
273.751
20
128.166
30
0
11
273.391
21
128.166
31
0
0
LINE
5
F3E
330
C
100
AcDbEntity
8
0
100
AcDbLine
10
273.391
20
128.166
30
0
11
273.389
21
128.278
31
0
0
LINE
5
F3F
330
C
100
AcDbEntity
8
0
100
AcDbLine
10
273.389
20
128.278
30
0
11
273.382
21
128.387
31
0
0
LINE
5
F40
330
C
100
AcDbEntity
8
0
100
AcDbLine
10
273.382
20
128.387
30
0
11
273.371
21
128.492
31
0
0
LINE
5
F41
330
C
100
AcDbEntity
8
0
100
AcDbLine
10
273.371
20
128.492
30
0
11
273.355
21
128.593
31
0
0
LINE
5
F42
330
C
100
AcDbEntity
8
0
100
AcDbLine
10
273.355
20
128.593
30
0
11
273.335
21
128.691
31
0
0
LINE
5
F43
330
C
100
AcDbEntity
8
0
100
AcDbLine
10
273.335
20
128.691
30
0
11
273.31
21
128.785
31
0
0
LINE
5
F44
330
C
100
AcDbEntity
8
0
100
AcDbLine
10
273.31
20
128.785
30
0
11
273.281
21
128.876
31
0
0
LINE
5
F45
330
C
100
AcDbEntity
8
0
100
AcDbLine
10
273.281
20
128.876
30
0
11
273.247
21
128.963
31
0
0
LINE
5
F46
330
C
100
AcDbEntity
8
0
100
AcDbLine
10
273.247
20
128.963
30
0
11
273.209
21
129.046
31
0
0
LINE
5
F47
330
C
100
AcDbEntity
8
0
100
AcDbLine
10
273.209
20
129.046
30
0
11
273.166
21
129.126
31
0
0
LINE
5
F48
330
C
100
AcDbEntity
8
0
100
AcDbLine
10
273.166
20
129.126
30
0
11
273.12
21
129.202
31
0
0
LINE
5
F49
330
C
100
AcDbEntity
8
0
100
AcDbLine
10
273.12
20
129.202
30
0
11
273.071
21
129.274
31
0
0
LINE
5
F4A
330
C
100
AcDbEntity
8
0
100
AcDbLine
10
273.071
20
129.274
30
0
11
273.019
21
129.343
31
0
0
LINE
5
F4B
330
C
100
AcDbEntity
8
0
100
AcDbLine
10
273.019
20
129.343
30
0
11
272.965
21
129.408
31
0
0
LINE
5
F4C
330
C
100
AcDbEntity
8
0
100
AcDbLine
10
272.965
20
129.408
30
0
11
272.907
21
129.469
31
0
0
LINE
5
F4D
330
C
100
AcDbEntity
8
0
100
AcDbLine
10
272.907
20
129.469
30
0
11
272.848
21
129.526
31
0
0
LINE
5
F4E
330
C
100
AcDbEntity
8
0
100
AcDbLine
10
272.848
20
129.526
30
0
11
272.785
21
129.579
31
0
0
LINE
5
F4F
330
C
100
AcDbEntity
8
0
100
AcDbLine
10
272.785
20
129.579
30
0
11
272.72
21
129.629
31
0
0
LINE
5
F50
330
C
100
AcDbEntity
8
0
100
AcDbLine
10
272.72
20
129.629
30
0
11
272.652
21
129.675
31
0
0
LINE
5
F51
330
C
100
AcDbEntity
8
0
100
AcDbLine
10
272.652
20
129.675
30
0
11
272.581
21
129.717
31
0
0
LINE
5
F52
330
C
100
AcDbEntity
8
0
100
AcDbLine
10
272.581
20
129.717
30
0
11
272.509
21
129.755
31
0
0
LINE
5
F53
330
C
100
AcDbEntity
8
0
100
AcDbLine
10
272.509
20
129.755
30
0
11
272.435
21
129.789
31
0
0
LINE
5
F54
330
C
100
AcDbEntity
8
0
100
AcDbLine
10
272.435
20
129.789
30
0
11
272.36
21
129.82
31
0
0
LINE
5
F55
330
C
100
AcDbEntity
8
0
100
AcDbLine
10
272.36
20
129.82
30
0
11
272.285
21
129.846
31
0
0
LINE
5
F56
330
C
100
AcDbEntity
8
0
100
AcDbLine
10
272.285
20
129.846
30
0
11
272.208
21
129.868
31
0
0
LINE
5
F57
330
C
100
AcDbEntity
8
0
100
AcDbLine
10
272.208
20
129.868
30
0
11
272.13
21
129.886
31
0
0
LINE
5
F58
330
C
100
AcDbEntity
8
0
100
AcDbLine
10
272.13
20
129.886
30
0
11
272.051
21
129.9
31
0
0
LINE
5
F59
330
C
100
AcDbEntity
8
0
100
AcDbLine
10
272.051
20
129.9
30
0
11
271.971
21
129.91
31
0
0
LINE
5
F5A
330
C
100
AcDbEntity
8
0
100
AcDbLine
10
271.971
20
129.91
30
0
11
271.889
21
129.916
31
0
0
LINE
5
F5B
330
C
100
AcDbEntity
8
0
100
AcDbLine
10
271.889
20
129.916
30
0
11
271.807
21
129.918
31
0
0
LINE
5
F5C
330
C
100
AcDbEntity
8
0
100
AcDbLine
10
271.807
20
129.918
30
0
11
271.807
21
129.918
31
0
0
LINE
5
F5D
330
C
100
AcDbEntity
8
0
100
AcDbLine
10
271.807
20
129.918
30
0
11
271.714
21
129.915
31
0
0
LINE
5
F5E
330
C
100
AcDbEntity
8
0
100
AcDbLine
10
271.714
20
129.915
30
0
11
271.623
21
129.908
31
0
0
LINE
5
F5F
330
C
100
AcDbEntity
8
0
100
AcDbLine
10
271.623
20
129.908
30
0
11
271.534
21
129.895
31
0
0
LINE
5
F60
330
C
100
AcDbEntity
8
0
100
AcDbLine
10
271.534
20
129.895
30
0
11
271.446
21
129.876
31
0
0
LINE
5
F61
330
C
100
AcDbEntity
8
0
100
AcDbLine
10
271.446
20
129.876
30
0
11
271.359
21
129.853
31
0
0
LINE
5
F62
330
C
100
AcDbEntity
8
0
100
AcDbLine
10
271.359
20
129.853
30
0
11
271.275
21
129.824
31
0
0
LINE
5
F63
330
C
100
AcDbEntity
8
0
100
AcDbLine
10
271.275
20
129.824
30
0
11
271.192
21
129.79
31
0
0
LINE
5
F64
330
C
100
AcDbEntity
8
0
100
AcDbLine
10
271.192
20
129.79
30
0
11
271.11
21
129.751
31
0
0
LINE
5
F65
330
C
100
AcDbEntity
8
0
100
AcDbLine
10
271.11
20
129.751
30
0
11
271.03
21
129.707
31
0
0
LINE
5
F66
330
C
100
AcDbEntity
8
0
100
AcDbLine
10
271.03
20
129.707
30
0
11
270.952
21
129.657
31
0
0
LINE
5
F67
330
C
100
AcDbEntity
8
0
100
AcDbLine
10
270.952
20
129.657
30
0
11
270.876
21
129.603
31
0
0
LINE
5
F68
330
C
100
AcDbEntity
8
0
100
AcDbLine
10
270.876
20
129.603
30
0
11
270.804
21
129.544
31
0
0
LINE
5
F69
330
C
100
AcDbEntity
8
0
100
AcDbLine
10
270.804
20
129.544
30
0
11
270.734
21
129.48
31
0
0
LINE
5
F6A
330
C
100
AcDbEntity
8
0
100
AcDbLine
10
270.734
20
129.48
30
0
11
270.668
21
129.413
31
0
0
LINE
5
F6B
330
C
100
AcDbEntity
8
0
100
AcDbLine
10
270.668
20
129.413
30
0
11
270.604
21
129.34
31
0
0
LINE
5
F6C
330
C
100
AcDbEntity
8
0
100
AcDbLine
10
270.604
20
129.34
30
0
11
270.544
21
129.264
31
0
0
LINE
5
F6D
330
C
100
AcDbEntity
8
0
100
AcDbLine
10
270.544
20
129.264
30
0
11
270.487
21
129.183
31
0
0
LINE
5
F6E
330
C
100
AcDbEntity
8
0
100
AcDbLine
10
270.487
20
129.183
30
0
11
270.433
21
129.097
31
0
0
LINE
5
F6F
330
C
100
AcDbEntity
8
0
100
AcDbLine
10
270.433
20
129.097
30
0
11
270.382
21
129.007
31
0
0
LINE
5
F70
330
C
100
AcDbEntity
8
0
100
AcDbLine
10
270.382
20
129.007
30
0
11
270.334
21
128.913
31
0
0
LINE
5
F71
330
C
100
AcDbEntity
8
0
100
AcDbLine
10
270.334
20
128.913
30
0
11
270.29
21
128.815
31
0
0
LINE
5
F72
330
C
100
AcDbEntity
8
0
100
AcDbLine
10
270.29
20
128.815
30
0
11
270.251
21
128.712
31
0
0
LINE
5
F73
330
C
100
AcDbEntity
8
0
100
AcDbLine
10
270.251
20
128.712
30
0
11
270.216
21
128.606
31
0
0
LINE
5
F74
330
C
100
AcDbEntity
8
0
100
AcDbLine
10
270.216
20
128.606
30
0
11
270.186
21
128.496
31
0
0
LINE
5
F75
330
C
100
AcDbEntity
8
0
100
AcDbLine
10
270.186
20
128.496
30
0
11
270.161
21
128.383
31
0
0
LINE
5
F76
330
C
100
AcDbEntity
8
0
100
AcDbLine
10
270.161
20
128.383
30
0
11
270.14
21
128.265
31
0
0
LINE
5
F77
330
C
100
AcDbEntity
8
0
100
AcDbLine
10
270.14
20
128.265
30
0
11
270.124
21
128.144
31
0
0
LINE
5
F78
330
C
100
AcDbEntity
8
0
100
AcDbLine
10
270.124
20
128.144
30
0
11
270.112
21
128.019
31
0
0
LINE
5
F79
330
C
100
AcDbEntity
8
0
100
AcDbLine
10
270.112
20
128.019
30
0
11
270.106
21
127.891
31
0
0
LINE
5
F7A
330
C
100
AcDbEntity
8
0
100
AcDbLine
10
270.106
20
127.891
30
0
11
270.103
21
127.758
31
0
0
LINE
5
F7B
330
C
100
AcDbEntity
8
0
100
AcDbLine
10
270.103
20
127.758
30
0
11
270.103
21
127.758
31
0
0
LINE
5
F7C
330
C
100
AcDbEntity
8
0
100
AcDbLine
10
270.103
20
127.758
30
0
11
270.106
21
127.623
31
0
0
LINE
5
F7D
330
C
100
AcDbEntity
8
0
100
AcDbLine
10
270.106
20
127.623
30
0
11
270.112
21
127.492
31
0
0
LINE
5
F7E
330
C
100
AcDbEntity
8
0
100
AcDbLine
10
270.112
20
127.492
30
0
11
270.124
21
127.365
31
0
0
LINE
5
F7F
330
C
100
AcDbEntity
8
0
100
AcDbLine
10
270.124
20
127.365
30
0
11
270.14
21
127.242
31
0
0
LINE
5
F80
330
C
100
AcDbEntity
8
0
100
AcDbLine
10
270.14
20
127.242
30
0
11
270.161
21
127.122
31
0
0
LINE
5
F81
330
C
100
AcDbEntity
8
0
100
AcDbLine
10
270.161
20
127.122
30
0
11
270.186
21
127.006
31
0
0
LINE
5
F82
330
C
100
AcDbEntity
8
0
100
AcDbLine
10
270.186
20
127.006
30
0
11
270.216
21
126.894
31
0
0
LINE
5
F83
330
C
100
AcDbEntity
8
0
100
AcDbLine
10
270.216
20
126.894
30
0
11
270.251
21
126.786
31
0
0
LINE
5
F84
330
C
100
AcDbEntity
8
0
100
AcDbLine
10
270.251
20
126.786
30
0
11
270.29
21
126.682
31
0
0
LINE
5
F85
330
C
100
AcDbEntity
8
0
100
AcDbLine
10
270.29
20
126.682
30
0
11
270.334
21
126.582
31
0
0
LINE
5
F86
330
C
100
AcDbEntity
8
0
100
AcDbLine
10
270.334
20
126.582
30
0
11
270.382
21
126.486
31
0
0
LINE
5
F87
330
C
100
AcDbEntity
8
0
100
AcDbLine
10
270.382
20
126.486
30
0
11
270.433
21
126.394
31
0
0
LINE
5
F88
330
C
100
AcDbEntity
8
0
100
AcDbLine
10
270.433
20
126.394
30
0
11
270.487
21
126.307
31
0
0
LINE
5
F89
330
C
100
AcDbEntity
8
0
100
AcDbLine
10
270.487
20
126.307
30
0
11
270.544
21
126.225
31
0
0
LINE
5
F8A
330
C
100
AcDbEntity
8
0
100
AcDbLine
10
270.544
20
126.225
30
0
11
270.604
21
126.147
31
0
0
LINE
5
F8B
330
C
100
AcDbEntity
8
0
100
AcDbLine
10
270.604
20
126.147
30
0
11
270.668
21
126.074
31
0
0
LINE
5
F8C
330
C
100
AcDbEntity
8
0
100
AcDbLine
10
270.668
20
126.074
30
0
11
270.734
21
126.005
31
0
0
LINE
5
F8D
330
C
100
AcDbEntity
8
0
100
AcDbLine
10
270.734
20
126.005
30
0
11
270.804
21
125.941
31
0
0
LINE
5
F8E
330
C
100
AcDbEntity
8
0
100
AcDbLine
10
270.804
20
125.941
30
0
11
270.876
21
125.881
31
0
0
LINE
5
F8F
330
C
100
AcDbEntity
8
0
100
AcDbLine
10
270.876
20
125.881
30
0
11
270.952
21
125.826
31
0
0
LINE
5
F90
330
C
100
AcDbEntity
8
0
100
AcDbLine
10
270.952
20
125.826
30
0
11
271.03
21
125.776
31
0
0
LINE
5
F91
330
C
100
AcDbEntity
8
0
100
AcDbLine
10
271.03
20
125.776
30
0
11
271.11
21
125.731
31
0
0
LINE
5
F92
330
C
100
AcDbEntity
8
0
100
AcDbLine
10
271.11
20
125.731
30
0
11
271.192
21
125.691
31
0
0
LINE
5
F93
330
C
100
AcDbEntity
8
0
100
AcDbLine
10
271.192
20
125.691
30
0
11
271.275
21
125.657
31
0
0
LINE
5
F94
330
C
100
AcDbEntity
8
0
100
AcDbLine
10
271.275
20
125.657
30
0
11
271.359
21
125.628
31
0
0
LINE
5
F95
330
C
100
AcDbEntity
8
0
100
AcDbLine
10
271.359
20
125.628
30
0
11
271.446
21
125.604
31
0
0
LINE
5
F96
330
C
100
AcDbEntity
8
0
100
AcDbLine
10
271.446
20
125.604
30
0
11
271.534
21
125.586
31
0
0
LINE
5
F97
330
C
100
AcDbEntity
8
0
100
AcDbLine
10
271.534
20
125.586
30
0
11
271.623
21
125.573
31
0
0
LINE
5
F98
330
C
100
AcDbEntity
8
0
100
AcDbLine
10
271.623
20
125.573
30
0
11
271.714
21
125.565
31
0
0
LINE
5
F99
330
C
100
AcDbEntity
8
0
100
AcDbLine
10
271.714
20
125.565
30
0
11
271.807
21
125.562
31
0
0
LINE
5
F9A
330
C
100
AcDbEntity
8
0
100
AcDbLine
10
271.807
20
125.562
30
0
11
271.807
21
125.562
31
0
0
LINE
5
F9B
330
C
100
AcDbEntity
8
0
100
AcDbLine
10
271.807
20
125.562
30
0
11
271.885
21
125.564
31
0
0
LINE
5
F9C
330
C
100
AcDbEntity
8
0
100
AcDbLine
10
271.885
20
125.564
30
0
11
271.962
21
125.57
31
0
0
LINE
5
F9D
330
C
100
AcDbEntity
8
0
100
AcDbLine
10
271.962
20
125.57
30
0
11
272.039
21
125.58
31
0
0
LINE
5
F9E
330
C
100
AcDbEntity
8
0
100
AcDbLine
10
272.039
20
125.58
30
0
11
272.115
21
125.595
31
0
0
LINE
5
F9F
330
C
100
AcDbEntity
8
0
100
AcDbLine
10
272.115
20
125.595
30
0
11
272.19
21
125.613
31
0
0
LINE
5
FA0
330
C
100
AcDbEntity
8
0
100
AcDbLine
10
272.19
20
125.613
30
0
11
272.265
21
125.635
31
0
0
LINE
5
FA1
330
C
100
AcDbEntity
8
0
100
AcDbLine
10
272.265
20
125.635
30
0
11
272.34
21
125.662
31
0
0
LINE
5
FA2
330
C
100
AcDbEntity
8
0
100
AcDbLine
10
272.34
20
125.662
30
0
11
272.414
21
125.693
31
0
0
LINE
5
FA3
330
C
100
AcDbEntity
8
0
100
AcDbLine
10
272.414
20
125.693
30
0
11
272.487
21
125.727
31
0
0
LINE
5
FA4
330
C
100
AcDbEntity
8
0
100
AcDbLine
10
272.487
20
125.727
30
0
11
272.56
21
125.766
31
0
0
LINE
5
FA5
330
C
100
AcDbEntity
8
0
100
AcDbLine
10
272.56
20
125.766
30
0
11
272.632
21
125.809
31
0
0
LINE
5
FA6
330
C
100
AcDbEntity
8
0
100
AcDbLine
10
272.632
20
125.809
30
0
11
272.7
21
125.855
31
0
0
LINE
5
FA7
330
C
100
AcDbEntity
8
0
100
AcDbLine
10
272.7
20
125.855
30
0
11
272.766
21
125.905
31
0
0
LINE
5
FA8
330
C
100
AcDbEntity
8
0
100
AcDbLine
10
272.766
20
125.905
30
0
11
272.83
21
125.959
31
0
0
LINE
5
FA9
330
C
100
AcDbEntity
8
0
100
AcDbLine
10
272.83
20
125.959
30
0
11
272.891
21
126.017
31
0
0
LINE
5
FAA
330
C
100
AcDbEntity
8
0
100
AcDbLine
10
272.891
20
126.017
30
0
11
272.949
21
126.079
31
0
0
LINE
5
FAB
330
C
100
AcDbEntity
8
0
100
AcDbLine
10
272.949
20
126.079
30
0
11
273.005
21
126.144
31
0
0
LINE
5
FAC
330
C
100
AcDbEntity
8
0
100
AcDbLine
10
273.005
20
126.144
30
0
11
273.058
21
126.213
31
0
0
LINE
5
FAD
330
C
100
AcDbEntity
8
0
100
AcDbLine
10
273.058
20
126.213
30
0
11
273.109
21
126.286
31
0
0
LINE
5
FAE
330
C
100
AcDbEntity
8
0
100
AcDbLine
10
273.109
20
126.286
30
0
11
273.157
21
126.363
31
0
0
LINE
5
FAF
330
C
100
AcDbEntity
8
0
100
AcDbLine
10
273.157
20
126.363
30
0
11
273.202
21
126.443
31
0
0
LINE
5
FB0
330
C
100
AcDbEntity
8
0
100
AcDbLine
10
273.202
20
126.443
30
0
11
273.241
21
126.527
31
0
0
LINE
5
FB1
330
C
100
AcDbEntity
8
0
100
AcDbLine
10
273.241
20
126.527
30
0
11
273.277
21
126.614
31
0
0
LINE
5
FB2
330
C
100
AcDbEntity
8
0
100
AcDbLine
10
273.277
20
126.614
30
0
11
273.307
21
126.704
31
0
0
LINE
5
FB3
330
C
100
AcDbEntity
8
0
100
AcDbLine
10
273.307
20
126.704
30
0
11
273.333
21
126.797
31
0
0
LINE
5
FB4
330
C
100
AcDbEntity
8
0
100
AcDbLine
10
273.333
20
126.797
30
0
11
273.354
21
126.894
31
0
0
LINE
5
FB5
330
C
100
AcDbEntity
8
0
100
AcDbLine
10
273.354
20
126.894
30
0
11
273.37
21
126.994
31
0
0
LINE
5
FB6
330
C
100
AcDbEntity
8
0
100
AcDbLine
10
273.37
20
126.994
30
0
11
273.382
21
127.097
31
0
0
LINE
5
FB7
330
C
100
AcDbEntity
8
0
100
AcDbLine
10
273.382
20
127.097
30
0
11
273.389
21
127.204
31
0
0
LINE
5
FB8
330
C
100
AcDbEntity
8
0
100
AcDbLine
10
273.389
20
127.204
30
0
11
273.391
21
127.314
31
0
0
LINE
5
FB9
330
C
100
AcDbEntity
8
0
100
AcDbLine
10
273.391
20
127.314
30
0
11
273.391
21
127.314
31
0
0
LINE
5
FBA
330
C
100
AcDbEntity
8
0
100
AcDbLine
10
273.391
20
127.314
30
0
11
273.751
21
127.314
31
0
0
LINE
5
FBB
330
C
100
AcDbEntity
8
0
100
AcDbLine
10
273.751
20
127.314
30
0
11
273.748
21
127.15
31
0
0
LINE
5
FBC
330
C
100
AcDbEntity
8
0
100
AcDbLine
10
273.748
20
127.15
30
0
11
273.74
21
126.991
31
0
0
LINE
5
FBD
330
C
100
AcDbEntity
8
0
100
AcDbLine
10
273.74
20
126.991
30
0
11
273.727
21
126.837
31
0
0
LINE
5
FBE
330
C
100
AcDbEntity
8
0
100
AcDbLine
10
273.727
20
126.837
30
0
11
273.708
21
126.688
31
0
0
LINE
5
FBF
330
C
100
AcDbEntity
8
0
100
AcDbLine
10
273.708
20
126.688
30
0
11
273.683
21
126.544
31
0
0
LINE
5
FC0
330
C
100
AcDbEntity
8
0
100
AcDbLine
10
273.683
20
126.544
30
0
11
273.653
21
126.405
31
0
0
LINE
5
FC1
330
C
100
AcDbEntity
8
0
100
AcDbLine
10
273.653
20
126.405
30
0
11
273.617
21
126.271
31
0
0
LINE
5
FC2
330
C
100
AcDbEntity
8
0
100
AcDbLine
10
273.617
20
126.271
30
0
11
273.576
21
126.143
31
0
0
LINE
5
FC3
330
C
100
AcDbEntity
8
0
100
AcDbLine
10
273.576
20
126.143
30
0
11
273.53
21
126.019
31
0
0
LINE
5
FC4
330
C
100
AcDbEntity
8
0
100
AcDbLine
10
273.53
20
126.019
30
0
11
273.478
21
125.901
31
0
0
LINE
5
FC5
330
C
100
AcDbEntity
8
0
100
AcDbLine
10
273.478
20
125.901
30
0
11
273.422
21
125.788
31
0
0
LINE
5
FC6
330
C
100
AcDbEntity
8
0
100
AcDbLine
10
273.422
20
125.788
30
0
11
273.361
21
125.681
31
0
0
LINE
5
FC7
330
C
100
AcDbEntity
8
0
100
AcDbLine
10
273.361
20
125.681
30
0
11
273.297
21
125.579
31
0
0
LINE
5
FC8
330
C
100
AcDbEntity
8
0
100
AcDbLine
10
273.297
20
125.579
30
0
11
273.229
21
125.482
31
0
0
LINE
5
FC9
330
C
100
AcDbEntity
8
0
100
AcDbLine
10
273.229
20
125.482
30
0
11
273.157
21
125.392
31
0
0
LINE
5
FCA
330
C
100
AcDbEntity
8
0
100
AcDbLine
10
273.157
20
125.392
30
0
11
273.081
21
125.307
31
0
0
LINE
5
FCB
330
C
100
AcDbEntity
8
0
100
AcDbLine
10
273.081
20
125.307
30
0
11
273.002
21
125.227
31
0
0
LINE
5
FCC
330
C
100
AcDbEntity
8
0
100
AcDbLine
10
273.002
20
125.227
30
0
11
272.919
21
125.153
31
0
0
LINE
5
FCD
330
C
100
AcDbEntity
8
0
100
AcDbLine
10
272.919
20
125.153
30
0
11
272.831
21
125.085
31
0
0
LINE
5
FCE
330
C
100
AcDbEntity
8
0
100
AcDbLine
10
272.831
20
125.085
30
0
11
272.74
21
125.022
31
0
0
LINE
5
FCF
330
C
100
AcDbEntity
8
0
100
AcDbLine
10
272.74
20
125.022
30
0
11
272.646
21
124.965
31
0
0
LINE
5
FD0
330
C
100
AcDbEntity
8
0
100
AcDbLine
10
272.646
20
124.965
30
0
11
272.55
21
124.914
31
0
0
LINE
5
FD1
330
C
100
AcDbEntity
8
0
100
AcDbLine
10
272.55
20
124.914
30
0
11
272.451
21
124.869
31
0
0
LINE
5
FD2
330
C
100
AcDbEntity
8
0
100
AcDbLine
10
272.451
20
124.869
30
0
11
272.35
21
124.83
31
0
0
LINE
5
FD3
330
C
100
AcDbEntity
8
0
100
AcDbLine
10
272.35
20
124.83
30
0
11
272.247
21
124.797
31
0
0
LINE
5
FD4
330
C
100
AcDbEntity
8
0
100
AcDbLine
10
272.247
20
124.797
30
0
11
272.142
21
124.77
31
0
0
LINE
5
FD5
330
C
100
AcDbEntity
8
0
100
AcDbLine
10
272.142
20
124.77
30
0
11
272.035
21
124.749
31
0
0
LINE
5
FD6
330
C
100
AcDbEntity
8
0
100
AcDbLine
10
272.035
20
124.749
30
0
11
271.925
21
124.734
31
0
0
LINE
5
FD7
330
C
100
AcDbEntity
8
0
100
AcDbLine
10
271.925
20
124.734
30
0
11
271.813
21
124.725
31
0
0
LINE
5
FD8
330
C
100
AcDbEntity
8
0
100
AcDbLine
10
271.813
20
124.725
30
0
11
271.699
21
124.722
31
0
0
LINE
5
FD9
330
C
100
AcDbEntity
8
0
100
AcDbLine
10
271.699
20
124.722
30
0
11
271.699
21
124.722
31
0
0
LINE
5
FDA
330
C
100
AcDbEntity
8
0
100
AcDbLine
10
274.327
20
124.866
30
0
11
273.547
21
124.866
31
0
0
LINE
5
FDB
330
C
100
AcDbEntity
8
0
100
AcDbLine
10
273.547
20
124.866
30
0
11
273.391
21
126.21
31
0
0
LINE
5
FDC
330
C
100
AcDbEntity
8
0
100
AcDbLine
10
273.391
20
126.21
30
0
11
273.391
21
133.05
31
0
0
LINE
5
FDD
330
C
100
AcDbEntity
8
0
100
AcDbLine
10
273.391
20
133.05
30
0
11
274.327
21
133.05
31
0
0
LINE
5
FDE
330
C
100
AcDbEntity
8
0
100
AcDbLine
10
274.327
20
133.05
30
0
11
274.327
21
124.866
31
0
0
LINE
5
FDF
330
C
100
AcDbEntity
8
0
100
AcDbLine
10
274.327
20
124.866
30
0
11
274.327
21
124.866
31
0
0
LINE
5
FE0
330
C
100
AcDbEntity
8
0
100
AcDbLine
10
278.749
20
124.722
30
0
11
278.749
21
124.722
31
0
0
LINE
5
FE1
330
C
100
AcDbEntity
8
0
100
AcDbLine
10
278.749
20
124.722
30
0
11
278.602
21
124.726
31
0
0
LINE
5
FE2
330
C
100
AcDbEntity
8
0
100
AcDbLine
10
278.602
20
124.726
30
0
11
278.458
21
124.737
31
0
0
LINE
5
FE3
330
C
100
AcDbEntity
8
0
100
AcDbLine
10
278.458
20
124.737
30
0
11
278.317
21
124.756
31
0
0
LINE
5
FE4
330
C
100
AcDbEntity
8
0
100
AcDbLine
10
278.317
20
124.756
30
0
11
278.179
21
124.783
31
0
0
LINE
5
FE5
330
C
100
AcDbEntity
8
0
100
AcDbLine
10
278.179
20
124.783
30
0
11
278.045
21
124.817
31
0
0
LINE
5
FE6
330
C
100
AcDbEntity
8
0
100
AcDbLine
10
278.045
20
124.817
30
0
11
277.914
21
124.859
31
0
0
LINE
5
FE7
330
C
100
AcDbEntity
8
0
100
AcDbLine
10
277.914
20
124.859
30
0
11
277.786
21
124.909
31
0
0
LINE
5
FE8
330
C
100
AcDbEntity
8
0
100
AcDbLine
10
277.786
20
124.909
30
0
11
277.661
21
124.966
31
0
0
LINE
5
FE9
330
C
100
AcDbEntity
8
0
100
AcDbLine
10
277.661
20
124.966
30
0
11
277.539
21
125.031
31
0
0
LINE
5
FEA
330
C
100
AcDbEntity
8
0
100
AcDbLine
10
277.539
20
125.031
30
0
11
277.42
21
125.103
31
0
0
LINE
5
FEB
330
C
100
AcDbEntity
8
0
100
AcDbLine
10
277.42
20
125.103
30
0
11
277.306
21
125.182
31
0
0
LINE
5
FEC
330
C
100
AcDbEntity
8
0
100
AcDbLine
10
277.306
20
125.182
30
0
11
277.196
21
125.267
31
0
0
LINE
5
FED
330
C
100
AcDbEntity
8
0
100
AcDbLine
10
277.196
20
125.267
30
0
11
277.091
21
125.358
31
0
0
LINE
5
FEE
330
C
100
AcDbEntity
8
0
100
AcDbLine
10
277.091
20
125.358
30
0
11
276.992
21
125.455
31
0
0
LINE
5
FEF
330
C
100
AcDbEntity
8
0
100
AcDbLine
10
276.992
20
125.455
30
0
11
276.897
21
125.558
31
0
0
LINE
5
FF0
330
C
100
AcDbEntity
8
0
100
AcDbLine
10
276.897
20
125.558
30
0
11
276.807
21
125.667
31
0
0
LINE
5
FF1
330
C
100
AcDbEntity
8
0
100
AcDbLine
10
276.807
20
125.667
30
0
11
276.722
21
125.782
31
0
0
LINE
5
FF2
330
C
100
AcDbEntity
8
0
100
AcDbLine
10
276.722
20
125.782
30
0
11
276.642
21
125.903
31
0
0
LINE
5
FF3
330
C
100
AcDbEntity
8
0
100
AcDbLine
10
276.642
20
125.903
30
0
11
276.566
21
126.029
31
0
0
LINE
5
FF4
330
C
100
AcDbEntity
8
0
100
AcDbLine
10
276.566
20
126.029
30
0
11
276.496
21
126.162
31
0
0
LINE
5
FF5
330
C
100
AcDbEntity
8
0
100
AcDbLine
10
276.496
20
126.162
30
0
11
276.432
21
126.3
31
0
0
LINE
5
FF6
330
C
100
AcDbEntity
8
0
100
AcDbLine
10
276.432
20
126.3
30
0
11
276.374
21
126.441
31
0
0
LINE
5
FF7
330
C
100
AcDbEntity
8
0
100
AcDbLine
10
276.374
20
126.441
30
0
11
276.323
21
126.587
31
0
0
LINE
5
FF8
330
C
100
AcDbEntity
8
0
100
AcDbLine
10
276.323
20
126.587
30
0
11
276.279
21
126.737
31
0
0
LINE
5
FF9
330
C
100
AcDbEntity
8
0
100
AcDbLine
10
276.279
20
126.737
30
0
11
276.242
21
126.891
31
0
0
LINE
5
FFA
330
C
100
AcDbEntity
8
0
100
AcDbLine
10
276.242
20
126.891
30
0
11
276.211
21
127.049
31
0
0
LINE
5
FFB
330
C
100
AcDbEntity
8
0
100
AcDbLine
10
276.211
20
127.049
30
0
11
276.188
21
127.211
31
0
0
LINE
5
FFC
330
C
100
AcDbEntity
8
0
100
AcDbLine
10
276.188
20
127.211
30
0
11
276.171
21
127.377
31
0
0
LINE
5
FFD
330
C
100
AcDbEntity
8
0
100
AcDbLine
10
276.171
20
127.377
30
0
11
276.161
21
127.548
31
0
0
LINE
5
FFE
330
C
100
AcDbEntity
8
0
100
AcDbLine
10
276.161
20
127.548
30
0
11
276.157
21
127.722
31
0
0
LINE
5
FFF
330
C
100
AcDbEntity
8
0
100
AcDbLine
10
276.157
20
127.722
30
0
11
276.157
21
127.722
31
0
0
LINE
5
1000
330
C
100
AcDbEntity
8
0
100
AcDbLine
10
276.157
20
127.722
30
0
11
276.161
21
127.908
31
0
0
LINE
5
1001
330
C
100
AcDbEntity
8
0
100
AcDbLine
10
276.161
20
127.908
30
0
11
276.171
21
128.088
31
0
0
LINE
5
1002
330
C
100
AcDbEntity
8
0
100
AcDbLine
10
276.171
20
128.088
30
0
11
276.187
21
128.263
31
0
0
LINE
5
1003
330
C
100
AcDbEntity
8
0
100
AcDbLine
10
276.187
20
128.263
30
0
11
276.211
21
128.433
31
0
0
LINE
5
1004
330
C
100
AcDbEntity
8
0
100
AcDbLine
10
276.211
20
128.433
30
0
11
276.241
21
128.598
31
0
0
LINE
5
1005
330
C
100
AcDbEntity
8
0
100
AcDbLine
10
276.241
20
128.598
30
0
11
276.278
21
128.757
31
0
0
LINE
5
1006
330
C
100
AcDbEntity
8
0
100
AcDbLine
10
276.278
20
128.757
30
0
11
276.322
21
128.911
31
0
0
LINE
5
1007
330
C
100
AcDbEntity
8
0
100
AcDbLine
10
276.322
20
128.911
30
0
11
276.372
21
129.06
31
0
0
LINE
5
1008
330
C
100
AcDbEntity
8
0
100
AcDbLine
10
276.372
20
129.06
30
0
11
276.429
21
129.204
31
0
0
LINE
5
1009
330
C
100
AcDbEntity
8
0
100
AcDbLine
10
276.429
20
129.204
30
0
11
276.493
21
129.342
31
0
0
LINE
5
100A
330
C
100
AcDbEntity
8
0
100
AcDbLine
10
276.493
20
129.342
30
0
11
276.563
21
129.474
31
0
0
LINE
5
100B
330
C
100
AcDbEntity
8
0
100
AcDbLine
10
276.563
20
129.474
30
0
11
276.638
21
129.601
31
0
0
LINE
5
100C
330
C
100
AcDbEntity
8
0
100
AcDbLine
10
276.638
20
129.601
30
0
11
276.717
21
129.72
31
0
0
LINE
5
100D
330
C
100
AcDbEntity
8
0
100
AcDbLine
10
276.717
20
129.72
30
0
11
276.802
21
129.834
31
0
0
LINE
5
100E
330
C
100
AcDbEntity
8
0
100
AcDbLine
10
276.802
20
129.834
30
0
11
276.891
21
129.941
31
0
0
LINE
5
100F
330
C
100
AcDbEntity
8
0
100
AcDbLine
10
276.891
20
129.941
30
0
11
276.986
21
130.042
31
0
0
LINE
5
1010
330
C
100
AcDbEntity
8
0
100
AcDbLine
10
276.986
20
130.042
30
0
11
277.086
21
130.137
31
0
0
LINE
5
1011
330
C
100
AcDbEntity
8
0
100
AcDbLine
10
277.086
20
130.137
30
0
11
277.19
21
130.225
31
0
0
LINE
5
1012
330
C
100
AcDbEntity
8
0
100
AcDbLine
10
277.19
20
130.225
30
0
11
277.3
21
130.307
31
0
0
LINE
5
1013
330
C
100
AcDbEntity
8
0
100
AcDbLine
10
277.3
20
130.307
30
0
11
277.414
21
130.383
31
0
0
LINE
5
1014
330
C
100
AcDbEntity
8
0
100
AcDbLine
10
277.414
20
130.383
30
0
11
277.533
21
130.452
31
0
0
LINE
5
1015
330
C
100
AcDbEntity
8
0
100
AcDbLine
10
277.533
20
130.452
30
0
11
277.655
21
130.514
31
0
0
LINE
5
1016
330
C
100
AcDbEntity
8
0
100
AcDbLine
10
277.655
20
130.514
30
0
11
277.78
21
130.568
31
0
0
LINE
5
1017
330
C
100
AcDbEntity
8
0
100
AcDbLine
10
277.78
20
130.568
30
0
11
277.909
21
130.615
31
0
0
LINE
5
1018
330
C
100
AcDbEntity
8
0
100
AcDbLine
10
277.909
20
130.615
30
0
11
278.04
21
130.655
31
0
0
LINE
5
1019
330
C
100
AcDbEntity
8
0
100
AcDbLine
10
278.04
20
130.655
30
0
11
278.176
21
130.688
31
0
0
LINE
5
101A
330
C
100
AcDbEntity
8
0
100
AcDbLine
10
278.176
20
130.688
30
0
11
278.314
21
130.713
31
0
0
LINE
5
101B
330
C
100
AcDbEntity
8
0
100
AcDbLine
10
278.314
20
130.713
30
0
11
278.456
21
130.731
31
0
0
LINE
5
101C
330
C
100
AcDbEntity
8
0
100
AcDbLine
10
278.456
20
130.731
30
0
11
278.601
21
130.742
31
0
0
LINE
5
101D
330
C
100
AcDbEntity
8
0
100
AcDbLine
10
278.601
20
130.742
30
0
11
278.749
21
130.746
31
0
0
LINE
5
101E
330
C
100
AcDbEntity
8
0
100
AcDbLine
10
278.749
20
130.746
30
0
11
278.749
21
130.746
31
0
0
LINE
5
101F
330
C
100
AcDbEntity
8
0
100
AcDbLine
10
278.749
20
130.746
30
0
11
278.878
21
130.743
31
0
0
LINE
5
1020
330
C
100
AcDbEntity
8
0
100
AcDbLine
10
278.878
20
130.743
30
0
11
279.003
21
130.735
31
0
0
LINE
5
1021
330
C
100
AcDbEntity
8
0
100
AcDbLine
10
279.003
20
130.735
30
0
11
279.124
21
130.722
31
0
0
LINE
5
1022
330
C
100
AcDbEntity
8
0
100
AcDbLine
10
279.124
20
130.722
30
0
11
279.242
21
130.704
31
0
0
LINE
5
1023
330
C
100
AcDbEntity
8
0
100
AcDbLine
10
279.242
20
130.704
30
0
11
279.355
21
130.68
31
0
0
LINE
5
1024
330
C
100
AcDbEntity
8
0
100
AcDbLine
10
279.355
20
130.68
30
0
11
279.465
21
130.651
31
0
0
LINE
5
1025
330
C
100
AcDbEntity
8
0
100
AcDbLine
10
279.465
20
130.651
30
0
11
279.571
21
130.617
31
0
0
LINE
5
1026
330
C
100
AcDbEntity
8
0
100
AcDbLine
10
279.571
20
130.617
30
0
11
279.673
21
130.577
31
0
0
LINE
5
1027
330
C
100
AcDbEntity
8
0
100
AcDbLine
10
279.673
20
130.577
30
0
11
279.771
21
130.532
31
0
0
LINE
5
1028
330
C
100
AcDbEntity
8
0
100
AcDbLine
10
279.771
20
130.532
30
0
11
279.865
21
130.482
31
0
0
LINE
5
1029
330
C
100
AcDbEntity
8
0
100
AcDbLine
10
279.865
20
130.482
30
0
11
279.956
21
130.427
31
0
0
LINE
5
102A
330
C
100
AcDbEntity
8
0
100
AcDbLine
10
279.956
20
130.427
30
0
11
280.043
21
130.369
31
0
0
LINE
5
102B
330
C
100
AcDbEntity
8
0
100
AcDbLine
10
280.043
20
130.369
30
0
11
280.126
21
130.307
31
0
0
LINE
5
102C
330
C
100
AcDbEntity
8
0
100
AcDbLine
10
280.126
20
130.307
30
0
11
280.206
21
130.241
31
0
0
LINE
5
102D
330
C
100
AcDbEntity
8
0
100
AcDbLine
10
280.206
20
130.241
30
0
11
280.282
21
130.172
31
0
0
LINE
5
102E
330
C
100
AcDbEntity
8
0
100
AcDbLine
10
280.282
20
130.172
30
0
11
280.355
21
130.098
31
0
0
LINE
5
102F
330
C
100
AcDbEntity
8
0
100
AcDbLine
10
280.355
20
130.098
30
0
11
280.424
21
130.021
31
0
0
LINE
5
1030
330
C
100
AcDbEntity
8
0
100
AcDbLine
10
280.424
20
130.021
30
0
11
280.489
21
129.941
31
0
0
LINE
5
1031
330
C
100
AcDbEntity
8
0
100
AcDbLine
10
280.489
20
129.941
30
0
11
280.551
21
129.856
31
0
0
LINE
5
1032
330
C
100
AcDbEntity
8
0
100
AcDbLine
10
280.551
20
129.856
30
0
11
280.609
21
129.768
31
0
0
LINE
5
1033
330
C
100
AcDbEntity
8
0
100
AcDbLine
10
280.609
20
129.768
30
0
11
280.664
21
129.677
31
0
0
LINE
5
1034
330
C
100
AcDbEntity
8
0
100
AcDbLine
10
280.664
20
129.677
30
0
11
280.715
21
129.583
31
0
0
LINE
5
1035
330
C
100
AcDbEntity
8
0
100
AcDbLine
10
280.715
20
129.583
30
0
11
280.763
21
129.487
31
0
0
LINE
5
1036
330
C
100
AcDbEntity
8
0
100
AcDbLine
10
280.763
20
129.487
30
0
11
280.807
21
129.389
31
0
0
LINE
5
1037
330
C
100
AcDbEntity
8
0
100
AcDbLine
10
280.807
20
129.389
30
0
11
280.848
21
129.289
31
0
0
LINE
5
1038
330
C
100
AcDbEntity
8
0
100
AcDbLine
10
280.848
20
129.289
30
0
11
280.886
21
129.186
31
0
0
LINE
5
1039
330
C
100
AcDbEntity
8
0
100
AcDbLine
10
280.886
20
129.186
30
0
11
280.92
21
129.081
31
0
0
LINE
5
103A
330
C
100
AcDbEntity
8
0
100
AcDbLine
10
280.92
20
129.081
30
0
11
280.951
21
128.973
31
0
0
LINE
5
103B
330
C
100
AcDbEntity
8
0
100
AcDbLine
10
280.951
20
128.973
30
0
11
280.978
21
128.863
31
0
0
LINE
5
103C
330
C
100
AcDbEntity
8
0
100
AcDbLine
10
280.978
20
128.863
30
0
11
281.002
21
128.751
31
0
0
LINE
5
103D
330
C
100
AcDbEntity
8
0
100
AcDbLine
10
281.002
20
128.751
30
0
11
281.023
21
128.637
31
0
0
LINE
5
103E
330
C
100
AcDbEntity
8
0
100
AcDbLine
10
281.023
20
128.637
30
0
11
281.04
21
128.523
31
0
0
LINE
5
103F
330
C
100
AcDbEntity
8
0
100
AcDbLine
10
281.04
20
128.523
30
0
11
281.055
21
128.407
31
0
0
LINE
5
1040
330
C
100
AcDbEntity
8
0
100
AcDbLine
10
281.055
20
128.407
30
0
11
281.066
21
128.291
31
0
0
LINE
5
1041
330
C
100
AcDbEntity
8
0
100
AcDbLine
10
281.066
20
128.291
30
0
11
281.073
21
128.174
31
0
0
LINE
5
1042
330
C
100
AcDbEntity
8
0
100
AcDbLine
10
281.073
20
128.174
30
0
11
281.078
21
128.057
31
0
0
LINE
5
1043
330
C
100
AcDbEntity
8
0
100
AcDbLine
10
281.078
20
128.057
30
0
11
281.08
21
127.938
31
0
0
LINE
5
1044
330
C
100
AcDbEntity
8
0
100
AcDbLine
10
281.08
20
127.938
30
0
11
281.078
21
127.819
31
0
0
LINE
5
1045
330
C
100
AcDbEntity
8
0
100
AcDbLine
10
281.078
20
127.819
30
0
11
281.073
21
127.699
31
0
0
LINE
5
1046
330
C
100
AcDbEntity
8
0
100
AcDbLine
10
281.073
20
127.699
30
0
11
281.065
21
127.578
31
0
0
LINE
5
1047
330
C
100
AcDbEntity
8
0
100
AcDbLine
10
281.065
20
127.578
30
0
11
281.065
21
127.578
31
0
0
LINE
5
1048
330
C
100
AcDbEntity
8
0
100
AcDbLine
10
281.065
20
127.578
30
0
11
276.913
21
127.578
31
0
0
LINE
5
1049
330
C
100
AcDbEntity
8
0
100
AcDbLine
10
276.913
20
127.578
30
0
11
276.913
21
128.154
31
0
0
LINE
5
104A
330
C
100
AcDbEntity
8
0
100
AcDbLine
10
276.913
20
128.154
30
0
11
280.447
21
128.154
31
0
0
LINE
5
104B
330
C
100
AcDbEntity
8
0
100
AcDbLine
10
280.447
20
128.154
30
0
11
280.171
21
127.974
31
0
0
LINE
5
104C
330
C
100
AcDbEntity
8
0
100
AcDbLine
10
280.171
20
127.974
30
0
11
280.174
21
128.045
31
0
0
LINE
5
104D
330
C
100
AcDbEntity
8
0
100
AcDbLine
10
280.174
20
128.045
30
0
11
280.175
21
128.116
31
0
0
LINE
5
104E
330
C
100
AcDbEntity
8
0
100
AcDbLine
10
280.175
20
128.116
30
0
11
280.175
21
128.186
31
0
0
LINE
5
104F
330
C
100
AcDbEntity
8
0
100
AcDbLine
10
280.175
20
128.186
30
0
11
280.174
21
128.257
31
0
0
LINE
5
1050
330
C
100
AcDbEntity
8
0
100
AcDbLine
10
280.174
20
128.257
30
0
11
280.17
21
128.328
31
0
0
LINE
5
1051
330
C
100
AcDbEntity
8
0
100
AcDbLine
10
280.17
20
128.328
30
0
11
280.166
21
128.399
31
0
0
LINE
5
1052
330
C
100
AcDbEntity
8
0
100
AcDbLine
10
280.166
20
128.399
30
0
11
280.16
21
128.47
31
0
0
LINE
5
1053
330
C
100
AcDbEntity
8
0
100
AcDbLine
10
280.16
20
128.47
30
0
11
280.152
21
128.54
31
0
0
LINE
5
1054
330
C
100
AcDbEntity
8
0
100
AcDbLine
10
280.152
20
128.54
30
0
11
280.143
21
128.611
31
0
0
LINE
5
1055
330
C
100
AcDbEntity
8
0
100
AcDbLine
10
280.143
20
128.611
30
0
11
280.132
21
128.682
31
0
0
LINE
5
1056
330
C
100
AcDbEntity
8
0
100
AcDbLine
10
280.132
20
128.682
30
0
11
280.12
21
128.752
31
0
0
LINE
5
1057
330
C
100
AcDbEntity
8
0
100
AcDbLine
10
280.12
20
128.752
30
0
11
280.105
21
128.821
31
0
0
LINE
5
1058
330
C
100
AcDbEntity
8
0
100
AcDbLine
10
280.105
20
128.821
30
0
11
280.089
21
128.889
31
0
0
LINE
5
1059
330
C
100
AcDbEntity
8
0
100
AcDbLine
10
280.089
20
128.889
30
0
11
280.071
21
128.956
31
0
0
LINE
5
105A
330
C
100
AcDbEntity
8
0
100
AcDbLine
10
280.071
20
128.956
30
0
11
280.05
21
129.022
31
0
0
LINE
5
105B
330
C
100
AcDbEntity
8
0
100
AcDbLine
10
280.05
20
129.022
30
0
11
280.028
21
129.086
31
0
0
LINE
5
105C
330
C
100
AcDbEntity
8
0
100
AcDbLine
10
280.028
20
129.086
30
0
11
280.004
21
129.15
31
0
0
LINE
5
105D
330
C
100
AcDbEntity
8
0
100
AcDbLine
10
280.004
20
129.15
30
0
11
279.978
21
129.212
31
0
0
LINE
5
105E
330
C
100
AcDbEntity
8
0
100
AcDbLine
10
279.978
20
129.212
30
0
11
279.949
21
129.273
31
0
0
LINE
5
105F
330
C
100
AcDbEntity
8
0
100
AcDbLine
10
279.949
20
129.273
30
0
11
279.919
21
129.333
31
0
0
LINE
5
1060
330
C
100
AcDbEntity
8
0
100
AcDbLine
10
279.919
20
129.333
30
0
11
279.887
21
129.391
31
0
0
LINE
5
1061
330
C
100
AcDbEntity
8
0
100
AcDbLine
10
279.887
20
129.391
30
0
11
279.852
21
129.447
31
0
0
LINE
5
1062
330
C
100
AcDbEntity
8
0
100
AcDbLine
10
279.852
20
129.447
30
0
11
279.814
21
129.501
31
0
0
LINE
5
1063
330
C
100
AcDbEntity
8
0
100
AcDbLine
10
279.814
20
129.501
30
0
11
279.774
21
129.552
31
0
0
LINE
5
1064
330
C
100
AcDbEntity
8
0
100
AcDbLine
10
279.774
20
129.552
30
0
11
279.732
21
129.601
31
0
0
LINE
5
1065
330
C
100
AcDbEntity
8
0
100
AcDbLine
10
279.732
20
129.601
30
0
11
279.687
21
129.647
31
0
0
LINE
5
1066
330
C
100
AcDbEntity
8
0
100
AcDbLine
10
279.687
20
129.647
30
0
11
279.639
21
129.691
31
0
0
LINE
5
1067
330
C
100
AcDbEntity
8
0
100
AcDbLine
10
279.639
20
129.691
30
0
11
279.589
21
129.733
31
0
0
LINE
5
1068
330
C
100
AcDbEntity
8
0
100
AcDbLine
10
279.589
20
129.733
30
0
11
279.536
21
129.773
31
0
0
LINE
5
1069
330
C
100
AcDbEntity
8
0
100
AcDbLine
10
279.536
20
129.773
30
0
11
279.481
21
129.81
31
0
0
LINE
5
106A
330
C
100
AcDbEntity
8
0
100
AcDbLine
10
279.481
20
129.81
30
0
11
279.423
21
129.844
31
0
0
LINE
5
106B
330
C
100
AcDbEntity
8
0
100
AcDbLine
10
279.423
20
129.844
30
0
11
279.362
21
129.875
31
0
0
LINE
5
106C
330
C
100
AcDbEntity
8
0
100
AcDbLine
10
279.362
20
129.875
30
0
11
279.298
21
129.902
31
0
0
LINE
5
106D
330
C
100
AcDbEntity
8
0
100
AcDbLine
10
279.298
20
129.902
30
0
11
279.231
21
129.925
31
0
0
LINE
5
106E
330
C
100
AcDbEntity
8
0
100
AcDbLine
10
279.231
20
129.925
30
0
11
279.16
21
129.945
31
0
0
LINE
5
106F
330
C
100
AcDbEntity
8
0
100
AcDbLine
10
279.16
20
129.945
30
0
11
279.087
21
129.961
31
0
0
LINE
5
1070
330
C
100
AcDbEntity
8
0
100
AcDbLine
10
279.087
20
129.961
30
0
11
279.01
21
129.974
31
0
0
LINE
5
1071
330
C
100
AcDbEntity
8
0
100
AcDbLine
10
279.01
20
129.974
30
0
11
278.93
21
129.983
31
0
0
LINE
5
1072
330
C
100
AcDbEntity
8
0
100
AcDbLine
10
278.93
20
129.983
30
0
11
278.847
21
129.988
31
0
0
LINE
5
1073
330
C
100
AcDbEntity
8
0
100
AcDbLine
10
278.847
20
129.988
30
0
11
278.761
21
129.99
31
0
0
LINE
5
1074
330
C
100
AcDbEntity
8
0
100
AcDbLine
10
278.761
20
129.99
30
0
11
278.761
21
129.99
31
0
0
LINE
5
1075
330
C
100
AcDbEntity
8
0
100
AcDbLine
10
278.761
20
129.99
30
0
11
278.653
21
129.987
31
0
0
LINE
5
1076
330
C
100
AcDbEntity
8
0
100
AcDbLine
10
278.653
20
129.987
30
0
11
278.548
21
129.979
31
0
0
LINE
5
1077
330
C
100
AcDbEntity
8
0
100
AcDbLine
10
278.548
20
129.979
30
0
11
278.446
21
129.965
31
0
0
LINE
5
1078
330
C
100
AcDbEntity
8
0
100
AcDbLine
10
278.446
20
129.965
30
0
11
278.348
21
129.945
31
0
0
LINE
5
1079
330
C
100
AcDbEntity
8
0
100
AcDbLine
10
278.348
20
129.945
30
0
11
278.254
21
129.919
31
0
0
LINE
5
107A
330
C
100
AcDbEntity
8
0
100
AcDbLine
10
278.254
20
129.919
30
0
11
278.164
21
129.888
31
0
0
LINE
5
107B
330
C
100
AcDbEntity
8
0
100
AcDbLine
10
278.164
20
129.888
30
0
11
278.077
21
129.852
31
0
0
LINE
5
107C
330
C
100
AcDbEntity
8
0
100
AcDbLine
10
278.077
20
129.852
30
0
11
277.993
21
129.81
31
0
0
LINE
5
107D
330
C
100
AcDbEntity
8
0
100
AcDbLine
10
277.993
20
129.81
30
0
11
277.913
21
129.762
31
0
0
LINE
5
107E
330
C
100
AcDbEntity
8
0
100
AcDbLine
10
277.913
20
129.762
30
0
11
277.837
21
129.708
31
0
0
LINE
5
107F
330
C
100
AcDbEntity
8
0
100
AcDbLine
10
277.837
20
129.708
30
0
11
277.765
21
129.65
31
0
0
LINE
5
1080
330
C
100
AcDbEntity
8
0
100
AcDbLine
10
277.765
20
129.65
30
0
11
277.696
21
129.588
31
0
0
LINE
5
1081
330
C
100
AcDbEntity
8
0
100
AcDbLine
10
277.696
20
129.588
30
0
11
277.631
21
129.523
31
0
0
LINE
5
1082
330
C
100
AcDbEntity
8
0
100
AcDbLine
10
277.631
20
129.523
30
0
11
277.569
21
129.454
31
0
0
LINE
5
1083
330
C
100
AcDbEntity
8
0
100
AcDbLine
10
277.569
20
129.454
30
0
11
277.512
21
129.382
31
0
0
LINE
5
1084
330
C
100
AcDbEntity
8
0
100
AcDbLine
10
277.512
20
129.382
30
0
11
277.458
21
129.306
31
0
0
LINE
5
1085
330
C
100
AcDbEntity
8
0
100
AcDbLine
10
277.458
20
129.306
30
0
11
277.408
21
129.226
31
0
0
LINE
5
1086
330
C
100
AcDbEntity
8
0
100
AcDbLine
10
277.408
20
129.226
30
0
11
277.361
21
129.144
31
0
0
LINE
5
1087
330
C
100
AcDbEntity
8
0
100
AcDbLine
10
277.361
20
129.144
30
0
11
277.318
21
129.057
31
0
0
LINE
5
1088
330
C
100
AcDbEntity
8
0
100
AcDbLine
10
277.318
20
129.057
30
0
11
277.279
21
128.967
31
0
0
LINE
5
1089
330
C
100
AcDbEntity
8
0
100
AcDbLine
10
277.279
20
128.967
30
0
11
277.244
21
128.874
31
0
0
LINE
5
108A
330
C
100
AcDbEntity
8
0
100
AcDbLine
10
277.244
20
128.874
30
0
11
277.212
21
128.78
31
0
0
LINE
5
108B
330
C
100
AcDbEntity
8
0
100
AcDbLine
10
277.212
20
128.78
30
0
11
277.184
21
128.685
31
0
0
LINE
5
108C
330
C
100
AcDbEntity
8
0
100
AcDbLine
10
277.184
20
128.685
30
0
11
277.16
21
128.588
31
0
0
LINE
5
108D
330
C
100
AcDbEntity
8
0
100
AcDbLine
10
277.16
20
128.588
30
0
11
277.14
21
128.489
31
0
0
LINE
5
108E
330
C
100
AcDbEntity
8
0
100
AcDbLine
10
277.14
20
128.489
30
0
11
277.123
21
128.389
31
0
0
LINE
5
108F
330
C
100
AcDbEntity
8
0
100
AcDbLine
10
277.123
20
128.389
30
0
11
277.11
21
128.288
31
0
0
LINE
5
1090
330
C
100
AcDbEntity
8
0
100
AcDbLine
10
277.11
20
128.288
30
0
11
277.101
21
128.185
31
0
0
LINE
5
1091
330
C
100
AcDbEntity
8
0
100
AcDbLine
10
277.101
20
128.185
30
0
11
277.095
21
128.08
31
0
0
LINE
5
1092
330
C
100
AcDbEntity
8
0
100
AcDbLine
10
277.095
20
128.08
30
0
11
277.093
21
127.974
31
0
0
LINE
5
1093
330
C
100
AcDbEntity
8
0
100
AcDbLine
10
277.093
20
127.974
30
0
11
277.093
21
127.974
31
0
0
LINE
5
1094
330
C
100
AcDbEntity
8
0
100
AcDbLine
10
277.093
20
127.974
30
0
11
277.093
21
127.59
31
0
0
LINE
5
1095
330
C
100
AcDbEntity
8
0
100
AcDbLine
10
277.093
20
127.59
30
0
11
277.095
21
127.471
31
0
0
LINE
5
1096
330
C
100
AcDbEntity
8
0
100
AcDbLine
10
277.095
20
127.471
30
0
11
277.101
21
127.355
31
0
0
LINE
5
1097
330
C
100
AcDbEntity
8
0
100
AcDbLine
10
277.101
20
127.355
30
0
11
277.11
21
127.241
31
0
0
LINE
5
1098
330
C
100
AcDbEntity
8
0
100
AcDbLine
10
277.11
20
127.241
30
0
11
277.122
21
127.13
31
0
0
LINE
5
1099
330
C
100
AcDbEntity
8
0
100
AcDbLine
10
277.122
20
127.13
30
0
11
277.139
21
127.022
31
0
0
LINE
5
109A
330
C
100
AcDbEntity
8
0
100
AcDbLine
10
277.139
20
127.022
30
0
11
277.159
21
126.915
31
0
0
LINE
5
109B
330
C
100
AcDbEntity
8
0
100
AcDbLine
10
277.159
20
126.915
30
0
11
277.183
21
126.812
31
0
0
LINE
5
109C
330
C
100
AcDbEntity
8
0
100
AcDbLine
10
277.183
20
126.812
30
0
11
277.21
21
126.711
31
0
0
LINE
5
109D
330
C
100
AcDbEntity
8
0
100
AcDbLine
10
277.21
20
126.711
30
0
11
277.241
21
126.612
31
0
0
LINE
5
109E
330
C
100
AcDbEntity
8
0
100
AcDbLine
10
277.241
20
126.612
30
0
11
277.276
21
126.516
31
0
0
LINE
5
109F
330
C
100
AcDbEntity
8
0
100
AcDbLine
10
277.276
20
126.516
30
0
11
277.315
21
126.423
31
0
0
LINE
5
10A0
330
C
100
AcDbEntity
8
0
100
AcDbLine
10
277.315
20
126.423
30
0
11
277.357
21
126.334
31
0
0
LINE
5
10A1
330
C
100
AcDbEntity
8
0
100
AcDbLine
10
277.357
20
126.334
30
0
11
277.402
21
126.249
31
0
0
LINE
5
10A2
330
C
100
AcDbEntity
8
0
100
AcDbLine
10
277.402
20
126.249
30
0
11
277.452
21
126.168
31
0
0
LINE
5
10A3
330
C
100
AcDbEntity
8
0
100
AcDbLine
10
277.452
20
126.168
30
0
11
277.505
21
126.091
31
0
0
LINE
5
10A4
330
C
100
AcDbEntity
8
0
100
AcDbLine
10
277.505
20
126.091
30
0
11
277.562
21
126.018
31
0
0
LINE
5
10A5
330
C
100
AcDbEntity
8
0
100
AcDbLine
10
277.562
20
126.018
30
0
11
277.622
21
125.949
31
0
0
LINE
5
10A6
330
C
100
AcDbEntity
8
0
100
AcDbLine
10
277.622
20
125.949
30
0
11
277.686
21
125.884
31
0
0
LINE
5
10A7
330
C
100
AcDbEntity
8
0
100
AcDbLine
10
277.686
20
125.884
30
0
11
277.754
21
125.823
31
0
0
LINE
5
10A8
330
C
100
AcDbEntity
8
0
100
AcDbLine
10
277.754
20
125.823
30
0
11
277.825
21
125.766
31
0
0
LINE
5
10A9
330
C
100
AcDbEntity
8
0
100
AcDbLine
10
277.825
20
125.766
30
0
11
277.9
21
125.714
31
0
0
LINE
5
10AA
330
C
100
AcDbEntity
8
0
100
AcDbLine
10
277.9
20
125.714
30
0
11
277.979
21
125.667
31
0
0
LINE
5
10AB
330
C
100
AcDbEntity
8
0
100
AcDbLine
10
277.979
20
125.667
30
0
11
278.062
21
125.625
31
0
0
LINE
5
10AC
330
C
100
AcDbEntity
8
0
100
AcDbLine
10
278.062
20
125.625
30
0
11
278.149
21
125.589
31
0
0
LINE
5
10AD
330
C
100
AcDbEntity
8
0
100
AcDbLine
10
278.149
20
125.589
30
0
11
278.239
21
125.559
31
0
0
LINE
5
10AE
330
C
100
AcDbEntity
8
0
100
AcDbLine
10
278.239
20
125.559
30
0
11
278.334
21
125.534
31
0
0
LINE
5
10AF
330
C
100
AcDbEntity
8
0
100
AcDbLine
10
278.334
20
125.534
30
0
11
278.432
21
125.515
31
0
0
LINE
5
10B0
330
C
100
AcDbEntity
8
0
100
AcDbLine
10
278.432
20
125.515
30
0
11
278.534
21
125.501
31
0
0
LINE
5
10B1
330
C
100
AcDbEntity
8
0
100
AcDbLine
10
278.534
20
125.501
30
0
11
278.64
21
125.493
31
0
0
LINE
5
10B2
330
C
100
AcDbEntity
8
0
100
AcDbLine
10
278.64
20
125.493
30
0
11
278.749
21
125.49
31
0
0
LINE
5
10B3
330
C
100
AcDbEntity
8
0
100
AcDbLine
10
278.749
20
125.49
30
0
11
278.749
21
125.49
31
0
0
LINE
5
10B4
330
C
100
AcDbEntity
8
0
100
AcDbLine
10
278.749
20
125.49
30
0
11
278.859
21
125.493
31
0
0
LINE
5
10B5
330
C
100
AcDbEntity
8
0
100
AcDbLine
10
278.859
20
125.493
30
0
11
278.964
21
125.501
31
0
0
LINE
5
10B6
330
C
100
AcDbEntity
8
0
100
AcDbLine
10
278.964
20
125.501
30
0
11
279.066
21
125.514
31
0
0
LINE
5
10B7
330
C
100
AcDbEntity
8
0
100
AcDbLine
10
279.066
20
125.514
30
0
11
279.164
21
125.533
31
0
0
LINE
5
10B8
330
C
100
AcDbEntity
8
0
100
AcDbLine
10
279.164
20
125.533
30
0
11
279.258
21
125.558
31
0
0
LINE
5
10B9
330
C
100
AcDbEntity
8
0
100
AcDbLine
10
279.258
20
125.558
30
0
11
279.348
21
125.587
31
0
0
LINE
5
10BA
330
C
100
AcDbEntity
8
0
100
AcDbLine
10
279.348
20
125.587
30
0
11
279.433
21
125.622
31
0
0
LINE
5
10BB
330
C
100
AcDbEntity
8
0
100
AcDbLine
10
279.433
20
125.622
30
0
11
279.515
21
125.663
31
0
0
LINE
5
10BC
330
C
100
AcDbEntity
8
0
100
AcDbLine
10
279.515
20
125.663
30
0
11
279.593
21
125.709
31
0
0
LINE
5
10BD
330
C
100
AcDbEntity
8
0
100
AcDbLine
10
279.593
20
125.709
30
0
11
279.667
21
125.76
31
0
0
LINE
5
10BE
330
C
100
AcDbEntity
8
0
100
AcDbLine
10
279.667
20
125.76
30
0
11
279.736
21
125.817
31
0
0
LINE
5
10BF
330
C
100
AcDbEntity
8
0
100
AcDbLine
10
279.736
20
125.817
30
0
11
279.8
21
125.878
31
0
0
LINE
5
10C0
330
C
100
AcDbEntity
8
0
100
AcDbLine
10
279.8
20
125.878
30
0
11
279.858
21
125.945
31
0
0
LINE
5
10C1
330
C
100
AcDbEntity
8
0
100
AcDbLine
10
279.858
20
125.945
30
0
11
279.91
21
126.017
31
0
0
LINE
5
10C2
330
C
100
AcDbEntity
8
0
100
AcDbLine
10
279.91
20
126.017
30
0
11
279.957
21
126.094
31
0
0
LINE
5
10C3
330
C
100
AcDbEntity
8
0
100
AcDbLine
10
279.957
20
126.094
30
0
11
279.998
21
126.177
31
0
0
LINE
5
10C4
330
C
100
AcDbEntity
8
0
100
AcDbLine
10
279.998
20
126.177
30
0
11
280.033
21
126.264
31
0
0
LINE
5
10C5
330
C
100
AcDbEntity
8
0
100
AcDbLine
10
280.033
20
126.264
30
0
11
280.063
21
126.357
31
0
0
LINE
5
10C6
330
C
100
AcDbEntity
8
0
100
AcDbLine
10
280.063
20
126.357
30
0
11
280.087
21
126.455
31
0
0
LINE
5
10C7
330
C
100
AcDbEntity
8
0
100
AcDbLine
10
280.087
20
126.455
30
0
11
280.105
21
126.558
31
0
0
LINE
5
10C8
330
C
100
AcDbEntity
8
0
100
AcDbLine
10
280.105
20
126.558
30
0
11
280.105
21
126.558
31
0
0
LINE
5
10C9
330
C
100
AcDbEntity
8
0
100
AcDbLine
10
280.105
20
126.558
30
0
11
281.077
21
126.558
31
0
0
LINE
5
10CA
330
C
100
AcDbEntity
8
0
100
AcDbLine
10
281.077
20
126.558
30
0
11
281.057
21
126.446
31
0
0
LINE
5
10CB
330
C
100
AcDbEntity
8
0
100
AcDbLine
10
281.057
20
126.446
30
0
11
281.032
21
126.336
31
0
0
LINE
5
10CC
330
C
100
AcDbEntity
8
0
100
AcDbLine
10
281.032
20
126.336
30
0
11
281.003
21
126.23
31
0
0
LINE
5
10CD
330
C
100
AcDbEntity
8
0
100
AcDbLine
10
281.003
20
126.23
30
0
11
280.969
21
126.127
31
0
0
LINE
5
10CE
330
C
100
AcDbEntity
8
0
100
AcDbLine
10
280.969
20
126.127
30
0
11
280.93
21
126.028
31
0
0
LINE
5
10CF
330
C
100
AcDbEntity
8
0
100
AcDbLine
10
280.93
20
126.028
30
0
11
280.887
21
125.931
31
0
0
LINE
5
10D0
330
C
100
AcDbEntity
8
0
100
AcDbLine
10
280.887
20
125.931
30
0
11
280.839
21
125.838
31
0
0
LINE
5
10D1
330
C
100
AcDbEntity
8
0
100
AcDbLine
10
280.839
20
125.838
30
0
11
280.787
21
125.748
31
0
0
LINE
5
10D2
330
C
100
AcDbEntity
8
0
100
AcDbLine
10
280.787
20
125.748
30
0
11
280.731
21
125.661
31
0
0
LINE
5
10D3
330
C
100
AcDbEntity
8
0
100
AcDbLine
10
280.731
20
125.661
30
0
11
280.669
21
125.577
31
0
0
LINE
5
10D4
330
C
100
AcDbEntity
8
0
100
AcDbLine
10
280.669
20
125.577
30
0
11
280.604
21
125.497
31
0
0
LINE
5
10D5
330
C
100
AcDbEntity
8
0
100
AcDbLine
10
280.604
20
125.497
30
0
11
280.535
21
125.42
31
0
0
LINE
5
10D6
330
C
100
AcDbEntity
8
0
100
AcDbLine
10
280.535
20
125.42
30
0
11
280.463
21
125.347
31
0
0
LINE
5
10D7
330
C
100
AcDbEntity
8
0
100
AcDbLine
10
280.463
20
125.347
30
0
11
280.387
21
125.278
31
0
0
LINE
5
10D8
330
C
100
AcDbEntity
8
0
100
AcDbLine
10
280.387
20
125.278
30
0
11
280.308
21
125.213
31
0
0
LINE
5
10D9
330
C
100
AcDbEntity
8
0
100
AcDbLine
10
280.308
20
125.213
30
0
11
280.225
21
125.152
31
0
0
LINE
5
10DA
330
C
100
AcDbEntity
8
0
100
AcDbLine
10
280.225
20
125.152
30
0
11
280.139
21
125.094
31
0
0
LINE
5
10DB
330
C
100
AcDbEntity
8
0
100
AcDbLine
10
280.139
20
125.094
30
0
11
280.049
21
125.04
31
0
0
LINE
5
10DC
330
C
100
AcDbEntity
8
0
100
AcDbLine
10
280.049
20
125.04
30
0
11
279.956
21
124.99
31
0
0
LINE
5
10DD
330
C
100
AcDbEntity
8
0
100
AcDbLine
10
279.956
20
124.99
30
0
11
279.859
21
124.944
31
0
0
LINE
5
10DE
330
C
100
AcDbEntity
8
0
100
AcDbLine
10
279.859
20
124.944
30
0
11
279.76
21
124.902
31
0
0
LINE
5
10DF
330
C
100
AcDbEntity
8
0
100
AcDbLine
10
279.76
20
124.902
30
0
11
279.657
21
124.864
31
0
0
LINE
5
10E0
330
C
100
AcDbEntity
8
0
100
AcDbLine
10
279.657
20
124.864
30
0
11
279.553
21
124.831
31
0
0
LINE
5
10E1
330
C
100
AcDbEntity
8
0
100
AcDbLine
10
279.553
20
124.831
30
0
11
279.445
21
124.802
31
0
0
LINE
5
10E2
330
C
100
AcDbEntity
8
0
100
AcDbLine
10
279.445
20
124.802
30
0
11
279.336
21
124.778
31
0
0
LINE
5
10E3
330
C
100
AcDbEntity
8
0
100
AcDbLine
10
279.336
20
124.778
30
0
11
279.223
21
124.758
31
0
0
LINE
5
10E4
330
C
100
AcDbEntity
8
0
100
AcDbLine
10
279.223
20
124.758
30
0
11
279.109
21
124.742
31
0
0
LINE
5
10E5
330
C
100
AcDbEntity
8
0
100
AcDbLine
10
279.109
20
124.742
30
0
11
278.991
21
124.731
31
0
0
LINE
5
10E6
330
C
100
AcDbEntity
8
0
100
AcDbLine
10
278.991
20
124.731
30
0
11
278.872
21
124.724
31
0
0
LINE
5
10E7
330
C
100
AcDbEntity
8
0
100
AcDbLine
10
278.872
20
124.724
30
0
11
278.749
21
124.722
31
0
0
LINE
5
10E8
330
C
100
AcDbEntity
8
0
100
AcDbLine
10
278.749
20
124.722
30
0
11
278.749
21
124.722
31
0
0
LINE
5
10E9
330
C
100
AcDbEntity
8
0
100
AcDbLine
10
285.271
20
124.722
30
0
11
285.271
21
124.722
31
0
0
LINE
5
10EA
330
C
100
AcDbEntity
8
0
100
AcDbLine
10
285.271
20
124.722
30
0
11
285.159
21
124.724
31
0
0
LINE
5
10EB
330
C
100
AcDbEntity
8
0
100
AcDbLine
10
285.159
20
124.724
30
0
11
285.047
21
124.728
31
0
0
LINE
5
10EC
330
C
100
AcDbEntity
8
0
100
AcDbLine
10
285.047
20
124.728
30
0
11
284.936
21
124.736
31
0
0
LINE
5
10ED
330
C
100
AcDbEntity
8
0
100
AcDbLine
10
284.936
20
124.736
30
0
11
284.826
21
124.747
31
0
0
LINE
5
10EE
330
C
100
AcDbEntity
8
0
100
AcDbLine
10
284.826
20
124.747
30
0
11
284.717
21
124.762
31
0
0
LINE
5
10EF
330
C
100
AcDbEntity
8
0
100
AcDbLine
10
284.717
20
124.762
30
0
11
284.608
21
124.779
31
0
0
LINE
5
10F0
330
C
100
AcDbEntity
8
0
100
AcDbLine
10
284.608
20
124.779
30
0
11
284.501
21
124.8
31
0
0
LINE
5
10F1
330
C
100
AcDbEntity
8
0
100
AcDbLine
10
284.501
20
124.8
30
0
11
284.394
21
124.824
31
0
0
LINE
5
10F2
330
C
100
AcDbEntity
8
0
100
AcDbLine
10
284.394
20
124.824
30
0
11
284.288
21
124.851
31
0
0
LINE
5
10F3
330
C
100
AcDbEntity
8
0
100
AcDbLine
10
284.288
20
124.851
30
0
11
284.182
21
124.881
31
0
0
LINE
5
10F4
330
C
100
AcDbEntity
8
0
100
AcDbLine
10
284.182
20
124.881
30
0
11
284.078
21
124.914
31
0
0
LINE
5
10F5
330
C
100
AcDbEntity
8
0
100
AcDbLine
10
284.078
20
124.914
30
0
11
283.977
21
124.951
31
0
0
LINE
5
10F6
330
C
100
AcDbEntity
8
0
100
AcDbLine
10
283.977
20
124.951
30
0
11
283.877
21
124.99
31
0
0
LINE
5
10F7
330
C
100
AcDbEntity
8
0
100
AcDbLine
10
283.877
20
124.99
30
0
11
283.779
21
125.032
31
0
0
LINE
5
10F8
330
C
100
AcDbEntity
8
0
100
AcDbLine
10
283.779
20
125.032
30
0
11
283.684
21
125.078
31
0
0
LINE
5
10F9
330
C
100
AcDbEntity
8
0
100
AcDbLine
10
283.684
20
125.078
30
0
11
283.591
21
125.126
31
0
0
LINE
5
10FA
330
C
100
AcDbEntity
8
0
100
AcDbLine
10
283.591
20
125.126
30
0
11
283.5
21
125.177
31
0
0
LINE
5
10FB
330
C
100
AcDbEntity
8
0
100
AcDbLine
10
283.5
20
125.177
30
0
11
283.411
21
125.231
31
0
0
LINE
5
10FC
330
C
100
AcDbEntity
8
0
100
AcDbLine
10
283.411
20
125.231
30
0
11
283.325
21
125.289
31
0
0
LINE
5
10FD
330
C
100
AcDbEntity
8
0
100
AcDbLine
10
283.325
20
125.289
30
0
11
283.24
21
125.349
31
0
0
LINE
5
10FE
330
C
100
AcDbEntity
8
0
100
AcDbLine
10
283.24
20
125.349
30
0
11
283.159
21
125.412
31
0
0
LINE
5
10FF
330
C
100
AcDbEntity
8
0
100
AcDbLine
10
283.159
20
125.412
30
0
11
283.08
21
125.478
31
0
0
LINE
5
1100
330
C
100
AcDbEntity
8
0
100
AcDbLine
10
283.08
20
125.478
30
0
11
283.006
21
125.548
31
0
0
LINE
5
1101
330
C
100
AcDbEntity
8
0
100
AcDbLine
10
283.006
20
125.548
30
0
11
282.935
21
125.62
31
0
0
LINE
5
1102
330
C
100
AcDbEntity
8
0
100
AcDbLine
10
282.935
20
125.62
30
0
11
282.867
21
125.695
31
0
0
LINE
5
1103
330
C
100
AcDbEntity
8
0
100
AcDbLine
10
282.867
20
125.695
30
0
11
282.804
21
125.773
31
0
0
LINE
5
1104
330
C
100
AcDbEntity
8
0
100
AcDbLine
10
282.804
20
125.773
30
0
11
282.743
21
125.854
31
0
0
LINE
5
1105
330
C
100
AcDbEntity
8
0
100
AcDbLine
10
282.743
20
125.854
30
0
11
282.686
21
125.937
31
0
0
LINE
5
1106
330
C
100
AcDbEntity
8
0
100
AcDbLine
10
282.686
20
125.937
30
0
11
282.633
21
126.024
31
0
0
LINE
5
1107
330
C
100
AcDbEntity
8
0
100
AcDbLine
10
282.633
20
126.024
30
0
11
282.583
21
126.114
31
0
0
LINE
5
1108
330
C
100
AcDbEntity
8
0
100
AcDbLine
10
282.583
20
126.114
30
0
11
282.538
21
126.207
31
0
0
LINE
5
1109
330
C
100
AcDbEntity
8
0
100
AcDbLine
10
282.538
20
126.207
30
0
11
282.497
21
126.302
31
0
0
LINE
5
110A
330
C
100
AcDbEntity
8
0
100
AcDbLine
10
282.497
20
126.302
30
0
11
282.461
21
126.401
31
0
0
LINE
5
110B
330
C
100
AcDbEntity
8
0
100
AcDbLine
10
282.461
20
126.401
30
0
11
282.43
21
126.502
31
0
0
LINE
5
110C
330
C
100
AcDbEntity
8
0
100
AcDbLine
10
282.43
20
126.502
30
0
11
282.403
21
126.606
31
0
0
LINE
5
110D
330
C
100
AcDbEntity
8
0
100
AcDbLine
10
282.403
20
126.606
30
0
11
282.382
21
126.713
31
0
0
LINE
5
110E
330
C
100
AcDbEntity
8
0
100
AcDbLine
10
282.382
20
126.713
30
0
11
282.365
21
126.823
31
0
0
LINE
5
110F
330
C
100
AcDbEntity
8
0
100
AcDbLine
10
282.365
20
126.823
30
0
11
282.353
21
126.936
31
0
0
LINE
5
1110
330
C
100
AcDbEntity
8
0
100
AcDbLine
10
282.353
20
126.936
30
0
11
282.346
21
127.051
31
0
0
LINE
5
1111
330
C
100
AcDbEntity
8
0
100
AcDbLine
10
282.346
20
127.051
30
0
11
282.343
21
127.17
31
0
0
LINE
5
1112
330
C
100
AcDbEntity
8
0
100
AcDbLine
10
282.343
20
127.17
30
0
11
282.343
21
127.17
31
0
0
LINE
5
1113
330
C
100
AcDbEntity
8
0
100
AcDbLine
10
282.343
20
127.17
30
0
11
283.303
21
127.17
31
0
0
LINE
5
1114
330
C
100
AcDbEntity
8
0
100
AcDbLine
10
283.303
20
127.17
30
0
11
283.308
21
127.068
31
0
0
LINE
5
1115
330
C
100
AcDbEntity
8
0
100
AcDbLine
10
283.308
20
127.068
30
0
11
283.318
21
126.97
31
0
0
LINE
5
1116
330
C
100
AcDbEntity
8
0
100
AcDbLine
10
283.318
20
126.97
30
0
11
283.333
21
126.875
31
0
0
LINE
5
1117
330
C
100
AcDbEntity
8
0
100
AcDbLine
10
283.333
20
126.875
30
0
11
283.353
21
126.783
31
0
0
LINE
5
1118
330
C
100
AcDbEntity
8
0
100
AcDbLine
10
283.353
20
126.783
30
0
11
283.378
21
126.695
31
0
0
LINE
5
1119
330
C
100
AcDbEntity
8
0
100
AcDbLine
10
283.378
20
126.695
30
0
11
283.408
21
126.609
31
0
0
LINE
5
111A
330
C
100
AcDbEntity
8
0
100
AcDbLine
10
283.408
20
126.609
30
0
11
283.443
21
126.527
31
0
0
LINE
5
111B
330
C
100
AcDbEntity
8
0
100
AcDbLine
10
283.443
20
126.527
30
0
11
283.484
21
126.448
31
0
0
LINE
5
111C
330
C
100
AcDbEntity
8
0
100
AcDbLine
10
283.484
20
126.448
30
0
11
283.529
21
126.372
31
0
0
LINE
5
111D
330
C
100
AcDbEntity
8
0
100
AcDbLine
10
283.529
20
126.372
30
0
11
283.579
21
126.3
31
0
0
LINE
5
111E
330
C
100
AcDbEntity
8
0
100
AcDbLine
10
283.579
20
126.3
30
0
11
283.634
21
126.231
31
0
0
LINE
5
111F
330
C
100
AcDbEntity
8
0
100
AcDbLine
10
283.634
20
126.231
30
0
11
283.692
21
126.165
31
0
0
LINE
5
1120
330
C
100
AcDbEntity
8
0
100
AcDbLine
10
283.692
20
126.165
30
0
11
283.754
21
126.103
31
0
0
LINE
5
1121
330
C
100
AcDbEntity
8
0
100
AcDbLine
10
283.754
20
126.103
30
0
11
283.819
21
126.045
31
0
0
LINE
5
1122
330
C
100
AcDbEntity
8
0
100
AcDbLine
10
283.819
20
126.045
30
0
11
283.887
21
125.99
31
0
0
LINE
5
1123
330
C
100
AcDbEntity
8
0
100
AcDbLine
10
283.887
20
125.99
30
0
11
283.96
21
125.938
31
0
0
LINE
5
1124
330
C
100
AcDbEntity
8
0
100
AcDbLine
10
283.96
20
125.938
30
0
11
284.036
21
125.89
31
0
0
LINE
5
1125
330
C
100
AcDbEntity
8
0
100
AcDbLine
10
284.036
20
125.89
30
0
11
284.115
21
125.845
31
0
0
LINE
5
1126
330
C
100
AcDbEntity
8
0
100
AcDbLine
10
284.115
20
125.845
30
0
11
284.198
21
125.804
31
0
0
LINE
5
1127
330
C
100
AcDbEntity
8
0
100
AcDbLine
10
284.198
20
125.804
30
0
11
284.284
21
125.766
31
0
0
LINE
5
1128
330
C
100
AcDbEntity
8
0
100
AcDbLine
10
284.284
20
125.766
30
0
11
284.373
21
125.732
31
0
0
LINE
5
1129
330
C
100
AcDbEntity
8
0
100
AcDbLine
10
284.373
20
125.732
30
0
11
284.465
21
125.701
31
0
0
LINE
5
112A
330
C
100
AcDbEntity
8
0
100
AcDbLine
10
284.465
20
125.701
30
0
11
284.558
21
125.674
31
0
0
LINE
5
112B
330
C
100
AcDbEntity
8
0
100
AcDbLine
10
284.558
20
125.674
30
0
11
284.654
21
125.651
31
0
0
LINE
5
112C
330
C
100
AcDbEntity
8
0
100
AcDbLine
10
284.654
20
125.651
30
0
11
284.751
21
125.631
31
0
0
LINE
5
112D
330
C
100
AcDbEntity
8
0
100
AcDbLine
10
284.751
20
125.631
30
0
11
284.851
21
125.615
31
0
0
LINE
5
112E
330
C
100
AcDbEntity
8
0
100
AcDbLine
10
284.851
20
125.615
30
0
11
284.953
21
125.602
31
0
0
LINE
5
112F
330
C
100
AcDbEntity
8
0
100
AcDbLine
10
284.953
20
125.602
30
0
11
285.057
21
125.593
31
0
0
LINE
5
1130
330
C
100
AcDbEntity
8
0
100
AcDbLine
10
285.057
20
125.593
30
0
11
285.163
21
125.588
31
0
0
LINE
5
1131
330
C
100
AcDbEntity
8
0
100
AcDbLine
10
285.163
20
125.588
30
0
11
285.271
21
125.586
31
0
0
LINE
5
1132
330
C
100
AcDbEntity
8
0
100
AcDbLine
10
285.271
20
125.586
30
0
11
285.271
21
125.586
31
0
0
LINE
5
1133
330
C
100
AcDbEntity
8
0
100
AcDbLine
10
285.271
20
125.586
30
0
11
285.435
21
125.59
31
0
0
LINE
5
1134
330
C
100
AcDbEntity
8
0
100
AcDbLine
10
285.435
20
125.59
30
0
11
285.592
21
125.602
31
0
0
LINE
5
1135
330
C
100
AcDbEntity
8
0
100
AcDbLine
10
285.592
20
125.602
30
0
11
285.741
21
125.623
31
0
0
LINE
5
1136
330
C
100
AcDbEntity
8
0
100
AcDbLine
10
285.741
20
125.623
30
0
11
285.883
21
125.651
31
0
0
LINE
5
1137
330
C
100
AcDbEntity
8
0
100
AcDbLine
10
285.883
20
125.651
30
0
11
286.017
21
125.688
31
0
0
LINE
5
1138
330
C
100
AcDbEntity
8
0
100
AcDbLine
10
286.017
20
125.688
30
0
11
286.143
21
125.733
31
0
0
LINE
5
1139
330
C
100
AcDbEntity
8
0
100
AcDbLine
10
286.143
20
125.733
30
0
11
286.262
21
125.786
31
0
0
LINE
5
113A
330
C
100
AcDbEntity
8
0
100
AcDbLine
10
286.262
20
125.786
30
0
11
286.373
21
125.847
31
0
0
LINE
5
113B
330
C
100
AcDbEntity
8
0
100
AcDbLine
10
286.373
20
125.847
30
0
11
286.477
21
125.916
31
0
0
LINE
5
113C
330
C
100
AcDbEntity
8
0
100
AcDbLine
10
286.477
20
125.916
30
0
11
286.573
21
125.994
31
0
0
LINE
5
113D
330
C
100
AcDbEntity
8
0
100
AcDbLine
10
286.573
20
125.994
30
0
11
286.661
21
126.078
31
0
0
LINE
5
113E
330
C
100
AcDbEntity
8
0
100
AcDbLine
10
286.661
20
126.078
30
0
11
286.74
21
126.165
31
0
0
LINE
5
113F
330
C
100
AcDbEntity
8
0
100
AcDbLine
10
286.74
20
126.165
30
0
11
286.809
21
126.257
31
0
0
LINE
5
1140
330
C
100
AcDbEntity
8
0
100
AcDbLine
10
286.809
20
126.257
30
0
11
286.869
21
126.353
31
0
0
LINE
5
1141
330
C
100
AcDbEntity
8
0
100
AcDbLine
10
286.869
20
126.353
30
0
11
286.92
21
126.453
31
0
0
LINE
5
1142
330
C
100
AcDbEntity
8
0
100
AcDbLine
10
286.92
20
126.453
30
0
11
286.961
21
126.557
31
0
0
LINE
5
1143
330
C
100
AcDbEntity
8
0
100
AcDbLine
10
286.961
20
126.557
30
0
11
286.994
21
126.665
31
0
0
LINE
5
1144
330
C
100
AcDbEntity
8
0
100
AcDbLine
10
286.994
20
126.665
30
0
11
287.017
21
126.777
31
0
0
LINE
5
1145
330
C
100
AcDbEntity
8
0
100
AcDbLine
10
287.017
20
126.777
30
0
11
287.031
21
126.894
31
0
0
LINE
5
1146
330
C
100
AcDbEntity
8
0
100
AcDbLine
10
287.031
20
126.894
30
0
11
287.035
21
127.014
31
0
0
LINE
5
1147
330
C
100
AcDbEntity
8
0
100
AcDbLine
10
287.035
20
127.014
30
0
11
287.035
21
127.014
31
0
0
LINE
5
1148
330
C
100
AcDbEntity
8
0
100
AcDbLine
10
287.035
20
127.014
30
0
11
287.033
21
127.091
31
0
0
LINE
5
1149
330
C
100
AcDbEntity
8
0
100
AcDbLine
10
287.033
20
127.091
30
0
11
287.028
21
127.166
31
0
0
LINE
5
114A
330
C
100
AcDbEntity
8
0
100
AcDbLine
10
287.028
20
127.166
30
0
11
287.018
21
127.24
31
0
0
LINE
5
114B
330
C
100
AcDbEntity
8
0
100
AcDbLine
10
287.018
20
127.24
30
0
11
287.004
21
127.312
31
0
0
LINE
5
114C
330
C
100
AcDbEntity
8
0
100
AcDbLine
10
287.004
20
127.312
30
0
11
286.987
21
127.382
31
0
0
LINE
5
114D
330
C
100
AcDbEntity
8
0
100
AcDbLine
10
286.987
20
127.382
30
0
11
286.966
21
127.45
31
0
0
LINE
5
114E
330
C
100
AcDbEntity
8
0
100
AcDbLine
10
286.966
20
127.45
30
0
11
286.941
21
127.516
31
0
0
LINE
5
114F
330
C
100
AcDbEntity
8
0
100
AcDbLine
10
286.941
20
127.516
30
0
11
286.912
21
127.58
31
0
0
LINE
5
1150
330
C
100
AcDbEntity
8
0
100
AcDbLine
10
286.912
20
127.58
30
0
11
286.88
21
127.643
31
0
0
LINE
5
1151
330
C
100
AcDbEntity
8
0
100
AcDbLine
10
286.88
20
127.643
30
0
11
286.843
21
127.704
31
0
0
LINE
5
1152
330
C
100
AcDbEntity
8
0
100
AcDbLine
10
286.843
20
127.704
30
0
11
286.803
21
127.763
31
0
0
LINE
5
1153
330
C
100
AcDbEntity
8
0
100
AcDbLine
10
286.803
20
127.763
30
0
11
286.757
21
127.819
31
0
0
LINE
5
1154
330
C
100
AcDbEntity
8
0
100
AcDbLine
10
286.757
20
127.819
30
0
11
286.708
21
127.872
31
0
0
LINE
5
1155
330
C
100
AcDbEntity
8
0
100
AcDbLine
10
286.708
20
127.872
30
0
11
286.654
21
127.923
31
0
0
LINE
5
1156
330
C
100
AcDbEntity
8
0
100
AcDbLine
10
286.654
20
127.923
30
0
11
286.595
21
127.972
31
0
0
LINE
5
1157
330
C
100
AcDbEntity
8
0
100
AcDbLine
10
286.595
20
127.972
30
0
11
286.532
21
128.018
31
0
0
LINE
5
1158
330
C
100
AcDbEntity
8
0
100
AcDbLine
10
286.532
20
128.018
30
0
11
286.464
21
128.061
31
0
0
LINE
5
1159
330
C
100
AcDbEntity
8
0
100
AcDbLine
10
286.464
20
128.061
30
0
11
286.392
21
128.101
31
0
0
LINE
5
115A
330
C
100
AcDbEntity
8
0
100
AcDbLine
10
286.392
20
128.101
30
0
11
286.315
21
128.14
31
0
0
LINE
5
115B
330
C
100
AcDbEntity
8
0
100
AcDbLine
10
286.315
20
128.14
30
0
11
286.234
21
128.175
31
0
0
LINE
5
115C
330
C
100
AcDbEntity
8
0
100
AcDbLine
10
286.234
20
128.175
30
0
11
286.148
21
128.207
31
0
0
LINE
5
115D
330
C
100
AcDbEntity
8
0
100
AcDbLine
10
286.148
20
128.207
30
0
11
286.057
21
128.237
31
0
0
LINE
5
115E
330
C
100
AcDbEntity
8
0
100
AcDbLine
10
286.057
20
128.237
30
0
11
285.961
21
128.262
31
0
0
LINE
5
115F
330
C
100
AcDbEntity
8
0
100
AcDbLine
10
285.961
20
128.262
30
0
11
285.859
21
128.284
31
0
0
LINE
5
1160
330
C
100
AcDbEntity
8
0
100
AcDbLine
10
285.859
20
128.284
30
0
11
285.752
21
128.303
31
0
0
LINE
5
1161
330
C
100
AcDbEntity
8
0
100
AcDbLine
10
285.752
20
128.303
30
0
11
285.64
21
128.319
31
0
0
LINE
5
1162
330
C
100
AcDbEntity
8
0
100
AcDbLine
10
285.64
20
128.319
30
0
11
285.523
21
128.331
31
0
0
LINE
5
1163
330
C
100
AcDbEntity
8
0
100
AcDbLine
10
285.523
20
128.331
30
0
11
285.4
21
128.339
31
0
0
LINE
5
1164
330
C
100
AcDbEntity
8
0
100
AcDbLine
10
285.4
20
128.339
30
0
11
285.272
21
128.344
31
0
0
LINE
5
1165
330
C
100
AcDbEntity
8
0
100
AcDbLine
10
285.272
20
128.344
30
0
11
285.139
21
128.346
31
0
0
LINE
5
1166
330
C
100
AcDbEntity
8
0
100
AcDbLine
10
285.139
20
128.346
30
0
11
285.139
21
128.346
31
0
0
LINE
5
1167
330
C
100
AcDbEntity
8
0
100
AcDbLine
10
285.139
20
128.346
30
0
11
284.287
21
128.346
31
0
0
LINE
5
1168
330
C
100
AcDbEntity
8
0
100
AcDbLine
10
284.287
20
128.346
30
0
11
284.287
21
129.09
31
0
0
LINE
5
1169
330
C
100
AcDbEntity
8
0
100
AcDbLine
10
284.287
20
129.09
30
0
11
284.863
21
129.09
31
0
0
LINE
5
116A
330
C
100
AcDbEntity
8
0
100
AcDbLine
10
284.863
20
129.09
30
0
11
285.035
21
129.093
31
0
0
LINE
5
116B
330
C
100
AcDbEntity
8
0
100
AcDbLine
10
285.035
20
129.093
30
0
11
285.199
21
129.104
31
0
0
LINE
5
116C
330
C
100
AcDbEntity
8
0
100
AcDbLine
10
285.199
20
129.104
30
0
11
285.355
21
129.121
31
0
0
LINE
5
116D
330
C
100
AcDbEntity
8
0
100
AcDbLine
10
285.355
20
129.121
30
0
11
285.504
21
129.146
31
0
0
LINE
5
116E
330
C
100
AcDbEntity
8
0
100
AcDbLine
10
285.504
20
129.146
30
0
11
285.646
21
129.177
31
0
0
LINE
5
116F
330
C
100
AcDbEntity
8
0
100
AcDbLine
10
285.646
20
129.177
30
0
11
285.78
21
129.215
31
0
0
LINE
5
1170
330
C
100
AcDbEntity
8
0
100
AcDbLine
10
285.78
20
129.215
30
0
11
285.907
21
129.261
31
0
0
LINE
5
1171
330
C
100
AcDbEntity
8
0
100
AcDbLine
10
285.907
20
129.261
30
0
11
286.027
21
129.313
31
0
0
LINE
5
1172
330
C
100
AcDbEntity
8
0
100
AcDbLine
10
286.027
20
129.313
30
0
11
286.139
21
129.372
31
0
0
LINE
5
1173
330
C
100
AcDbEntity
8
0
100
AcDbLine
10
286.139
20
129.372
30
0
11
286.243
21
129.438
31
0
0
LINE
5
1174
330
C
100
AcDbEntity
8
0
100
AcDbLine
10
286.243
20
129.438
30
0
11
286.339
21
129.51
31
0
0
LINE
5
1175
330
C
100
AcDbEntity
8
0
100
AcDbLine
10
286.339
20
129.51
30
0
11
286.425
21
129.588
31
0
0
LINE
5
1176
330
C
100
AcDbEntity
8
0
100
AcDbLine
10
286.425
20
129.588
30
0
11
286.5
21
129.671
31
0
0
LINE
5
1177
330
C
100
AcDbEntity
8
0
100
AcDbLine
10
286.5
20
129.671
30
0
11
286.566
21
129.759
31
0
0
LINE
5
1178
330
C
100
AcDbEntity
8
0
100
AcDbLine
10
286.566
20
129.759
30
0
11
286.621
21
129.852
31
0
0
LINE
5
1179
330
C
100
AcDbEntity
8
0
100
AcDbLine
10
286.621
20
129.852
30
0
11
286.667
21
129.951
31
0
0
LINE
5
117A
330
C
100
AcDbEntity
8
0
100
AcDbLine
10
286.667
20
129.951
30
0
11
286.702
21
130.055
31
0
0
LINE
5
117B
330
C
100
AcDbEntity
8
0
100
AcDbLine
10
286.702
20
130.055
30
0
11
286.727
21
130.164
31
0
0
LINE
5
117C
330
C
100
AcDbEntity
8
0
100
AcDbLine
10
286.727
20
130.164
30
0
11
286.742
21
130.278
31
0
0
LINE
5
117D
330
C
100
AcDbEntity
8
0
100
AcDbLine
10
286.742
20
130.278
30
0
11
286.747
21
130.398
31
0
0
LINE
5
117E
330
C
100
AcDbEntity
8
0
100
AcDbLine
10
286.747
20
130.398
30
0
11
286.747
21
130.398
31
0
0
LINE
5
117F
330
C
100
AcDbEntity
8
0
100
AcDbLine
10
286.747
20
130.398
30
0
11
286.743
21
130.504
31
0
0
LINE
5
1180
330
C
100
AcDbEntity
8
0
100
AcDbLine
10
286.743
20
130.504
30
0
11
286.731
21
130.607
31
0
0
LINE
5
1181
330
C
100
AcDbEntity
8
0
100
AcDbLine
10
286.731
20
130.607
30
0
11
286.71
21
130.707
31
0
0
LINE
5
1182
330
C
100
AcDbEntity
8
0
100
AcDbLine
10
286.71
20
130.707
30
0
11
286.682
21
130.803
31
0
0
LINE
5
1183
330
C
100
AcDbEntity
8
0
100
AcDbLine
10
286.682
20
130.803
30
0
11
286.645
21
130.896
31
0
0
LINE
5
1184
330
C
100
AcDbEntity
8
0
100
AcDbLine
10
286.645
20
130.896
30
0
11
286.6
21
130.986
31
0
0
LINE
5
1185
330
C
100
AcDbEntity
8
0
100
AcDbLine
10
286.6
20
130.986
30
0
11
286.547
21
131.072
31
0
0
LINE
5
1186
330
C
100
AcDbEntity
8
0
100
AcDbLine
10
286.547
20
131.072
30
0
11
286.486
21
131.154
31
0
0
LINE
5
1187
330
C
100
AcDbEntity
8
0
100
AcDbLine
10
286.486
20
131.154
30
0
11
286.417
21
131.234
31
0
0
LINE
5
1188
330
C
100
AcDbEntity
8
0
100
AcDbLine
10
286.417
20
131.234
30
0
11
286.339
21
131.31
31
0
0
LINE
5
1189
330
C
100
AcDbEntity
8
0
100
AcDbLine
10
286.339
20
131.31
30
0
11
286.254
21
131.381
31
0
0
LINE
5
118A
330
C
100
AcDbEntity
8
0
100
AcDbLine
10
286.254
20
131.381
30
0
11
286.162
21
131.444
31
0
0
LINE
5
118B
330
C
100
AcDbEntity
8
0
100
AcDbLine
10
286.162
20
131.444
30
0
11
286.063
21
131.5
31
0
0
LINE
5
118C
330
C
100
AcDbEntity
8
0
100
AcDbLine
10
286.063
20
131.5
30
0
11
285.957
21
131.548
31
0
0
LINE
5
118D
330
C
100
AcDbEntity
8
0
100
AcDbLine
10
285.957
20
131.548
30
0
11
285.844
21
131.589
31
0
0
LINE
5
118E
330
C
100
AcDbEntity
8
0
100
AcDbLine
10
285.844
20
131.589
30
0
11
285.724
21
131.622
31
0
0
LINE
5
118F
330
C
100
AcDbEntity
8
0
100
AcDbLine
10
285.724
20
131.622
30
0
11
285.597
21
131.649
31
0
0
LINE
5
1190
330
C
100
AcDbEntity
8
0
100
AcDbLine
10
285.597
20
131.649
30
0
11
285.464
21
131.667
31
0
0
LINE
5
1191
330
C
100
AcDbEntity
8
0
100
AcDbLine
10
285.464
20
131.667
30
0
11
285.323
21
131.678
31
0
0
LINE
5
1192
330
C
100
AcDbEntity
8
0
100
AcDbLine
10
285.323
20
131.678
30
0
11
285.175
21
131.682
31
0
0
LINE
5
1193
330
C
100
AcDbEntity
8
0
100
AcDbLine
10
285.175
20
131.682
30
0
11
285.175
21
131.682
31
0
0
LINE
5
1194
330
C
100
AcDbEntity
8
0
100
AcDbLine
10
285.175
20
131.682
30
0
11
285.06
21
131.68
31
0
0
LINE
5
1195
330
C
100
AcDbEntity
8
0
100
AcDbLine
10
285.06
20
131.68
30
0
11
284.947
21
131.673
31
0
0
LINE
5
1196
330
C
100
AcDbEntity
8
0
100
AcDbLine
10
284.947
20
131.673
30
0
11
284.837
21
131.661
31
0
0
LINE
5
1197
330
C
100
AcDbEntity
8
0
100
AcDbLine
10
284.837
20
131.661
30
0
11
284.73
21
131.644
31
0
0
LINE
5
1198
330
C
100
AcDbEntity
8
0
100
AcDbLine
10
284.73
20
131.644
30
0
11
284.625
21
131.623
31
0
0
LINE
5
1199
330
C
100
AcDbEntity
8
0
100
AcDbLine
10
284.625
20
131.623
30
0
11
284.522
21
131.597
31
0
0
LINE
5
119A
330
C
100
AcDbEntity
8
0
100
AcDbLine
10
284.522
20
131.597
30
0
11
284.422
21
131.566
31
0
0
LINE
5
119B
330
C
100
AcDbEntity
8
0
100
AcDbLine
10
284.422
20
131.566
30
0
11
284.325
21
131.53
31
0
0
LINE
5
119C
330
C
100
AcDbEntity
8
0
100
AcDbLine
10
284.325
20
131.53
30
0
11
284.23
21
131.49
31
0
0
LINE
5
119D
330
C
100
AcDbEntity
8
0
100
AcDbLine
10
284.23
20
131.49
30
0
11
284.137
21
131.445
31
0
0
LINE
5
119E
330
C
100
AcDbEntity
8
0
100
AcDbLine
10
284.137
20
131.445
30
0
11
284.049
21
131.394
31
0
0
LINE
5
119F
330
C
100
AcDbEntity
8
0
100
AcDbLine
10
284.049
20
131.394
30
0
11
283.967
21
131.334
31
0
0
LINE
5
11A0
330
C
100
AcDbEntity
8
0
100
AcDbLine
10
283.967
20
131.334
30
0
11
283.89
21
131.267
31
0
0
LINE
5
11A1
330
C
100
AcDbEntity
8
0
100
AcDbLine
10
283.89
20
131.267
30
0
11
283.819
21
131.193
31
0
0
LINE
5
11A2
330
C
100
AcDbEntity
8
0
100
AcDbLine
10
283.819
20
131.193
30
0
11
283.755
21
131.11
31
0
0
LINE
5
11A3
330
C
100
AcDbEntity
8
0
100
AcDbLine
10
283.755
20
131.11
30
0
11
283.696
21
131.019
31
0
0
LINE
5
11A4
330
C
100
AcDbEntity
8
0
100
AcDbLine
10
283.696
20
131.019
30
0
11
283.643
21
130.921
31
0
0
LINE
5
11A5
330
C
100
AcDbEntity
8
0
100
AcDbLine
10
283.643
20
130.921
30
0
11
283.596
21
130.814
31
0
0
LINE
5
11A6
330
C
100
AcDbEntity
8
0
100
AcDbLine
10
283.596
20
130.814
30
0
11
283.555
21
130.7
31
0
0
LINE
5
11A7
330
C
100
AcDbEntity
8
0
100
AcDbLine
10
283.555
20
130.7
30
0
11
283.519
21
130.578
31
0
0
LINE
5
11A8
330
C
100
AcDbEntity
8
0
100
AcDbLine
10
283.519
20
130.578
30
0
11
283.519
21
130.578
31
0
0
LINE
5
11A9
330
C
100
AcDbEntity
8
0
100
AcDbLine
10
283.519
20
130.578
30
0
11
282.559
21
130.578
31
0
0
LINE
5
11AA
330
C
100
AcDbEntity
8
0
100
AcDbLine
10
282.559
20
130.578
30
0
11
282.581
21
130.716
31
0
0
LINE
5
11AB
330
C
100
AcDbEntity
8
0
100
AcDbLine
10
282.581
20
130.716
30
0
11
282.608
21
130.848
31
0
0
LINE
5
11AC
330
C
100
AcDbEntity
8
0
100
AcDbLine
10
282.608
20
130.848
30
0
11
282.641
21
130.975
31
0
0
LINE
5
11AD
330
C
100
AcDbEntity
8
0
100
AcDbLine
10
282.641
20
130.975
30
0
11
282.678
21
131.096
31
0
0
LINE
5
11AE
330
C
100
AcDbEntity
8
0
100
AcDbLine
10
282.678
20
131.096
30
0
11
282.721
21
131.213
31
0
0
LINE
5
11AF
330
C
100
AcDbEntity
8
0
100
AcDbLine
10
282.721
20
131.213
30
0
11
282.769
21
131.323
31
0
0
LINE
5
11B0
330
C
100
AcDbEntity
8
0
100
AcDbLine
10
282.769
20
131.323
30
0
11
282.823
21
131.428
31
0
0
LINE
5
11B1
330
C
100
AcDbEntity
8
0
100
AcDbLine
10
282.823
20
131.428
30
0
11
282.882
21
131.528
31
0
0
LINE
5
11B2
330
C
100
AcDbEntity
8
0
100
AcDbLine
10
282.882
20
131.528
30
0
11
282.946
21
131.623
31
0
0
LINE
5
11B3
330
C
100
AcDbEntity
8
0
100
AcDbLine
10
282.946
20
131.623
30
0
11
283.015
21
131.712
31
0
0
LINE
5
11B4
330
C
100
AcDbEntity
8
0
100
AcDbLine
10
283.015
20
131.712
30
0
11
283.089
21
131.796
31
0
0
LINE
5
11B5
330
C
100
AcDbEntity
8
0
100
AcDbLine
10
283.089
20
131.796
30
0
11
283.167
21
131.875
31
0
0
LINE
5
11B6
330
C
100
AcDbEntity
8
0
100
AcDbLine
10
283.167
20
131.875
30
0
11
283.248
21
131.95
31
0
0
LINE
5
11B7
330
C
100
AcDbEntity
8
0
100
AcDbLine
10
283.248
20
131.95
30
0
11
283.334
21
132.02
31
0
0
LINE
5
11B8
330
C
100
AcDbEntity
8
0
100
AcDbLine
10
283.334
20
132.02
30
0
11
283.423
21
132.085
31
0
0
LINE
5
11B9
330
C
100
AcDbEntity
8
0
100
AcDbLine
10
283.423
20
132.085
30
0
11
283.516
21
132.145
31
0
0
LINE
5
11BA
330
C
100
AcDbEntity
8
0
100
AcDbLine
10
283.516
20
132.145
30
0
11
283.613
21
132.201
31
0
0
LINE
5
11BB
330
C
100
AcDbEntity
8
0
100
AcDbLine
10
283.613
20
132.201
30
0
11
283.714
21
132.252
31
0
0
LINE
5
11BC
330
C
100
AcDbEntity
8
0
100
AcDbLine
10
283.714
20
132.252
30
0
11
283.819
21
132.298
31
0
0
LINE
5
11BD
330
C
100
AcDbEntity
8
0
100
AcDbLine
10
283.819
20
132.298
30
0
11
283.927
21
132.339
31
0
0
LINE
5
11BE
330
C
100
AcDbEntity
8
0
100
AcDbLine
10
283.927
20
132.339
30
0
11
284.039
21
132.376
31
0
0
LINE
5
11BF
330
C
100
AcDbEntity
8
0
100
AcDbLine
10
284.039
20
132.376
30
0
11
284.153
21
132.409
31
0
0
LINE
5
11C0
330
C
100
AcDbEntity
8
0
100
AcDbLine
10
284.153
20
132.409
30
0
11
284.269
21
132.438
31
0
0
LINE
5
11C1
330
C
100
AcDbEntity
8
0
100
AcDbLine
10
284.269
20
132.438
30
0
11
284.388
21
132.464
31
0
0
LINE
5
11C2
330
C
100
AcDbEntity
8
0
100
AcDbLine
10
284.388
20
132.464
30
0
11
284.509
21
132.485
31
0
0
LINE
5
11C3
330
C
100
AcDbEntity
8
0
100
AcDbLine
10
284.509
20
132.485
30
0
11
284.633
21
132.503
31
0
0
LINE
5
11C4
330
C
100
AcDbEntity
8
0
100
AcDbLine
10
284.633
20
132.503
30
0
11
284.759
21
132.516
31
0
0
LINE
5
11C5
330
C
100
AcDbEntity
8
0
100
AcDbLine
10
284.759
20
132.516
30
0
11
284.887
21
132.526
31
0
0
LINE
5
11C6
330
C
100
AcDbEntity
8
0
100
AcDbLine
10
284.887
20
132.526
30
0
11
285.018
21
132.532
31
0
0
LINE
5
11C7
330
C
100
AcDbEntity
8
0
100
AcDbLine
10
285.018
20
132.532
30
0
11
285.151
21
132.534
31
0
0
LINE
5
11C8
330
C
100
AcDbEntity
8
0
100
AcDbLine
10
285.151
20
132.534
30
0
11
285.151
21
132.534
31
0
0
LINE
5
11C9
330
C
100
AcDbEntity
8
0
100
AcDbLine
10
285.151
20
132.534
30
0
11
285.3
21
132.531
31
0
0
LINE
5
11CA
330
C
100
AcDbEntity
8
0
100
AcDbLine
10
285.3
20
132.531
30
0
11
285.445
21
132.523
31
0
0
LINE
5
11CB
330
C
100
AcDbEntity
8
0
100
AcDbLine
10
285.445
20
132.523
30
0
11
285.587
21
132.51
31
0
0
LINE
5
11CC
330
C
100
AcDbEntity
8
0
100
AcDbLine
10
285.587
20
132.51
30
0
11
285.725
21
132.492
31
0
0
LINE
5
11CD
330
C
100
AcDbEntity
8
0
100
AcDbLine
10
285.725
20
132.492
30
0
11
285.861
21
132.468
31
0
0
LINE
5
11CE
330
C
100
AcDbEntity
8
0
100
AcDbLine
10
285.861
20
132.468
30
0
11
285.993
21
132.439
31
0
0
LINE
5
11CF
330
C
100
AcDbEntity
8
0
100
AcDbLine
10
285.993
20
132.439
30
0
11
286.122
21
132.405
31
0
0
LINE
5
11D0
330
C
100
AcDbEntity
8
0
100
AcDbLine
10
286.122
20
132.405
30
0
11
286.248
21
132.365
31
0
0
LINE
5
11D1
330
C
100
AcDbEntity
8
0
100
AcDbLine
10
286.248
20
132.365
30
0
11
286.37
21
132.32
31
0
0
LINE
5
11D2
330
C
100
AcDbEntity
8
0
100
AcDbLine
10
286.37
20
132.32
30
0
11
286.489
21
132.27
31
0
0
LINE
5
11D3
330
C
100
AcDbEntity
8
0
100
AcDbLine
10
286.489
20
132.27
30
0
11
286.604
21
132.215
31
0
0
LINE
5
11D4
330
C
100
AcDbEntity
8
0
100
AcDbLine
10
286.604
20
132.215
30
0
11
286.714
21
132.156
31
0
0
LINE
5
11D5
330
C
100
AcDbEntity
8
0
100
AcDbLine
10
286.714
20
132.156
30
0
11
286.82
21
132.094
31
0
0
LINE
5
11D6
330
C
100
AcDbEntity
8
0
100
AcDbLine
10
286.82
20
132.094
30
0
11
286.92
21
132.027
31
0
0
LINE
5
11D7
330
C
100
AcDbEntity
8
0
100
AcDbLine
10
286.92
20
132.027
30
0
11
287.015
21
131.957
31
0
0
LINE
5
11D8
330
C
100
AcDbEntity
8
0
100
AcDbLine
10
287.015
20
131.957
30
0
11
287.105
21
131.882
31
0
0
LINE
5
11D9
330
C
100
AcDbEntity
8
0
100
AcDbLine
10
287.105
20
131.882
30
0
11
287.19
21
131.803
31
0
0
LINE
5
11DA
330
C
100
AcDbEntity
8
0
100
AcDbLine
10
287.19
20
131.803
30
0
11
287.271
21
131.721
31
0
0
LINE
5
11DB
330
C
100
AcDbEntity
8
0
100
AcDbLine
10
287.271
20
131.721
30
0
11
287.346
21
131.634
31
0
0
LINE
5
11DC
330
C
100
AcDbEntity
8
0
100
AcDbLine
10
287.346
20
131.634
30
0
11
287.416
21
131.544
31
0
0
LINE
5
11DD
330
C
100
AcDbEntity
8
0
100
AcDbLine
10
287.416
20
131.544
30
0
11
287.481
21
131.45
31
0
0
LINE
5
11DE
330
C
100
AcDbEntity
8
0
100
AcDbLine
10
287.481
20
131.45
30
0
11
287.538
21
131.354
31
0
0
LINE
5
11DF
330
C
100
AcDbEntity
8
0
100
AcDbLine
10
287.538
20
131.354
30
0
11
287.589
21
131.254
31
0
0
LINE
5
11E0
330
C
100
AcDbEntity
8
0
100
AcDbLine
10
287.589
20
131.254
30
0
11
287.633
21
131.152
31
0
0
LINE
5
11E1
330
C
100
AcDbEntity
8
0
100
AcDbLine
10
287.633
20
131.152
30
0
11
287.67
21
131.048
31
0
0
LINE
5
11E2
330
C
100
AcDbEntity
8
0
100
AcDbLine
10
287.67
20
131.048
30
0
11
287.701
21
130.94
31
0
0
LINE
5
11E3
330
C
100
AcDbEntity
8
0
100
AcDbLine
10
287.701
20
130.94
30
0
11
287.725
21
130.83
31
0
0
LINE
5
11E4
330
C
100
AcDbEntity
8
0
100
AcDbLine
10
287.725
20
130.83
30
0
11
287.742
21
130.716
31
0
0
LINE
5
11E5
330
C
100
AcDbEntity
8
0
100
AcDbLine
10
287.742
20
130.716
30
0
11
287.752
21
130.601
31
0
0
LINE
5
11E6
330
C
100
AcDbEntity
8
0
100
AcDbLine
10
287.752
20
130.601
30
0
11
287.755
21
130.482
31
0
0
LINE
5
11E7
330
C
100
AcDbEntity
8
0
100
AcDbLine
10
287.755
20
130.482
30
0
11
287.755
21
130.482
31
0
0
LINE
5
11E8
330
C
100
AcDbEntity
8
0
100
AcDbLine
10
287.755
20
130.482
30
0
11
287.752
21
130.365
31
0
0
LINE
5
11E9
330
C
100
AcDbEntity
8
0
100
AcDbLine
10
287.752
20
130.365
30
0
11
287.742
21
130.251
31
0
0
LINE
5
11EA
330
C
100
AcDbEntity
8
0
100
AcDbLine
10
287.742
20
130.251
30
0
11
287.725
21
130.141
31
0
0
LINE
5
11EB
330
C
100
AcDbEntity
8
0
100
AcDbLine
10
287.725
20
130.141
30
0
11
287.701
21
130.034
31
0
0
LINE
5
11EC
330
C
100
AcDbEntity
8
0
100
AcDbLine
10
287.701
20
130.034
30
0
11
287.67
21
129.931
31
0
0
LINE
5
11ED
330
C
100
AcDbEntity
8
0
100
AcDbLine
10
287.67
20
129.931
30
0
11
287.633
21
129.831
31
0
0
LINE
5
11EE
330
C
100
AcDbEntity
8
0
100
AcDbLine
10
287.633
20
129.831
30
0
11
287.589
21
129.734
31
0
0
LINE
5
11EF
330
C
100
AcDbEntity
8
0
100
AcDbLine
10
287.589
20
129.734
30
0
11
287.538
21
129.641
31
0
0
LINE
5
11F0
330
C
100
AcDbEntity
8
0
100
AcDbLine
10
287.538
20
129.641
30
0
11
287.481
21
129.551
31
0
0
LINE
5
11F1
330
C
100
AcDbEntity
8
0
100
AcDbLine
10
287.481
20
129.551
30
0
11
287.416
21
129.465
31
0
0
LINE
5
11F2
330
C
100
AcDbEntity
8
0
100
AcDbLine
10
287.416
20
129.465
30
0
11
287.345
21
129.382
31
0
0
LINE
5
11F3
330
C
100
AcDbEntity
8
0
100
AcDbLine
10
287.345
20
129.382
30
0
11
287.268
21
129.304
31
0
0
LINE
5
11F4
330
C
100
AcDbEntity
8
0
100
AcDbLine
10
287.268
20
129.304
30
0
11
287.186
21
129.229
31
0
0
LINE
5
11F5
330
C
100
AcDbEntity
8
0
100
AcDbLine
10
287.186
20
129.229
30
0
11
287.097
21
129.158
31
0
0
LINE
5
11F6
330
C
100
AcDbEntity
8
0
100
AcDbLine
10
287.097
20
129.158
30
0
11
287.001
21
129.091
31
0
0
LINE
5
11F7
330
C
100
AcDbEntity
8
0
100
AcDbLine
10
287.001
20
129.091
30
0
11
286.9
21
129.028
31
0
0
LINE
5
11F8
330
C
100
AcDbEntity
8
0
100
AcDbLine
10
286.9
20
129.028
30
0
11
286.793
21
128.968
31
0
0
LINE
5
11F9
330
C
100
AcDbEntity
8
0
100
AcDbLine
10
286.793
20
128.968
30
0
11
286.68
21
128.913
31
0
0
LINE
5
11FA
330
C
100
AcDbEntity
8
0
100
AcDbLine
10
286.68
20
128.913
30
0
11
286.561
21
128.862
31
0
0
LINE
5
11FB
330
C
100
AcDbEntity
8
0
100
AcDbLine
10
286.561
20
128.862
30
0
11
286.435
21
128.814
31
0
0
LINE
5
11FC
330
C
100
AcDbEntity
8
0
100
AcDbLine
10
286.435
20
128.814
30
0
11
286.435
21
128.814
31
0
0
LINE
5
11FD
330
C
100
AcDbEntity
8
0
100
AcDbLine
10
286.435
20
128.814
30
0
11
286.575
21
128.771
31
0
0
LINE
5
11FE
330
C
100
AcDbEntity
8
0
100
AcDbLine
10
286.575
20
128.771
30
0
11
286.71
21
128.722
31
0
0
LINE
5
11FF
330
C
100
AcDbEntity
8
0
100
AcDbLine
10
286.71
20
128.722
30
0
11
286.84
21
128.668
31
0
0
LINE
5
1200
330
C
100
AcDbEntity
8
0
100
AcDbLine
10
286.84
20
128.668
30
0
11
286.965
21
128.609
31
0
0
LINE
5
1201
330
C
100
AcDbEntity
8
0
100
AcDbLine
10
286.965
20
128.609
30
0
11
287.084
21
128.544
31
0
0
LINE
5
1202
330
C
100
AcDbEntity
8
0
100
AcDbLine
10
287.084
20
128.544
30
0
11
287.198
21
128.474
31
0
0
LINE
5
1203
330
C
100
AcDbEntity
8
0
100
AcDbLine
10
287.198
20
128.474
30
0
11
287.307
21
128.399
31
0
0
LINE
5
1204
330
C
100
AcDbEntity
8
0
100
AcDbLine
10
287.307
20
128.399
30
0
11
287.411
21
128.319
31
0
0
LINE
5
1205
330
C
100
AcDbEntity
8
0
100
AcDbLine
10
287.411
20
128.319
30
0
11
287.509
21
128.233
31
0
0
LINE
5
1206
330
C
100
AcDbEntity
8
0
100
AcDbLine
10
287.509
20
128.233
30
0
11
287.602
21
128.142
31
0
0
LINE
5
1207
330
C
100
AcDbEntity
8
0
100
AcDbLine
10
287.602
20
128.142
30
0
11
287.688
21
128.046
31
0
0
LINE
5
1208
330
C
100
AcDbEntity
8
0
100
AcDbLine
10
287.688
20
128.046
30
0
11
287.765
21
127.944
31
0
0
LINE
5
1209
330
C
100
AcDbEntity
8
0
100
AcDbLine
10
287.765
20
127.944
30
0
11
287.833
21
127.837
31
0
0
LINE
5
120A
330
C
100
AcDbEntity
8
0
100
AcDbLine
10
287.833
20
127.837
30
0
11
287.892
21
127.725
31
0
0
LINE
5
120B
330
C
100
AcDbEntity
8
0
100
AcDbLine
10
287.892
20
127.725
30
0
11
287.942
21
127.608
31
0
0
LINE
5
120C
330
C
100
AcDbEntity
8
0
100
AcDbLine
10
287.942
20
127.608
30
0
11
287.983
21
127.485
31
0
0
LINE
5
120D
330
C
100
AcDbEntity
8
0
100
AcDbLine
10
287.983
20
127.485
30
0
11
288.014
21
127.357
31
0
0
LINE
5
120E
330
C
100
AcDbEntity
8
0
100
AcDbLine
10
288.014
20
127.357
30
0
11
288.037
21
127.224
31
0
0
LINE
5
120F
330
C
100
AcDbEntity
8
0
100
AcDbLine
10
288.037
20
127.224
30
0
11
288.051
21
127.086
31
0
0
LINE
5
1210
330
C
100
AcDbEntity
8
0
100
AcDbLine
10
288.051
20
127.086
30
0
11
288.055
21
126.942
31
0
0
LINE
5
1211
330
C
100
AcDbEntity
8
0
100
AcDbLine
10
288.055
20
126.942
30
0
11
288.055
21
126.942
31
0
0
LINE
5
1212
330
C
100
AcDbEntity
8
0
100
AcDbLine
10
288.055
20
126.942
30
0
11
288.052
21
126.814
31
0
0
LINE
5
1213
330
C
100
AcDbEntity
8
0
100
AcDbLine
10
288.052
20
126.814
30
0
11
288.042
21
126.689
31
0
0
LINE
5
1214
330
C
100
AcDbEntity
8
0
100
AcDbLine
10
288.042
20
126.689
30
0
11
288.025
21
126.566
31
0
0
LINE
5
1215
330
C
100
AcDbEntity
8
0
100
AcDbLine
10
288.025
20
126.566
30
0
11
288.001
21
126.447
31
0
0
LINE
5
1216
330
C
100
AcDbEntity
8
0
100
AcDbLine
10
288.001
20
126.447
30
0
11
287.97
21
126.331
31
0
0
LINE
5
1217
330
C
100
AcDbEntity
8
0
100
AcDbLine
10
287.97
20
126.331
30
0
11
287.933
21
126.217
31
0
0
LINE
5
1218
330
C
100
AcDbEntity
8
0
100
AcDbLine
10
287.933
20
126.217
30
0
11
287.889
21
126.107
31
0
0
LINE
5
1219
330
C
100
AcDbEntity
8
0
100
AcDbLine
10
287.889
20
126.107
30
0
11
287.838
21
125.999
31
0
0
LINE
5
121A
330
C
100
AcDbEntity
8
0
100
AcDbLine
10
287.838
20
125.999
30
0
11
287.781
21
125.895
31
0
0
LINE
5
121B
330
C
100
AcDbEntity
8
0
100
AcDbLine
10
287.781
20
125.895
30
0
11
287.716
21
125.793
31
0
0
LINE
5
121C
330
C
100
AcDbEntity
8
0
100
AcDbLine
10
287.716
20
125.793
30
0
11
287.646
21
125.695
31
0
0
LINE
5
121D
330
C
100
AcDbEntity
8
0
100
AcDbLine
10
287.646
20
125.695
30
0
11
287.569
21
125.601
31
0
0
LINE
5
121E
330
C
100
AcDbEntity
8
0
100
AcDbLine
10
287.569
20
125.601
30
0
11
287.487
21
125.512
31
0
0
LINE
5
121F
330
C
100
AcDbEntity
8
0
100
AcDbLine
10
287.487
20
125.512
30
0
11
287.399
21
125.427
31
0
0
LINE
5
1220
330
C
100
AcDbEntity
8
0
100
AcDbLine
10
287.399
20
125.427
30
0
11
287.306
21
125.346
31
0
0
LINE
5
1221
330
C
100
AcDbEntity
8
0
100
AcDbLine
10
287.306
20
125.346
30
0
11
287.207
21
125.27
31
0
0
LINE
5
1222
330
C
100
AcDbEntity
8
0
100
AcDbLine
10
287.207
20
125.27
30
0
11
287.102
21
125.197
31
0
0
LINE
5
1223
330
C
100
AcDbEntity
8
0
100
AcDbLine
10
287.102
20
125.197
30
0
11
286.991
21
125.13
31
0
0
LINE
5
1224
330
C
100
AcDbEntity
8
0
100
AcDbLine
10
286.991
20
125.13
30
0
11
286.875
21
125.066
31
0
0
LINE
5
1225
330
C
100
AcDbEntity
8
0
100
AcDbLine
10
286.875
20
125.066
30
0
11
286.753
21
125.007
31
0
0
LINE
5
1226
330
C
100
AcDbEntity
8
0
100
AcDbLine
10
286.753
20
125.007
30
0
11
286.626
21
124.953
31
0
0
LINE
5
1227
330
C
100
AcDbEntity
8
0
100
AcDbLine
10
286.626
20
124.953
30
0
11
286.494
21
124.904
31
0
0
LINE
5
1228
330
C
100
AcDbEntity
8
0
100
AcDbLine
10
286.494
20
124.904
30
0
11
286.358
21
124.862
31
0
0
LINE
5
1229
330
C
100
AcDbEntity
8
0
100
AcDbLine
10
286.358
20
124.862
30
0
11
286.217
21
124.825
31
0
0
LINE
5
122A
330
C
100
AcDbEntity
8
0
100
AcDbLine
10
286.217
20
124.825
30
0
11
286.071
21
124.793
31
0
0
LINE
5
122B
330
C
100
AcDbEntity
8
0
100
AcDbLine
10
286.071
20
124.793
30
0
11
285.92
21
124.768
31
0
0
LINE
5
122C
330
C
100
AcDbEntity
8
0
100
AcDbLine
10
285.92
20
124.768
30
0
11
285.765
21
124.748
31
0
0
LINE
5
122D
330
C
100
AcDbEntity
8
0
100
AcDbLine
10
285.765
20
124.748
30
0
11
285.605
21
124.733
31
0
0
LINE
5
122E
330
C
100
AcDbEntity
8
0
100
AcDbLine
10
285.605
20
124.733
30
0
11
285.44
21
124.725
31
0
0
LINE
5
122F
330
C
100
AcDbEntity
8
0
100
AcDbLine
10
285.44
20
124.725
30
0
11
285.271
21
124.722
31
0
0
LINE
5
1230
330
C
100
AcDbEntity
8
0
100
AcDbLine
10
285.271
20
124.722
30
0
11
285.271
21
124.722
31
0
0
LINE
5
1231
330
C
100
AcDbEntity
8
0
100
AcDbLine
10
217.196
20
150
30
0
11
217.196
21
147
31
0
0
LINE
5
1232
330
C
100
AcDbEntity
8
0
100
AcDbLine
10
217.196
20
147
30
0
11
223.699
21
147
31
0
0
LINE
5
1233
330
C
100
AcDbEntity
8
0
100
AcDbLine
10
223.699
20
147
30
0
11
223.699
21
150
31
0
0
LINE
5
1234
330
C
100
AcDbEntity
8
0
100
AcDbLine
10
223.699
20
150
30
0
11
232.699
21
150
31
0
0
LINE
5
1235
330
C
100
AcDbEntity
8
0
100
AcDbLine
10
232.699
20
150
30
0
11
232.699
21
147
31
0
0
LINE
5
1236
330
C
100
AcDbEntity
8
0
100
AcDbLine
10
232.699
20
147
30
0
11
241.699
21
147
31
0
0
LINE
5
1237
330
C
100
AcDbEntity
8
0
100
AcDbLine
10
241.699
20
147
30
0
11
241.699
21
150
31
0
0
LINE
5
1238
330
C
100
AcDbEntity
8
0
100
AcDbLine
10
241.699
20
150
30
0
11
250.699
21
150
31
0
0
LINE
5
1239
330
C
100
AcDbEntity
8
0
100
AcDbLine
10
250.699
20
150
30
0
11
250.699
21
147
31
0
0
LINE
5
123A
330
C
100
AcDbEntity
8
0
100
AcDbLine
10
250.699
20
147
30
0
11
259.699
21
147
31
0
0
LINE
5
123B
330
C
100
AcDbEntity
8
0
100
AcDbLine
10
259.699
20
147
30
0
11
259.699
21
150
31
0
0
LINE
5
123C
330
C
100
AcDbEntity
8
0
100
AcDbLine
10
259.699
20
150
30
0
11
268.699
21
150
31
0
0
LINE
5
123D
330
C
100
AcDbEntity
8
0
100
AcDbLine
10
268.699
20
150
30
0
11
268.699
21
147
31
0
0
LINE
5
123E
330
C
100
AcDbEntity
8
0
100
AcDbLine
10
268.699
20
147
30
0
11
277.699
21
147
31
0
0
LINE
5
123F
330
C
100
AcDbEntity
8
0
100
AcDbLine
10
277.699
20
147
30
0
11
277.699
21
150
31
0
0
LINE
5
1240
330
C
100
AcDbEntity
8
0
100
AcDbLine
10
277.699
20
150
30
0
11
286.699
21
150
31
0
0
LINE
5
1241
330
C
100
AcDbEntity
8
0
100
AcDbLine
10
286.699
20
150
30
0
11
286.699
21
147
31
0
0
LINE
5
1242
330
C
100
AcDbEntity
8
0
100
AcDbLine
10
286.699
20
147
30
0
11
295.699
21
147
31
0
0
LINE
5
1243
330
C
100
AcDbEntity
8
0
100
AcDbLine
10
295.699
20
147
30
0
11
295.699
21
150
31
0
0
LINE
5
1244
330
C
100
AcDbEntity
8
0
100
AcDbLine
10
295.699
20
150
30
0
11
304.699
21
150
31
0
0
LINE
5
1245
330
C
100
AcDbEntity
8
0
100
AcDbLine
10
304.699
20
150
30
0
11
304.699
21
147
31
0
0
LINE
5
1246
330
C
100
AcDbEntity
8
0
100
AcDbLine
10
304.699
20
147
30
0
11
313.699
21
147
31
0
0
LINE
5
1247
330
C
100
AcDbEntity
8
0
100
AcDbLine
10
313.699
20
147
30
0
11
313.699
21
150
31
0
0
LINE
5
1248
330
C
100
AcDbEntity
8
0
100
AcDbLine
10
313.699
20
150
30
0
11
322.699
21
150
31
0
0
LINE
5
1249
330
C
100
AcDbEntity
8
0
100
AcDbLine
10
322.699
20
150
30
0
11
322.699
21
147
31
0
0
LINE
5
124A
330
C
100
AcDbEntity
8
0
100
AcDbLine
10
322.699
20
147
30
0
11
329.202
21
147
31
0
0
LINE
5
124B
330
C
100
AcDbEntity
8
0
100
AcDbLine
10
329.202
20
147
30
0
11
329.202
21
150
31
0
0
LINE
5
124C
330
C
100
AcDbEntity
8
0
100
AcDbLine
10
329.202
20
150
30
0
11
329.202
21
151.5
31
0
0
LINE
5
124D
330
C
100
AcDbEntity
8
0
100
AcDbLine
10
329.202
20
151.5
30
0
11
334.398
21
151.5
31
0
0
LINE
5
124E
330
C
100
AcDbEntity
8
0
100
AcDbLine
10
334.398
20
151.5
30
0
11
334.398
21
160.5
31
0
0
LINE
5
124F
330
C
100
AcDbEntity
8
0
100
AcDbLine
10
334.398
20
160.5
30
0
11
329.202
21
160.5
31
0
0
LINE
5
1250
330
C
100
AcDbEntity
8
0
100
AcDbLine
10
329.202
20
160.5
30
0
11
329.202
21
169.5
31
0
0
LINE
5
1251
330
C
100
AcDbEntity
8
0
100
AcDbLine
10
329.202
20
169.5
30
0
11
334.398
21
169.5
31
0
0
LINE
5
1252
330
C
100
AcDbEntity
8
0
100
AcDbLine
10
334.398
20
169.5
30
0
11
334.398
21
178.5
31
0
0
LINE
5
1253
330
C
100
AcDbEntity
8
0
100
AcDbLine
10
334.398
20
178.5
30
0
11
329.202
21
178.5
31
0
0
LINE
5
1254
330
C
100
AcDbEntity
8
0
100
AcDbLine
10
329.202
20
178.5
30
0
11
329.202
21
180
31
0
0
LINE
5
1255
330
C
100
AcDbEntity
8
0
100
AcDbLine
10
329.202
20
180
30
0
11
217.196
21
180
31
0
0
LINE
5
1256
330
C
100
AcDbEntity
8
0
100
AcDbLine
10
217.196
20
180
30
0
11
212
21
180
31
0
0
LINE
5
1257
330
C
100
AcDbEntity
8
0
100
AcDbLine
10
212
20
180
30
0
11
212
21
178.5
31
0
0
LINE
5
1258
330
C
100
AcDbEntity
8
0
100
AcDbLine
10
212
20
178.5
30
0
11
217.196
21
178.5
31
0
0
LINE
5
1259
330
C
100
AcDbEntity
8
0
100
AcDbLine
10
217.196
20
178.5
30
0
11
217.196
21
169.5
31
0
0
LINE
5
125A
330
C
100
AcDbEntity
8
0
100
AcDbLine
10
217.196
20
169.5
30
0
11
212
21
169.5
31
0
0
LINE
5
125B
330
C
100
AcDbEntity
8
0
100
AcDbLine
10
212
20
169.5
30
0
11
212
21
160.5
31
0
0
LINE
5
125C
330
C
100
AcDbEntity
8
0
100
AcDbLine
10
212
20
160.5
30
0
11
217.196
21
160.5
31
0
0
LINE
5
125D
330
C
100
AcDbEntity
8
0
100
AcDbLine
10
217.196
20
160.5
30
0
11
217.196
21
151.5
31
0
0
LINE
5
125E
330
C
100
AcDbEntity
8
0
100
AcDbLine
10
217.196
20
151.5
30
0
11
212
21
151.5
31
0
0
LINE
5
125F
330
C
100
AcDbEntity
8
0
100
AcDbLine
10
212
20
151.5
30
0
11
212
21
150
31
0
0
LINE
5
1260
330
C
100
AcDbEntity
8
0
100
AcDbLine
10
212
20
150
30
0
11
217.196
21
150
31
0
0
LINE
5
1261
330
C
100
AcDbEntity
8
0
100
AcDbLine
10
261.421
20
160.722
30
0
11
261.421
21
160.722
31
0
0
LINE
5
1262
330
C
100
AcDbEntity
8
0
100
AcDbLine
10
261.421
20
160.722
30
0
11
261.271
21
160.725
31
0
0
LINE
5
1263
330
C
100
AcDbEntity
8
0
100
AcDbLine
10
261.271
20
160.725
30
0
11
261.124
21
160.733
31
0
0
LINE
5
1264
330
C
100
AcDbEntity
8
0
100
AcDbLine
10
261.124
20
160.733
30
0
11
260.979
21
160.747
31
0
0
LINE
5
1265
330
C
100
AcDbEntity
8
0
100
AcDbLine
10
260.979
20
160.747
30
0
11
260.837
21
160.766
31
0
0
LINE
5
1266
330
C
100
AcDbEntity
8
0
100
AcDbLine
10
260.837
20
160.766
30
0
11
260.697
21
160.79
31
0
0
LINE
5
1267
330
C
100
AcDbEntity
8
0
100
AcDbLine
10
260.697
20
160.79
30
0
11
260.559
21
160.82
31
0
0
LINE
5
1268
330
C
100
AcDbEntity
8
0
100
AcDbLine
10
260.559
20
160.82
30
0
11
260.425
21
160.856
31
0
0
LINE
5
1269
330
C
100
AcDbEntity
8
0
100
AcDbLine
10
260.425
20
160.856
30
0
11
260.292
21
160.897
31
0
0
LINE
5
126A
330
C
100
AcDbEntity
8
0
100
AcDbLine
10
260.292
20
160.897
30
0
11
260.162
21
160.943
31
0
0
LINE
5
126B
330
C
100
AcDbEntity
8
0
100
AcDbLine
10
260.162
20
160.943
30
0
11
260.035
21
160.995
31
0
0
LINE
5
126C
330
C
100
AcDbEntity
8
0
100
AcDbLine
10
260.035
20
160.995
30
0
11
259.912
21
161.052
31
0
0
LINE
5
126D
330
C
100
AcDbEntity
8
0
100
AcDbLine
10
259.912
20
161.052
30
0
11
259.793
21
161.115
31
0
0
LINE
5
126E
330
C
100
AcDbEntity
8
0
100
AcDbLine
10
259.793
20
161.115
30
0
11
259.679
21
161.182
31
0
0
LINE
5
126F
330
C
100
AcDbEntity
8
0
100
AcDbLine
10
259.679
20
161.182
30
0
11
259.571
21
161.255
31
0
0
LINE
5
1270
330
C
100
AcDbEntity
8
0
100
AcDbLine
10
259.571
20
161.255
30
0
11
259.467
21
161.333
31
0
0
LINE
5
1271
330
C
100
AcDbEntity
8
0
100
AcDbLine
10
259.467
20
161.333
30
0
11
259.368
21
161.417
31
0
0
LINE
5
1272
330
C
100
AcDbEntity
8
0
100
AcDbLine
10
259.368
20
161.417
30
0
11
259.274
21
161.505
31
0
0
LINE
5
1273
330
C
100
AcDbEntity
8
0
100
AcDbLine
10
259.274
20
161.505
30
0
11
259.185
21
161.599
31
0
0
LINE
5
1274
330
C
100
AcDbEntity
8
0
100
AcDbLine
10
259.185
20
161.599
30
0
11
259.1
21
161.698
31
0
0
LINE
5
1275
330
C
100
AcDbEntity
8
0
100
AcDbLine
10
259.1
20
161.698
30
0
11
259.021
21
161.802
31
0
0
LINE
5
1276
330
C
100
AcDbEntity
8
0
100
AcDbLine
10
259.021
20
161.802
30
0
11
258.948
21
161.911
31
0
0
LINE
5
1277
330
C
100
AcDbEntity
8
0
100
AcDbLine
10
258.948
20
161.911
30
0
11
258.882
21
162.026
31
0
0
LINE
5
1278
330
C
100
AcDbEntity
8
0
100
AcDbLine
10
258.882
20
162.026
30
0
11
258.824
21
162.145
31
0
0
LINE
5
1279
330
C
100
AcDbEntity
8
0
100
AcDbLine
10
258.824
20
162.145
30
0
11
258.774
21
162.27
31
0
0
LINE
5
127A
330
C
100
AcDbEntity
8
0
100
AcDbLine
10
258.774
20
162.27
30
0
11
258.73
21
162.399
31
0
0
LINE
5
127B
330
C
100
AcDbEntity
8
0
100
AcDbLine
10
258.73
20
162.399
30
0
11
258.694
21
162.534
31
0
0
LINE
5
127C
330
C
100
AcDbEntity
8
0
100
AcDbLine
10
258.694
20
162.534
30
0
11
258.666
21
162.673
31
0
0
LINE
5
127D
330
C
100
AcDbEntity
8
0
100
AcDbLine
10
258.666
20
162.673
30
0
11
258.645
21
162.818
31
0
0
LINE
5
127E
330
C
100
AcDbEntity
8
0
100
AcDbLine
10
258.645
20
162.818
30
0
11
258.631
21
162.967
31
0
0
LINE
5
127F
330
C
100
AcDbEntity
8
0
100
AcDbLine
10
258.631
20
162.967
30
0
11
258.625
21
163.122
31
0
0
LINE
5
1280
330
C
100
AcDbEntity
8
0
100
AcDbLine
10
258.625
20
163.122
30
0
11
258.625
21
163.122
31
0
0
LINE
5
1281
330
C
100
AcDbEntity
8
0
100
AcDbLine
10
258.625
20
163.122
30
0
11
259.537
21
163.122
31
0
0
LINE
5
1282
330
C
100
AcDbEntity
8
0
100
AcDbLine
10
259.537
20
163.122
30
0
11
259.54
21
163.018
31
0
0
LINE
5
1283
330
C
100
AcDbEntity
8
0
100
AcDbLine
10
259.54
20
163.018
30
0
11
259.548
21
162.918
31
0
0
LINE
5
1284
330
C
100
AcDbEntity
8
0
100
AcDbLine
10
259.548
20
162.918
30
0
11
259.56
21
162.822
31
0
0
LINE
5
1285
330
C
100
AcDbEntity
8
0
100
AcDbLine
10
259.56
20
162.822
30
0
11
259.578
21
162.73
31
0
0
LINE
5
1286
330
C
100
AcDbEntity
8
0
100
AcDbLine
10
259.578
20
162.73
30
0
11
259.602
21
162.641
31
0
0
LINE
5
1287
330
C
100
AcDbEntity
8
0
100
AcDbLine
10
259.602
20
162.641
30
0
11
259.63
21
162.556
31
0
0
LINE
5
1288
330
C
100
AcDbEntity
8
0
100
AcDbLine
10
259.63
20
162.556
30
0
11
259.664
21
162.475
31
0
0
LINE
5
1289
330
C
100
AcDbEntity
8
0
100
AcDbLine
10
259.664
20
162.475
30
0
11
259.702
21
162.398
31
0
0
LINE
5
128A
330
C
100
AcDbEntity
8
0
100
AcDbLine
10
259.702
20
162.398
30
0
11
259.746
21
162.325
31
0
0
LINE
5
128B
330
C
100
AcDbEntity
8
0
100
AcDbLine
10
259.746
20
162.325
30
0
11
259.795
21
162.255
31
0
0
LINE
5
128C
330
C
100
AcDbEntity
8
0
100
AcDbLine
10
259.795
20
162.255
30
0
11
259.848
21
162.189
31
0
0
LINE
5
128D
330
C
100
AcDbEntity
8
0
100
AcDbLine
10
259.848
20
162.189
30
0
11
259.905
21
162.126
31
0
0
LINE
5
128E
330
C
100
AcDbEntity
8
0
100
AcDbLine
10
259.905
20
162.126
30
0
11
259.965
21
162.067
31
0
0
LINE
5
128F
330
C
100
AcDbEntity
8
0
100
AcDbLine
10
259.965
20
162.067
30
0
11
260.028
21
162.012
31
0
0
LINE
5
1290
330
C
100
AcDbEntity
8
0
100
AcDbLine
10
260.028
20
162.012
30
0
11
260.095
21
161.959
31
0
0
LINE
5
1291
330
C
100
AcDbEntity
8
0
100
AcDbLine
10
260.095
20
161.959
30
0
11
260.165
21
161.911
31
0
0
LINE
5
1292
330
C
100
AcDbEntity
8
0
100
AcDbLine
10
260.165
20
161.911
30
0
11
260.239
21
161.866
31
0
0
LINE
5
1293
330
C
100
AcDbEntity
8
0
100
AcDbLine
10
260.239
20
161.866
30
0
11
260.316
21
161.824
31
0
0
LINE
5
1294
330
C
100
AcDbEntity
8
0
100
AcDbLine
10
260.316
20
161.824
30
0
11
260.396
21
161.786
31
0
0
LINE
5
1295
330
C
100
AcDbEntity
8
0
100
AcDbLine
10
260.396
20
161.786
30
0
11
260.479
21
161.751
31
0
0
LINE
5
1296
330
C
100
AcDbEntity
8
0
100
AcDbLine
10
260.479
20
161.751
30
0
11
260.565
21
161.72
31
0
0
LINE
5
1297
330
C
100
AcDbEntity
8
0
100
AcDbLine
10
260.565
20
161.72
30
0
11
260.653
21
161.692
31
0
0
LINE
5
1298
330
C
100
AcDbEntity
8
0
100
AcDbLine
10
260.653
20
161.692
30
0
11
260.742
21
161.667
31
0
0
LINE
5
1299
330
C
100
AcDbEntity
8
0
100
AcDbLine
10
260.742
20
161.667
30
0
11
260.832
21
161.645
31
0
0
LINE
5
129A
330
C
100
AcDbEntity
8
0
100
AcDbLine
10
260.832
20
161.645
30
0
11
260.925
21
161.627
31
0
0
LINE
5
129B
330
C
100
AcDbEntity
8
0
100
AcDbLine
10
260.925
20
161.627
30
0
11
261.018
21
161.612
31
0
0
LINE
5
129C
330
C
100
AcDbEntity
8
0
100
AcDbLine
10
261.018
20
161.612
30
0
11
261.114
21
161.601
31
0
0
LINE
5
129D
330
C
100
AcDbEntity
8
0
100
AcDbLine
10
261.114
20
161.601
30
0
11
261.211
21
161.593
31
0
0
LINE
5
129E
330
C
100
AcDbEntity
8
0
100
AcDbLine
10
261.211
20
161.593
30
0
11
261.309
21
161.588
31
0
0
LINE
5
129F
330
C
100
AcDbEntity
8
0
100
AcDbLine
10
261.309
20
161.588
30
0
11
261.409
21
161.586
31
0
0
LINE
5
12A0
330
C
100
AcDbEntity
8
0
100
AcDbLine
10
261.409
20
161.586
30
0
11
261.409
21
161.586
31
0
0
LINE
5
12A1
330
C
100
AcDbEntity
8
0
100
AcDbLine
10
261.409
20
161.586
30
0
11
261.517
21
161.588
31
0
0
LINE
5
12A2
330
C
100
AcDbEntity
8
0
100
AcDbLine
10
261.517
20
161.588
30
0
11
261.622
21
161.593
31
0
0
LINE
5
12A3
330
C
100
AcDbEntity
8
0
100
AcDbLine
10
261.622
20
161.593
30
0
11
261.724
21
161.602
31
0
0
LINE
5
12A4
330
C
100
AcDbEntity
8
0
100
AcDbLine
10
261.724
20
161.602
30
0
11
261.823
21
161.614
31
0
0
LINE
5
12A5
330
C
100
AcDbEntity
8
0
100
AcDbLine
10
261.823
20
161.614
30
0
11
261.919
21
161.63
31
0
0
LINE
5
12A6
330
C
100
AcDbEntity
8
0
100
AcDbLine
10
261.919
20
161.63
30
0
11
262.013
21
161.649
31
0
0
LINE
5
12A7
330
C
100
AcDbEntity
8
0
100
AcDbLine
10
262.013
20
161.649
30
0
11
262.103
21
161.671
31
0
0
LINE
5
12A8
330
C
100
AcDbEntity
8
0
100
AcDbLine
10
262.103
20
161.671
30
0
11
262.191
21
161.697
31
0
0
LINE
5
12A9
330
C
100
AcDbEntity
8
0
100
AcDbLine
10
262.191
20
161.697
30
0
11
262.275
21
161.727
31
0
0
LINE
5
12AA
330
C
100
AcDbEntity
8
0
100
AcDbLine
10
262.275
20
161.727
30
0
11
262.357
21
161.76
31
0
0
LINE
5
12AB
330
C
100
AcDbEntity
8
0
100
AcDbLine
10
262.357
20
161.76
30
0
11
262.436
21
161.796
31
0
0
LINE
5
12AC
330
C
100
AcDbEntity
8
0
100
AcDbLine
10
262.436
20
161.796
30
0
11
262.511
21
161.834
31
0
0
LINE
5
12AD
330
C
100
AcDbEntity
8
0
100
AcDbLine
10
262.511
20
161.834
30
0
11
262.582
21
161.874
31
0
0
LINE
5
12AE
330
C
100
AcDbEntity
8
0
100
AcDbLine
10
262.582
20
161.874
30
0
11
262.65
21
161.917
31
0
0
LINE
5
12AF
330
C
100
AcDbEntity
8
0
100
AcDbLine
10
262.65
20
161.917
30
0
11
262.713
21
161.962
31
0
0
LINE
5
12B0
330
C
100
AcDbEntity
8
0
100
AcDbLine
10
262.713
20
161.962
30
0
11
262.774
21
162.009
31
0
0
LINE
5
12B1
330
C
100
AcDbEntity
8
0
100
AcDbLine
10
262.774
20
162.009
30
0
11
262.83
21
162.058
31
0
0
LINE
5
12B2
330
C
100
AcDbEntity
8
0
100
AcDbLine
10
262.83
20
162.058
30
0
11
262.883
21
162.109
31
0
0
LINE
5
12B3
330
C
100
AcDbEntity
8
0
100
AcDbLine
10
262.883
20
162.109
30
0
11
262.933
21
162.163
31
0
0
LINE
5
12B4
330
C
100
AcDbEntity
8
0
100
AcDbLine
10
262.933
20
162.163
30
0
11
262.978
21
162.219
31
0
0
LINE
5
12B5
330
C
100
AcDbEntity
8
0
100
AcDbLine
10
262.978
20
162.219
30
0
11
263.02
21
162.277
31
0
0
LINE
5
12B6
330
C
100
AcDbEntity
8
0
100
AcDbLine
10
263.02
20
162.277
30
0
11
263.057
21
162.335
31
0
0
LINE
5
12B7
330
C
100
AcDbEntity
8
0
100
AcDbLine
10
263.057
20
162.335
30
0
11
263.09
21
162.395
31
0
0
LINE
5
12B8
330
C
100
AcDbEntity
8
0
100
AcDbLine
10
263.09
20
162.395
30
0
11
263.118
21
162.456
31
0
0
LINE
5
12B9
330
C
100
AcDbEntity
8
0
100
AcDbLine
10
263.118
20
162.456
30
0
11
263.142
21
162.518
31
0
0
LINE
5
12BA
330
C
100
AcDbEntity
8
0
100
AcDbLine
10
263.142
20
162.518
30
0
11
263.162
21
162.582
31
0
0
LINE
5
12BB
330
C
100
AcDbEntity
8
0
100
AcDbLine
10
263.162
20
162.582
30
0
11
263.178
21
162.646
31
0
0
LINE
5
12BC
330
C
100
AcDbEntity
8
0
100
AcDbLine
10
263.178
20
162.646
30
0
11
263.188
21
162.711
31
0
0
LINE
5
12BD
330
C
100
AcDbEntity
8
0
100
AcDbLine
10
263.188
20
162.711
30
0
11
263.195
21
162.778
31
0
0
LINE
5
12BE
330
C
100
AcDbEntity
8
0
100
AcDbLine
10
263.195
20
162.778
30
0
11
263.197
21
162.846
31
0
0
LINE
5
12BF
330
C
100
AcDbEntity
8
0
100
AcDbLine
10
263.197
20
162.846
30
0
11
263.197
21
162.846
31
0
0
LINE
5
12C0
330
C
100
AcDbEntity
8
0
100
AcDbLine
10
263.197
20
162.846
30
0
11
263.194
21
162.94
31
0
0
LINE
5
12C1
330
C
100
AcDbEntity
8
0
100
AcDbLine
10
263.194
20
162.94
30
0
11
263.185
21
163.031
31
0
0
LINE
5
12C2
330
C
100
AcDbEntity
8
0
100
AcDbLine
10
263.185
20
163.031
30
0
11
263.171
21
163.118
31
0
0
LINE
5
12C3
330
C
100
AcDbEntity
8
0
100
AcDbLine
10
263.171
20
163.118
30
0
11
263.15
21
163.201
31
0
0
LINE
5
12C4
330
C
100
AcDbEntity
8
0
100
AcDbLine
10
263.15
20
163.201
30
0
11
263.124
21
163.28
31
0
0
LINE
5
12C5
330
C
100
AcDbEntity
8
0
100
AcDbLine
10
263.124
20
163.28
30
0
11
263.091
21
163.356
31
0
0
LINE
5
12C6
330
C
100
AcDbEntity
8
0
100
AcDbLine
10
263.091
20
163.356
30
0
11
263.053
21
163.428
31
0
0
LINE
5
12C7
330
C
100
AcDbEntity
8
0
100
AcDbLine
10
263.053
20
163.428
30
0
11
263.009
21
163.497
31
0
0
LINE
5
12C8
330
C
100
AcDbEntity
8
0
100
AcDbLine
10
263.009
20
163.497
30
0
11
262.959
21
163.562
31
0
0
LINE
5
12C9
330
C
100
AcDbEntity
8
0
100
AcDbLine
10
262.959
20
163.562
30
0
11
262.903
21
163.623
31
0
0
LINE
5
12CA
330
C
100
AcDbEntity
8
0
100
AcDbLine
10
262.903
20
163.623
30
0
11
262.842
21
163.681
31
0
0
LINE
5
12CB
330
C
100
AcDbEntity
8
0
100
AcDbLine
10
262.842
20
163.681
30
0
11
262.774
21
163.737
31
0
0
LINE
5
12CC
330
C
100
AcDbEntity
8
0
100
AcDbLine
10
262.774
20
163.737
30
0
11
262.701
21
163.791
31
0
0
LINE
5
12CD
330
C
100
AcDbEntity
8
0
100
AcDbLine
10
262.701
20
163.791
30
0
11
262.623
21
163.843
31
0
0
LINE
5
12CE
330
C
100
AcDbEntity
8
0
100
AcDbLine
10
262.623
20
163.843
30
0
11
262.539
21
163.892
31
0
0
LINE
5
12CF
330
C
100
AcDbEntity
8
0
100
AcDbLine
10
262.539
20
163.892
30
0
11
262.449
21
163.939
31
0
0
LINE
5
12D0
330
C
100
AcDbEntity
8
0
100
AcDbLine
10
262.449
20
163.939
30
0
11
262.353
21
163.984
31
0
0
LINE
5
12D1
330
C
100
AcDbEntity
8
0
100
AcDbLine
10
262.353
20
163.984
30
0
11
262.252
21
164.027
31
0
0
LINE
5
12D2
330
C
100
AcDbEntity
8
0
100
AcDbLine
10
262.252
20
164.027
30
0
11
262.146
21
164.068
31
0
0
LINE
5
12D3
330
C
100
AcDbEntity
8
0
100
AcDbLine
10
262.146
20
164.068
30
0
11
262.033
21
164.106
31
0
0
LINE
5
12D4
330
C
100
AcDbEntity
8
0
100
AcDbLine
10
262.033
20
164.106
30
0
11
262.033
21
164.106
31
0
0
LINE
5
12D5
330
C
100
AcDbEntity
8
0
100
AcDbLine
10
262.033
20
164.106
30
0
11
260.701
21
164.574
31
0
0
LINE
5
12D6
330
C
100
AcDbEntity
8
0
100
AcDbLine
10
260.701
20
164.574
30
0
11
260.519
21
164.642
31
0
0
LINE
5
12D7
330
C
100
AcDbEntity
8
0
100
AcDbLine
10
260.519
20
164.642
30
0
11
260.345
21
164.712
31
0
0
LINE
5
12D8
330
C
100
AcDbEntity
8
0
100
AcDbLine
10
260.345
20
164.712
30
0
11
260.181
21
164.784
31
0
0
LINE
5
12D9
330
C
100
AcDbEntity
8
0
100
AcDbLine
10
260.181
20
164.784
30
0
11
260.025
21
164.858
31
0
0
LINE
5
12DA
330
C
100
AcDbEntity
8
0
100
AcDbLine
10
260.025
20
164.858
30
0
11
259.879
21
164.934
31
0
0
LINE
5
12DB
330
C
100
AcDbEntity
8
0
100
AcDbLine
10
259.879
20
164.934
30
0
11
259.742
21
165.012
31
0
0
LINE
5
12DC
330
C
100
AcDbEntity
8
0
100
AcDbLine
10
259.742
20
165.012
30
0
11
259.614
21
165.091
31
0
0
LINE
5
12DD
330
C
100
AcDbEntity
8
0
100
AcDbLine
10
259.614
20
165.091
30
0
11
259.495
21
165.173
31
0
0
LINE
5
12DE
330
C
100
AcDbEntity
8
0
100
AcDbLine
10
259.495
20
165.173
30
0
11
259.386
21
165.257
31
0
0
LINE
5
12DF
330
C
100
AcDbEntity
8
0
100
AcDbLine
10
259.386
20
165.257
30
0
11
259.285
21
165.342
31
0
0
LINE
5
12E0
330
C
100
AcDbEntity
8
0
100
AcDbLine
10
259.285
20
165.342
30
0
11
259.194
21
165.432
31
0
0
LINE
5
12E1
330
C
100
AcDbEntity
8
0
100
AcDbLine
10
259.194
20
165.432
30
0
11
259.112
21
165.529
31
0
0
LINE
5
12E2
330
C
100
AcDbEntity
8
0
100
AcDbLine
10
259.112
20
165.529
30
0
11
259.04
21
165.633
31
0
0
LINE
5
12E3
330
C
100
AcDbEntity
8
0
100
AcDbLine
10
259.04
20
165.633
30
0
11
258.978
21
165.743
31
0
0
LINE
5
12E4
330
C
100
AcDbEntity
8
0
100
AcDbLine
10
258.978
20
165.743
30
0
11
258.925
21
165.861
31
0
0
LINE
5
12E5
330
C
100
AcDbEntity
8
0
100
AcDbLine
10
258.925
20
165.861
30
0
11
258.882
21
165.986
31
0
0
LINE
5
12E6
330
C
100
AcDbEntity
8
0
100
AcDbLine
10
258.882
20
165.986
30
0
11
258.848
21
166.117
31
0
0
LINE
5
12E7
330
C
100
AcDbEntity
8
0
100
AcDbLine
10
258.848
20
166.117
30
0
11
258.824
21
166.256
31
0
0
LINE
5
12E8
330
C
100
AcDbEntity
8
0
100
AcDbLine
10
258.824
20
166.256
30
0
11
258.81
21
166.401
31
0
0
LINE
5
12E9
330
C
100
AcDbEntity
8
0
100
AcDbLine
10
258.81
20
166.401
30
0
11
258.805
21
166.554
31
0
0
LINE
5
12EA
330
C
100
AcDbEntity
8
0
100
AcDbLine
10
258.805
20
166.554
30
0
11
258.805
21
166.554
31
0
0
LINE
5
12EB
330
C
100
AcDbEntity
8
0
100
AcDbLine
10
258.805
20
166.554
30
0
11
258.812
21
166.726
31
0
0
LINE
5
12EC
330
C
100
AcDbEntity
8
0
100
AcDbLine
10
258.812
20
166.726
30
0
11
258.832
21
166.891
31
0
0
LINE
5
12ED
330
C
100
AcDbEntity
8
0
100
AcDbLine
10
258.832
20
166.891
30
0
11
258.866
21
167.05
31
0
0
LINE
5
12EE
330
C
100
AcDbEntity
8
0
100
AcDbLine
10
258.866
20
167.05
30
0
11
258.913
21
167.203
31
0
0
LINE
5
12EF
330
C
100
AcDbEntity
8
0
100
AcDbLine
10
258.913
20
167.203
30
0
11
258.974
21
167.349
31
0
0
LINE
5
12F0
330
C
100
AcDbEntity
8
0
100
AcDbLine
10
258.974
20
167.349
30
0
11
259.048
21
167.489
31
0
0
LINE
5
12F1
330
C
100
AcDbEntity
8
0
100
AcDbLine
10
259.048
20
167.489
30
0
11
259.136
21
167.622
31
0
0
LINE
5
12F2
330
C
100
AcDbEntity
8
0
100
AcDbLine
10
259.136
20
167.622
30
0
11
259.237
21
167.748
31
0
0
LINE
5
12F3
330
C
100
AcDbEntity
8
0
100
AcDbLine
10
259.237
20
167.748
30
0
11
259.352
21
167.868
31
0
0
LINE
5
12F4
330
C
100
AcDbEntity
8
0
100
AcDbLine
10
259.352
20
167.868
30
0
11
259.48
21
167.982
31
0
0
LINE
5
12F5
330
C
100
AcDbEntity
8
0
100
AcDbLine
10
259.48
20
167.982
30
0
11
259.621
21
168.087
31
0
0
LINE
5
12F6
330
C
100
AcDbEntity
8
0
100
AcDbLine
10
259.621
20
168.087
30
0
11
259.773
21
168.181
31
0
0
LINE
5
12F7
330
C
100
AcDbEntity
8
0
100
AcDbLine
10
259.773
20
168.181
30
0
11
259.936
21
168.264
31
0
0
LINE
5
12F8
330
C
100
AcDbEntity
8
0
100
AcDbLine
10
259.936
20
168.264
30
0
11
260.111
21
168.335
31
0
0
LINE
5
12F9
330
C
100
AcDbEntity
8
0
100
AcDbLine
10
260.111
20
168.335
30
0
11
260.297
21
168.396
31
0
0
LINE
5
12FA
330
C
100
AcDbEntity
8
0
100
AcDbLine
10
260.297
20
168.396
30
0
11
260.494
21
168.446
31
0
0
LINE
5
12FB
330
C
100
AcDbEntity
8
0
100
AcDbLine
10
260.494
20
168.446
30
0
11
260.703
21
168.484
31
0
0
LINE
5
12FC
330
C
100
AcDbEntity
8
0
100
AcDbLine
10
260.703
20
168.484
30
0
11
260.923
21
168.512
31
0
0
LINE
5
12FD
330
C
100
AcDbEntity
8
0
100
AcDbLine
10
260.923
20
168.512
30
0
11
261.154
21
168.528
31
0
0
LINE
5
12FE
330
C
100
AcDbEntity
8
0
100
AcDbLine
10
261.154
20
168.528
30
0
11
261.397
21
168.534
31
0
0
LINE
5
12FF
330
C
100
AcDbEntity
8
0
100
AcDbLine
10
261.397
20
168.534
30
0
11
261.397
21
168.534
31
0
0
LINE
5
1300
330
C
100
AcDbEntity
8
0
100
AcDbLine
10
261.397
20
168.534
30
0
11
261.623
21
168.529
31
0
0
LINE
5
1301
330
C
100
AcDbEntity
8
0
100
AcDbLine
10
261.623
20
168.529
30
0
11
261.838
21
168.513
31
0
0
LINE
5
1302
330
C
100
AcDbEntity
8
0
100
AcDbLine
10
261.838
20
168.513
30
0
11
262.043
21
168.486
31
0
0
LINE
5
1303
330
C
100
AcDbEntity
8
0
100
AcDbLine
10
262.043
20
168.486
30
0
11
262.238
21
168.449
31
0
0
LINE
5
1304
330
C
100
AcDbEntity
8
0
100
AcDbLine
10
262.238
20
168.449
30
0
11
262.423
21
168.401
31
0
0
LINE
5
1305
330
C
100
AcDbEntity
8
0
100
AcDbLine
10
262.423
20
168.401
30
0
11
262.598
21
168.343
31
0
0
LINE
5
1306
330
C
100
AcDbEntity
8
0
100
AcDbLine
10
262.598
20
168.343
30
0
11
262.763
21
168.274
31
0
0
LINE
5
1307
330
C
100
AcDbEntity
8
0
100
AcDbLine
10
262.763
20
168.274
30
0
11
262.918
21
168.194
31
0
0
LINE
5
1308
330
C
100
AcDbEntity
8
0
100
AcDbLine
10
262.918
20
168.194
30
0
11
263.063
21
168.104
31
0
0
LINE
5
1309
330
C
100
AcDbEntity
8
0
100
AcDbLine
10
263.063
20
168.104
30
0
11
263.197
21
168.003
31
0
0
LINE
5
130A
330
C
100
AcDbEntity
8
0
100
AcDbLine
10
263.197
20
168.003
30
0
11
263.321
21
167.893
31
0
0
LINE
5
130B
330
C
100
AcDbEntity
8
0
100
AcDbLine
10
263.321
20
167.893
30
0
11
263.434
21
167.776
31
0
0
LINE
5
130C
330
C
100
AcDbEntity
8
0
100
AcDbLine
10
263.434
20
167.776
30
0
11
263.536
21
167.652
31
0
0
LINE
5
130D
330
C
100
AcDbEntity
8
0
100
AcDbLine
10
263.536
20
167.652
30
0
11
263.627
21
167.52
31
0
0
LINE
5
130E
330
C
100
AcDbEntity
8
0
100
AcDbLine
10
263.627
20
167.52
30
0
11
263.707
21
167.381
31
0
0
LINE
5
130F
330
C
100
AcDbEntity
8
0
100
AcDbLine
10
263.707
20
167.381
30
0
11
263.776
21
167.235
31
0
0
LINE
5
1310
330
C
100
AcDbEntity
8
0
100
AcDbLine
10
263.776
20
167.235
30
0
11
263.834
21
167.082
31
0
0
LINE
5
1311
330
C
100
AcDbEntity
8
0
100
AcDbLine
10
263.834
20
167.082
30
0
11
263.881
21
166.921
31
0
0
LINE
5
1312
330
C
100
AcDbEntity
8
0
100
AcDbLine
10
263.881
20
166.921
30
0
11
263.916
21
166.753
31
0
0
LINE
5
1313
330
C
100
AcDbEntity
8
0
100
AcDbLine
10
263.916
20
166.753
30
0
11
263.941
21
166.578
31
0
0
LINE
5
1314
330
C
100
AcDbEntity
8
0
100
AcDbLine
10
263.941
20
166.578
30
0
11
263.941
21
166.578
31
0
0
LINE
5
1315
330
C
100
AcDbEntity
8
0
100
AcDbLine
10
263.941
20
166.578
30
0
11
263.017
21
166.578
31
0
0
LINE
5
1316
330
C
100
AcDbEntity
8
0
100
AcDbLine
10
263.017
20
166.578
30
0
11
262.996
21
166.68
31
0
0
LINE
5
1317
330
C
100
AcDbEntity
8
0
100
AcDbLine
10
262.996
20
166.68
30
0
11
262.969
21
166.778
31
0
0
LINE
5
1318
330
C
100
AcDbEntity
8
0
100
AcDbLine
10
262.969
20
166.778
30
0
11
262.935
21
166.87
31
0
0
LINE
5
1319
330
C
100
AcDbEntity
8
0
100
AcDbLine
10
262.935
20
166.87
30
0
11
262.896
21
166.959
31
0
0
LINE
5
131A
330
C
100
AcDbEntity
8
0
100
AcDbLine
10
262.896
20
166.959
30
0
11
262.85
21
167.042
31
0
0
LINE
5
131B
330
C
100
AcDbEntity
8
0
100
AcDbLine
10
262.85
20
167.042
30
0
11
262.798
21
167.121
31
0
0
LINE
5
131C
330
C
100
AcDbEntity
8
0
100
AcDbLine
10
262.798
20
167.121
30
0
11
262.74
21
167.196
31
0
0
LINE
5
131D
330
C
100
AcDbEntity
8
0
100
AcDbLine
10
262.74
20
167.196
30
0
11
262.675
21
167.265
31
0
0
LINE
5
131E
330
C
100
AcDbEntity
8
0
100
AcDbLine
10
262.675
20
167.265
30
0
11
262.605
21
167.33
31
0
0
LINE
5
131F
330
C
100
AcDbEntity
8
0
100
AcDbLine
10
262.605
20
167.33
30
0
11
262.528
21
167.391
31
0
0
LINE
5
1320
330
C
100
AcDbEntity
8
0
100
AcDbLine
10
262.528
20
167.391
30
0
11
262.445
21
167.446
31
0
0
LINE
5
1321
330
C
100
AcDbEntity
8
0
100
AcDbLine
10
262.445
20
167.446
30
0
11
262.355
21
167.496
31
0
0
LINE
5
1322
330
C
100
AcDbEntity
8
0
100
AcDbLine
10
262.355
20
167.496
30
0
11
262.259
21
167.539
31
0
0
LINE
5
1323
330
C
100
AcDbEntity
8
0
100
AcDbLine
10
262.259
20
167.539
30
0
11
262.156
21
167.577
31
0
0
LINE
5
1324
330
C
100
AcDbEntity
8
0
100
AcDbLine
10
262.156
20
167.577
30
0
11
262.046
21
167.609
31
0
0
LINE
5
1325
330
C
100
AcDbEntity
8
0
100
AcDbLine
10
262.046
20
167.609
30
0
11
261.93
21
167.635
31
0
0
LINE
5
1326
330
C
100
AcDbEntity
8
0
100
AcDbLine
10
261.93
20
167.635
30
0
11
261.806
21
167.656
31
0
0
LINE
5
1327
330
C
100
AcDbEntity
8
0
100
AcDbLine
10
261.806
20
167.656
30
0
11
261.677
21
167.67
31
0
0
LINE
5
1328
330
C
100
AcDbEntity
8
0
100
AcDbLine
10
261.677
20
167.67
30
0
11
261.54
21
167.679
31
0
0
LINE
5
1329
330
C
100
AcDbEntity
8
0
100
AcDbLine
10
261.54
20
167.679
30
0
11
261.397
21
167.682
31
0
0
LINE
5
132A
330
C
100
AcDbEntity
8
0
100
AcDbLine
10
261.397
20
167.682
30
0
11
261.397
21
167.682
31
0
0
LINE
5
132B
330
C
100
AcDbEntity
8
0
100
AcDbLine
10
261.397
20
167.682
30
0
11
261.252
21
167.679
31
0
0
LINE
5
132C
330
C
100
AcDbEntity
8
0
100
AcDbLine
10
261.252
20
167.679
30
0
11
261.113
21
167.669
31
0
0
LINE
5
132D
330
C
100
AcDbEntity
8
0
100
AcDbLine
10
261.113
20
167.669
30
0
11
260.981
21
167.652
31
0
0
LINE
5
132E
330
C
100
AcDbEntity
8
0
100
AcDbLine
10
260.981
20
167.652
30
0
11
260.855
21
167.629
31
0
0
LINE
5
132F
330
C
100
AcDbEntity
8
0
100
AcDbLine
10
260.855
20
167.629
30
0
11
260.736
21
167.6
31
0
0
LINE
5
1330
330
C
100
AcDbEntity
8
0
100
AcDbLine
10
260.736
20
167.6
30
0
11
260.623
21
167.563
31
0
0
LINE
5
1331
330
C
100
AcDbEntity
8
0
100
AcDbLine
10
260.623
20
167.563
30
0
11
260.517
21
167.52
31
0
0
LINE
5
1332
330
C
100
AcDbEntity
8
0
100
AcDbLine
10
260.517
20
167.52
30
0
11
260.418
21
167.471
31
0
0
LINE
5
1333
330
C
100
AcDbEntity
8
0
100
AcDbLine
10
260.418
20
167.471
30
0
11
260.325
21
167.415
31
0
0
LINE
5
1334
330
C
100
AcDbEntity
8
0
100
AcDbLine
10
260.325
20
167.415
30
0
11
260.239
21
167.352
31
0
0
LINE
5
1335
330
C
100
AcDbEntity
8
0
100
AcDbLine
10
260.239
20
167.352
30
0
11
260.161
21
167.284
31
0
0
LINE
5
1336
330
C
100
AcDbEntity
8
0
100
AcDbLine
10
260.161
20
167.284
30
0
11
260.09
21
167.213
31
0
0
LINE
5
1337
330
C
100
AcDbEntity
8
0
100
AcDbLine
10
260.09
20
167.213
30
0
11
260.028
21
167.138
31
0
0
LINE
5
1338
330
C
100
AcDbEntity
8
0
100
AcDbLine
10
260.028
20
167.138
30
0
11
259.974
21
167.06
31
0
0
LINE
5
1339
330
C
100
AcDbEntity
8
0
100
AcDbLine
10
259.974
20
167.06
30
0
11
259.929
21
166.978
31
0
0
LINE
5
133A
330
C
100
AcDbEntity
8
0
100
AcDbLine
10
259.929
20
166.978
30
0
11
259.891
21
166.893
31
0
0
LINE
5
133B
330
C
100
AcDbEntity
8
0
100
AcDbLine
10
259.891
20
166.893
30
0
11
259.862
21
166.805
31
0
0
LINE
5
133C
330
C
100
AcDbEntity
8
0
100
AcDbLine
10
259.862
20
166.805
30
0
11
259.842
21
166.713
31
0
0
LINE
5
133D
330
C
100
AcDbEntity
8
0
100
AcDbLine
10
259.842
20
166.713
30
0
11
259.829
21
166.617
31
0
0
LINE
5
133E
330
C
100
AcDbEntity
8
0
100
AcDbLine
10
259.829
20
166.617
30
0
11
259.825
21
166.518
31
0
0
LINE
5
133F
330
C
100
AcDbEntity
8
0
100
AcDbLine
10
259.825
20
166.518
30
0
11
259.825
21
166.518
31
0
0
LINE
5
1340
330
C
100
AcDbEntity
8
0
100
AcDbLine
10
259.825
20
166.518
30
0
11
259.828
21
166.437
31
0
0
LINE
5
1341
330
C
100
AcDbEntity
8
0
100
AcDbLine
10
259.828
20
166.437
30
0
11
259.836
21
166.359
31
0
0
LINE
5
1342
330
C
100
AcDbEntity
8
0
100
AcDbLine
10
259.836
20
166.359
30
0
11
259.849
21
166.285
31
0
0
LINE
5
1343
330
C
100
AcDbEntity
8
0
100
AcDbLine
10
259.849
20
166.285
30
0
11
259.867
21
166.214
31
0
0
LINE
5
1344
330
C
100
AcDbEntity
8
0
100
AcDbLine
10
259.867
20
166.214
30
0
11
259.89
21
166.147
31
0
0
LINE
5
1345
330
C
100
AcDbEntity
8
0
100
AcDbLine
10
259.89
20
166.147
30
0
11
259.919
21
166.083
31
0
0
LINE
5
1346
330
C
100
AcDbEntity
8
0
100
AcDbLine
10
259.919
20
166.083
30
0
11
259.953
21
166.022
31
0
0
LINE
5
1347
330
C
100
AcDbEntity
8
0
100
AcDbLine
10
259.953
20
166.022
30
0
11
259.992
21
165.965
31
0
0
LINE
5
1348
330
C
100
AcDbEntity
8
0
100
AcDbLine
10
259.992
20
165.965
30
0
11
260.037
21
165.911
31
0
0
LINE
5
1349
330
C
100
AcDbEntity
8
0
100
AcDbLine
10
260.037
20
165.911
30
0
11
260.086
21
165.861
31
0
0
LINE
5
134A
330
C
100
AcDbEntity
8
0
100
AcDbLine
10
260.086
20
165.861
30
0
11
260.141
21
165.813
31
0
0
LINE
5
134B
330
C
100
AcDbEntity
8
0
100
AcDbLine
10
260.141
20
165.813
30
0
11
260.202
21
165.766
31
0
0
LINE
5
134C
330
C
100
AcDbEntity
8
0
100
AcDbLine
10
260.202
20
165.766
30
0
11
260.27
21
165.72
31
0
0
LINE
5
134D
330
C
100
AcDbEntity
8
0
100
AcDbLine
10
260.27
20
165.72
30
0
11
260.343
21
165.675
31
0
0
LINE
5
134E
330
C
100
AcDbEntity
8
0
100
AcDbLine
10
260.343
20
165.675
30
0
11
260.421
21
165.631
31
0
0
LINE
5
134F
330
C
100
AcDbEntity
8
0
100
AcDbLine
10
260.421
20
165.631
30
0
11
260.506
21
165.588
31
0
0
LINE
5
1350
330
C
100
AcDbEntity
8
0
100
AcDbLine
10
260.506
20
165.588
30
0
11
260.597
21
165.546
31
0
0
LINE
5
1351
330
C
100
AcDbEntity
8
0
100
AcDbLine
10
260.597
20
165.546
30
0
11
260.694
21
165.505
31
0
0
LINE
5
1352
330
C
100
AcDbEntity
8
0
100
AcDbLine
10
260.694
20
165.505
30
0
11
260.797
21
165.465
31
0
0
LINE
5
1353
330
C
100
AcDbEntity
8
0
100
AcDbLine
10
260.797
20
165.465
30
0
11
260.905
21
165.426
31
0
0
LINE
5
1354
330
C
100
AcDbEntity
8
0
100
AcDbLine
10
260.905
20
165.426
30
0
11
260.905
21
165.426
31
0
0
LINE
5
1355
330
C
100
AcDbEntity
8
0
100
AcDbLine
10
260.905
20
165.426
30
0
11
262.465
21
164.886
31
0
0
LINE
5
1356
330
C
100
AcDbEntity
8
0
100
AcDbLine
10
262.465
20
164.886
30
0
11
262.624
21
164.83
31
0
0
LINE
5
1357
330
C
100
AcDbEntity
8
0
100
AcDbLine
10
262.624
20
164.83
30
0
11
262.776
21
164.769
31
0
0
LINE
5
1358
330
C
100
AcDbEntity
8
0
100
AcDbLine
10
262.776
20
164.769
30
0
11
262.921
21
164.705
31
0
0
LINE
5
1359
330
C
100
AcDbEntity
8
0
100
AcDbLine
10
262.921
20
164.705
30
0
11
263.059
21
164.635
31
0
0
LINE
5
135A
330
C
100
AcDbEntity
8
0
100
AcDbLine
10
263.059
20
164.635
30
0
11
263.19
21
164.562
31
0
0
LINE
5
135B
330
C
100
AcDbEntity
8
0
100
AcDbLine
10
263.19
20
164.562
30
0
11
263.315
21
164.484
31
0
0
LINE
5
135C
330
C
100
AcDbEntity
8
0
100
AcDbLine
10
263.315
20
164.484
30
0
11
263.433
21
164.402
31
0
0
LINE
5
135D
330
C
100
AcDbEntity
8
0
100
AcDbLine
10
263.433
20
164.402
30
0
11
263.544
21
164.316
31
0
0
LINE
5
135E
330
C
100
AcDbEntity
8
0
100
AcDbLine
10
263.544
20
164.316
30
0
11
263.649
21
164.225
31
0
0
LINE
5
135F
330
C
100
AcDbEntity
8
0
100
AcDbLine
10
263.649
20
164.225
30
0
11
263.746
21
164.13
31
0
0
LINE
5
1360
330
C
100
AcDbEntity
8
0
100
AcDbLine
10
263.746
20
164.13
30
0
11
263.836
21
164.03
31
0
0
LINE
5
1361
330
C
100
AcDbEntity
8
0
100
AcDbLine
10
263.836
20
164.03
30
0
11
263.916
21
163.924
31
0
0
LINE
5
1362
330
C
100
AcDbEntity
8
0
100
AcDbLine
10
263.916
20
163.924
30
0
11
263.986
21
163.812
31
0
0
LINE
5
1363
330
C
100
AcDbEntity
8
0
100
AcDbLine
10
263.986
20
163.812
30
0
11
264.048
21
163.695
31
0
0
LINE
5
1364
330
C
100
AcDbEntity
8
0
100
AcDbLine
10
264.048
20
163.695
30
0
11
264.099
21
163.572
31
0
0
LINE
5
1365
330
C
100
AcDbEntity
8
0
100
AcDbLine
10
264.099
20
163.572
30
0
11
264.142
21
163.443
31
0
0
LINE
5
1366
330
C
100
AcDbEntity
8
0
100
AcDbLine
10
264.142
20
163.443
30
0
11
264.175
21
163.308
31
0
0
LINE
5
1367
330
C
100
AcDbEntity
8
0
100
AcDbLine
10
264.175
20
163.308
30
0
11
264.198
21
163.168
31
0
0
LINE
5
1368
330
C
100
AcDbEntity
8
0
100
AcDbLine
10
264.198
20
163.168
30
0
11
264.213
21
163.022
31
0
0
LINE
5
1369
330
C
100
AcDbEntity
8
0
100
AcDbLine
10
264.213
20
163.022
30
0
11
264.217
21
162.87
31
0
0
LINE
5
136A
330
C
100
AcDbEntity
8
0
100
AcDbLine
10
264.217
20
162.87
30
0
11
264.217
21
162.87
31
0
0
LINE
5
136B
330
C
100
AcDbEntity
8
0
100
AcDbLine
10
264.217
20
162.87
30
0
11
264.214
21
162.751
31
0
0
LINE
5
136C
330
C
100
AcDbEntity
8
0
100
AcDbLine
10
264.214
20
162.751
30
0
11
264.204
21
162.635
31
0
0
LINE
5
136D
330
C
100
AcDbEntity
8
0
100
AcDbLine
10
264.204
20
162.635
30
0
11
264.188
21
162.52
31
0
0
LINE
5
136E
330
C
100
AcDbEntity
8
0
100
AcDbLine
10
264.188
20
162.52
30
0
11
264.166
21
162.408
31
0
0
LINE
5
136F
330
C
100
AcDbEntity
8
0
100
AcDbLine
10
264.166
20
162.408
30
0
11
264.137
21
162.298
31
0
0
LINE
5
1370
330
C
100
AcDbEntity
8
0
100
AcDbLine
10
264.137
20
162.298
30
0
11
264.102
21
162.191
31
0
0
LINE
5
1371
330
C
100
AcDbEntity
8
0
100
AcDbLine
10
264.102
20
162.191
30
0
11
264.06
21
162.086
31
0
0
LINE
5
1372
330
C
100
AcDbEntity
8
0
100
AcDbLine
10
264.06
20
162.086
30
0
11
264.012
21
161.983
31
0
0
LINE
5
1373
330
C
100
AcDbEntity
8
0
100
AcDbLine
10
264.012
20
161.983
30
0
11
263.957
21
161.882
31
0
0
LINE
5
1374
330
C
100
AcDbEntity
8
0
100
AcDbLine
10
263.957
20
161.882
30
0
11
263.896
21
161.784
31
0
0
LINE
5
1375
330
C
100
AcDbEntity
8
0
100
AcDbLine
10
263.896
20
161.784
30
0
11
263.829
21
161.689
31
0
0
LINE
5
1376
330
C
100
AcDbEntity
8
0
100
AcDbLine
10
263.829
20
161.689
30
0
11
263.756
21
161.598
31
0
0
LINE
5
1377
330
C
100
AcDbEntity
8
0
100
AcDbLine
10
263.756
20
161.598
30
0
11
263.676
21
161.51
31
0
0
LINE
5
1378
330
C
100
AcDbEntity
8
0
100
AcDbLine
10
263.676
20
161.51
30
0
11
263.591
21
161.427
31
0
0
LINE
5
1379
330
C
100
AcDbEntity
8
0
100
AcDbLine
10
263.591
20
161.427
30
0
11
263.499
21
161.347
31
0
0
LINE
5
137A
330
C
100
AcDbEntity
8
0
100
AcDbLine
10
263.499
20
161.347
30
0
11
263.402
21
161.272
31
0
0
LINE
5
137B
330
C
100
AcDbEntity
8
0
100
AcDbLine
10
263.402
20
161.272
30
0
11
263.298
21
161.201
31
0
0
LINE
5
137C
330
C
100
AcDbEntity
8
0
100
AcDbLine
10
263.298
20
161.201
30
0
11
263.189
21
161.133
31
0
0
LINE
5
137D
330
C
100
AcDbEntity
8
0
100
AcDbLine
10
263.189
20
161.133
30
0
11
263.073
21
161.07
31
0
0
LINE
5
137E
330
C
100
AcDbEntity
8
0
100
AcDbLine
10
263.073
20
161.07
30
0
11
262.951
21
161.01
31
0
0
LINE
5
137F
330
C
100
AcDbEntity
8
0
100
AcDbLine
10
262.951
20
161.01
30
0
11
262.824
21
160.955
31
0
0
LINE
5
1380
330
C
100
AcDbEntity
8
0
100
AcDbLine
10
262.824
20
160.955
30
0
11
262.69
21
160.906
31
0
0
LINE
5
1381
330
C
100
AcDbEntity
8
0
100
AcDbLine
10
262.69
20
160.906
30
0
11
262.551
21
160.863
31
0
0
LINE
5
1382
330
C
100
AcDbEntity
8
0
100
AcDbLine
10
262.551
20
160.863
30
0
11
262.407
21
160.826
31
0
0
LINE
5
1383
330
C
100
AcDbEntity
8
0
100
AcDbLine
10
262.407
20
160.826
30
0
11
262.257
21
160.794
31
0
0
LINE
5
1384
330
C
100
AcDbEntity
8
0
100
AcDbLine
10
262.257
20
160.794
30
0
11
262.101
21
160.768
31
0
0
LINE
5
1385
330
C
100
AcDbEntity
8
0
100
AcDbLine
10
262.101
20
160.768
30
0
11
261.939
21
160.748
31
0
0
LINE
5
1386
330
C
100
AcDbEntity
8
0
100
AcDbLine
10
261.939
20
160.748
30
0
11
261.772
21
160.734
31
0
0
LINE
5
1387
330
C
100
AcDbEntity
8
0
100
AcDbLine
10
261.772
20
160.734
30
0
11
261.6
21
160.725
31
0
0
LINE
5
1388
330
C
100
AcDbEntity
8
0
100
AcDbLine
10
261.6
20
160.725
30
0
11
261.421
21
160.722
31
0
0
LINE
5
1389
330
C
100
AcDbEntity
8
0
100
AcDbLine
10
261.421
20
160.722
30
0
11
261.421
21
160.722
31
0
0
LINE
5
138A
330
C
100
AcDbEntity
8
0
100
AcDbLine
10
266.791
20
167.958
30
0
11
266.791
21
167.958
31
0
0
LINE
5
138B
330
C
100
AcDbEntity
8
0
100
AcDbLine
10
266.791
20
167.958
30
0
11
266.735
21
167.96
31
0
0
LINE
5
138C
330
C
100
AcDbEntity
8
0
100
AcDbLine
10
266.735
20
167.96
30
0
11
266.681
21
167.965
31
0
0
LINE
5
138D
330
C
100
AcDbEntity
8
0
100
AcDbLine
10
266.681
20
167.965
30
0
11
266.629
21
167.973
31
0
0
LINE
5
138E
330
C
100
AcDbEntity
8
0
100
AcDbLine
10
266.629
20
167.973
30
0
11
266.58
21
167.984
31
0
0
LINE
5
138F
330
C
100
AcDbEntity
8
0
100
AcDbLine
10
266.58
20
167.984
30
0
11
266.533
21
167.999
31
0
0
LINE
5
1390
330
C
100
AcDbEntity
8
0
100
AcDbLine
10
266.533
20
167.999
30
0
11
266.489
21
168.017
31
0
0
LINE
5
1391
330
C
100
AcDbEntity
8
0
100
AcDbLine
10
266.489
20
168.017
30
0
11
266.447
21
168.039
31
0
0
LINE
5
1392
330
C
100
AcDbEntity
8
0
100
AcDbLine
10
266.447
20
168.039
30
0
11
266.407
21
168.064
31
0
0
LINE
5
1393
330
C
100
AcDbEntity
8
0
100
AcDbLine
10
266.407
20
168.064
30
0
11
266.37
21
168.092
31
0
0
LINE
5
1394
330
C
100
AcDbEntity
8
0
100
AcDbLine
10
266.37
20
168.092
30
0
11
266.335
21
168.123
31
0
0
LINE
5
1395
330
C
100
AcDbEntity
8
0
100
AcDbLine
10
266.335
20
168.123
30
0
11
266.303
21
168.157
31
0
0
LINE
5
1396
330
C
100
AcDbEntity
8
0
100
AcDbLine
10
266.303
20
168.157
30
0
11
266.275
21
168.193
31
0
0
LINE
5
1397
330
C
100
AcDbEntity
8
0
100
AcDbLine
10
266.275
20
168.193
30
0
11
266.25
21
168.231
31
0
0
LINE
5
1398
330
C
100
AcDbEntity
8
0
100
AcDbLine
10
266.25
20
168.231
30
0
11
266.228
21
168.272
31
0
0
LINE
5
1399
330
C
100
AcDbEntity
8
0
100
AcDbLine
10
266.228
20
168.272
30
0
11
266.209
21
168.314
31
0
0
LINE
5
139A
330
C
100
AcDbEntity
8
0
100
AcDbLine
10
266.209
20
168.314
30
0
11
266.194
21
168.359
31
0
0
LINE
5
139B
330
C
100
AcDbEntity
8
0
100
AcDbLine
10
266.194
20
168.359
30
0
11
266.182
21
168.405
31
0
0
LINE
5
139C
330
C
100
AcDbEntity
8
0
100
AcDbLine
10
266.182
20
168.405
30
0
11
266.174
21
168.454
31
0
0
LINE
5
139D
330
C
100
AcDbEntity
8
0
100
AcDbLine
10
266.174
20
168.454
30
0
11
266.169
21
168.505
31
0
0
LINE
5
139E
330
C
100
AcDbEntity
8
0
100
AcDbLine
10
266.169
20
168.505
30
0
11
266.167
21
168.558
31
0
0
LINE
5
139F
330
C
100
AcDbEntity
8
0
100
AcDbLine
10
266.167
20
168.558
30
0
11
266.167
21
168.558
31
0
0
LINE
5
13A0
330
C
100
AcDbEntity
8
0
100
AcDbLine
10
266.167
20
168.558
30
0
11
266.169
21
168.61
31
0
0
LINE
5
13A1
330
C
100
AcDbEntity
8
0
100
AcDbLine
10
266.169
20
168.61
30
0
11
266.174
21
168.659
31
0
0
LINE
5
13A2
330
C
100
AcDbEntity
8
0
100
AcDbLine
10
266.174
20
168.659
30
0
11
266.182
21
168.707
31
0
0
LINE
5
13A3
330
C
100
AcDbEntity
8
0
100
AcDbLine
10
266.182
20
168.707
30
0
11
266.194
21
168.752
31
0
0
LINE
5
13A4
330
C
100
AcDbEntity
8
0
100
AcDbLine
10
266.194
20
168.752
30
0
11
266.209
21
168.795
31
0
0
LINE
5
13A5
330
C
100
AcDbEntity
8
0
100
AcDbLine
10
266.209
20
168.795
30
0
11
266.228
21
168.836
31
0
0
LINE
5
13A6
330
C
100
AcDbEntity
8
0
100
AcDbLine
10
266.228
20
168.836
30
0
11
266.25
21
168.875
31
0
0
LINE
5
13A7
330
C
100
AcDbEntity
8
0
100
AcDbLine
10
266.25
20
168.875
30
0
11
266.275
21
168.911
31
0
0
LINE
5
13A8
330
C
100
AcDbEntity
8
0
100
AcDbLine
10
266.275
20
168.911
30
0
11
266.303
21
168.946
31
0
0
LINE
5
13A9
330
C
100
AcDbEntity
8
0
100
AcDbLine
10
266.303
20
168.946
30
0
11
266.335
21
168.978
31
0
0
LINE
5
13AA
330
C
100
AcDbEntity
8
0
100
AcDbLine
10
266.335
20
168.978
30
0
11
266.37
21
169.008
31
0
0
LINE
5
13AB
330
C
100
AcDbEntity
8
0
100
AcDbLine
10
266.37
20
169.008
30
0
11
266.407
21
169.034
31
0
0
LINE
5
13AC
330
C
100
AcDbEntity
8
0
100
AcDbLine
10
266.407
20
169.034
30
0
11
266.447
21
169.058
31
0
0
LINE
5
13AD
330
C
100
AcDbEntity
8
0
100
AcDbLine
10
266.447
20
169.058
30
0
11
266.489
21
169.078
31
0
0
LINE
5
13AE
330
C
100
AcDbEntity
8
0
100
AcDbLine
10
266.489
20
169.078
30
0
11
266.533
21
169.095
31
0
0
LINE
5
13AF
330
C
100
AcDbEntity
8
0
100
AcDbLine
10
266.533
20
169.095
30
0
11
266.58
21
169.109
31
0
0
LINE
5
13B0
330
C
100
AcDbEntity
8
0
100
AcDbLine
10
266.58
20
169.109
30
0
11
266.629
21
169.12
31
0
0
LINE
5
13B1
330
C
100
AcDbEntity
8
0
100
AcDbLine
10
266.629
20
169.12
30
0
11
266.681
21
169.128
31
0
0
LINE
5
13B2
330
C
100
AcDbEntity
8
0
100
AcDbLine
10
266.681
20
169.128
30
0
11
266.735
21
169.132
31
0
0
LINE
5
13B3
330
C
100
AcDbEntity
8
0
100
AcDbLine
10
266.735
20
169.132
30
0
11
266.791
21
169.134
31
0
0
LINE
5
13B4
330
C
100
AcDbEntity
8
0
100
AcDbLine
10
266.791
20
169.134
30
0
11
266.791
21
169.134
31
0
0
LINE
5
13B5
330
C
100
AcDbEntity
8
0
100
AcDbLine
10
266.791
20
169.134
30
0
11
266.848
21
169.132
31
0
0
LINE
5
13B6
330
C
100
AcDbEntity
8
0
100
AcDbLine
10
266.848
20
169.132
30
0
11
266.902
21
169.128
31
0
0
LINE
5
13B7
330
C
100
AcDbEntity
8
0
100
AcDbLine
10
266.902
20
169.128
30
0
11
266.953
21
169.12
31
0
0
LINE
5
13B8
330
C
100
AcDbEntity
8
0
100
AcDbLine
10
266.953
20
169.12
30
0
11
267.002
21
169.109
31
0
0
LINE
5
13B9
330
C
100
AcDbEntity
8
0
100
AcDbLine
10
267.002
20
169.109
30
0
11
267.049
21
169.095
31
0
0
LINE
5
13BA
330
C
100
AcDbEntity
8
0
100
AcDbLine
10
267.049
20
169.095
30
0
11
267.094
21
169.078
31
0
0
LINE
5
13BB
330
C
100
AcDbEntity
8
0
100
AcDbLine
10
267.094
20
169.078
30
0
11
267.136
21
169.058
31
0
0
LINE
5
13BC
330
C
100
AcDbEntity
8
0
100
AcDbLine
10
267.136
20
169.058
30
0
11
267.175
21
169.034
31
0
0
LINE
5
13BD
330
C
100
AcDbEntity
8
0
100
AcDbLine
10
267.175
20
169.034
30
0
11
267.212
21
169.008
31
0
0
LINE
5
13BE
330
C
100
AcDbEntity
8
0
100
AcDbLine
10
267.212
20
169.008
30
0
11
267.247
21
168.978
31
0
0
LINE
5
13BF
330
C
100
AcDbEntity
8
0
100
AcDbLine
10
267.247
20
168.978
30
0
11
267.279
21
168.946
31
0
0
LINE
5
13C0
330
C
100
AcDbEntity
8
0
100
AcDbLine
10
267.279
20
168.946
30
0
11
267.308
21
168.911
31
0
0
LINE
5
13C1
330
C
100
AcDbEntity
8
0
100
AcDbLine
10
267.308
20
168.911
30
0
11
267.333
21
168.875
31
0
0
LINE
5
13C2
330
C
100
AcDbEntity
8
0
100
AcDbLine
10
267.333
20
168.875
30
0
11
267.355
21
168.836
31
0
0
LINE
5
13C3
330
C
100
AcDbEntity
8
0
100
AcDbLine
10
267.355
20
168.836
30
0
11
267.373
21
168.795
31
0
0
LINE
5
13C4
330
C
100
AcDbEntity
8
0
100
AcDbLine
10
267.373
20
168.795
30
0
11
267.388
21
168.752
31
0
0
LINE
5
13C5
330
C
100
AcDbEntity
8
0
100
AcDbLine
10
267.388
20
168.752
30
0
11
267.4
21
168.707
31
0
0
LINE
5
13C6
330
C
100
AcDbEntity
8
0
100
AcDbLine
10
267.4
20
168.707
30
0
11
267.408
21
168.659
31
0
0
LINE
5
13C7
330
C
100
AcDbEntity
8
0
100
AcDbLine
10
267.408
20
168.659
30
0
11
267.414
21
168.61
31
0
0
LINE
5
13C8
330
C
100
AcDbEntity
8
0
100
AcDbLine
10
267.414
20
168.61
30
0
11
267.415
21
168.558
31
0
0
LINE
5
13C9
330
C
100
AcDbEntity
8
0
100
AcDbLine
10
267.415
20
168.558
30
0
11
267.415
21
168.558
31
0
0
LINE
5
13CA
330
C
100
AcDbEntity
8
0
100
AcDbLine
10
267.415
20
168.558
30
0
11
267.414
21
168.505
31
0
0
LINE
5
13CB
330
C
100
AcDbEntity
8
0
100
AcDbLine
10
267.414
20
168.505
30
0
11
267.408
21
168.454
31
0
0
LINE
5
13CC
330
C
100
AcDbEntity
8
0
100
AcDbLine
10
267.408
20
168.454
30
0
11
267.4
21
168.405
31
0
0
LINE
5
13CD
330
C
100
AcDbEntity
8
0
100
AcDbLine
10
267.4
20
168.405
30
0
11
267.388
21
168.359
31
0
0
LINE
5
13CE
330
C
100
AcDbEntity
8
0
100
AcDbLine
10
267.388
20
168.359
30
0
11
267.373
21
168.314
31
0
0
LINE
5
13CF
330
C
100
AcDbEntity
8
0
100
AcDbLine
10
267.373
20
168.314
30
0
11
267.355
21
168.272
31
0
0
LINE
5
13D0
330
C
100
AcDbEntity
8
0
100
AcDbLine
10
267.355
20
168.272
30
0
11
267.333
21
168.231
31
0
0
LINE
5
13D1
330
C
100
AcDbEntity
8
0
100
AcDbLine
10
267.333
20
168.231
30
0
11
267.308
21
168.193
31
0
0
LINE
5
13D2
330
C
100
AcDbEntity
8
0
100
AcDbLine
10
267.308
20
168.193
30
0
11
267.279
21
168.157
31
0
0
LINE
5
13D3
330
C
100
AcDbEntity
8
0
100
AcDbLine
10
267.279
20
168.157
30
0
11
267.247
21
168.123
31
0
0
LINE
5
13D4
330
C
100
AcDbEntity
8
0
100
AcDbLine
10
267.247
20
168.123
30
0
11
267.212
21
168.092
31
0
0
LINE
5
13D5
330
C
100
AcDbEntity
8
0
100
AcDbLine
10
267.212
20
168.092
30
0
11
267.175
21
168.064
31
0
0
LINE
5
13D6
330
C
100
AcDbEntity
8
0
100
AcDbLine
10
267.175
20
168.064
30
0
11
267.136
21
168.039
31
0
0
LINE
5
13D7
330
C
100
AcDbEntity
8
0
100
AcDbLine
10
267.136
20
168.039
30
0
11
267.094
21
168.017
31
0
0
LINE
5
13D8
330
C
100
AcDbEntity
8
0
100
AcDbLine
10
267.094
20
168.017
30
0
11
267.049
21
167.999
31
0
0
LINE
5
13D9
330
C
100
AcDbEntity
8
0
100
AcDbLine
10
267.049
20
167.999
30
0
11
267.002
21
167.984
31
0
0
LINE
5
13DA
330
C
100
AcDbEntity
8
0
100
AcDbLine
10
267.002
20
167.984
30
0
11
266.953
21
167.973
31
0
0
LINE
5
13DB
330
C
100
AcDbEntity
8
0
100
AcDbLine
10
266.953
20
167.973
30
0
11
266.902
21
167.965
31
0
0
LINE
5
13DC
330
C
100
AcDbEntity
8
0
100
AcDbLine
10
266.902
20
167.965
30
0
11
266.848
21
167.96
31
0
0
LINE
5
13DD
330
C
100
AcDbEntity
8
0
100
AcDbLine
10
266.848
20
167.96
30
0
11
266.791
21
167.958
31
0
0
LINE
5
13DE
330
C
100
AcDbEntity
8
0
100
AcDbLine
10
266.791
20
167.958
30
0
11
266.791
21
167.958
31
0
0
LINE
5
13DF
330
C
100
AcDbEntity
8
0
100
AcDbLine
10
267.259
20
160.866
30
0
11
266.323
21
160.866
31
0
0
LINE
5
13E0
330
C
100
AcDbEntity
8
0
100
AcDbLine
10
266.323
20
160.866
30
0
11
266.323
21
166.614
31
0
0
LINE
5
13E1
330
C
100
AcDbEntity
8
0
100
AcDbLine
10
266.323
20
166.614
30
0
11
267.259
21
166.614
31
0
0
LINE
5
13E2
330
C
100
AcDbEntity
8
0
100
AcDbLine
10
267.259
20
166.614
30
0
11
267.259
21
160.866
31
0
0
LINE
5
13E3
330
C
100
AcDbEntity
8
0
100
AcDbLine
10
267.259
20
160.866
30
0
11
267.259
21
160.866
31
0
0
LINE
5
13E4
330
C
100
AcDbEntity
8
0
100
AcDbLine
10
271.891
20
160.722
30
0
11
271.891
21
160.722
31
0
0
LINE
5
13E5
330
C
100
AcDbEntity
8
0
100
AcDbLine
10
271.891
20
160.722
30
0
11
271.753
21
160.726
31
0
0
LINE
5
13E6
330
C
100
AcDbEntity
8
0
100
AcDbLine
10
271.753
20
160.726
30
0
11
271.617
21
160.737
31
0
0
LINE
5
13E7
330
C
100
AcDbEntity
8
0
100
AcDbLine
10
271.617
20
160.737
30
0
11
271.484
21
160.756
31
0
0
LINE
5
13E8
330
C
100
AcDbEntity
8
0
100
AcDbLine
10
271.484
20
160.756
30
0
11
271.353
21
160.782
31
0
0
LINE
5
13E9
330
C
100
AcDbEntity
8
0
100
AcDbLine
10
271.353
20
160.782
30
0
11
271.224
21
160.816
31
0
0
LINE
5
13EA
330
C
100
AcDbEntity
8
0
100
AcDbLine
10
271.224
20
160.816
30
0
11
271.097
21
160.857
31
0
0
LINE
5
13EB
330
C
100
AcDbEntity
8
0
100
AcDbLine
10
271.097
20
160.857
30
0
11
270.973
21
160.906
31
0
0
LINE
5
13EC
330
C
100
AcDbEntity
8
0
100
AcDbLine
10
270.973
20
160.906
30
0
11
270.851
21
160.962
31
0
0
LINE
5
13ED
330
C
100
AcDbEntity
8
0
100
AcDbLine
10
270.851
20
160.962
30
0
11
270.731
21
161.026
31
0
0
LINE
5
13EE
330
C
100
AcDbEntity
8
0
100
AcDbLine
10
270.731
20
161.026
30
0
11
270.613
21
161.097
31
0
0
LINE
5
13EF
330
C
100
AcDbEntity
8
0
100
AcDbLine
10
270.613
20
161.097
30
0
11
270.499
21
161.175
31
0
0
LINE
5
13F0
330
C
100
AcDbEntity
8
0
100
AcDbLine
10
270.499
20
161.175
30
0
11
270.39
21
161.259
31
0
0
LINE
5
13F1
330
C
100
AcDbEntity
8
0
100
AcDbLine
10
270.39
20
161.259
30
0
11
270.285
21
161.35
31
0
0
LINE
5
13F2
330
C
100
AcDbEntity
8
0
100
AcDbLine
10
270.285
20
161.35
30
0
11
270.185
21
161.446
31
0
0
LINE
5
13F3
330
C
100
AcDbEntity
8
0
100
AcDbLine
10
270.185
20
161.446
30
0
11
270.09
21
161.548
31
0
0
LINE
5
13F4
330
C
100
AcDbEntity
8
0
100
AcDbLine
10
270.09
20
161.548
30
0
11
269.999
21
161.657
31
0
0
LINE
5
13F5
330
C
100
AcDbEntity
8
0
100
AcDbLine
10
269.999
20
161.657
30
0
11
269.913
21
161.772
31
0
0
LINE
5
13F6
330
C
100
AcDbEntity
8
0
100
AcDbLine
10
269.913
20
161.772
30
0
11
269.832
21
161.893
31
0
0
LINE
5
13F7
330
C
100
AcDbEntity
8
0
100
AcDbLine
10
269.832
20
161.893
30
0
11
269.755
21
162.02
31
0
0
LINE
5
13F8
330
C
100
AcDbEntity
8
0
100
AcDbLine
10
269.755
20
162.02
30
0
11
269.683
21
162.153
31
0
0
LINE
5
13F9
330
C
100
AcDbEntity
8
0
100
AcDbLine
10
269.683
20
162.153
30
0
11
269.617
21
162.292
31
0
0
LINE
5
13FA
330
C
100
AcDbEntity
8
0
100
AcDbLine
10
269.617
20
162.292
30
0
11
269.558
21
162.435
31
0
0
LINE
5
13FB
330
C
100
AcDbEntity
8
0
100
AcDbLine
10
269.558
20
162.435
30
0
11
269.506
21
162.583
31
0
0
LINE
5
13FC
330
C
100
AcDbEntity
8
0
100
AcDbLine
10
269.506
20
162.583
30
0
11
269.46
21
162.737
31
0
0
LINE
5
13FD
330
C
100
AcDbEntity
8
0
100
AcDbLine
10
269.46
20
162.737
30
0
11
269.422
21
162.895
31
0
0
LINE
5
13FE
330
C
100
AcDbEntity
8
0
100
AcDbLine
10
269.422
20
162.895
30
0
11
269.391
21
163.058
31
0
0
LINE
5
13FF
330
C
100
AcDbEntity
8
0
100
AcDbLine
10
269.391
20
163.058
30
0
11
269.367
21
163.225
31
0
0
LINE
5
1400
330
C
100
AcDbEntity
8
0
100
AcDbLine
10
269.367
20
163.225
30
0
11
269.349
21
163.398
31
0
0
LINE
5
1401
330
C
100
AcDbEntity
8
0
100
AcDbLine
10
269.349
20
163.398
30
0
11
269.339
21
163.576
31
0
0
LINE
5
1402
330
C
100
AcDbEntity
8
0
100
AcDbLine
10
269.339
20
163.576
30
0
11
269.335
21
163.758
31
0
0
LINE
5
1403
330
C
100
AcDbEntity
8
0
100
AcDbLine
10
269.335
20
163.758
30
0
11
269.335
21
163.758
31
0
0
LINE
5
1404
330
C
100
AcDbEntity
8
0
100
AcDbLine
10
269.335
20
163.758
30
0
11
269.339
21
163.939
31
0
0
LINE
5
1405
330
C
100
AcDbEntity
8
0
100
AcDbLine
10
269.339
20
163.939
30
0
11
269.349
21
164.115
31
0
0
LINE
5
1406
330
C
100
AcDbEntity
8
0
100
AcDbLine
10
269.349
20
164.115
30
0
11
269.366
21
164.287
31
0
0
LINE
5
1407
330
C
100
AcDbEntity
8
0
100
AcDbLine
10
269.366
20
164.287
30
0
11
269.39
21
164.453
31
0
0
LINE
5
1408
330
C
100
AcDbEntity
8
0
100
AcDbLine
10
269.39
20
164.453
30
0
11
269.421
21
164.614
31
0
0
LINE
5
1409
330
C
100
AcDbEntity
8
0
100
AcDbLine
10
269.421
20
164.614
30
0
11
269.458
21
164.771
31
0
0
LINE
5
140A
330
C
100
AcDbEntity
8
0
100
AcDbLine
10
269.458
20
164.771
30
0
11
269.503
21
164.923
31
0
0
LINE
5
140B
330
C
100
AcDbEntity
8
0
100
AcDbLine
10
269.503
20
164.923
30
0
11
269.554
21
165.069
31
0
0
LINE
5
140C
330
C
100
AcDbEntity
8
0
100
AcDbLine
10
269.554
20
165.069
30
0
11
269.612
21
165.211
31
0
0
LINE
5
140D
330
C
100
AcDbEntity
8
0
100
AcDbLine
10
269.612
20
165.211
30
0
11
269.677
21
165.348
31
0
0
LINE
5
140E
330
C
100
AcDbEntity
8
0
100
AcDbLine
10
269.677
20
165.348
30
0
11
269.748
21
165.479
31
0
0
LINE
5
140F
330
C
100
AcDbEntity
8
0
100
AcDbLine
10
269.748
20
165.479
30
0
11
269.823
21
165.604
31
0
0
LINE
5
1410
330
C
100
AcDbEntity
8
0
100
AcDbLine
10
269.823
20
165.604
30
0
11
269.903
21
165.723
31
0
0
LINE
5
1411
330
C
100
AcDbEntity
8
0
100
AcDbLine
10
269.903
20
165.723
30
0
11
269.987
21
165.836
31
0
0
LINE
5
1412
330
C
100
AcDbEntity
8
0
100
AcDbLine
10
269.987
20
165.836
30
0
11
270.075
21
165.943
31
0
0
LINE
5
1413
330
C
100
AcDbEntity
8
0
100
AcDbLine
10
270.075
20
165.943
30
0
11
270.169
21
166.043
31
0
0
LINE
5
1414
330
C
100
AcDbEntity
8
0
100
AcDbLine
10
270.169
20
166.043
30
0
11
270.266
21
166.137
31
0
0
LINE
5
1415
330
C
100
AcDbEntity
8
0
100
AcDbLine
10
270.266
20
166.137
30
0
11
270.368
21
166.225
31
0
0
LINE
5
1416
330
C
100
AcDbEntity
8
0
100
AcDbLine
10
270.368
20
166.225
30
0
11
270.475
21
166.307
31
0
0
LINE
5
1417
330
C
100
AcDbEntity
8
0
100
AcDbLine
10
270.475
20
166.307
30
0
11
270.586
21
166.383
31
0
0
LINE
5
1418
330
C
100
AcDbEntity
8
0
100
AcDbLine
10
270.586
20
166.383
30
0
11
270.701
21
166.452
31
0
0
LINE
5
1419
330
C
100
AcDbEntity
8
0
100
AcDbLine
10
270.701
20
166.452
30
0
11
270.817
21
166.514
31
0
0
LINE
5
141A
330
C
100
AcDbEntity
8
0
100
AcDbLine
10
270.817
20
166.514
30
0
11
270.936
21
166.568
31
0
0
LINE
5
141B
330
C
100
AcDbEntity
8
0
100
AcDbLine
10
270.936
20
166.568
30
0
11
271.058
21
166.615
31
0
0
LINE
5
141C
330
C
100
AcDbEntity
8
0
100
AcDbLine
10
271.058
20
166.615
30
0
11
271.181
21
166.655
31
0
0
LINE
5
141D
330
C
100
AcDbEntity
8
0
100
AcDbLine
10
271.181
20
166.655
30
0
11
271.307
21
166.688
31
0
0
LINE
5
141E
330
C
100
AcDbEntity
8
0
100
AcDbLine
10
271.307
20
166.688
30
0
11
271.434
21
166.713
31
0
0
LINE
5
141F
330
C
100
AcDbEntity
8
0
100
AcDbLine
10
271.434
20
166.713
30
0
11
271.564
21
166.731
31
0
0
LINE
5
1420
330
C
100
AcDbEntity
8
0
100
AcDbLine
10
271.564
20
166.731
30
0
11
271.697
21
166.742
31
0
0
LINE
5
1421
330
C
100
AcDbEntity
8
0
100
AcDbLine
10
271.697
20
166.742
30
0
11
271.831
21
166.746
31
0
0
LINE
5
1422
330
C
100
AcDbEntity
8
0
100
AcDbLine
10
271.831
20
166.746
30
0
11
271.831
21
166.746
31
0
0
LINE
5
1423
330
C
100
AcDbEntity
8
0
100
AcDbLine
10
271.831
20
166.746
30
0
11
271.956
21
166.743
31
0
0
LINE
5
1424
330
C
100
AcDbEntity
8
0
100
AcDbLine
10
271.956
20
166.743
30
0
11
272.077
21
166.734
31
0
0
LINE
5
1425
330
C
100
AcDbEntity
8
0
100
AcDbLine
10
272.077
20
166.734
30
0
11
272.195
21
166.718
31
0
0
LINE
5
1426
330
C
100
AcDbEntity
8
0
100
AcDbLine
10
272.195
20
166.718
30
0
11
272.311
21
166.697
31
0
0
LINE
5
1427
330
C
100
AcDbEntity
8
0
100
AcDbLine
10
272.311
20
166.697
30
0
11
272.423
21
166.669
31
0
0
LINE
5
1428
330
C
100
AcDbEntity
8
0
100
AcDbLine
10
272.423
20
166.669
30
0
11
272.532
21
166.636
31
0
0
LINE
5
1429
330
C
100
AcDbEntity
8
0
100
AcDbLine
10
272.532
20
166.636
30
0
11
272.638
21
166.596
31
0
0
LINE
5
142A
330
C
100
AcDbEntity
8
0
100
AcDbLine
10
272.638
20
166.596
30
0
11
272.741
21
166.55
31
0
0
LINE
5
142B
330
C
100
AcDbEntity
8
0
100
AcDbLine
10
272.741
20
166.55
30
0
11
272.841
21
166.498
31
0
0
LINE
5
142C
330
C
100
AcDbEntity
8
0
100
AcDbLine
10
272.841
20
166.498
30
0
11
272.938
21
166.44
31
0
0
LINE
5
142D
330
C
100
AcDbEntity
8
0
100
AcDbLine
10
272.938
20
166.44
30
0
11
273.031
21
166.376
31
0
0
LINE
5
142E
330
C
100
AcDbEntity
8
0
100
AcDbLine
10
273.031
20
166.376
30
0
11
273.12
21
166.307
31
0
0
LINE
5
142F
330
C
100
AcDbEntity
8
0
100
AcDbLine
10
273.12
20
166.307
30
0
11
273.205
21
166.232
31
0
0
LINE
5
1430
330
C
100
AcDbEntity
8
0
100
AcDbLine
10
273.205
20
166.232
30
0
11
273.286
21
166.152
31
0
0
LINE
5
1431
330
C
100
AcDbEntity
8
0
100
AcDbLine
10
273.286
20
166.152
30
0
11
273.362
21
166.066
31
0
0
LINE
5
1432
330
C
100
AcDbEntity
8
0
100
AcDbLine
10
273.362
20
166.066
30
0
11
273.434
21
165.976
31
0
0
LINE
5
1433
330
C
100
AcDbEntity
8
0
100
AcDbLine
10
273.434
20
165.976
30
0
11
273.502
21
165.879
31
0
0
LINE
5
1434
330
C
100
AcDbEntity
8
0
100
AcDbLine
10
273.502
20
165.879
30
0
11
273.565
21
165.778
31
0
0
LINE
5
1435
330
C
100
AcDbEntity
8
0
100
AcDbLine
10
273.565
20
165.778
30
0
11
273.624
21
165.671
31
0
0
LINE
5
1436
330
C
100
AcDbEntity
8
0
100
AcDbLine
10
273.624
20
165.671
30
0
11
273.679
21
165.558
31
0
0
LINE
5
1437
330
C
100
AcDbEntity
8
0
100
AcDbLine
10
273.679
20
165.558
30
0
11
273.729
21
165.44
31
0
0
LINE
5
1438
330
C
100
AcDbEntity
8
0
100
AcDbLine
10
273.729
20
165.44
30
0
11
273.774
21
165.318
31
0
0
LINE
5
1439
330
C
100
AcDbEntity
8
0
100
AcDbLine
10
273.774
20
165.318
30
0
11
273.814
21
165.191
31
0
0
LINE
5
143A
330
C
100
AcDbEntity
8
0
100
AcDbLine
10
273.814
20
165.191
30
0
11
273.848
21
165.059
31
0
0
LINE
5
143B
330
C
100
AcDbEntity
8
0
100
AcDbLine
10
273.848
20
165.059
30
0
11
273.877
21
164.922
31
0
0
LINE
5
143C
330
C
100
AcDbEntity
8
0
100
AcDbLine
10
273.877
20
164.922
30
0
11
273.901
21
164.78
31
0
0
LINE
5
143D
330
C
100
AcDbEntity
8
0
100
AcDbLine
10
273.901
20
164.78
30
0
11
273.919
21
164.634
31
0
0
LINE
5
143E
330
C
100
AcDbEntity
8
0
100
AcDbLine
10
273.919
20
164.634
30
0
11
273.933
21
164.483
31
0
0
LINE
5
143F
330
C
100
AcDbEntity
8
0
100
AcDbLine
10
273.933
20
164.483
30
0
11
273.941
21
164.327
31
0
0
LINE
5
1440
330
C
100
AcDbEntity
8
0
100
AcDbLine
10
273.941
20
164.327
30
0
11
273.943
21
164.166
31
0
0
LINE
5
1441
330
C
100
AcDbEntity
8
0
100
AcDbLine
10
273.943
20
164.166
30
0
11
273.943
21
164.166
31
0
0
LINE
5
1442
330
C
100
AcDbEntity
8
0
100
AcDbLine
10
273.943
20
164.166
30
0
11
273.583
21
164.166
31
0
0
LINE
5
1443
330
C
100
AcDbEntity
8
0
100
AcDbLine
10
273.583
20
164.166
30
0
11
273.581
21
164.278
31
0
0
LINE
5
1444
330
C
100
AcDbEntity
8
0
100
AcDbLine
10
273.581
20
164.278
30
0
11
273.574
21
164.387
31
0
0
LINE
5
1445
330
C
100
AcDbEntity
8
0
100
AcDbLine
10
273.574
20
164.387
30
0
11
273.563
21
164.492
31
0
0
LINE
5
1446
330
C
100
AcDbEntity
8
0
100
AcDbLine
10
273.563
20
164.492
30
0
11
273.547
21
164.593
31
0
0
LINE
5
1447
330
C
100
AcDbEntity
8
0
100
AcDbLine
10
273.547
20
164.593
30
0
11
273.527
21
164.691
31
0
0
LINE
5
1448
330
C
100
AcDbEntity
8
0
100
AcDbLine
10
273.527
20
164.691
30
0
11
273.502
21
164.785
31
0
0
LINE
5
1449
330
C
100
AcDbEntity
8
0
100
AcDbLine
10
273.502
20
164.785
30
0
11
273.473
21
164.876
31
0
0
LINE
5
144A
330
C
100
AcDbEntity
8
0
100
AcDbLine
10
273.473
20
164.876
30
0
11
273.439
21
164.963
31
0
0
LINE
5
144B
330
C
100
AcDbEntity
8
0
100
AcDbLine
10
273.439
20
164.963
30
0
11
273.401
21
165.046
31
0
0
LINE
5
144C
330
C
100
AcDbEntity
8
0
100
AcDbLine
10
273.401
20
165.046
30
0
11
273.358
21
165.126
31
0
0
LINE
5
144D
330
C
100
AcDbEntity
8
0
100
AcDbLine
10
273.358
20
165.126
30
0
11
273.312
21
165.202
31
0
0
LINE
5
144E
330
C
100
AcDbEntity
8
0
100
AcDbLine
10
273.312
20
165.202
30
0
11
273.263
21
165.274
31
0
0
LINE
5
144F
330
C
100
AcDbEntity
8
0
100
AcDbLine
10
273.263
20
165.274
30
0
11
273.211
21
165.343
31
0
0
LINE
5
1450
330
C
100
AcDbEntity
8
0
100
AcDbLine
10
273.211
20
165.343
30
0
11
273.157
21
165.408
31
0
0
LINE
5
1451
330
C
100
AcDbEntity
8
0
100
AcDbLine
10
273.157
20
165.408
30
0
11
273.099
21
165.469
31
0
0
LINE
5
1452
330
C
100
AcDbEntity
8
0
100
AcDbLine
10
273.099
20
165.469
30
0
11
273.04
21
165.526
31
0
0
LINE
5
1453
330
C
100
AcDbEntity
8
0
100
AcDbLine
10
273.04
20
165.526
30
0
11
272.977
21
165.579
31
0
0
LINE
5
1454
330
C
100
AcDbEntity
8
0
100
AcDbLine
10
272.977
20
165.579
30
0
11
272.912
21
165.629
31
0
0
LINE
5
1455
330
C
100
AcDbEntity
8
0
100
AcDbLine
10
272.912
20
165.629
30
0
11
272.844
21
165.675
31
0
0
LINE
5
1456
330
C
100
AcDbEntity
8
0
100
AcDbLine
10
272.844
20
165.675
30
0
11
272.773
21
165.717
31
0
0
LINE
5
1457
330
C
100
AcDbEntity
8
0
100
AcDbLine
10
272.773
20
165.717
30
0
11
272.701
21
165.755
31
0
0
LINE
5
1458
330
C
100
AcDbEntity
8
0
100
AcDbLine
10
272.701
20
165.755
30
0
11
272.627
21
165.789
31
0
0
LINE
5
1459
330
C
100
AcDbEntity
8
0
100
AcDbLine
10
272.627
20
165.789
30
0
11
272.552
21
165.82
31
0
0
LINE
5
145A
330
C
100
AcDbEntity
8
0
100
AcDbLine
10
272.552
20
165.82
30
0
11
272.477
21
165.846
31
0
0
LINE
5
145B
330
C
100
AcDbEntity
8
0
100
AcDbLine
10
272.477
20
165.846
30
0
11
272.4
21
165.868
31
0
0
LINE
5
145C
330
C
100
AcDbEntity
8
0
100
AcDbLine
10
272.4
20
165.868
30
0
11
272.322
21
165.886
31
0
0
LINE
5
145D
330
C
100
AcDbEntity
8
0
100
AcDbLine
10
272.322
20
165.886
30
0
11
272.243
21
165.9
31
0
0
LINE
5
145E
330
C
100
AcDbEntity
8
0
100
AcDbLine
10
272.243
20
165.9
30
0
11
272.163
21
165.91
31
0
0
LINE
5
145F
330
C
100
AcDbEntity
8
0
100
AcDbLine
10
272.163
20
165.91
30
0
11
272.081
21
165.916
31
0
0
LINE
5
1460
330
C
100
AcDbEntity
8
0
100
AcDbLine
10
272.081
20
165.916
30
0
11
271.999
21
165.918
31
0
0
LINE
5
1461
330
C
100
AcDbEntity
8
0
100
AcDbLine
10
271.999
20
165.918
30
0
11
271.999
21
165.918
31
0
0
LINE
5
1462
330
C
100
AcDbEntity
8
0
100
AcDbLine
10
271.999
20
165.918
30
0
11
271.906
21
165.915
31
0
0
LINE
5
1463
330
C
100
AcDbEntity
8
0
100
AcDbLine
10
271.906
20
165.915
30
0
11
271.815
21
165.908
31
0
0
LINE
5
1464
330
C
100
AcDbEntity
8
0
100
AcDbLine
10
271.815
20
165.908
30
0
11
271.726
21
165.895
31
0
0
LINE
5
1465
330
C
100
AcDbEntity
8
0
100
AcDbLine
10
271.726
20
165.895
30
0
11
271.638
21
165.876
31
0
0
LINE
5
1466
330
C
100
AcDbEntity
8
0
100
AcDbLine
10
271.638
20
165.876
30
0
11
271.551
21
165.853
31
0
0
LINE
5
1467
330
C
100
AcDbEntity
8
0
100
AcDbLine
10
271.551
20
165.853
30
0
11
271.467
21
165.824
31
0
0
LINE
5
1468
330
C
100
AcDbEntity
8
0
100
AcDbLine
10
271.467
20
165.824
30
0
11
271.384
21
165.79
31
0
0
LINE
5
1469
330
C
100
AcDbEntity
8
0
100
AcDbLine
10
271.384
20
165.79
30
0
11
271.302
21
165.751
31
0
0
LINE
5
146A
330
C
100
AcDbEntity
8
0
100
AcDbLine
10
271.302
20
165.751
30
0
11
271.222
21
165.707
31
0
0
LINE
5
146B
330
C
100
AcDbEntity
8
0
100
AcDbLine
10
271.222
20
165.707
30
0
11
271.144
21
165.657
31
0
0
LINE
5
146C
330
C
100
AcDbEntity
8
0
100
AcDbLine
10
271.144
20
165.657
30
0
11
271.068
21
165.603
31
0
0
LINE
5
146D
330
C
100
AcDbEntity
8
0
100
AcDbLine
10
271.068
20
165.603
30
0
11
270.996
21
165.544
31
0
0
LINE
5
146E
330
C
100
AcDbEntity
8
0
100
AcDbLine
10
270.996
20
165.544
30
0
11
270.926
21
165.48
31
0
0
LINE
5
146F
330
C
100
AcDbEntity
8
0
100
AcDbLine
10
270.926
20
165.48
30
0
11
270.86
21
165.413
31
0
0
LINE
5
1470
330
C
100
AcDbEntity
8
0
100
AcDbLine
10
270.86
20
165.413
30
0
11
270.796
21
165.34
31
0
0
LINE
5
1471
330
C
100
AcDbEntity
8
0
100
AcDbLine
10
270.796
20
165.34
30
0
11
270.736
21
165.264
31
0
0
LINE
5
1472
330
C
100
AcDbEntity
8
0
100
AcDbLine
10
270.736
20
165.264
30
0
11
270.679
21
165.183
31
0
0
LINE
5
1473
330
C
100
AcDbEntity
8
0
100
AcDbLine
10
270.679
20
165.183
30
0
11
270.625
21
165.097
31
0
0
LINE
5
1474
330
C
100
AcDbEntity
8
0
100
AcDbLine
10
270.625
20
165.097
30
0
11
270.574
21
165.007
31
0
0
LINE
5
1475
330
C
100
AcDbEntity
8
0
100
AcDbLine
10
270.574
20
165.007
30
0
11
270.526
21
164.913
31
0
0
LINE
5
1476
330
C
100
AcDbEntity
8
0
100
AcDbLine
10
270.526
20
164.913
30
0
11
270.482
21
164.815
31
0
0
LINE
5
1477
330
C
100
AcDbEntity
8
0
100
AcDbLine
10
270.482
20
164.815
30
0
11
270.443
21
164.712
31
0
0
LINE
5
1478
330
C
100
AcDbEntity
8
0
100
AcDbLine
10
270.443
20
164.712
30
0
11
270.408
21
164.606
31
0
0
LINE
5
1479
330
C
100
AcDbEntity
8
0
100
AcDbLine
10
270.408
20
164.606
30
0
11
270.378
21
164.496
31
0
0
LINE
5
147A
330
C
100
AcDbEntity
8
0
100
AcDbLine
10
270.378
20
164.496
30
0
11
270.353
21
164.383
31
0
0
LINE
5
147B
330
C
100
AcDbEntity
8
0
100
AcDbLine
10
270.353
20
164.383
30
0
11
270.332
21
164.265
31
0
0
LINE
5
147C
330
C
100
AcDbEntity
8
0
100
AcDbLine
10
270.332
20
164.265
30
0
11
270.316
21
164.144
31
0
0
LINE
5
147D
330
C
100
AcDbEntity
8
0
100
AcDbLine
10
270.316
20
164.144
30
0
11
270.304
21
164.019
31
0
0
LINE
5
147E
330
C
100
AcDbEntity
8
0
100
AcDbLine
10
270.304
20
164.019
30
0
11
270.298
21
163.891
31
0
0
LINE
5
147F
330
C
100
AcDbEntity
8
0
100
AcDbLine
10
270.298
20
163.891
30
0
11
270.295
21
163.758
31
0
0
LINE
5
1480
330
C
100
AcDbEntity
8
0
100
AcDbLine
10
270.295
20
163.758
30
0
11
270.295
21
163.758
31
0
0
LINE
5
1481
330
C
100
AcDbEntity
8
0
100
AcDbLine
10
270.295
20
163.758
30
0
11
270.298
21
163.623
31
0
0
LINE
5
1482
330
C
100
AcDbEntity
8
0
100
AcDbLine
10
270.298
20
163.623
30
0
11
270.304
21
163.492
31
0
0
LINE
5
1483
330
C
100
AcDbEntity
8
0
100
AcDbLine
10
270.304
20
163.492
30
0
11
270.316
21
163.365
31
0
0
LINE
5
1484
330
C
100
AcDbEntity
8
0
100
AcDbLine
10
270.316
20
163.365
30
0
11
270.332
21
163.242
31
0
0
LINE
5
1485
330
C
100
AcDbEntity
8
0
100
AcDbLine
10
270.332
20
163.242
30
0
11
270.353
21
163.122
31
0
0
LINE
5
1486
330
C
100
AcDbEntity
8
0
100
AcDbLine
10
270.353
20
163.122
30
0
11
270.378
21
163.006
31
0
0
LINE
5
1487
330
C
100
AcDbEntity
8
0
100
AcDbLine
10
270.378
20
163.006
30
0
11
270.408
21
162.894
31
0
0
LINE
5
1488
330
C
100
AcDbEntity
8
0
100
AcDbLine
10
270.408
20
162.894
30
0
11
270.443
21
162.786
31
0
0
LINE
5
1489
330
C
100
AcDbEntity
8
0
100
AcDbLine
10
270.443
20
162.786
30
0
11
270.482
21
162.682
31
0
0
LINE
5
148A
330
C
100
AcDbEntity
8
0
100
AcDbLine
10
270.482
20
162.682
30
0
11
270.526
21
162.582
31
0
0
LINE
5
148B
330
C
100
AcDbEntity
8
0
100
AcDbLine
10
270.526
20
162.582
30
0
11
270.574
21
162.486
31
0
0
LINE
5
148C
330
C
100
AcDbEntity
8
0
100
AcDbLine
10
270.574
20
162.486
30
0
11
270.625
21
162.394
31
0
0
LINE
5
148D
330
C
100
AcDbEntity
8
0
100
AcDbLine
10
270.625
20
162.394
30
0
11
270.679
21
162.307
31
0
0
LINE
5
148E
330
C
100
AcDbEntity
8
0
100
AcDbLine
10
270.679
20
162.307
30
0
11
270.736
21
162.225
31
0
0
LINE
5
148F
330
C
100
AcDbEntity
8
0
100
AcDbLine
10
270.736
20
162.225
30
0
11
270.796
21
162.147
31
0
0
LINE
5
1490
330
C
100
AcDbEntity
8
0
100
AcDbLine
10
270.796
20
162.147
30
0
11
270.86
21
162.074
31
0
0
LINE
5
1491
330
C
100
AcDbEntity
8
0
100
AcDbLine
10
270.86
20
162.074
30
0
11
270.926
21
162.005
31
0
0
LINE
5
1492
330
C
100
AcDbEntity
8
0
100
AcDbLine
10
270.926
20
162.005
30
0
11
270.996
21
161.941
31
0
0
LINE
5
1493
330
C
100
AcDbEntity
8
0
100
AcDbLine
10
270.996
20
161.941
30
0
11
271.068
21
161.881
31
0
0
LINE
5
1494
330
C
100
AcDbEntity
8
0
100
AcDbLine
10
271.068
20
161.881
30
0
11
271.144
21
161.826
31
0
0
LINE
5
1495
330
C
100
AcDbEntity
8
0
100
AcDbLine
10
271.144
20
161.826
30
0
11
271.222
21
161.776
31
0
0
LINE
5
1496
330
C
100
AcDbEntity
8
0
100
AcDbLine
10
271.222
20
161.776
30
0
11
271.302
21
161.731
31
0
0
LINE
5
1497
330
C
100
AcDbEntity
8
0
100
AcDbLine
10
271.302
20
161.731
30
0
11
271.384
21
161.691
31
0
0
LINE
5
1498
330
C
100
AcDbEntity
8
0
100
AcDbLine
10
271.384
20
161.691
30
0
11
271.467
21
161.657
31
0
0
LINE
5
1499
330
C
100
AcDbEntity
8
0
100
AcDbLine
10
271.467
20
161.657
30
0
11
271.551
21
161.628
31
0
0
LINE
5
149A
330
C
100
AcDbEntity
8
0
100
AcDbLine
10
271.551
20
161.628
30
0
11
271.638
21
161.604
31
0
0
LINE
5
149B
330
C
100
AcDbEntity
8
0
100
AcDbLine
10
271.638
20
161.604
30
0
11
271.726
21
161.586
31
0
0
LINE
5
149C
330
C
100
AcDbEntity
8
0
100
AcDbLine
10
271.726
20
161.586
30
0
11
271.815
21
161.573
31
0
0
LINE
5
149D
330
C
100
AcDbEntity
8
0
100
AcDbLine
10
271.815
20
161.573
30
0
11
271.906
21
161.565
31
0
0
LINE
5
149E
330
C
100
AcDbEntity
8
0
100
AcDbLine
10
271.906
20
161.565
30
0
11
271.999
21
161.562
31
0
0
LINE
5
149F
330
C
100
AcDbEntity
8
0
100
AcDbLine
10
271.999
20
161.562
30
0
11
271.999
21
161.562
31
0
0
LINE
5
14A0
330
C
100
AcDbEntity
8
0
100
AcDbLine
10
271.999
20
161.562
30
0
11
272.077
21
161.564
31
0
0
LINE
5
14A1
330
C
100
AcDbEntity
8
0
100
AcDbLine
10
272.077
20
161.564
30
0
11
272.154
21
161.57
31
0
0
LINE
5
14A2
330
C
100
AcDbEntity
8
0
100
AcDbLine
10
272.154
20
161.57
30
0
11
272.231
21
161.58
31
0
0
LINE
5
14A3
330
C
100
AcDbEntity
8
0
100
AcDbLine
10
272.231
20
161.58
30
0
11
272.307
21
161.595
31
0
0
LINE
5
14A4
330
C
100
AcDbEntity
8
0
100
AcDbLine
10
272.307
20
161.595
30
0
11
272.382
21
161.613
31
0
0
LINE
5
14A5
330
C
100
AcDbEntity
8
0
100
AcDbLine
10
272.382
20
161.613
30
0
11
272.457
21
161.635
31
0
0
LINE
5
14A6
330
C
100
AcDbEntity
8
0
100
AcDbLine
10
272.457
20
161.635
30
0
11
272.532
21
161.662
31
0
0
LINE
5
14A7
330
C
100
AcDbEntity
8
0
100
AcDbLine
10
272.532
20
161.662
30
0
11
272.606
21
161.693
31
0
0
LINE
5
14A8
330
C
100
AcDbEntity
8
0
100
AcDbLine
10
272.606
20
161.693
30
0
11
272.679
21
161.727
31
0
0
LINE
5
14A9
330
C
100
AcDbEntity
8
0
100
AcDbLine
10
272.679
20
161.727
30
0
11
272.752
21
161.766
31
0
0
LINE
5
14AA
330
C
100
AcDbEntity
8
0
100
AcDbLine
10
272.752
20
161.766
30
0
11
272.824
21
161.809
31
0
0
LINE
5
14AB
330
C
100
AcDbEntity
8
0
100
AcDbLine
10
272.824
20
161.809
30
0
11
272.892
21
161.855
31
0
0
LINE
5
14AC
330
C
100
AcDbEntity
8
0
100
AcDbLine
10
272.892
20
161.855
30
0
11
272.958
21
161.905
31
0
0
LINE
5
14AD
330
C
100
AcDbEntity
8
0
100
AcDbLine
10
272.958
20
161.905
30
0
11
273.022
21
161.959
31
0
0
LINE
5
14AE
330
C
100
AcDbEntity
8
0
100
AcDbLine
10
273.022
20
161.959
30
0
11
273.083
21
162.017
31
0
0
LINE
5
14AF
330
C
100
AcDbEntity
8
0
100
AcDbLine
10
273.083
20
162.017
30
0
11
273.141
21
162.079
31
0
0
LINE
5
14B0
330
C
100
AcDbEntity
8
0
100
AcDbLine
10
273.141
20
162.079
30
0
11
273.197
21
162.144
31
0
0
LINE
5
14B1
330
C
100
AcDbEntity
8
0
100
AcDbLine
10
273.197
20
162.144
30
0
11
273.25
21
162.213
31
0
0
LINE
5
14B2
330
C
100
AcDbEntity
8
0
100
AcDbLine
10
273.25
20
162.213
30
0
11
273.301
21
162.286
31
0
0
LINE
5
14B3
330
C
100
AcDbEntity
8
0
100
AcDbLine
10
273.301
20
162.286
30
0
11
273.349
21
162.363
31
0
0
LINE
5
14B4
330
C
100
AcDbEntity
8
0
100
AcDbLine
10
273.349
20
162.363
30
0
11
273.394
21
162.443
31
0
0
LINE
5
14B5
330
C
100
AcDbEntity
8
0
100
AcDbLine
10
273.394
20
162.443
30
0
11
273.433
21
162.527
31
0
0
LINE
5
14B6
330
C
100
AcDbEntity
8
0
100
AcDbLine
10
273.433
20
162.527
30
0
11
273.469
21
162.614
31
0
0
LINE
5
14B7
330
C
100
AcDbEntity
8
0
100
AcDbLine
10
273.469
20
162.614
30
0
11
273.499
21
162.704
31
0
0
LINE
5
14B8
330
C
100
AcDbEntity
8
0
100
AcDbLine
10
273.499
20
162.704
30
0
11
273.525
21
162.797
31
0
0
LINE
5
14B9
330
C
100
AcDbEntity
8
0
100
AcDbLine
10
273.525
20
162.797
30
0
11
273.546
21
162.894
31
0
0
LINE
5
14BA
330
C
100
AcDbEntity
8
0
100
AcDbLine
10
273.546
20
162.894
30
0
11
273.562
21
162.994
31
0
0
LINE
5
14BB
330
C
100
AcDbEntity
8
0
100
AcDbLine
10
273.562
20
162.994
30
0
11
273.574
21
163.097
31
0
0
LINE
5
14BC
330
C
100
AcDbEntity
8
0
100
AcDbLine
10
273.574
20
163.097
30
0
11
273.581
21
163.204
31
0
0
LINE
5
14BD
330
C
100
AcDbEntity
8
0
100
AcDbLine
10
273.581
20
163.204
30
0
11
273.583
21
163.314
31
0
0
LINE
5
14BE
330
C
100
AcDbEntity
8
0
100
AcDbLine
10
273.583
20
163.314
30
0
11
273.583
21
163.314
31
0
0
LINE
5
14BF
330
C
100
AcDbEntity
8
0
100
AcDbLine
10
273.583
20
163.314
30
0
11
273.943
21
163.314
31
0
0
LINE
5
14C0
330
C
100
AcDbEntity
8
0
100
AcDbLine
10
273.943
20
163.314
30
0
11
273.94
21
163.15
31
0
0
LINE
5
14C1
330
C
100
AcDbEntity
8
0
100
AcDbLine
10
273.94
20
163.15
30
0
11
273.932
21
162.991
31
0
0
LINE
5
14C2
330
C
100
AcDbEntity
8
0
100
AcDbLine
10
273.932
20
162.991
30
0
11
273.919
21
162.837
31
0
0
LINE
5
14C3
330
C
100
AcDbEntity
8
0
100
AcDbLine
10
273.919
20
162.837
30
0
11
273.9
21
162.688
31
0
0
LINE
5
14C4
330
C
100
AcDbEntity
8
0
100
AcDbLine
10
273.9
20
162.688
30
0
11
273.875
21
162.544
31
0
0
LINE
5
14C5
330
C
100
AcDbEntity
8
0
100
AcDbLine
10
273.875
20
162.544
30
0
11
273.845
21
162.405
31
0
0
LINE
5
14C6
330
C
100
AcDbEntity
8
0
100
AcDbLine
10
273.845
20
162.405
30
0
11
273.809
21
162.271
31
0
0
LINE
5
14C7
330
C
100
AcDbEntity
8
0
100
AcDbLine
10
273.809
20
162.271
30
0
11
273.768
21
162.143
31
0
0
LINE
5
14C8
330
C
100
AcDbEntity
8
0
100
AcDbLine
10
273.768
20
162.143
30
0
11
273.722
21
162.019
31
0
0
LINE
5
14C9
330
C
100
AcDbEntity
8
0
100
AcDbLine
10
273.722
20
162.019
30
0
11
273.67
21
161.901
31
0
0
LINE
5
14CA
330
C
100
AcDbEntity
8
0
100
AcDbLine
10
273.67
20
161.901
30
0
11
273.614
21
161.788
31
0
0
LINE
5
14CB
330
C
100
AcDbEntity
8
0
100
AcDbLine
10
273.614
20
161.788
30
0
11
273.553
21
161.681
31
0
0
LINE
5
14CC
330
C
100
AcDbEntity
8
0
100
AcDbLine
10
273.553
20
161.681
30
0
11
273.489
21
161.579
31
0
0
LINE
5
14CD
330
C
100
AcDbEntity
8
0
100
AcDbLine
10
273.489
20
161.579
30
0
11
273.421
21
161.482
31
0
0
LINE
5
14CE
330
C
100
AcDbEntity
8
0
100
AcDbLine
10
273.421
20
161.482
30
0
11
273.349
21
161.392
31
0
0
LINE
5
14CF
330
C
100
AcDbEntity
8
0
100
AcDbLine
10
273.349
20
161.392
30
0
11
273.273
21
161.307
31
0
0
LINE
5
14D0
330
C
100
AcDbEntity
8
0
100
AcDbLine
10
273.273
20
161.307
30
0
11
273.194
21
161.227
31
0
0
LINE
5
14D1
330
C
100
AcDbEntity
8
0
100
AcDbLine
10
273.194
20
161.227
30
0
11
273.111
21
161.153
31
0
0
LINE
5
14D2
330
C
100
AcDbEntity
8
0
100
AcDbLine
10
273.111
20
161.153
30
0
11
273.023
21
161.085
31
0
0
LINE
5
14D3
330
C
100
AcDbEntity
8
0
100
AcDbLine
10
273.023
20
161.085
30
0
11
272.932
21
161.022
31
0
0
LINE
5
14D4
330
C
100
AcDbEntity
8
0
100
AcDbLine
10
272.932
20
161.022
30
0
11
272.838
21
160.965
31
0
0
LINE
5
14D5
330
C
100
AcDbEntity
8
0
100
AcDbLine
10
272.838
20
160.965
30
0
11
272.742
21
160.914
31
0
0
LINE
5
14D6
330
C
100
AcDbEntity
8
0
100
AcDbLine
10
272.742
20
160.914
30
0
11
272.643
21
160.869
31
0
0
LINE
5
14D7
330
C
100
AcDbEntity
8
0
100
AcDbLine
10
272.643
20
160.869
30
0
11
272.542
21
160.83
31
0
0
LINE
5
14D8
330
C
100
AcDbEntity
8
0
100
AcDbLine
10
272.542
20
160.83
30
0
11
272.439
21
160.797
31
0
0
LINE
5
14D9
330
C
100
AcDbEntity
8
0
100
AcDbLine
10
272.439
20
160.797
30
0
11
272.334
21
160.77
31
0
0
LINE
5
14DA
330
C
100
AcDbEntity
8
0
100
AcDbLine
10
272.334
20
160.77
30
0
11
272.227
21
160.749
31
0
0
LINE
5
14DB
330
C
100
AcDbEntity
8
0
100
AcDbLine
10
272.227
20
160.749
30
0
11
272.117
21
160.734
31
0
0
LINE
5
14DC
330
C
100
AcDbEntity
8
0
100
AcDbLine
10
272.117
20
160.734
30
0
11
272.005
21
160.725
31
0
0
LINE
5
14DD
330
C
100
AcDbEntity
8
0
100
AcDbLine
10
272.005
20
160.725
30
0
11
271.891
21
160.722
31
0
0
LINE
5
14DE
330
C
100
AcDbEntity
8
0
100
AcDbLine
10
271.891
20
160.722
30
0
11
271.891
21
160.722
31
0
0
LINE
5
14DF
330
C
100
AcDbEntity
8
0
100
AcDbLine
10
274.519
20
160.866
30
0
11
273.739
21
160.866
31
0
0
LINE
5
14E0
330
C
100
AcDbEntity
8
0
100
AcDbLine
10
273.739
20
160.866
30
0
11
273.583
21
162.21
31
0
0
LINE
5
14E1
330
C
100
AcDbEntity
8
0
100
AcDbLine
10
273.583
20
162.21
30
0
11
273.583
21
169.05
31
0
0
LINE
5
14E2
330
C
100
AcDbEntity
8
0
100
AcDbLine
10
273.583
20
169.05
30
0
11
274.519
21
169.05
31
0
0
LINE
5
14E3
330
C
100
AcDbEntity
8
0
100
AcDbLine
10
274.519
20
169.05
30
0
11
274.519
21
160.866
31
0
0
LINE
5
14E4
330
C
100
AcDbEntity
8
0
100
AcDbLine
10
274.519
20
160.866
30
0
11
274.519
21
160.866
31
0
0
LINE
5
14E5
330
C
100
AcDbEntity
8
0
100
AcDbLine
10
278.941
20
160.722
30
0
11
278.941
21
160.722
31
0
0
LINE
5
14E6
330
C
100
AcDbEntity
8
0
100
AcDbLine
10
278.941
20
160.722
30
0
11
278.794
21
160.726
31
0
0
LINE
5
14E7
330
C
100
AcDbEntity
8
0
100
AcDbLine
10
278.794
20
160.726
30
0
11
278.65
21
160.737
31
0
0
LINE
5
14E8
330
C
100
AcDbEntity
8
0
100
AcDbLine
10
278.65
20
160.737
30
0
11
278.509
21
160.756
31
0
0
LINE
5
14E9
330
C
100
AcDbEntity
8
0
100
AcDbLine
10
278.509
20
160.756
30
0
11
278.371
21
160.783
31
0
0
LINE
5
14EA
330
C
100
AcDbEntity
8
0
100
AcDbLine
10
278.371
20
160.783
30
0
11
278.237
21
160.817
31
0
0
LINE
5
14EB
330
C
100
AcDbEntity
8
0
100
AcDbLine
10
278.237
20
160.817
30
0
11
278.106
21
160.859
31
0
0
LINE
5
14EC
330
C
100
AcDbEntity
8
0
100
AcDbLine
10
278.106
20
160.859
30
0
11
277.978
21
160.909
31
0
0
LINE
5
14ED
330
C
100
AcDbEntity
8
0
100
AcDbLine
10
277.978
20
160.909
30
0
11
277.853
21
160.966
31
0
0
LINE
5
14EE
330
C
100
AcDbEntity
8
0
100
AcDbLine
10
277.853
20
160.966
30
0
11
277.731
21
161.031
31
0
0
LINE
5
14EF
330
C
100
AcDbEntity
8
0
100
AcDbLine
10
277.731
20
161.031
30
0
11
277.612
21
161.103
31
0
0
LINE
5
14F0
330
C
100
AcDbEntity
8
0
100
AcDbLine
10
277.612
20
161.103
30
0
11
277.498
21
161.182
31
0
0
LINE
5
14F1
330
C
100
AcDbEntity
8
0
100
AcDbLine
10
277.498
20
161.182
30
0
11
277.388
21
161.267
31
0
0
LINE
5
14F2
330
C
100
AcDbEntity
8
0
100
AcDbLine
10
277.388
20
161.267
30
0
11
277.283
21
161.358
31
0
0
LINE
5
14F3
330
C
100
AcDbEntity
8
0
100
AcDbLine
10
277.283
20
161.358
30
0
11
277.184
21
161.455
31
0
0
LINE
5
14F4
330
C
100
AcDbEntity
8
0
100
AcDbLine
10
277.184
20
161.455
30
0
11
277.089
21
161.558
31
0
0
LINE
5
14F5
330
C
100
AcDbEntity
8
0
100
AcDbLine
10
277.089
20
161.558
30
0
11
276.999
21
161.667
31
0
0
LINE
5
14F6
330
C
100
AcDbEntity
8
0
100
AcDbLine
10
276.999
20
161.667
30
0
11
276.914
21
161.782
31
0
0
LINE
5
14F7
330
C
100
AcDbEntity
8
0
100
AcDbLine
10
276.914
20
161.782
30
0
11
276.834
21
161.903
31
0
0
LINE
5
14F8
330
C
100
AcDbEntity
8
0
100
AcDbLine
10
276.834
20
161.903
30
0
11
276.758
21
162.029
31
0
0
LINE
5
14F9
330
C
100
AcDbEntity
8
0
100
AcDbLine
10
276.758
20
162.029
30
0
11
276.688
21
162.162
31
0
0
LINE
5
14FA
330
C
100
AcDbEntity
8
0
100
AcDbLine
10
276.688
20
162.162
30
0
11
276.624
21
162.3
31
0
0
LINE
5
14FB
330
C
100
AcDbEntity
8
0
100
AcDbLine
10
276.624
20
162.3
30
0
11
276.566
21
162.441
31
0
0
LINE
5
14FC
330
C
100
AcDbEntity
8
0
100
AcDbLine
10
276.566
20
162.441
30
0
11
276.515
21
162.587
31
0
0
LINE
5
14FD
330
C
100
AcDbEntity
8
0
100
AcDbLine
10
276.515
20
162.587
30
0
11
276.471
21
162.737
31
0
0
LINE
5
14FE
330
C
100
AcDbEntity
8
0
100
AcDbLine
10
276.471
20
162.737
30
0
11
276.434
21
162.891
31
0
0
LINE
5
14FF
330
C
100
AcDbEntity
8
0
100
AcDbLine
10
276.434
20
162.891
30
0
11
276.403
21
163.049
31
0
0
LINE
5
1500
330
C
100
AcDbEntity
8
0
100
AcDbLine
10
276.403
20
163.049
30
0
11
276.38
21
163.211
31
0
0
LINE
5
1501
330
C
100
AcDbEntity
8
0
100
AcDbLine
10
276.38
20
163.211
30
0
11
276.363
21
163.377
31
0
0
LINE
5
1502
330
C
100
AcDbEntity
8
0
100
AcDbLine
10
276.363
20
163.377
30
0
11
276.353
21
163.548
31
0
0
LINE
5
1503
330
C
100
AcDbEntity
8
0
100
AcDbLine
10
276.353
20
163.548
30
0
11
276.349
21
163.722
31
0
0
LINE
5
1504
330
C
100
AcDbEntity
8
0
100
AcDbLine
10
276.349
20
163.722
30
0
11
276.349
21
163.722
31
0
0
LINE
5
1505
330
C
100
AcDbEntity
8
0
100
AcDbLine
10
276.349
20
163.722
30
0
11
276.353
21
163.908
31
0
0
LINE
5
1506
330
C
100
AcDbEntity
8
0
100
AcDbLine
10
276.353
20
163.908
30
0
11
276.363
21
164.088
31
0
0
LINE
5
1507
330
C
100
AcDbEntity
8
0
100
AcDbLine
10
276.363
20
164.088
30
0
11
276.379
21
164.263
31
0
0
LINE
5
1508
330
C
100
AcDbEntity
8
0
100
AcDbLine
10
276.379
20
164.263
30
0
11
276.403
21
164.433
31
0
0
LINE
5
1509
330
C
100
AcDbEntity
8
0
100
AcDbLine
10
276.403
20
164.433
30
0
11
276.433
21
164.598
31
0
0
LINE
5
150A
330
C
100
AcDbEntity
8
0
100
AcDbLine
10
276.433
20
164.598
30
0
11
276.47
21
164.757
31
0
0
LINE
5
150B
330
C
100
AcDbEntity
8
0
100
AcDbLine
10
276.47
20
164.757
30
0
11
276.514
21
164.911
31
0
0
LINE
5
150C
330
C
100
AcDbEntity
8
0
100
AcDbLine
10
276.514
20
164.911
30
0
11
276.564
21
165.06
31
0
0
LINE
5
150D
330
C
100
AcDbEntity
8
0
100
AcDbLine
10
276.564
20
165.06
30
0
11
276.621
21
165.204
31
0
0
LINE
5
150E
330
C
100
AcDbEntity
8
0
100
AcDbLine
10
276.621
20
165.204
30
0
11
276.685
21
165.342
31
0
0
LINE
5
150F
330
C
100
AcDbEntity
8
0
100
AcDbLine
10
276.685
20
165.342
30
0
11
276.755
21
165.474
31
0
0
LINE
5
1510
330
C
100
AcDbEntity
8
0
100
AcDbLine
10
276.755
20
165.474
30
0
11
276.83
21
165.601
31
0
0
LINE
5
1511
330
C
100
AcDbEntity
8
0
100
AcDbLine
10
276.83
20
165.601
30
0
11
276.909
21
165.72
31
0
0
LINE
5
1512
330
C
100
AcDbEntity
8
0
100
AcDbLine
10
276.909
20
165.72
30
0
11
276.994
21
165.834
31
0
0
LINE
5
1513
330
C
100
AcDbEntity
8
0
100
AcDbLine
10
276.994
20
165.834
30
0
11
277.083
21
165.941
31
0
0
LINE
5
1514
330
C
100
AcDbEntity
8
0
100
AcDbLine
10
277.083
20
165.941
30
0
11
277.178
21
166.042
31
0
0
LINE
5
1515
330
C
100
AcDbEntity
8
0
100
AcDbLine
10
277.178
20
166.042
30
0
11
277.278
21
166.137
31
0
0
LINE
5
1516
330
C
100
AcDbEntity
8
0
100
AcDbLine
10
277.278
20
166.137
30
0
11
277.382
21
166.225
31
0
0
LINE
5
1517
330
C
100
AcDbEntity
8
0
100
AcDbLine
10
277.382
20
166.225
30
0
11
277.492
21
166.307
31
0
0
LINE
5
1518
330
C
100
AcDbEntity
8
0
100
AcDbLine
10
277.492
20
166.307
30
0
11
277.606
21
166.383
31
0
0
LINE
5
1519
330
C
100
AcDbEntity
8
0
100
AcDbLine
10
277.606
20
166.383
30
0
11
277.725
21
166.452
31
0
0
LINE
5
151A
330
C
100
AcDbEntity
8
0
100
AcDbLine
10
277.725
20
166.452
30
0
11
277.847
21
166.514
31
0
0
LINE
5
151B
330
C
100
AcDbEntity
8
0
100
AcDbLine
10
277.847
20
166.514
30
0
11
277.972
21
166.568
31
0
0
LINE
5
151C
330
C
100
AcDbEntity
8
0
100
AcDbLine
10
277.972
20
166.568
30
0
11
278.101
21
166.615
31
0
0
LINE
5
151D
330
C
100
AcDbEntity
8
0
100
AcDbLine
10
278.101
20
166.615
30
0
11
278.232
21
166.655
31
0
0
LINE
5
151E
330
C
100
AcDbEntity
8
0
100
AcDbLine
10
278.232
20
166.655
30
0
11
278.368
21
166.688
31
0
0
LINE
5
151F
330
C
100
AcDbEntity
8
0
100
AcDbLine
10
278.368
20
166.688
30
0
11
278.506
21
166.713
31
0
0
LINE
5
1520
330
C
100
AcDbEntity
8
0
100
AcDbLine
10
278.506
20
166.713
30
0
11
278.648
21
166.731
31
0
0
LINE
5
1521
330
C
100
AcDbEntity
8
0
100
AcDbLine
10
278.648
20
166.731
30
0
11
278.793
21
166.742
31
0
0
LINE
5
1522
330
C
100
AcDbEntity
8
0
100
AcDbLine
10
278.793
20
166.742
30
0
11
278.941
21
166.746
31
0
0
LINE
5
1523
330
C
100
AcDbEntity
8
0
100
AcDbLine
10
278.941
20
166.746
30
0
11
278.941
21
166.746
31
0
0
LINE
5
1524
330
C
100
AcDbEntity
8
0
100
AcDbLine
10
278.941
20
166.746
30
0
11
279.07
21
166.743
31
0
0
LINE
5
1525
330
C
100
AcDbEntity
8
0
100
AcDbLine
10
279.07
20
166.743
30
0
11
279.195
21
166.735
31
0
0
LINE
5
1526
330
C
100
AcDbEntity
8
0
100
AcDbLine
10
279.195
20
166.735
30
0
11
279.316
21
166.722
31
0
0
LINE
5
1527
330
C
100
AcDbEntity
8
0
100
AcDbLine
10
279.316
20
166.722
30
0
11
279.434
21
166.704
31
0
0
LINE
5
1528
330
C
100
AcDbEntity
8
0
100
AcDbLine
10
279.434
20
166.704
30
0
11
279.547
21
166.68
31
0
0
LINE
5
1529
330
C
100
AcDbEntity
8
0
100
AcDbLine
10
279.547
20
166.68
30
0
11
279.657
21
166.651
31
0
0
LINE
5
152A
330
C
100
AcDbEntity
8
0
100
AcDbLine
10
279.657
20
166.651
30
0
11
279.763
21
166.617
31
0
0
LINE
5
152B
330
C
100
AcDbEntity
8
0
100
AcDbLine
10
279.763
20
166.617
30
0
11
279.865
21
166.577
31
0
0
LINE
5
152C
330
C
100
AcDbEntity
8
0
100
AcDbLine
10
279.865
20
166.577
30
0
11
279.963
21
166.532
31
0
0
LINE
5
152D
330
C
100
AcDbEntity
8
0
100
AcDbLine
10
279.963
20
166.532
30
0
11
280.057
21
166.482
31
0
0
LINE
5
152E
330
C
100
AcDbEntity
8
0
100
AcDbLine
10
280.057
20
166.482
30
0
11
280.148
21
166.427
31
0
0
LINE
5
152F
330
C
100
AcDbEntity
8
0
100
AcDbLine
10
280.148
20
166.427
30
0
11
280.235
21
166.369
31
0
0
LINE
5
1530
330
C
100
AcDbEntity
8
0
100
AcDbLine
10
280.235
20
166.369
30
0
11
280.318
21
166.307
31
0
0
LINE
5
1531
330
C
100
AcDbEntity
8
0
100
AcDbLine
10
280.318
20
166.307
30
0
11
280.398
21
166.241
31
0
0
LINE
5
1532
330
C
100
AcDbEntity
8
0
100
AcDbLine
10
280.398
20
166.241
30
0
11
280.474
21
166.172
31
0
0
LINE
5
1533
330
C
100
AcDbEntity
8
0
100
AcDbLine
10
280.474
20
166.172
30
0
11
280.547
21
166.098
31
0
0
LINE
5
1534
330
C
100
AcDbEntity
8
0
100
AcDbLine
10
280.547
20
166.098
30
0
11
280.616
21
166.021
31
0
0
LINE
5
1535
330
C
100
AcDbEntity
8
0
100
AcDbLine
10
280.616
20
166.021
30
0
11
280.681
21
165.941
31
0
0
LINE
5
1536
330
C
100
AcDbEntity
8
0
100
AcDbLine
10
280.681
20
165.941
30
0
11
280.743
21
165.856
31
0
0
LINE
5
1537
330
C
100
AcDbEntity
8
0
100
AcDbLine
10
280.743
20
165.856
30
0
11
280.801
21
165.768
31
0
0
LINE
5
1538
330
C
100
AcDbEntity
8
0
100
AcDbLine
10
280.801
20
165.768
30
0
11
280.856
21
165.677
31
0
0
LINE
5
1539
330
C
100
AcDbEntity
8
0
100
AcDbLine
10
280.856
20
165.677
30
0
11
280.907
21
165.583
31
0
0
LINE
5
153A
330
C
100
AcDbEntity
8
0
100
AcDbLine
10
280.907
20
165.583
30
0
11
280.955
21
165.487
31
0
0
LINE
5
153B
330
C
100
AcDbEntity
8
0
100
AcDbLine
10
280.955
20
165.487
30
0
11
280.999
21
165.389
31
0
0
LINE
5
153C
330
C
100
AcDbEntity
8
0
100
AcDbLine
10
280.999
20
165.389
30
0
11
281.04
21
165.289
31
0
0
LINE
5
153D
330
C
100
AcDbEntity
8
0
100
AcDbLine
10
281.04
20
165.289
30
0
11
281.078
21
165.186
31
0
0
LINE
5
153E
330
C
100
AcDbEntity
8
0
100
AcDbLine
10
281.078
20
165.186
30
0
11
281.112
21
165.081
31
0
0
LINE
5
153F
330
C
100
AcDbEntity
8
0
100
AcDbLine
10
281.112
20
165.081
30
0
11
281.143
21
164.973
31
0
0
LINE
5
1540
330
C
100
AcDbEntity
8
0
100
AcDbLine
10
281.143
20
164.973
30
0
11
281.17
21
164.863
31
0
0
LINE
5
1541
330
C
100
AcDbEntity
8
0
100
AcDbLine
10
281.17
20
164.863
30
0
11
281.194
21
164.751
31
0
0
LINE
5
1542
330
C
100
AcDbEntity
8
0
100
AcDbLine
10
281.194
20
164.751
30
0
11
281.215
21
164.637
31
0
0
LINE
5
1543
330
C
100
AcDbEntity
8
0
100
AcDbLine
10
281.215
20
164.637
30
0
11
281.232
21
164.523
31
0
0
LINE
5
1544
330
C
100
AcDbEntity
8
0
100
AcDbLine
10
281.232
20
164.523
30
0
11
281.247
21
164.407
31
0
0
LINE
5
1545
330
C
100
AcDbEntity
8
0
100
AcDbLine
10
281.247
20
164.407
30
0
11
281.258
21
164.291
31
0
0
LINE
5
1546
330
C
100
AcDbEntity
8
0
100
AcDbLine
10
281.258
20
164.291
30
0
11
281.265
21
164.174
31
0
0
LINE
5
1547
330
C
100
AcDbEntity
8
0
100
AcDbLine
10
281.265
20
164.174
30
0
11
281.27
21
164.057
31
0
0
LINE
5
1548
330
C
100
AcDbEntity
8
0
100
AcDbLine
10
281.27
20
164.057
30
0
11
281.272
21
163.938
31
0
0
LINE
5
1549
330
C
100
AcDbEntity
8
0
100
AcDbLine
10
281.272
20
163.938
30
0
11
281.27
21
163.819
31
0
0
LINE
5
154A
330
C
100
AcDbEntity
8
0
100
AcDbLine
10
281.27
20
163.819
30
0
11
281.265
21
163.699
31
0
0
LINE
5
154B
330
C
100
AcDbEntity
8
0
100
AcDbLine
10
281.265
20
163.699
30
0
11
281.257
21
163.578
31
0
0
LINE
5
154C
330
C
100
AcDbEntity
8
0
100
AcDbLine
10
281.257
20
163.578
30
0
11
281.257
21
163.578
31
0
0
LINE
5
154D
330
C
100
AcDbEntity
8
0
100
AcDbLine
10
281.257
20
163.578
30
0
11
277.105
21
163.578
31
0
0
LINE
5
154E
330
C
100
AcDbEntity
8
0
100
AcDbLine
10
277.105
20
163.578
30
0
11
277.105
21
164.154
31
0
0
LINE
5
154F
330
C
100
AcDbEntity
8
0
100
AcDbLine
10
277.105
20
164.154
30
0
11
280.639
21
164.154
31
0
0
LINE
5
1550
330
C
100
AcDbEntity
8
0
100
AcDbLine
10
280.639
20
164.154
30
0
11
280.363
21
163.974
31
0
0
LINE
5
1551
330
C
100
AcDbEntity
8
0
100
AcDbLine
10
280.363
20
163.974
30
0
11
280.366
21
164.045
31
0
0
LINE
5
1552
330
C
100
AcDbEntity
8
0
100
AcDbLine
10
280.366
20
164.045
30
0
11
280.367
21
164.116
31
0
0
LINE
5
1553
330
C
100
AcDbEntity
8
0
100
AcDbLine
10
280.367
20
164.116
30
0
11
280.367
21
164.186
31
0
0
LINE
5
1554
330
C
100
AcDbEntity
8
0
100
AcDbLine
10
280.367
20
164.186
30
0
11
280.366
21
164.257
31
0
0
LINE
5
1555
330
C
100
AcDbEntity
8
0
100
AcDbLine
10
280.366
20
164.257
30
0
11
280.362
21
164.328
31
0
0
LINE
5
1556
330
C
100
AcDbEntity
8
0
100
AcDbLine
10
280.362
20
164.328
30
0
11
280.358
21
164.399
31
0
0
LINE
5
1557
330
C
100
AcDbEntity
8
0
100
AcDbLine
10
280.358
20
164.399
30
0
11
280.352
21
164.47
31
0
0
LINE
5
1558
330
C
100
AcDbEntity
8
0
100
AcDbLine
10
280.352
20
164.47
30
0
11
280.344
21
164.54
31
0
0
LINE
5
1559
330
C
100
AcDbEntity
8
0
100
AcDbLine
10
280.344
20
164.54
30
0
11
280.335
21
164.611
31
0
0
LINE
5
155A
330
C
100
AcDbEntity
8
0
100
AcDbLine
10
280.335
20
164.611
30
0
11
280.324
21
164.682
31
0
0
LINE
5
155B
330
C
100
AcDbEntity
8
0
100
AcDbLine
10
280.324
20
164.682
30
0
11
280.312
21
164.752
31
0
0
LINE
5
155C
330
C
100
AcDbEntity
8
0
100
AcDbLine
10
280.312
20
164.752
30
0
11
280.297
21
164.821
31
0
0
LINE
5
155D
330
C
100
AcDbEntity
8
0
100
AcDbLine
10
280.297
20
164.821
30
0
11
280.281
21
164.889
31
0
0
LINE
5
155E
330
C
100
AcDbEntity
8
0
100
AcDbLine
10
280.281
20
164.889
30
0
11
280.263
21
164.956
31
0
0
LINE
5
155F
330
C
100
AcDbEntity
8
0
100
AcDbLine
10
280.263
20
164.956
30
0
11
280.242
21
165.022
31
0
0
LINE
5
1560
330
C
100
AcDbEntity
8
0
100
AcDbLine
10
280.242
20
165.022
30
0
11
280.22
21
165.086
31
0
0
LINE
5
1561
330
C
100
AcDbEntity
8
0
100
AcDbLine
10
280.22
20
165.086
30
0
11
280.196
21
165.15
31
0
0
LINE
5
1562
330
C
100
AcDbEntity
8
0
100
AcDbLine
10
280.196
20
165.15
30
0
11
280.17
21
165.212
31
0
0
LINE
5
1563
330
C
100
AcDbEntity
8
0
100
AcDbLine
10
280.17
20
165.212
30
0
11
280.141
21
165.273
31
0
0
LINE
5
1564
330
C
100
AcDbEntity
8
0
100
AcDbLine
10
280.141
20
165.273
30
0
11
280.111
21
165.333
31
0
0
LINE
5
1565
330
C
100
AcDbEntity
8
0
100
AcDbLine
10
280.111
20
165.333
30
0
11
280.079
21
165.391
31
0
0
LINE
5
1566
330
C
100
AcDbEntity
8
0
100
AcDbLine
10
280.079
20
165.391
30
0
11
280.044
21
165.447
31
0
0
LINE
5
1567
330
C
100
AcDbEntity
8
0
100
AcDbLine
10
280.044
20
165.447
30
0
11
280.006
21
165.501
31
0
0
LINE
5
1568
330
C
100
AcDbEntity
8
0
100
AcDbLine
10
280.006
20
165.501
30
0
11
279.966
21
165.552
31
0
0
LINE
5
1569
330
C
100
AcDbEntity
8
0
100
AcDbLine
10
279.966
20
165.552
30
0
11
279.924
21
165.601
31
0
0
LINE
5
156A
330
C
100
AcDbEntity
8
0
100
AcDbLine
10
279.924
20
165.601
30
0
11
279.879
21
165.647
31
0
0
LINE
5
156B
330
C
100
AcDbEntity
8
0
100
AcDbLine
10
279.879
20
165.647
30
0
11
279.831
21
165.691
31
0
0
LINE
5
156C
330
C
100
AcDbEntity
8
0
100
AcDbLine
10
279.831
20
165.691
30
0
11
279.781
21
165.733
31
0
0
LINE
5
156D
330
C
100
AcDbEntity
8
0
100
AcDbLine
10
279.781
20
165.733
30
0
11
279.728
21
165.773
31
0
0
LINE
5
156E
330
C
100
AcDbEntity
8
0
100
AcDbLine
10
279.728
20
165.773
30
0
11
279.673
21
165.81
31
0
0
LINE
5
156F
330
C
100
AcDbEntity
8
0
100
AcDbLine
10
279.673
20
165.81
30
0
11
279.615
21
165.844
31
0
0
LINE
5
1570
330
C
100
AcDbEntity
8
0
100
AcDbLine
10
279.615
20
165.844
30
0
11
279.554
21
165.875
31
0
0
LINE
5
1571
330
C
100
AcDbEntity
8
0
100
AcDbLine
10
279.554
20
165.875
30
0
11
279.49
21
165.902
31
0
0
LINE
5
1572
330
C
100
AcDbEntity
8
0
100
AcDbLine
10
279.49
20
165.902
30
0
11
279.423
21
165.925
31
0
0
LINE
5
1573
330
C
100
AcDbEntity
8
0
100
AcDbLine
10
279.423
20
165.925
30
0
11
279.352
21
165.945
31
0
0
LINE
5
1574
330
C
100
AcDbEntity
8
0
100
AcDbLine
10
279.352
20
165.945
30
0
11
279.279
21
165.961
31
0
0
LINE
5
1575
330
C
100
AcDbEntity
8
0
100
AcDbLine
10
279.279
20
165.961
30
0
11
279.202
21
165.974
31
0
0
LINE
5
1576
330
C
100
AcDbEntity
8
0
100
AcDbLine
10
279.202
20
165.974
30
0
11
279.122
21
165.983
31
0
0
LINE
5
1577
330
C
100
AcDbEntity
8
0
100
AcDbLine
10
279.122
20
165.983
30
0
11
279.039
21
165.988
31
0
0
LINE
5
1578
330
C
100
AcDbEntity
8
0
100
AcDbLine
10
279.039
20
165.988
30
0
11
278.953
21
165.99
31
0
0
LINE
5
1579
330
C
100
AcDbEntity
8
0
100
AcDbLine
10
278.953
20
165.99
30
0
11
278.953
21
165.99
31
0
0
LINE
5
157A
330
C
100
AcDbEntity
8
0
100
AcDbLine
10
278.953
20
165.99
30
0
11
278.845
21
165.987
31
0
0
LINE
5
157B
330
C
100
AcDbEntity
8
0
100
AcDbLine
10
278.845
20
165.987
30
0
11
278.74
21
165.979
31
0
0
LINE
5
157C
330
C
100
AcDbEntity
8
0
100
AcDbLine
10
278.74
20
165.979
30
0
11
278.638
21
165.965
31
0
0
LINE
5
157D
330
C
100
AcDbEntity
8
0
100
AcDbLine
10
278.638
20
165.965
30
0
11
278.54
21
165.945
31
0
0
LINE
5
157E
330
C
100
AcDbEntity
8
0
100
AcDbLine
10
278.54
20
165.945
30
0
11
278.446
21
165.919
31
0
0
LINE
5
157F
330
C
100
AcDbEntity
8
0
100
AcDbLine
10
278.446
20
165.919
30
0
11
278.356
21
165.888
31
0
0
LINE
5
1580
330
C
100
AcDbEntity
8
0
100
AcDbLine
10
278.356
20
165.888
30
0
11
278.269
21
165.852
31
0
0
LINE
5
1581
330
C
100
AcDbEntity
8
0
100
AcDbLine
10
278.269
20
165.852
30
0
11
278.185
21
165.81
31
0
0
LINE
5
1582
330
C
100
AcDbEntity
8
0
100
AcDbLine
10
278.185
20
165.81
30
0
11
278.105
21
165.762
31
0
0
LINE
5
1583
330
C
100
AcDbEntity
8
0
100
AcDbLine
10
278.105
20
165.762
30
0
11
278.029
21
165.708
31
0
0
LINE
5
1584
330
C
100
AcDbEntity
8
0
100
AcDbLine
10
278.029
20
165.708
30
0
11
277.957
21
165.65
31
0
0
LINE
5
1585
330
C
100
AcDbEntity
8
0
100
AcDbLine
10
277.957
20
165.65
30
0
11
277.888
21
165.588
31
0
0
LINE
5
1586
330
C
100
AcDbEntity
8
0
100
AcDbLine
10
277.888
20
165.588
30
0
11
277.823
21
165.523
31
0
0
LINE
5
1587
330
C
100
AcDbEntity
8
0
100
AcDbLine
10
277.823
20
165.523
30
0
11
277.761
21
165.454
31
0
0
LINE
5
1588
330
C
100
AcDbEntity
8
0
100
AcDbLine
10
277.761
20
165.454
30
0
11
277.704
21
165.382
31
0
0
LINE
5
1589
330
C
100
AcDbEntity
8
0
100
AcDbLine
10
277.704
20
165.382
30
0
11
277.65
21
165.306
31
0
0
LINE
5
158A
330
C
100
AcDbEntity
8
0
100
AcDbLine
10
277.65
20
165.306
30
0
11
277.6
21
165.226
31
0
0
LINE
5
158B
330
C
100
AcDbEntity
8
0
100
AcDbLine
10
277.6
20
165.226
30
0
11
277.553
21
165.144
31
0
0
LINE
5
158C
330
C
100
AcDbEntity
8
0
100
AcDbLine
10
277.553
20
165.144
30
0
11
277.51
21
165.057
31
0
0
LINE
5
158D
330
C
100
AcDbEntity
8
0
100
AcDbLine
10
277.51
20
165.057
30
0
11
277.471
21
164.967
31
0
0
LINE
5
158E
330
C
100
AcDbEntity
8
0
100
AcDbLine
10
277.471
20
164.967
30
0
11
277.436
21
164.874
31
0
0
LINE
5
158F
330
C
100
AcDbEntity
8
0
100
AcDbLine
10
277.436
20
164.874
30
0
11
277.404
21
164.78
31
0
0
LINE
5
1590
330
C
100
AcDbEntity
8
0
100
AcDbLine
10
277.404
20
164.78
30
0
11
277.376
21
164.685
31
0
0
LINE
5
1591
330
C
100
AcDbEntity
8
0
100
AcDbLine
10
277.376
20
164.685
30
0
11
277.352
21
164.588
31
0
0
LINE
5
1592
330
C
100
AcDbEntity
8
0
100
AcDbLine
10
277.352
20
164.588
30
0
11
277.332
21
164.489
31
0
0
LINE
5
1593
330
C
100
AcDbEntity
8
0
100
AcDbLine
10
277.332
20
164.489
30
0
11
277.315
21
164.389
31
0
0
LINE
5
1594
330
C
100
AcDbEntity
8
0
100
AcDbLine
10
277.315
20
164.389
30
0
11
277.302
21
164.288
31
0
0
LINE
5
1595
330
C
100
AcDbEntity
8
0
100
AcDbLine
10
277.302
20
164.288
30
0
11
277.293
21
164.185
31
0
0
LINE
5
1596
330
C
100
AcDbEntity
8
0
100
AcDbLine
10
277.293
20
164.185
30
0
11
277.287
21
164.08
31
0
0
LINE
5
1597
330
C
100
AcDbEntity
8
0
100
AcDbLine
10
277.287
20
164.08
30
0
11
277.285
21
163.974
31
0
0
LINE
5
1598
330
C
100
AcDbEntity
8
0
100
AcDbLine
10
277.285
20
163.974
30
0
11
277.285
21
163.974
31
0
0
LINE
5
1599
330
C
100
AcDbEntity
8
0
100
AcDbLine
10
277.285
20
163.974
30
0
11
277.285
21
163.59
31
0
0
LINE
5
159A
330
C
100
AcDbEntity
8
0
100
AcDbLine
10
277.285
20
163.59
30
0
11
277.287
21
163.471
31
0
0
LINE
5
159B
330
C
100
AcDbEntity
8
0
100
AcDbLine
10
277.287
20
163.471
30
0
11
277.293
21
163.355
31
0
0
LINE
5
159C
330
C
100
AcDbEntity
8
0
100
AcDbLine
10
277.293
20
163.355
30
0
11
277.302
21
163.241
31
0
0
LINE
5
159D
330
C
100
AcDbEntity
8
0
100
AcDbLine
10
277.302
20
163.241
30
0
11
277.314
21
163.13
31
0
0
LINE
5
159E
330
C
100
AcDbEntity
8
0
100
AcDbLine
10
277.314
20
163.13
30
0
11
277.331
21
163.022
31
0
0
LINE
5
159F
330
C
100
AcDbEntity
8
0
100
AcDbLine
10
277.331
20
163.022
30
0
11
277.351
21
162.915
31
0
0
LINE
5
15A0
330
C
100
AcDbEntity
8
0
100
AcDbLine
10
277.351
20
162.915
30
0
11
277.375
21
162.812
31
0
0
LINE
5
15A1
330
C
100
AcDbEntity
8
0
100
AcDbLine
10
277.375
20
162.812
30
0
11
277.402
21
162.711
31
0
0
LINE
5
15A2
330
C
100
AcDbEntity
8
0
100
AcDbLine
10
277.402
20
162.711
30
0
11
277.433
21
162.612
31
0
0
LINE
5
15A3
330
C
100
AcDbEntity
8
0
100
AcDbLine
10
277.433
20
162.612
30
0
11
277.468
21
162.516
31
0
0
LINE
5
15A4
330
C
100
AcDbEntity
8
0
100
AcDbLine
10
277.468
20
162.516
30
0
11
277.507
21
162.423
31
0
0
LINE
5
15A5
330
C
100
AcDbEntity
8
0
100
AcDbLine
10
277.507
20
162.423
30
0
11
277.549
21
162.334
31
0
0
LINE
5
15A6
330
C
100
AcDbEntity
8
0
100
AcDbLine
10
277.549
20
162.334
30
0
11
277.594
21
162.249
31
0
0
LINE
5
15A7
330
C
100
AcDbEntity
8
0
100
AcDbLine
10
277.594
20
162.249
30
0
11
277.644
21
162.168
31
0
0
LINE
5
15A8
330
C
100
AcDbEntity
8
0
100
AcDbLine
10
277.644
20
162.168
30
0
11
277.697
21
162.091
31
0
0
LINE
5
15A9
330
C
100
AcDbEntity
8
0
100
AcDbLine
10
277.697
20
162.091
30
0
11
277.754
21
162.018
31
0
0
LINE
5
15AA
330
C
100
AcDbEntity
8
0
100
AcDbLine
10
277.754
20
162.018
30
0
11
277.814
21
161.949
31
0
0
LINE
5
15AB
330
C
100
AcDbEntity
8
0
100
AcDbLine
10
277.814
20
161.949
30
0
11
277.878
21
161.884
31
0
0
LINE
5
15AC
330
C
100
AcDbEntity
8
0
100
AcDbLine
10
277.878
20
161.884
30
0
11
277.946
21
161.823
31
0
0
LINE
5
15AD
330
C
100
AcDbEntity
8
0
100
AcDbLine
10
277.946
20
161.823
30
0
11
278.017
21
161.766
31
0
0
LINE
5
15AE
330
C
100
AcDbEntity
8
0
100
AcDbLine
10
278.017
20
161.766
30
0
11
278.092
21
161.714
31
0
0
LINE
5
15AF
330
C
100
AcDbEntity
8
0
100
AcDbLine
10
278.092
20
161.714
30
0
11
278.171
21
161.667
31
0
0
LINE
5
15B0
330
C
100
AcDbEntity
8
0
100
AcDbLine
10
278.171
20
161.667
30
0
11
278.254
21
161.625
31
0
0
LINE
5
15B1
330
C
100
AcDbEntity
8
0
100
AcDbLine
10
278.254
20
161.625
30
0
11
278.341
21
161.589
31
0
0
LINE
5
15B2
330
C
100
AcDbEntity
8
0
100
AcDbLine
10
278.341
20
161.589
30
0
11
278.431
21
161.559
31
0
0
LINE
5
15B3
330
C
100
AcDbEntity
8
0
100
AcDbLine
10
278.431
20
161.559
30
0
11
278.526
21
161.534
31
0
0
LINE
5
15B4
330
C
100
AcDbEntity
8
0
100
AcDbLine
10
278.526
20
161.534
30
0
11
278.624
21
161.515
31
0
0
LINE
5
15B5
330
C
100
AcDbEntity
8
0
100
AcDbLine
10
278.624
20
161.515
30
0
11
278.726
21
161.501
31
0
0
LINE
5
15B6
330
C
100
AcDbEntity
8
0
100
AcDbLine
10
278.726
20
161.501
30
0
11
278.832
21
161.493
31
0
0
LINE
5
15B7
330
C
100
AcDbEntity
8
0
100
AcDbLine
10
278.832
20
161.493
30
0
11
278.941
21
161.49
31
0
0
LINE
5
15B8
330
C
100
AcDbEntity
8
0
100
AcDbLine
10
278.941
20
161.49
30
0
11
278.941
21
161.49
31
0
0
LINE
5
15B9
330
C
100
AcDbEntity
8
0
100
AcDbLine
10
278.941
20
161.49
30
0
11
279.051
21
161.493
31
0
0
LINE
5
15BA
330
C
100
AcDbEntity
8
0
100
AcDbLine
10
279.051
20
161.493
30
0
11
279.156
21
161.501
31
0
0
LINE
5
15BB
330
C
100
AcDbEntity
8
0
100
AcDbLine
10
279.156
20
161.501
30
0
11
279.258
21
161.514
31
0
0
LINE
5
15BC
330
C
100
AcDbEntity
8
0
100
AcDbLine
10
279.258
20
161.514
30
0
11
279.356
21
161.533
31
0
0
LINE
5
15BD
330
C
100
AcDbEntity
8
0
100
AcDbLine
10
279.356
20
161.533
30
0
11
279.45
21
161.558
31
0
0
LINE
5
15BE
330
C
100
AcDbEntity
8
0
100
AcDbLine
10
279.45
20
161.558
30
0
11
279.54
21
161.587
31
0
0
LINE
5
15BF
330
C
100
AcDbEntity
8
0
100
AcDbLine
10
279.54
20
161.587
30
0
11
279.625
21
161.622
31
0
0
LINE
5
15C0
330
C
100
AcDbEntity
8
0
100
AcDbLine
10
279.625
20
161.622
30
0
11
279.707
21
161.663
31
0
0
LINE
5
15C1
330
C
100
AcDbEntity
8
0
100
AcDbLine
10
279.707
20
161.663
30
0
11
279.785
21
161.709
31
0
0
LINE
5
15C2
330
C
100
AcDbEntity
8
0
100
AcDbLine
10
279.785
20
161.709
30
0
11
279.859
21
161.76
31
0
0
LINE
5
15C3
330
C
100
AcDbEntity
8
0
100
AcDbLine
10
279.859
20
161.76
30
0
11
279.928
21
161.817
31
0
0
LINE
5
15C4
330
C
100
AcDbEntity
8
0
100
AcDbLine
10
279.928
20
161.817
30
0
11
279.992
21
161.878
31
0
0
LINE
5
15C5
330
C
100
AcDbEntity
8
0
100
AcDbLine
10
279.992
20
161.878
30
0
11
280.05
21
161.945
31
0
0
LINE
5
15C6
330
C
100
AcDbEntity
8
0
100
AcDbLine
10
280.05
20
161.945
30
0
11
280.102
21
162.017
31
0
0
LINE
5
15C7
330
C
100
AcDbEntity
8
0
100
AcDbLine
10
280.102
20
162.017
30
0
11
280.149
21
162.095
31
0
0
LINE
5
15C8
330
C
100
AcDbEntity
8
0
100
AcDbLine
10
280.149
20
162.095
30
0
11
280.19
21
162.177
31
0
0
LINE
5
15C9
330
C
100
AcDbEntity
8
0
100
AcDbLine
10
280.19
20
162.177
30
0
11
280.225
21
162.264
31
0
0
LINE
5
15CA
330
C
100
AcDbEntity
8
0
100
AcDbLine
10
280.225
20
162.264
30
0
11
280.255
21
162.357
31
0
0
LINE
5
15CB
330
C
100
AcDbEntity
8
0
100
AcDbLine
10
280.255
20
162.357
30
0
11
280.279
21
162.455
31
0
0
LINE
5
15CC
330
C
100
AcDbEntity
8
0
100
AcDbLine
10
280.279
20
162.455
30
0
11
280.297
21
162.558
31
0
0
LINE
5
15CD
330
C
100
AcDbEntity
8
0
100
AcDbLine
10
280.297
20
162.558
30
0
11
280.297
21
162.558
31
0
0
LINE
5
15CE
330
C
100
AcDbEntity
8
0
100
AcDbLine
10
280.297
20
162.558
30
0
11
281.269
21
162.558
31
0
0
LINE
5
15CF
330
C
100
AcDbEntity
8
0
100
AcDbLine
10
281.269
20
162.558
30
0
11
281.249
21
162.446
31
0
0
LINE
5
15D0
330
C
100
AcDbEntity
8
0
100
AcDbLine
10
281.249
20
162.446
30
0
11
281.224
21
162.336
31
0
0
LINE
5
15D1
330
C
100
AcDbEntity
8
0
100
AcDbLine
10
281.224
20
162.336
30
0
11
281.195
21
162.23
31
0
0
LINE
5
15D2
330
C
100
AcDbEntity
8
0
100
AcDbLine
10
281.195
20
162.23
30
0
11
281.161
21
162.127
31
0
0
LINE
5
15D3
330
C
100
AcDbEntity
8
0
100
AcDbLine
10
281.161
20
162.127
30
0
11
281.122
21
162.028
31
0
0
LINE
5
15D4
330
C
100
AcDbEntity
8
0
100
AcDbLine
10
281.122
20
162.028
30
0
11
281.079
21
161.931
31
0
0
LINE
5
15D5
330
C
100
AcDbEntity
8
0
100
AcDbLine
10
281.079
20
161.931
30
0
11
281.031
21
161.838
31
0
0
LINE
5
15D6
330
C
100
AcDbEntity
8
0
100
AcDbLine
10
281.031
20
161.838
30
0
11
280.979
21
161.748
31
0
0
LINE
5
15D7
330
C
100
AcDbEntity
8
0
100
AcDbLine
10
280.979
20
161.748
30
0
11
280.923
21
161.661
31
0
0
LINE
5
15D8
330
C
100
AcDbEntity
8
0
100
AcDbLine
10
280.923
20
161.661
30
0
11
280.861
21
161.577
31
0
0
LINE
5
15D9
330
C
100
AcDbEntity
8
0
100
AcDbLine
10
280.861
20
161.577
30
0
11
280.796
21
161.497
31
0
0
LINE
5
15DA
330
C
100
AcDbEntity
8
0
100
AcDbLine
10
280.796
20
161.497
30
0
11
280.727
21
161.42
31
0
0
LINE
5
15DB
330
C
100
AcDbEntity
8
0
100
AcDbLine
10
280.727
20
161.42
30
0
11
280.655
21
161.347
31
0
0
LINE
5
15DC
330
C
100
AcDbEntity
8
0
100
AcDbLine
10
280.655
20
161.347
30
0
11
280.579
21
161.278
31
0
0
LINE
5
15DD
330
C
100
AcDbEntity
8
0
100
AcDbLine
10
280.579
20
161.278
30
0
11
280.5
21
161.213
31
0
0
LINE
5
15DE
330
C
100
AcDbEntity
8
0
100
AcDbLine
10
280.5
20
161.213
30
0
11
280.417
21
161.152
31
0
0
LINE
5
15DF
330
C
100
AcDbEntity
8
0
100
AcDbLine
10
280.417
20
161.152
30
0
11
280.331
21
161.094
31
0
0
LINE
5
15E0
330
C
100
AcDbEntity
8
0
100
AcDbLine
10
280.331
20
161.094
30
0
11
280.241
21
161.04
31
0
0
LINE
5
15E1
330
C
100
AcDbEntity
8
0
100
AcDbLine
10
280.241
20
161.04
30
0
11
280.148
21
160.99
31
0
0
LINE
5
15E2
330
C
100
AcDbEntity
8
0
100
AcDbLine
10
280.148
20
160.99
30
0
11
280.051
21
160.944
31
0
0
LINE
5
15E3
330
C
100
AcDbEntity
8
0
100
AcDbLine
10
280.051
20
160.944
30
0
11
279.952
21
160.902
31
0
0
LINE
5
15E4
330
C
100
AcDbEntity
8
0
100
AcDbLine
10
279.952
20
160.902
30
0
11
279.849
21
160.864
31
0
0
LINE
5
15E5
330
C
100
AcDbEntity
8
0
100
AcDbLine
10
279.849
20
160.864
30
0
11
279.745
21
160.831
31
0
0
LINE
5
15E6
330
C
100
AcDbEntity
8
0
100
AcDbLine
10
279.745
20
160.831
30
0
11
279.637
21
160.802
31
0
0
LINE
5
15E7
330
C
100
AcDbEntity
8
0
100
AcDbLine
10
279.637
20
160.802
30
0
11
279.528
21
160.778
31
0
0
LINE
5
15E8
330
C
100
AcDbEntity
8
0
100
AcDbLine
10
279.528
20
160.778
30
0
11
279.415
21
160.758
31
0
0
LINE
5
15E9
330
C
100
AcDbEntity
8
0
100
AcDbLine
10
279.415
20
160.758
30
0
11
279.301
21
160.742
31
0
0
LINE
5
15EA
330
C
100
AcDbEntity
8
0
100
AcDbLine
10
279.301
20
160.742
30
0
11
279.183
21
160.731
31
0
0
LINE
5
15EB
330
C
100
AcDbEntity
8
0
100
AcDbLine
10
279.183
20
160.731
30
0
11
279.064
21
160.724
31
0
0
LINE
5
15EC
330
C
100
AcDbEntity
8
0
100
AcDbLine
10
279.064
20
160.724
30
0
11
278.941
21
160.722
31
0
0
LINE
5
15ED
330
C
100
AcDbEntity
8
0
100
AcDbLine
10
278.941
20
160.722
30
0
11
278.941
21
160.722
31
0
0
LINE
5
15EE
330
C
100
AcDbEntity
8
0
100
AcDbLine
10
282.211
20
163.422
30
0
11
286.159
21
168.51
31
0
0
LINE
5
15EF
330
C
100
AcDbEntity
8
0
100
AcDbLine
10
286.159
20
168.51
30
0
11
287.035
21
168.51
31
0
0
LINE
5
15F0
330
C
100
AcDbEntity
8
0
100
AcDbLine
10
287.035
20
168.51
30
0
11
287.035
21
163.494
31
0
0
LINE
5
15F1
330
C
100
AcDbEntity
8
0
100
AcDbLine
10
287.035
20
163.494
30
0
11
288.343
21
163.494
31
0
0
LINE
5
15F2
330
C
100
AcDbEntity
8
0
100
AcDbLine
10
288.343
20
163.494
30
0
11
288.343
21
162.702
31
0
0
LINE
5
15F3
330
C
100
AcDbEntity
8
0
100
AcDbLine
10
288.343
20
162.702
30
0
11
287.035
21
162.702
31
0
0
LINE
5
15F4
330
C
100
AcDbEntity
8
0
100
AcDbLine
10
287.035
20
162.702
30
0
11
287.035
21
160.866
31
0
0
LINE
5
15F5
330
C
100
AcDbEntity
8
0
100
AcDbLine
10
287.035
20
160.866
30
0
11
286.111
21
160.866
31
0
0
LINE
5
15F6
330
C
100
AcDbEntity
8
0
100
AcDbLine
10
286.111
20
160.866
30
0
11
286.111
21
162.702
31
0
0
LINE
5
15F7
330
C
100
AcDbEntity
8
0
100
AcDbLine
10
286.111
20
162.702
30
0
11
282.211
21
162.702
31
0
0
LINE
5
15F8
330
C
100
AcDbEntity
8
0
100
AcDbLine
10
282.211
20
162.702
30
0
11
282.211
21
163.422
31
0
0
LINE
5
15F9
330
C
100
AcDbEntity
8
0
100
AcDbLine
10
282.211
20
163.422
30
0
11
282.211
21
163.422
31
0
0
LINE
5
15FA
330
C
100
AcDbEntity
8
0
100
AcDbLine
10
286.147
20
163.422
30
0
11
286.147
21
167.034
31
0
0
LINE
5
15FB
330
C
100
AcDbEntity
8
0
100
AcDbLine
10
286.147
20
167.034
30
0
11
283.327
21
163.422
31
0
0
LINE
5
15FC
330
C
100
AcDbEntity
8
0
100
AcDbLine
10
283.327
20
163.422
30
0
11
286.147
21
163.422
31
0
0
LINE
5
15FD
330
C
100
AcDbEntity
8
0
100
AcDbLine
10
286.147
20
163.422
30
0
11
286.147
21
163.422
31
0
0
LINE
5
15FE
330
C
100
AcDbEntity
8
0
100
AcDbLine
10
217.196
20
186
30
0
11
217.196
21
183
31
0
0
LINE
5
15FF
330
C
100
AcDbEntity
8
0
100
AcDbLine
10
217.196
20
183
30
0
11
223.699
21
183
31
0
0
LINE
5
1600
330
C
100
AcDbEntity
8
0
100
AcDbLine
10
223.699
20
183
30
0
11
223.699
21
186
31
0
0
LINE
5
1601
330
C
100
AcDbEntity
8
0
100
AcDbLine
10
223.699
20
186
30
0
11
232.699
21
186
31
0
0
LINE
5
1602
330
C
100
AcDbEntity
8
0
100
AcDbLine
10
232.699
20
186
30
0
11
232.699
21
183
31
0
0
LINE
5
1603
330
C
100
AcDbEntity
8
0
100
AcDbLine
10
232.699
20
183
30
0
11
241.699
21
183
31
0
0
LINE
5
1604
330
C
100
AcDbEntity
8
0
100
AcDbLine
10
241.699
20
183
30
0
11
241.699
21
186
31
0
0
LINE
5
1605
330
C
100
AcDbEntity
8
0
100
AcDbLine
10
241.699
20
186
30
0
11
250.699
21
186
31
0
0
LINE
5
1606
330
C
100
AcDbEntity
8
0
100
AcDbLine
10
250.699
20
186
30
0
11
250.699
21
183
31
0
0
LINE
5
1607
330
C
100
AcDbEntity
8
0
100
AcDbLine
10
250.699
20
183
30
0
11
259.699
21
183
31
0
0
LINE
5
1608
330
C
100
AcDbEntity
8
0
100
AcDbLine
10
259.699
20
183
30
0
11
259.699
21
186
31
0
0
LINE
5
1609
330
C
100
AcDbEntity
8
0
100
AcDbLine
10
259.699
20
186
30
0
11
268.699
21
186
31
0
0
LINE
5
160A
330
C
100
AcDbEntity
8
0
100
AcDbLine
10
268.699
20
186
30
0
11
268.699
21
183
31
0
0
LINE
5
160B
330
C
100
AcDbEntity
8
0
100
AcDbLine
10
268.699
20
183
30
0
11
277.699
21
183
31
0
0
LINE
5
160C
330
C
100
AcDbEntity
8
0
100
AcDbLine
10
277.699
20
183
30
0
11
277.699
21
186
31
0
0
LINE
5
160D
330
C
100
AcDbEntity
8
0
100
AcDbLine
10
277.699
20
186
30
0
11
286.699
21
186
31
0
0
LINE
5
160E
330
C
100
AcDbEntity
8
0
100
AcDbLine
10
286.699
20
186
30
0
11
286.699
21
183
31
0
0
LINE
5
160F
330
C
100
AcDbEntity
8
0
100
AcDbLine
10
286.699
20
183
30
0
11
295.699
21
183
31
0
0
LINE
5
1610
330
C
100
AcDbEntity
8
0
100
AcDbLine
10
295.699
20
183
30
0
11
295.699
21
186
31
0
0
LINE
5
1611
330
C
100
AcDbEntity
8
0
100
AcDbLine
10
295.699
20
186
30
0
11
304.699
21
186
31
0
0
LINE
5
1612
330
C
100
AcDbEntity
8
0
100
AcDbLine
10
304.699
20
186
30
0
11
304.699
21
183
31
0
0
LINE
5
1613
330
C
100
AcDbEntity
8
0
100
AcDbLine
10
304.699
20
183
30
0
11
313.699
21
183
31
0
0
LINE
5
1614
330
C
100
AcDbEntity
8
0
100
AcDbLine
10
313.699
20
183
30
0
11
313.699
21
186
31
0
0
LINE
5
1615
330
C
100
AcDbEntity
8
0
100
AcDbLine
10
313.699
20
186
30
0
11
322.699
21
186
31
0
0
LINE
5
1616
330
C
100
AcDbEntity
8
0
100
AcDbLine
10
322.699
20
186
30
0
11
322.699
21
183
31
0
0
LINE
5
1617
330
C
100
AcDbEntity
8
0
100
AcDbLine
10
322.699
20
183
30
0
11
329.202
21
183
31
0
0
LINE
5
1618
330
C
100
AcDbEntity
8
0
100
AcDbLine
10
329.202
20
183
30
0
11
329.202
21
186
31
0
0
LINE
5
1619
330
C
100
AcDbEntity
8
0
100
AcDbLine
10
329.202
20
186
30
0
11
329.202
21
187.5
31
0
0
LINE
5
161A
330
C
100
AcDbEntity
8
0
100
AcDbLine
10
329.202
20
187.5
30
0
11
334.398
21
187.5
31
0
0
LINE
5
161B
330
C
100
AcDbEntity
8
0
100
AcDbLine
10
334.398
20
187.5
30
0
11
334.398
21
196.5
31
0
0
LINE
5
161C
330
C
100
AcDbEntity
8
0
100
AcDbLine
10
334.398
20
196.5
30
0
11
329.202
21
196.5
31
0
0
LINE
5
161D
330
C
100
AcDbEntity
8
0
100
AcDbLine
10
329.202
20
196.5
30
0
11
329.202
21
205.5
31
0
0
LINE
5
161E
330
C
100
AcDbEntity
8
0
100
AcDbLine
10
329.202
20
205.5
30
0
11
334.398
21
205.5
31
0
0
LINE
5
161F
330
C
100
AcDbEntity
8
0
100
AcDbLine
10
334.398
20
205.5
30
0
11
334.398
21
214.5
31
0
0
LINE
5
1620
330
C
100
AcDbEntity
8
0
100
AcDbLine
10
334.398
20
214.5
30
0
11
329.202
21
214.5
31
0
0
LINE
5
1621
330
C
100
AcDbEntity
8
0
100
AcDbLine
10
329.202
20
214.5
30
0
11
329.202
21
216
31
0
0
LINE
5
1622
330
C
100
AcDbEntity
8
0
100
AcDbLine
10
329.202
20
216
30
0
11
217.196
21
216
31
0
0
LINE
5
1623
330
C
100
AcDbEntity
8
0
100
AcDbLine
10
217.196
20
216
30
0
11
212
21
216
31
0
0
LINE
5
1624
330
C
100
AcDbEntity
8
0
100
AcDbLine
10
212
20
216
30
0
11
212
21
214.5
31
0
0
LINE
5
1625
330
C
100
AcDbEntity
8
0
100
AcDbLine
10
212
20
214.5
30
0
11
217.196
21
214.5
31
0
0
LINE
5
1626
330
C
100
AcDbEntity
8
0
100
AcDbLine
10
217.196
20
214.5
30
0
11
217.196
21
205.5
31
0
0
LINE
5
1627
330
C
100
AcDbEntity
8
0
100
AcDbLine
10
217.196
20
205.5
30
0
11
212
21
205.5
31
0
0
LINE
5
1628
330
C
100
AcDbEntity
8
0
100
AcDbLine
10
212
20
205.5
30
0
11
212
21
196.5
31
0
0
LINE
5
1629
330
C
100
AcDbEntity
8
0
100
AcDbLine
10
212
20
196.5
30
0
11
217.196
21
196.5
31
0
0
LINE
5
162A
330
C
100
AcDbEntity
8
0
100
AcDbLine
10
217.196
20
196.5
30
0
11
217.196
21
187.5
31
0
0
LINE
5
162B
330
C
100
AcDbEntity
8
0
100
AcDbLine
10
217.196
20
187.5
30
0
11
212
21
187.5
31
0
0
LINE
5
162C
330
C
100
AcDbEntity
8
0
100
AcDbLine
10
212
20
187.5
30
0
11
212
21
186
31
0
0
LINE
5
162D
330
C
100
AcDbEntity
8
0
100
AcDbLine
10
212
20
186
30
0
11
217.196
21
186
31
0
0
LINE
5
162E
330
C
100
AcDbEntity
8
0
100
AcDbLine
10
261.385
20
196.722
30
0
11
261.385
21
196.722
31
0
0
LINE
5
162F
330
C
100
AcDbEntity
8
0
100
AcDbLine
10
261.385
20
196.722
30
0
11
261.235
21
196.725
31
0
0
LINE
5
1630
330
C
100
AcDbEntity
8
0
100
AcDbLine
10
261.235
20
196.725
30
0
11
261.088
21
196.733
31
0
0
LINE
5
1631
330
C
100
AcDbEntity
8
0
100
AcDbLine
10
261.088
20
196.733
30
0
11
260.943
21
196.747
31
0
0
LINE
5
1632
330
C
100
AcDbEntity
8
0
100
AcDbLine
10
260.943
20
196.747
30
0
11
260.801
21
196.766
31
0
0
LINE
5
1633
330
C
100
AcDbEntity
8
0
100
AcDbLine
10
260.801
20
196.766
30
0
11
260.661
21
196.79
31
0
0
LINE
5
1634
330
C
100
AcDbEntity
8
0
100
AcDbLine
10
260.661
20
196.79
30
0
11
260.523
21
196.82
31
0
0
LINE
5
1635
330
C
100
AcDbEntity
8
0
100
AcDbLine
10
260.523
20
196.82
30
0
11
260.389
21
196.856
31
0
0
LINE
5
1636
330
C
100
AcDbEntity
8
0
100
AcDbLine
10
260.389
20
196.856
30
0
11
260.256
21
196.897
31
0
0
LINE
5
1637
330
C
100
AcDbEntity
8
0
100
AcDbLine
10
260.256
20
196.897
30
0
11
260.126
21
196.943
31
0
0
LINE
5
1638
330
C
100
AcDbEntity
8
0
100
AcDbLine
10
260.126
20
196.943
30
0
11
259.999
21
196.995
31
0
0
LINE
5
1639
330
C
100
AcDbEntity
8
0
100
AcDbLine
10
259.999
20
196.995
30
0
11
259.876
21
197.052
31
0
0
LINE
5
163A
330
C
100
AcDbEntity
8
0
100
AcDbLine
10
259.876
20
197.052
30
0
11
259.757
21
197.115
31
0
0
LINE
5
163B
330
C
100
AcDbEntity
8
0
100
AcDbLine
10
259.757
20
197.115
30
0
11
259.643
21
197.182
31
0
0
LINE
5
163C
330
C
100
AcDbEntity
8
0
100
AcDbLine
10
259.643
20
197.182
30
0
11
259.535
21
197.255
31
0
0
LINE
5
163D
330
C
100
AcDbEntity
8
0
100
AcDbLine
10
259.535
20
197.255
30
0
11
259.431
21
197.333
31
0
0
LINE
5
163E
330
C
100
AcDbEntity
8
0
100
AcDbLine
10
259.431
20
197.333
30
0
11
259.332
21
197.417
31
0
0
LINE
5
163F
330
C
100
AcDbEntity
8
0
100
AcDbLine
10
259.332
20
197.417
30
0
11
259.238
21
197.505
31
0
0
LINE
5
1640
330
C
100
AcDbEntity
8
0
100
AcDbLine
10
259.238
20
197.505
30
0
11
259.149
21
197.599
31
0
0
LINE
5
1641
330
C
100
AcDbEntity
8
0
100
AcDbLine
10
259.149
20
197.599
30
0
11
259.064
21
197.698
31
0
0
LINE
5
1642
330
C
100
AcDbEntity
8
0
100
AcDbLine
10
259.064
20
197.698
30
0
11
258.985
21
197.802
31
0
0
LINE
5
1643
330
C
100
AcDbEntity
8
0
100
AcDbLine
10
258.985
20
197.802
30
0
11
258.912
21
197.911
31
0
0
LINE
5
1644
330
C
100
AcDbEntity
8
0
100
AcDbLine
10
258.912
20
197.911
30
0
11
258.846
21
198.026
31
0
0
LINE
5
1645
330
C
100
AcDbEntity
8
0
100
AcDbLine
10
258.846
20
198.026
30
0
11
258.788
21
198.145
31
0
0
LINE
5
1646
330
C
100
AcDbEntity
8
0
100
AcDbLine
10
258.788
20
198.145
30
0
11
258.738
21
198.27
31
0
0
LINE
5
1647
330
C
100
AcDbEntity
8
0
100
AcDbLine
10
258.738
20
198.27
30
0
11
258.694
21
198.399
31
0
0
LINE
5
1648
330
C
100
AcDbEntity
8
0
100
AcDbLine
10
258.694
20
198.399
30
0
11
258.658
21
198.534
31
0
0
LINE
5
1649
330
C
100
AcDbEntity
8
0
100
AcDbLine
10
258.658
20
198.534
30
0
11
258.63
21
198.673
31
0
0
LINE
5
164A
330
C
100
AcDbEntity
8
0
100
AcDbLine
10
258.63
20
198.673
30
0
11
258.609
21
198.818
31
0
0
LINE
5
164B
330
C
100
AcDbEntity
8
0
100
AcDbLine
10
258.609
20
198.818
30
0
11
258.595
21
198.967
31
0
0
LINE
5
164C
330
C
100
AcDbEntity
8
0
100
AcDbLine
10
258.595
20
198.967
30
0
11
258.589
21
199.122
31
0
0
LINE
5
164D
330
C
100
AcDbEntity
8
0
100
AcDbLine
10
258.589
20
199.122
30
0
11
258.589
21
199.122
31
0
0
LINE
5
164E
330
C
100
AcDbEntity
8
0
100
AcDbLine
10
258.589
20
199.122
30
0
11
259.501
21
199.122
31
0
0
LINE
5
164F
330
C
100
AcDbEntity
8
0
100
AcDbLine
10
259.501
20
199.122
30
0
11
259.504
21
199.018
31
0
0
LINE
5
1650
330
C
100
AcDbEntity
8
0
100
AcDbLine
10
259.504
20
199.018
30
0
11
259.512
21
198.918
31
0
0
LINE
5
1651
330
C
100
AcDbEntity
8
0
100
AcDbLine
10
259.512
20
198.918
30
0
11
259.524
21
198.822
31
0
0
LINE
5
1652
330
C
100
AcDbEntity
8
0
100
AcDbLine
10
259.524
20
198.822
30
0
11
259.542
21
198.73
31
0
0
LINE
5
1653
330
C
100
AcDbEntity
8
0
100
AcDbLine
10
259.542
20
198.73
30
0
11
259.566
21
198.641
31
0
0
LINE
5
1654
330
C
100
AcDbEntity
8
0
100
AcDbLine
10
259.566
20
198.641
30
0
11
259.594
21
198.556
31
0
0
LINE
5
1655
330
C
100
AcDbEntity
8
0
100
AcDbLine
10
259.594
20
198.556
30
0
11
259.628
21
198.475
31
0
0
LINE
5
1656
330
C
100
AcDbEntity
8
0
100
AcDbLine
10
259.628
20
198.475
30
0
11
259.666
21
198.398
31
0
0
LINE
5
1657
330
C
100
AcDbEntity
8
0
100
AcDbLine
10
259.666
20
198.398
30
0
11
259.71
21
198.325
31
0
0
LINE
5
1658
330
C
100
AcDbEntity
8
0
100
AcDbLine
10
259.71
20
198.325
30
0
11
259.759
21
198.255
31
0
0
LINE
5
1659
330
C
100
AcDbEntity
8
0
100
AcDbLine
10
259.759
20
198.255
30
0
11
259.812
21
198.189
31
0
0
LINE
5
165A
330
C
100
AcDbEntity
8
0
100
AcDbLine
10
259.812
20
198.189
30
0
11
259.869
21
198.126
31
0
0
LINE
5
165B
330
C
100
AcDbEntity
8
0
100
AcDbLine
10
259.869
20
198.126
30
0
11
259.929
21
198.067
31
0
0
LINE
5
165C
330
C
100
AcDbEntity
8
0
100
AcDbLine
10
259.929
20
198.067
30
0
11
259.992
21
198.012
31
0
0
LINE
5
165D
330
C
100
AcDbEntity
8
0
100
AcDbLine
10
259.992
20
198.012
30
0
11
260.059
21
197.959
31
0
0
LINE
5
165E
330
C
100
AcDbEntity
8
0
100
AcDbLine
10
260.059
20
197.959
30
0
11
260.129
21
197.911
31
0
0
LINE
5
165F
330
C
100
AcDbEntity
8
0
100
AcDbLine
10
260.129
20
197.911
30
0
11
260.203
21
197.866
31
0
0
LINE
5
1660
330
C
100
AcDbEntity
8
0
100
AcDbLine
10
260.203
20
197.866
30
0
11
260.28
21
197.824
31
0
0
LINE
5
1661
330
C
100
AcDbEntity
8
0
100
AcDbLine
10
260.28
20
197.824
30
0
11
260.36
21
197.786
31
0
0
LINE
5
1662
330
C
100
AcDbEntity
8
0
100
AcDbLine
10
260.36
20
197.786
30
0
11
260.443
21
197.751
31
0
0
LINE
5
1663
330
C
100
AcDbEntity
8
0
100
AcDbLine
10
260.443
20
197.751
30
0
11
260.529
21
197.72
31
0
0
LINE
5
1664
330
C
100
AcDbEntity
8
0
100
AcDbLine
10
260.529
20
197.72
30
0
11
260.617
21
197.692
31
0
0
LINE
5
1665
330
C
100
AcDbEntity
8
0
100
AcDbLine
10
260.617
20
197.692
30
0
11
260.706
21
197.667
31
0
0
LINE
5
1666
330
C
100
AcDbEntity
8
0
100
AcDbLine
10
260.706
20
197.667
30
0
11
260.796
21
197.645
31
0
0
LINE
5
1667
330
C
100
AcDbEntity
8
0
100
AcDbLine
10
260.796
20
197.645
30
0
11
260.889
21
197.627
31
0
0
LINE
5
1668
330
C
100
AcDbEntity
8
0
100
AcDbLine
10
260.889
20
197.627
30
0
11
260.982
21
197.612
31
0
0
LINE
5
1669
330
C
100
AcDbEntity
8
0
100
AcDbLine
10
260.982
20
197.612
30
0
11
261.078
21
197.601
31
0
0
LINE
5
166A
330
C
100
AcDbEntity
8
0
100
AcDbLine
10
261.078
20
197.601
30
0
11
261.175
21
197.593
31
0
0
LINE
5
166B
330
C
100
AcDbEntity
8
0
100
AcDbLine
10
261.175
20
197.593
30
0
11
261.273
21
197.588
31
0
0
LINE
5
166C
330
C
100
AcDbEntity
8
0
100
AcDbLine
10
261.273
20
197.588
30
0
11
261.373
21
197.586
31
0
0
LINE
5
166D
330
C
100
AcDbEntity
8
0
100
AcDbLine
10
261.373
20
197.586
30
0
11
261.373
21
197.586
31
0
0
LINE
5
166E
330
C
100
AcDbEntity
8
0
100
AcDbLine
10
261.373
20
197.586
30
0
11
261.481
21
197.588
31
0
0
LINE
5
166F
330
C
100
AcDbEntity
8
0
100
AcDbLine
10
261.481
20
197.588
30
0
11
261.586
21
197.593
31
0
0
LINE
5
1670
330
C
100
AcDbEntity
8
0
100
AcDbLine
10
261.586
20
197.593
30
0
11
261.688
21
197.602
31
0
0
LINE
5
1671
330
C
100
AcDbEntity
8
0
100
AcDbLine
10
261.688
20
197.602
30
0
11
261.787
21
197.614
31
0
0
LINE
5
1672
330
C
100
AcDbEntity
8
0
100
AcDbLine
10
261.787
20
197.614
30
0
11
261.883
21
197.63
31
0
0
LINE
5
1673
330
C
100
AcDbEntity
8
0
100
AcDbLine
10
261.883
20
197.63
30
0
11
261.977
21
197.649
31
0
0
LINE
5
1674
330
C
100
AcDbEntity
8
0
100
AcDbLine
10
261.977
20
197.649
30
0
11
262.067
21
197.671
31
0
0
LINE
5
1675
330
C
100
AcDbEntity
8
0
100
AcDbLine
10
262.067
20
197.671
30
0
11
262.155
21
197.697
31
0
0
LINE
5
1676
330
C
100
AcDbEntity
8
0
100
AcDbLine
10
262.155
20
197.697
30
0
11
262.239
21
197.727
31
0
0
LINE
5
1677
330
C
100
AcDbEntity
8
0
100
AcDbLine
10
262.239
20
197.727
30
0
11
262.321
21
197.76
31
0
0
LINE
5
1678
330
C
100
AcDbEntity
8
0
100
AcDbLine
10
262.321
20
197.76
30
0
11
262.4
21
197.796
31
0
0
LINE
5
1679
330
C
100
AcDbEntity
8
0
100
AcDbLine
10
262.4
20
197.796
30
0
11
262.475
21
197.834
31
0
0
LINE
5
167A
330
C
100
AcDbEntity
8
0
100
AcDbLine
10
262.475
20
197.834
30
0
11
262.546
21
197.874
31
0
0
LINE
5
167B
330
C
100
AcDbEntity
8
0
100
AcDbLine
10
262.546
20
197.874
30
0
11
262.614
21
197.917
31
0
0
LINE
5
167C
330
C
100
AcDbEntity
8
0
100
AcDbLine
10
262.614
20
197.917
30
0
11
262.677
21
197.962
31
0
0
LINE
5
167D
330
C
100
AcDbEntity
8
0
100
AcDbLine
10
262.677
20
197.962
30
0
11
262.738
21
198.009
31
0
0
LINE
5
167E
330
C
100
AcDbEntity
8
0
100
AcDbLine
10
262.738
20
198.009
30
0
11
262.794
21
198.058
31
0
0
LINE
5
167F
330
C
100
AcDbEntity
8
0
100
AcDbLine
10
262.794
20
198.058
30
0
11
262.847
21
198.109
31
0
0
LINE
5
1680
330
C
100
AcDbEntity
8
0
100
AcDbLine
10
262.847
20
198.109
30
0
11
262.897
21
198.163
31
0
0
LINE
5
1681
330
C
100
AcDbEntity
8
0
100
AcDbLine
10
262.897
20
198.163
30
0
11
262.942
21
198.219
31
0
0
LINE
5
1682
330
C
100
AcDbEntity
8
0
100
AcDbLine
10
262.942
20
198.219
30
0
11
262.984
21
198.277
31
0
0
LINE
5
1683
330
C
100
AcDbEntity
8
0
100
AcDbLine
10
262.984
20
198.277
30
0
11
263.021
21
198.335
31
0
0
LINE
5
1684
330
C
100
AcDbEntity
8
0
100
AcDbLine
10
263.021
20
198.335
30
0
11
263.054
21
198.395
31
0
0
LINE
5
1685
330
C
100
AcDbEntity
8
0
100
AcDbLine
10
263.054
20
198.395
30
0
11
263.082
21
198.456
31
0
0
LINE
5
1686
330
C
100
AcDbEntity
8
0
100
AcDbLine
10
263.082
20
198.456
30
0
11
263.106
21
198.518
31
0
0
LINE
5
1687
330
C
100
AcDbEntity
8
0
100
AcDbLine
10
263.106
20
198.518
30
0
11
263.126
21
198.582
31
0
0
LINE
5
1688
330
C
100
AcDbEntity
8
0
100
AcDbLine
10
263.126
20
198.582
30
0
11
263.142
21
198.646
31
0
0
LINE
5
1689
330
C
100
AcDbEntity
8
0
100
AcDbLine
10
263.142
20
198.646
30
0
11
263.152
21
198.711
31
0
0
LINE
5
168A
330
C
100
AcDbEntity
8
0
100
AcDbLine
10
263.152
20
198.711
30
0
11
263.159
21
198.778
31
0
0
LINE
5
168B
330
C
100
AcDbEntity
8
0
100
AcDbLine
10
263.159
20
198.778
30
0
11
263.161
21
198.846
31
0
0
LINE
5
168C
330
C
100
AcDbEntity
8
0
100
AcDbLine
10
263.161
20
198.846
30
0
11
263.161
21
198.846
31
0
0
LINE
5
168D
330
C
100
AcDbEntity
8
0
100
AcDbLine
10
263.161
20
198.846
30
0
11
263.158
21
198.94
31
0
0
LINE
5
168E
330
C
100
AcDbEntity
8
0
100
AcDbLine
10
263.158
20
198.94
30
0
11
263.149
21
199.031
31
0
0
LINE
5
168F
330
C
100
AcDbEntity
8
0
100
AcDbLine
10
263.149
20
199.031
30
0
11
263.135
21
199.118
31
0
0
LINE
5
1690
330
C
100
AcDbEntity
8
0
100
AcDbLine
10
263.135
20
199.118
30
0
11
263.114
21
199.201
31
0
0
LINE
5
1691
330
C
100
AcDbEntity
8
0
100
AcDbLine
10
263.114
20
199.201
30
0
11
263.088
21
199.28
31
0
0
LINE
5
1692
330
C
100
AcDbEntity
8
0
100
AcDbLine
10
263.088
20
199.28
30
0
11
263.055
21
199.356
31
0
0
LINE
5
1693
330
C
100
AcDbEntity
8
0
100
AcDbLine
10
263.055
20
199.356
30
0
11
263.017
21
199.428
31
0
0
LINE
5
1694
330
C
100
AcDbEntity
8
0
100
AcDbLine
10
263.017
20
199.428
30
0
11
262.973
21
199.497
31
0
0
LINE
5
1695
330
C
100
AcDbEntity
8
0
100
AcDbLine
10
262.973
20
199.497
30
0
11
262.923
21
199.562
31
0
0
LINE
5
1696
330
C
100
AcDbEntity
8
0
100
AcDbLine
10
262.923
20
199.562
30
0
11
262.867
21
199.623
31
0
0
LINE
5
1697
330
C
100
AcDbEntity
8
0
100
AcDbLine
10
262.867
20
199.623
30
0
11
262.806
21
199.681
31
0
0
LINE
5
1698
330
C
100
AcDbEntity
8
0
100
AcDbLine
10
262.806
20
199.681
30
0
11
262.738
21
199.737
31
0
0
LINE
5
1699
330
C
100
AcDbEntity
8
0
100
AcDbLine
10
262.738
20
199.737
30
0
11
262.665
21
199.791
31
0
0
LINE
5
169A
330
C
100
AcDbEntity
8
0
100
AcDbLine
10
262.665
20
199.791
30
0
11
262.587
21
199.843
31
0
0
LINE
5
169B
330
C
100
AcDbEntity
8
0
100
AcDbLine
10
262.587
20
199.843
30
0
11
262.503
21
199.892
31
0
0
LINE
5
169C
330
C
100
AcDbEntity
8
0
100
AcDbLine
10
262.503
20
199.892
30
0
11
262.413
21
199.939
31
0
0
LINE
5
169D
330
C
100
AcDbEntity
8
0
100
AcDbLine
10
262.413
20
199.939
30
0
11
262.317
21
199.984
31
0
0
LINE
5
169E
330
C
100
AcDbEntity
8
0
100
AcDbLine
10
262.317
20
199.984
30
0
11
262.216
21
200.027
31
0
0
LINE
5
169F
330
C
100
AcDbEntity
8
0
100
AcDbLine
10
262.216
20
200.027
30
0
11
262.11
21
200.068
31
0
0
LINE
5
16A0
330
C
100
AcDbEntity
8
0
100
AcDbLine
10
262.11
20
200.068
30
0
11
261.997
21
200.106
31
0
0
LINE
5
16A1
330
C
100
AcDbEntity
8
0
100
AcDbLine
10
261.997
20
200.106
30
0
11
261.997
21
200.106
31
0
0
LINE
5
16A2
330
C
100
AcDbEntity
8
0
100
AcDbLine
10
261.997
20
200.106
30
0
11
260.665
21
200.574
31
0
0
LINE
5
16A3
330
C
100
AcDbEntity
8
0
100
AcDbLine
10
260.665
20
200.574
30
0
11
260.483
21
200.642
31
0
0
LINE
5
16A4
330
C
100
AcDbEntity
8
0
100
AcDbLine
10
260.483
20
200.642
30
0
11
260.309
21
200.712
31
0
0
LINE
5
16A5
330
C
100
AcDbEntity
8
0
100
AcDbLine
10
260.309
20
200.712
30
0
11
260.145
21
200.784
31
0
0
LINE
5
16A6
330
C
100
AcDbEntity
8
0
100
AcDbLine
10
260.145
20
200.784
30
0
11
259.989
21
200.858
31
0
0
LINE
5
16A7
330
C
100
AcDbEntity
8
0
100
AcDbLine
10
259.989
20
200.858
30
0
11
259.843
21
200.934
31
0
0
LINE
5
16A8
330
C
100
AcDbEntity
8
0
100
AcDbLine
10
259.843
20
200.934
30
0
11
259.706
21
201.012
31
0
0
LINE
5
16A9
330
C
100
AcDbEntity
8
0
100
AcDbLine
10
259.706
20
201.012
30
0
11
259.578
21
201.091
31
0
0
LINE
5
16AA
330
C
100
AcDbEntity
8
0
100
AcDbLine
10
259.578
20
201.091
30
0
11
259.459
21
201.173
31
0
0
LINE
5
16AB
330
C
100
AcDbEntity
8
0
100
AcDbLine
10
259.459
20
201.173
30
0
11
259.35
21
201.257
31
0
0
LINE
5
16AC
330
C
100
AcDbEntity
8
0
100
AcDbLine
10
259.35
20
201.257
30
0
11
259.249
21
201.342
31
0
0
LINE
5
16AD
330
C
100
AcDbEntity
8
0
100
AcDbLine
10
259.249
20
201.342
30
0
11
259.158
21
201.432
31
0
0
LINE
5
16AE
330
C
100
AcDbEntity
8
0
100
AcDbLine
10
259.158
20
201.432
30
0
11
259.076
21
201.529
31
0
0
LINE
5
16AF
330
C
100
AcDbEntity
8
0
100
AcDbLine
10
259.076
20
201.529
30
0
11
259.004
21
201.633
31
0
0
LINE
5
16B0
330
C
100
AcDbEntity
8
0
100
AcDbLine
10
259.004
20
201.633
30
0
11
258.942
21
201.743
31
0
0
LINE
5
16B1
330
C
100
AcDbEntity
8
0
100
AcDbLine
10
258.942
20
201.743
30
0
11
258.889
21
201.861
31
0
0
LINE
5
16B2
330
C
100
AcDbEntity
8
0
100
AcDbLine
10
258.889
20
201.861
30
0
11
258.846
21
201.986
31
0
0
LINE
5
16B3
330
C
100
AcDbEntity
8
0
100
AcDbLine
10
258.846
20
201.986
30
0
11
258.812
21
202.117
31
0
0
LINE
5
16B4
330
C
100
AcDbEntity
8
0
100
AcDbLine
10
258.812
20
202.117
30
0
11
258.788
21
202.256
31
0
0
LINE
5
16B5
330
C
100
AcDbEntity
8
0
100
AcDbLine
10
258.788
20
202.256
30
0
11
258.774
21
202.401
31
0
0
LINE
5
16B6
330
C
100
AcDbEntity
8
0
100
AcDbLine
10
258.774
20
202.401
30
0
11
258.769
21
202.554
31
0
0
LINE
5
16B7
330
C
100
AcDbEntity
8
0
100
AcDbLine
10
258.769
20
202.554
30
0
11
258.769
21
202.554
31
0
0
LINE
5
16B8
330
C
100
AcDbEntity
8
0
100
AcDbLine
10
258.769
20
202.554
30
0
11
258.776
21
202.726
31
0
0
LINE
5
16B9
330
C
100
AcDbEntity
8
0
100
AcDbLine
10
258.776
20
202.726
30
0
11
258.796
21
202.891
31
0
0
LINE
5
16BA
330
C
100
AcDbEntity
8
0
100
AcDbLine
10
258.796
20
202.891
30
0
11
258.83
21
203.05
31
0
0
LINE
5
16BB
330
C
100
AcDbEntity
8
0
100
AcDbLine
10
258.83
20
203.05
30
0
11
258.877
21
203.203
31
0
0
LINE
5
16BC
330
C
100
AcDbEntity
8
0
100
AcDbLine
10
258.877
20
203.203
30
0
11
258.938
21
203.349
31
0
0
LINE
5
16BD
330
C
100
AcDbEntity
8
0
100
AcDbLine
10
258.938
20
203.349
30
0
11
259.012
21
203.489
31
0
0
LINE
5
16BE
330
C
100
AcDbEntity
8
0
100
AcDbLine
10
259.012
20
203.489
30
0
11
259.1
21
203.622
31
0
0
LINE
5
16BF
330
C
100
AcDbEntity
8
0
100
AcDbLine
10
259.1
20
203.622
30
0
11
259.201
21
203.748
31
0
0
LINE
5
16C0
330
C
100
AcDbEntity
8
0
100
AcDbLine
10
259.201
20
203.748
30
0
11
259.316
21
203.868
31
0
0
LINE
5
16C1
330
C
100
AcDbEntity
8
0
100
AcDbLine
10
259.316
20
203.868
30
0
11
259.444
21
203.982
31
0
0
LINE
5
16C2
330
C
100
AcDbEntity
8
0
100
AcDbLine
10
259.444
20
203.982
30
0
11
259.585
21
204.087
31
0
0
LINE
5
16C3
330
C
100
AcDbEntity
8
0
100
AcDbLine
10
259.585
20
204.087
30
0
11
259.737
21
204.181
31
0
0
LINE
5
16C4
330
C
100
AcDbEntity
8
0
100
AcDbLine
10
259.737
20
204.181
30
0
11
259.9
21
204.264
31
0
0
LINE
5
16C5
330
C
100
AcDbEntity
8
0
100
AcDbLine
10
259.9
20
204.264
30
0
11
260.075
21
204.335
31
0
0
LINE
5
16C6
330
C
100
AcDbEntity
8
0
100
AcDbLine
10
260.075
20
204.335
30
0
11
260.261
21
204.396
31
0
0
LINE
5
16C7
330
C
100
AcDbEntity
8
0
100
AcDbLine
10
260.261
20
204.396
30
0
11
260.458
21
204.446
31
0
0
LINE
5
16C8
330
C
100
AcDbEntity
8
0
100
AcDbLine
10
260.458
20
204.446
30
0
11
260.667
21
204.484
31
0
0
LINE
5
16C9
330
C
100
AcDbEntity
8
0
100
AcDbLine
10
260.667
20
204.484
30
0
11
260.887
21
204.512
31
0
0
LINE
5
16CA
330
C
100
AcDbEntity
8
0
100
AcDbLine
10
260.887
20
204.512
30
0
11
261.118
21
204.528
31
0
0
LINE
5
16CB
330
C
100
AcDbEntity
8
0
100
AcDbLine
10
261.118
20
204.528
30
0
11
261.361
21
204.534
31
0
0
LINE
5
16CC
330
C
100
AcDbEntity
8
0
100
AcDbLine
10
261.361
20
204.534
30
0
11
261.361
21
204.534
31
0
0
LINE
5
16CD
330
C
100
AcDbEntity
8
0
100
AcDbLine
10
261.361
20
204.534
30
0
11
261.587
21
204.529
31
0
0
LINE
5
16CE
330
C
100
AcDbEntity
8
0
100
AcDbLine
10
261.587
20
204.529
30
0
11
261.802
21
204.513
31
0
0
LINE
5
16CF
330
C
100
AcDbEntity
8
0
100
AcDbLine
10
261.802
20
204.513
30
0
11
262.007
21
204.486
31
0
0
LINE
5
16D0
330
C
100
AcDbEntity
8
0
100
AcDbLine
10
262.007
20
204.486
30
0
11
262.202
21
204.449
31
0
0
LINE
5
16D1
330
C
100
AcDbEntity
8
0
100
AcDbLine
10
262.202
20
204.449
30
0
11
262.387
21
204.401
31
0
0
LINE
5
16D2
330
C
100
AcDbEntity
8
0
100
AcDbLine
10
262.387
20
204.401
30
0
11
262.562
21
204.343
31
0
0
LINE
5
16D3
330
C
100
AcDbEntity
8
0
100
AcDbLine
10
262.562
20
204.343
30
0
11
262.727
21
204.274
31
0
0
LINE
5
16D4
330
C
100
AcDbEntity
8
0
100
AcDbLine
10
262.727
20
204.274
30
0
11
262.882
21
204.194
31
0
0
LINE
5
16D5
330
C
100
AcDbEntity
8
0
100
AcDbLine
10
262.882
20
204.194
30
0
11
263.027
21
204.104
31
0
0
LINE
5
16D6
330
C
100
AcDbEntity
8
0
100
AcDbLine
10
263.027
20
204.104
30
0
11
263.161
21
204.003
31
0
0
LINE
5
16D7
330
C
100
AcDbEntity
8
0
100
AcDbLine
10
263.161
20
204.003
30
0
11
263.285
21
203.893
31
0
0
LINE
5
16D8
330
C
100
AcDbEntity
8
0
100
AcDbLine
10
263.285
20
203.893
30
0
11
263.398
21
203.776
31
0
0
LINE
5
16D9
330
C
100
AcDbEntity
8
0
100
AcDbLine
10
263.398
20
203.776
30
0
11
263.5
21
203.652
31
0
0
LINE
5
16DA
330
C
100
AcDbEntity
8
0
100
AcDbLine
10
263.5
20
203.652
30
0
11
263.591
21
203.52
31
0
0
LINE
5
16DB
330
C
100
AcDbEntity
8
0
100
AcDbLine
10
263.591
20
203.52
30
0
11
263.671
21
203.381
31
0
0
LINE
5
16DC
330
C
100
AcDbEntity
8
0
100
AcDbLine
10
263.671
20
203.381
30
0
11
263.74
21
203.235
31
0
0
LINE
5
16DD
330
C
100
AcDbEntity
8
0
100
AcDbLine
10
263.74
20
203.235
30
0
11
263.798
21
203.082
31
0
0
LINE
5
16DE
330
C
100
AcDbEntity
8
0
100
AcDbLine
10
263.798
20
203.082
30
0
11
263.845
21
202.921
31
0
0
LINE
5
16DF
330
C
100
AcDbEntity
8
0
100
AcDbLine
10
263.845
20
202.921
30
0
11
263.88
21
202.753
31
0
0
LINE
5
16E0
330
C
100
AcDbEntity
8
0
100
AcDbLine
10
263.88
20
202.753
30
0
11
263.905
21
202.578
31
0
0
LINE
5
16E1
330
C
100
AcDbEntity
8
0
100
AcDbLine
10
263.905
20
202.578
30
0
11
263.905
21
202.578
31
0
0
LINE
5
16E2
330
C
100
AcDbEntity
8
0
100
AcDbLine
10
263.905
20
202.578
30
0
11
262.981
21
202.578
31
0
0
LINE
5
16E3
330
C
100
AcDbEntity
8
0
100
AcDbLine
10
262.981
20
202.578
30
0
11
262.96
21
202.68
31
0
0
LINE
5
16E4
330
C
100
AcDbEntity
8
0
100
AcDbLine
10
262.96
20
202.68
30
0
11
262.933
21
202.778
31
0
0
LINE
5
16E5
330
C
100
AcDbEntity
8
0
100
AcDbLine
10
262.933
20
202.778
30
0
11
262.899
21
202.87
31
0
0
LINE
5
16E6
330
C
100
AcDbEntity
8
0
100
AcDbLine
10
262.899
20
202.87
30
0
11
262.86
21
202.959
31
0
0
LINE
5
16E7
330
C
100
AcDbEntity
8
0
100
AcDbLine
10
262.86
20
202.959
30
0
11
262.814
21
203.042
31
0
0
LINE
5
16E8
330
C
100
AcDbEntity
8
0
100
AcDbLine
10
262.814
20
203.042
30
0
11
262.762
21
203.121
31
0
0
LINE
5
16E9
330
C
100
AcDbEntity
8
0
100
AcDbLine
10
262.762
20
203.121
30
0
11
262.704
21
203.196
31
0
0
LINE
5
16EA
330
C
100
AcDbEntity
8
0
100
AcDbLine
10
262.704
20
203.196
30
0
11
262.639
21
203.265
31
0
0
LINE
5
16EB
330
C
100
AcDbEntity
8
0
100
AcDbLine
10
262.639
20
203.265
30
0
11
262.569
21
203.33
31
0
0
LINE
5
16EC
330
C
100
AcDbEntity
8
0
100
AcDbLine
10
262.569
20
203.33
30
0
11
262.492
21
203.391
31
0
0
LINE
5
16ED
330
C
100
AcDbEntity
8
0
100
AcDbLine
10
262.492
20
203.391
30
0
11
262.409
21
203.446
31
0
0
LINE
5
16EE
330
C
100
AcDbEntity
8
0
100
AcDbLine
10
262.409
20
203.446
30
0
11
262.319
21
203.496
31
0
0
LINE
5
16EF
330
C
100
AcDbEntity
8
0
100
AcDbLine
10
262.319
20
203.496
30
0
11
262.223
21
203.539
31
0
0
LINE
5
16F0
330
C
100
AcDbEntity
8
0
100
AcDbLine
10
262.223
20
203.539
30
0
11
262.12
21
203.577
31
0
0
LINE
5
16F1
330
C
100
AcDbEntity
8
0
100
AcDbLine
10
262.12
20
203.577
30
0
11
262.01
21
203.609
31
0
0
LINE
5
16F2
330
C
100
AcDbEntity
8
0
100
AcDbLine
10
262.01
20
203.609
30
0
11
261.894
21
203.635
31
0
0
LINE
5
16F3
330
C
100
AcDbEntity
8
0
100
AcDbLine
10
261.894
20
203.635
30
0
11
261.77
21
203.656
31
0
0
LINE
5
16F4
330
C
100
AcDbEntity
8
0
100
AcDbLine
10
261.77
20
203.656
30
0
11
261.641
21
203.67
31
0
0
LINE
5
16F5
330
C
100
AcDbEntity
8
0
100
AcDbLine
10
261.641
20
203.67
30
0
11
261.504
21
203.679
31
0
0
LINE
5
16F6
330
C
100
AcDbEntity
8
0
100
AcDbLine
10
261.504
20
203.679
30
0
11
261.361
21
203.682
31
0
0
LINE
5
16F7
330
C
100
AcDbEntity
8
0
100
AcDbLine
10
261.361
20
203.682
30
0
11
261.361
21
203.682
31
0
0
LINE
5
16F8
330
C
100
AcDbEntity
8
0
100
AcDbLine
10
261.361
20
203.682
30
0
11
261.216
21
203.679
31
0
0
LINE
5
16F9
330
C
100
AcDbEntity
8
0
100
AcDbLine
10
261.216
20
203.679
30
0
11
261.077
21
203.669
31
0
0
LINE
5
16FA
330
C
100
AcDbEntity
8
0
100
AcDbLine
10
261.077
20
203.669
30
0
11
260.945
21
203.652
31
0
0
LINE
5
16FB
330
C
100
AcDbEntity
8
0
100
AcDbLine
10
260.945
20
203.652
30
0
11
260.819
21
203.629
31
0
0
LINE
5
16FC
330
C
100
AcDbEntity
8
0
100
AcDbLine
10
260.819
20
203.629
30
0
11
260.7
21
203.6
31
0
0
LINE
5
16FD
330
C
100
AcDbEntity
8
0
100
AcDbLine
10
260.7
20
203.6
30
0
11
260.587
21
203.563
31
0
0
LINE
5
16FE
330
C
100
AcDbEntity
8
0
100
AcDbLine
10
260.587
20
203.563
30
0
11
260.481
21
203.52
31
0
0
LINE
5
16FF
330
C
100
AcDbEntity
8
0
100
AcDbLine
10
260.481
20
203.52
30
0
11
260.382
21
203.471
31
0
0
LINE
5
1700
330
C
100
AcDbEntity
8
0
100
AcDbLine
10
260.382
20
203.471
30
0
11
260.289
21
203.415
31
0
0
LINE
5
1701
330
C
100
AcDbEntity
8
0
100
AcDbLine
10
260.289
20
203.415
30
0
11
260.203
21
203.352
31
0
0
LINE
5
1702
330
C
100
AcDbEntity
8
0
100
AcDbLine
10
260.203
20
203.352
30
0
11
260.125
21
203.284
31
0
0
LINE
5
1703
330
C
100
AcDbEntity
8
0
100
AcDbLine
10
260.125
20
203.284
30
0
11
260.054
21
203.213
31
0
0
LINE
5
1704
330
C
100
AcDbEntity
8
0
100
AcDbLine
10
260.054
20
203.213
30
0
11
259.992
21
203.138
31
0
0
LINE
5
1705
330
C
100
AcDbEntity
8
0
100
AcDbLine
10
259.992
20
203.138
30
0
11
259.938
21
203.06
31
0
0
LINE
5
1706
330
C
100
AcDbEntity
8
0
100
AcDbLine
10
259.938
20
203.06
30
0
11
259.893
21
202.978
31
0
0
LINE
5
1707
330
C
100
AcDbEntity
8
0
100
AcDbLine
10
259.893
20
202.978
30
0
11
259.855
21
202.893
31
0
0
LINE
5
1708
330
C
100
AcDbEntity
8
0
100
AcDbLine
10
259.855
20
202.893
30
0
11
259.826
21
202.805
31
0
0
LINE
5
1709
330
C
100
AcDbEntity
8
0
100
AcDbLine
10
259.826
20
202.805
30
0
11
259.806
21
202.713
31
0
0
LINE
5
170A
330
C
100
AcDbEntity
8
0
100
AcDbLine
10
259.806
20
202.713
30
0
11
259.793
21
202.617
31
0
0
LINE
5
170B
330
C
100
AcDbEntity
8
0
100
AcDbLine
10
259.793
20
202.617
30
0
11
259.789
21
202.518
31
0
0
LINE
5
170C
330
C
100
AcDbEntity
8
0
100
AcDbLine
10
259.789
20
202.518
30
0
11
259.789
21
202.518
31
0
0
LINE
5
170D
330
C
100
AcDbEntity
8
0
100
AcDbLine
10
259.789
20
202.518
30
0
11
259.792
21
202.437
31
0
0
LINE
5
170E
330
C
100
AcDbEntity
8
0
100
AcDbLine
10
259.792
20
202.437
30
0
11
259.8
21
202.359
31
0
0
LINE
5
170F
330
C
100
AcDbEntity
8
0
100
AcDbLine
10
259.8
20
202.359
30
0
11
259.813
21
202.285
31
0
0
LINE
5
1710
330
C
100
AcDbEntity
8
0
100
AcDbLine
10
259.813
20
202.285
30
0
11
259.831
21
202.214
31
0
0
LINE
5
1711
330
C
100
AcDbEntity
8
0
100
AcDbLine
10
259.831
20
202.214
30
0
11
259.854
21
202.147
31
0
0
LINE
5
1712
330
C
100
AcDbEntity
8
0
100
AcDbLine
10
259.854
20
202.147
30
0
11
259.883
21
202.083
31
0
0
LINE
5
1713
330
C
100
AcDbEntity
8
0
100
AcDbLine
10
259.883
20
202.083
30
0
11
259.917
21
202.022
31
0
0
LINE
5
1714
330
C
100
AcDbEntity
8
0
100
AcDbLine
10
259.917
20
202.022
30
0
11
259.956
21
201.965
31
0
0
LINE
5
1715
330
C
100
AcDbEntity
8
0
100
AcDbLine
10
259.956
20
201.965
30
0
11
260.001
21
201.911
31
0
0
LINE
5
1716
330
C
100
AcDbEntity
8
0
100
AcDbLine
10
260.001
20
201.911
30
0
11
260.05
21
201.861
31
0
0
LINE
5
1717
330
C
100
AcDbEntity
8
0
100
AcDbLine
10
260.05
20
201.861
30
0
11
260.105
21
201.813
31
0
0
LINE
5
1718
330
C
100
AcDbEntity
8
0
100
AcDbLine
10
260.105
20
201.813
30
0
11
260.166
21
201.766
31
0
0
LINE
5
1719
330
C
100
AcDbEntity
8
0
100
AcDbLine
10
260.166
20
201.766
30
0
11
260.234
21
201.72
31
0
0
LINE
5
171A
330
C
100
AcDbEntity
8
0
100
AcDbLine
10
260.234
20
201.72
30
0
11
260.307
21
201.675
31
0
0
LINE
5
171B
330
C
100
AcDbEntity
8
0
100
AcDbLine
10
260.307
20
201.675
30
0
11
260.385
21
201.631
31
0
0
LINE
5
171C
330
C
100
AcDbEntity
8
0
100
AcDbLine
10
260.385
20
201.631
30
0
11
260.47
21
201.588
31
0
0
LINE
5
171D
330
C
100
AcDbEntity
8
0
100
AcDbLine
10
260.47
20
201.588
30
0
11
260.561
21
201.546
31
0
0
LINE
5
171E
330
C
100
AcDbEntity
8
0
100
AcDbLine
10
260.561
20
201.546
30
0
11
260.658
21
201.505
31
0
0
LINE
5
171F
330
C
100
AcDbEntity
8
0
100
AcDbLine
10
260.658
20
201.505
30
0
11
260.761
21
201.465
31
0
0
LINE
5
1720
330
C
100
AcDbEntity
8
0
100
AcDbLine
10
260.761
20
201.465
30
0
11
260.869
21
201.426
31
0
0
LINE
5
1721
330
C
100
AcDbEntity
8
0
100
AcDbLine
10
260.869
20
201.426
30
0
11
260.869
21
201.426
31
0
0
LINE
5
1722
330
C
100
AcDbEntity
8
0
100
AcDbLine
10
260.869
20
201.426
30
0
11
262.429
21
200.886
31
0
0
LINE
5
1723
330
C
100
AcDbEntity
8
0
100
AcDbLine
10
262.429
20
200.886
30
0
11
262.588
21
200.83
31
0
0
LINE
5
1724
330
C
100
AcDbEntity
8
0
100
AcDbLine
10
262.588
20
200.83
30
0
11
262.74
21
200.769
31
0
0
LINE
5
1725
330
C
100
AcDbEntity
8
0
100
AcDbLine
10
262.74
20
200.769
30
0
11
262.885
21
200.705
31
0
0
LINE
5
1726
330
C
100
AcDbEntity
8
0
100
AcDbLine
10
262.885
20
200.705
30
0
11
263.023
21
200.635
31
0
0
LINE
5
1727
330
C
100
AcDbEntity
8
0
100
AcDbLine
10
263.023
20
200.635
30
0
11
263.154
21
200.562
31
0
0
LINE
5
1728
330
C
100
AcDbEntity
8
0
100
AcDbLine
10
263.154
20
200.562
30
0
11
263.279
21
200.484
31
0
0
LINE
5
1729
330
C
100
AcDbEntity
8
0
100
AcDbLine
10
263.279
20
200.484
30
0
11
263.397
21
200.402
31
0
0
LINE
5
172A
330
C
100
AcDbEntity
8
0
100
AcDbLine
10
263.397
20
200.402
30
0
11
263.508
21
200.316
31
0
0
LINE
5
172B
330
C
100
AcDbEntity
8
0
100
AcDbLine
10
263.508
20
200.316
30
0
11
263.613
21
200.225
31
0
0
LINE
5
172C
330
C
100
AcDbEntity
8
0
100
AcDbLine
10
263.613
20
200.225
30
0
11
263.71
21
200.13
31
0
0
LINE
5
172D
330
C
100
AcDbEntity
8
0
100
AcDbLine
10
263.71
20
200.13
30
0
11
263.8
21
200.03
31
0
0
LINE
5
172E
330
C
100
AcDbEntity
8
0
100
AcDbLine
10
263.8
20
200.03
30
0
11
263.88
21
199.924
31
0
0
LINE
5
172F
330
C
100
AcDbEntity
8
0
100
AcDbLine
10
263.88
20
199.924
30
0
11
263.95
21
199.812
31
0
0
LINE
5
1730
330
C
100
AcDbEntity
8
0
100
AcDbLine
10
263.95
20
199.812
30
0
11
264.012
21
199.695
31
0
0
LINE
5
1731
330
C
100
AcDbEntity
8
0
100
AcDbLine
10
264.012
20
199.695
30
0
11
264.063
21
199.572
31
0
0
LINE
5
1732
330
C
100
AcDbEntity
8
0
100
AcDbLine
10
264.063
20
199.572
30
0
11
264.106
21
199.443
31
0
0
LINE
5
1733
330
C
100
AcDbEntity
8
0
100
AcDbLine
10
264.106
20
199.443
30
0
11
264.139
21
199.308
31
0
0
LINE
5
1734
330
C
100
AcDbEntity
8
0
100
AcDbLine
10
264.139
20
199.308
30
0
11
264.162
21
199.168
31
0
0
LINE
5
1735
330
C
100
AcDbEntity
8
0
100
AcDbLine
10
264.162
20
199.168
30
0
11
264.177
21
199.022
31
0
0
LINE
5
1736
330
C
100
AcDbEntity
8
0
100
AcDbLine
10
264.177
20
199.022
30
0
11
264.181
21
198.87
31
0
0
LINE
5
1737
330
C
100
AcDbEntity
8
0
100
AcDbLine
10
264.181
20
198.87
30
0
11
264.181
21
198.87
31
0
0
LINE
5
1738
330
C
100
AcDbEntity
8
0
100
AcDbLine
10
264.181
20
198.87
30
0
11
264.178
21
198.751
31
0
0
LINE
5
1739
330
C
100
AcDbEntity
8
0
100
AcDbLine
10
264.178
20
198.751
30
0
11
264.168
21
198.635
31
0
0
LINE
5
173A
330
C
100
AcDbEntity
8
0
100
AcDbLine
10
264.168
20
198.635
30
0
11
264.152
21
198.52
31
0
0
LINE
5
173B
330
C
100
AcDbEntity
8
0
100
AcDbLine
10
264.152
20
198.52
30
0
11
264.13
21
198.408
31
0
0
LINE
5
173C
330
C
100
AcDbEntity
8
0
100
AcDbLine
10
264.13
20
198.408
30
0
11
264.101
21
198.298
31
0
0
LINE
5
173D
330
C
100
AcDbEntity
8
0
100
AcDbLine
10
264.101
20
198.298
30
0
11
264.066
21
198.191
31
0
0
LINE
5
173E
330
C
100
AcDbEntity
8
0
100
AcDbLine
10
264.066
20
198.191
30
0
11
264.024
21
198.086
31
0
0
LINE
5
173F
330
C
100
AcDbEntity
8
0
100
AcDbLine
10
264.024
20
198.086
30
0
11
263.976
21
197.983
31
0
0
LINE
5
1740
330
C
100
AcDbEntity
8
0
100
AcDbLine
10
263.976
20
197.983
30
0
11
263.921
21
197.882
31
0
0
LINE
5
1741
330
C
100
AcDbEntity
8
0
100
AcDbLine
10
263.921
20
197.882
30
0
11
263.86
21
197.784
31
0
0
LINE
5
1742
330
C
100
AcDbEntity
8
0
100
AcDbLine
10
263.86
20
197.784
30
0
11
263.793
21
197.689
31
0
0
LINE
5
1743
330
C
100
AcDbEntity
8
0
100
AcDbLine
10
263.793
20
197.689
30
0
11
263.72
21
197.598
31
0
0
LINE
5
1744
330
C
100
AcDbEntity
8
0
100
AcDbLine
10
263.72
20
197.598
30
0
11
263.64
21
197.51
31
0
0
LINE
5
1745
330
C
100
AcDbEntity
8
0
100
AcDbLine
10
263.64
20
197.51
30
0
11
263.555
21
197.427
31
0
0
LINE
5
1746
330
C
100
AcDbEntity
8
0
100
AcDbLine
10
263.555
20
197.427
30
0
11
263.463
21
197.347
31
0
0
LINE
5
1747
330
C
100
AcDbEntity
8
0
100
AcDbLine
10
263.463
20
197.347
30
0
11
263.366
21
197.272
31
0
0
LINE
5
1748
330
C
100
AcDbEntity
8
0
100
AcDbLine
10
263.366
20
197.272
30
0
11
263.262
21
197.201
31
0
0
LINE
5
1749
330
C
100
AcDbEntity
8
0
100
AcDbLine
10
263.262
20
197.201
30
0
11
263.153
21
197.133
31
0
0
LINE
5
174A
330
C
100
AcDbEntity
8
0
100
AcDbLine
10
263.153
20
197.133
30
0
11
263.037
21
197.07
31
0
0
LINE
5
174B
330
C
100
AcDbEntity
8
0
100
AcDbLine
10
263.037
20
197.07
30
0
11
262.915
21
197.01
31
0
0
LINE
5
174C
330
C
100
AcDbEntity
8
0
100
AcDbLine
10
262.915
20
197.01
30
0
11
262.788
21
196.955
31
0
0
LINE
5
174D
330
C
100
AcDbEntity
8
0
100
AcDbLine
10
262.788
20
196.955
30
0
11
262.654
21
196.906
31
0
0
LINE
5
174E
330
C
100
AcDbEntity
8
0
100
AcDbLine
10
262.654
20
196.906
30
0
11
262.515
21
196.863
31
0
0
LINE
5
174F
330
C
100
AcDbEntity
8
0
100
AcDbLine
10
262.515
20
196.863
30
0
11
262.371
21
196.826
31
0
0
LINE
5
1750
330
C
100
AcDbEntity
8
0
100
AcDbLine
10
262.371
20
196.826
30
0
11
262.221
21
196.794
31
0
0
LINE
5
1751
330
C
100
AcDbEntity
8
0
100
AcDbLine
10
262.221
20
196.794
30
0
11
262.065
21
196.768
31
0
0
LINE
5
1752
330
C
100
AcDbEntity
8
0
100
AcDbLine
10
262.065
20
196.768
30
0
11
261.903
21
196.748
31
0
0
LINE
5
1753
330
C
100
AcDbEntity
8
0
100
AcDbLine
10
261.903
20
196.748
30
0
11
261.736
21
196.734
31
0
0
LINE
5
1754
330
C
100
AcDbEntity
8
0
100
AcDbLine
10
261.736
20
196.734
30
0
11
261.564
21
196.725
31
0
0
LINE
5
1755
330
C
100
AcDbEntity
8
0
100
AcDbLine
10
261.564
20
196.725
30
0
11
261.385
21
196.722
31
0
0
LINE
5
1756
330
C
100
AcDbEntity
8
0
100
AcDbLine
10
261.385
20
196.722
30
0
11
261.385
21
196.722
31
0
0
LINE
5
1757
330
C
100
AcDbEntity
8
0
100
AcDbLine
10
266.755
20
203.958
30
0
11
266.755
21
203.958
31
0
0
LINE
5
1758
330
C
100
AcDbEntity
8
0
100
AcDbLine
10
266.755
20
203.958
30
0
11
266.699
21
203.96
31
0
0
LINE
5
1759
330
C
100
AcDbEntity
8
0
100
AcDbLine
10
266.699
20
203.96
30
0
11
266.645
21
203.965
31
0
0
LINE
5
175A
330
C
100
AcDbEntity
8
0
100
AcDbLine
10
266.645
20
203.965
30
0
11
266.593
21
203.973
31
0
0
LINE
5
175B
330
C
100
AcDbEntity
8
0
100
AcDbLine
10
266.593
20
203.973
30
0
11
266.544
21
203.984
31
0
0
LINE
5
175C
330
C
100
AcDbEntity
8
0
100
AcDbLine
10
266.544
20
203.984
30
0
11
266.497
21
203.999
31
0
0
LINE
5
175D
330
C
100
AcDbEntity
8
0
100
AcDbLine
10
266.497
20
203.999
30
0
11
266.453
21
204.017
31
0
0
LINE
5
175E
330
C
100
AcDbEntity
8
0
100
AcDbLine
10
266.453
20
204.017
30
0
11
266.411
21
204.039
31
0
0
LINE
5
175F
330
C
100
AcDbEntity
8
0
100
AcDbLine
10
266.411
20
204.039
30
0
11
266.371
21
204.064
31
0
0
LINE
5
1760
330
C
100
AcDbEntity
8
0
100
AcDbLine
10
266.371
20
204.064
30
0
11
266.334
21
204.092
31
0
0
LINE
5
1761
330
C
100
AcDbEntity
8
0
100
AcDbLine
10
266.334
20
204.092
30
0
11
266.299
21
204.123
31
0
0
LINE
5
1762
330
C
100
AcDbEntity
8
0
100
AcDbLine
10
266.299
20
204.123
30
0
11
266.267
21
204.157
31
0
0
LINE
5
1763
330
C
100
AcDbEntity
8
0
100
AcDbLine
10
266.267
20
204.157
30
0
11
266.239
21
204.193
31
0
0
LINE
5
1764
330
C
100
AcDbEntity
8
0
100
AcDbLine
10
266.239
20
204.193
30
0
11
266.214
21
204.231
31
0
0
LINE
5
1765
330
C
100
AcDbEntity
8
0
100
AcDbLine
10
266.214
20
204.231
30
0
11
266.192
21
204.272
31
0
0
LINE
5
1766
330
C
100
AcDbEntity
8
0
100
AcDbLine
10
266.192
20
204.272
30
0
11
266.173
21
204.314
31
0
0
LINE
5
1767
330
C
100
AcDbEntity
8
0
100
AcDbLine
10
266.173
20
204.314
30
0
11
266.158
21
204.359
31
0
0
LINE
5
1768
330
C
100
AcDbEntity
8
0
100
AcDbLine
10
266.158
20
204.359
30
0
11
266.146
21
204.405
31
0
0
LINE
5
1769
330
C
100
AcDbEntity
8
0
100
AcDbLine
10
266.146
20
204.405
30
0
11
266.138
21
204.454
31
0
0
LINE
5
176A
330
C
100
AcDbEntity
8
0
100
AcDbLine
10
266.138
20
204.454
30
0
11
266.133
21
204.505
31
0
0
LINE
5
176B
330
C
100
AcDbEntity
8
0
100
AcDbLine
10
266.133
20
204.505
30
0
11
266.131
21
204.558
31
0
0
LINE
5
176C
330
C
100
AcDbEntity
8
0
100
AcDbLine
10
266.131
20
204.558
30
0
11
266.131
21
204.558
31
0
0
LINE
5
176D
330
C
100
AcDbEntity
8
0
100
AcDbLine
10
266.131
20
204.558
30
0
11
266.133
21
204.61
31
0
0
LINE
5
176E
330
C
100
AcDbEntity
8
0
100
AcDbLine
10
266.133
20
204.61
30
0
11
266.138
21
204.659
31
0
0
LINE
5
176F
330
C
100
AcDbEntity
8
0
100
AcDbLine
10
266.138
20
204.659
30
0
11
266.146
21
204.707
31
0
0
LINE
5
1770
330
C
100
AcDbEntity
8
0
100
AcDbLine
10
266.146
20
204.707
30
0
11
266.158
21
204.752
31
0
0
LINE
5
1771
330
C
100
AcDbEntity
8
0
100
AcDbLine
10
266.158
20
204.752
30
0
11
266.173
21
204.795
31
0
0
LINE
5
1772
330
C
100
AcDbEntity
8
0
100
AcDbLine
10
266.173
20
204.795
30
0
11
266.192
21
204.836
31
0
0
LINE
5
1773
330
C
100
AcDbEntity
8
0
100
AcDbLine
10
266.192
20
204.836
30
0
11
266.214
21
204.875
31
0
0
LINE
5
1774
330
C
100
AcDbEntity
8
0
100
AcDbLine
10
266.214
20
204.875
30
0
11
266.239
21
204.911
31
0
0
LINE
5
1775
330
C
100
AcDbEntity
8
0
100
AcDbLine
10
266.239
20
204.911
30
0
11
266.267
21
204.946
31
0
0
LINE
5
1776
330
C
100
AcDbEntity
8
0
100
AcDbLine
10
266.267
20
204.946
30
0
11
266.299
21
204.978
31
0
0
LINE
5
1777
330
C
100
AcDbEntity
8
0
100
AcDbLine
10
266.299
20
204.978
30
0
11
266.334
21
205.008
31
0
0
LINE
5
1778
330
C
100
AcDbEntity
8
0
100
AcDbLine
10
266.334
20
205.008
30
0
11
266.371
21
205.034
31
0
0
LINE
5
1779
330
C
100
AcDbEntity
8
0
100
AcDbLine
10
266.371
20
205.034
30
0
11
266.411
21
205.058
31
0
0
LINE
5
177A
330
C
100
AcDbEntity
8
0
100
AcDbLine
10
266.411
20
205.058
30
0
11
266.453
21
205.078
31
0
0
LINE
5
177B
330
C
100
AcDbEntity
8
0
100
AcDbLine
10
266.453
20
205.078
30
0
11
266.497
21
205.095
31
0
0
LINE
5
177C
330
C
100
AcDbEntity
8
0
100
AcDbLine
10
266.497
20
205.095
30
0
11
266.544
21
205.109
31
0
0
LINE
5
177D
330
C
100
AcDbEntity
8
0
100
AcDbLine
10
266.544
20
205.109
30
0
11
266.593
21
205.12
31
0
0
LINE
5
177E
330
C
100
AcDbEntity
8
0
100
AcDbLine
10
266.593
20
205.12
30
0
11
266.645
21
205.128
31
0
0
LINE
5
177F
330
C
100
AcDbEntity
8
0
100
AcDbLine
10
266.645
20
205.128
30
0
11
266.699
21
205.132
31
0
0
LINE
5
1780
330
C
100
AcDbEntity
8
0
100
AcDbLine
10
266.699
20
205.132
30
0
11
266.755
21
205.134
31
0
0
LINE
5
1781
330
C
100
AcDbEntity
8
0
100
AcDbLine
10
266.755
20
205.134
30
0
11
266.755
21
205.134
31
0
0
LINE
5
1782
330
C
100
AcDbEntity
8
0
100
AcDbLine
10
266.755
20
205.134
30
0
11
266.812
21
205.132
31
0
0
LINE
5
1783
330
C
100
AcDbEntity
8
0
100
AcDbLine
10
266.812
20
205.132
30
0
11
266.866
21
205.128
31
0
0
LINE
5
1784
330
C
100
AcDbEntity
8
0
100
AcDbLine
10
266.866
20
205.128
30
0
11
266.917
21
205.12
31
0
0
LINE
5
1785
330
C
100
AcDbEntity
8
0
100
AcDbLine
10
266.917
20
205.12
30
0
11
266.966
21
205.109
31
0
0
LINE
5
1786
330
C
100
AcDbEntity
8
0
100
AcDbLine
10
266.966
20
205.109
30
0
11
267.013
21
205.095
31
0
0
LINE
5
1787
330
C
100
AcDbEntity
8
0
100
AcDbLine
10
267.013
20
205.095
30
0
11
267.058
21
205.078
31
0
0
LINE
5
1788
330
C
100
AcDbEntity
8
0
100
AcDbLine
10
267.058
20
205.078
30
0
11
267.1
21
205.058
31
0
0
LINE
5
1789
330
C
100
AcDbEntity
8
0
100
AcDbLine
10
267.1
20
205.058
30
0
11
267.139
21
205.034
31
0
0
LINE
5
178A
330
C
100
AcDbEntity
8
0
100
AcDbLine
10
267.139
20
205.034
30
0
11
267.176
21
205.008
31
0
0
LINE
5
178B
330
C
100
AcDbEntity
8
0
100
AcDbLine
10
267.176
20
205.008
30
0
11
267.211
21
204.978
31
0
0
LINE
5
178C
330
C
100
AcDbEntity
8
0
100
AcDbLine
10
267.211
20
204.978
30
0
11
267.243
21
204.946
31
0
0
LINE
5
178D
330
C
100
AcDbEntity
8
0
100
AcDbLine
10
267.243
20
204.946
30
0
11
267.272
21
204.911
31
0
0
LINE
5
178E
330
C
100
AcDbEntity
8
0
100
AcDbLine
10
267.272
20
204.911
30
0
11
267.297
21
204.875
31
0
0
LINE
5
178F
330
C
100
AcDbEntity
8
0
100
AcDbLine
10
267.297
20
204.875
30
0
11
267.319
21
204.836
31
0
0
LINE
5
1790
330
C
100
AcDbEntity
8
0
100
AcDbLine
10
267.319
20
204.836
30
0
11
267.337
21
204.795
31
0
0
LINE
5
1791
330
C
100
AcDbEntity
8
0
100
AcDbLine
10
267.337
20
204.795
30
0
11
267.352
21
204.752
31
0
0
LINE
5
1792
330
C
100
AcDbEntity
8
0
100
AcDbLine
10
267.352
20
204.752
30
0
11
267.364
21
204.707
31
0
0
LINE
5
1793
330
C
100
AcDbEntity
8
0
100
AcDbLine
10
267.364
20
204.707
30
0
11
267.372
21
204.659
31
0
0
LINE
5
1794
330
C
100
AcDbEntity
8
0
100
AcDbLine
10
267.372
20
204.659
30
0
11
267.378
21
204.61
31
0
0
LINE
5
1795
330
C
100
AcDbEntity
8
0
100
AcDbLine
10
267.378
20
204.61
30
0
11
267.379
21
204.558
31
0
0
LINE
5
1796
330
C
100
AcDbEntity
8
0
100
AcDbLine
10
267.379
20
204.558
30
0
11
267.379
21
204.558
31
0
0
LINE
5
1797
330
C
100
AcDbEntity
8
0
100
AcDbLine
10
267.379
20
204.558
30
0
11
267.378
21
204.505
31
0
0
LINE
5
1798
330
C
100
AcDbEntity
8
0
100
AcDbLine
10
267.378
20
204.505
30
0
11
267.372
21
204.454
31
0
0
LINE
5
1799
330
C
100
AcDbEntity
8
0
100
AcDbLine
10
267.372
20
204.454
30
0
11
267.364
21
204.405
31
0
0
LINE
5
179A
330
C
100
AcDbEntity
8
0
100
AcDbLine
10
267.364
20
204.405
30
0
11
267.352
21
204.359
31
0
0
LINE
5
179B
330
C
100
AcDbEntity
8
0
100
AcDbLine
10
267.352
20
204.359
30
0
11
267.337
21
204.314
31
0
0
LINE
5
179C
330
C
100
AcDbEntity
8
0
100
AcDbLine
10
267.337
20
204.314
30
0
11
267.319
21
204.272
31
0
0
LINE
5
179D
330
C
100
AcDbEntity
8
0
100
AcDbLine
10
267.319
20
204.272
30
0
11
267.297
21
204.231
31
0
0
LINE
5
179E
330
C
100
AcDbEntity
8
0
100
AcDbLine
10
267.297
20
204.231
30
0
11
267.272
21
204.193
31
0
0
LINE
5
179F
330
C
100
AcDbEntity
8
0
100
AcDbLine
10
267.272
20
204.193
30
0
11
267.243
21
204.157
31
0
0
LINE
5
17A0
330
C
100
AcDbEntity
8
0
100
AcDbLine
10
267.243
20
204.157
30
0
11
267.211
21
204.123
31
0
0
LINE
5
17A1
330
C
100
AcDbEntity
8
0
100
AcDbLine
10
267.211
20
204.123
30
0
11
267.176
21
204.092
31
0
0
LINE
5
17A2
330
C
100
AcDbEntity
8
0
100
AcDbLine
10
267.176
20
204.092
30
0
11
267.139
21
204.064
31
0
0
LINE
5
17A3
330
C
100
AcDbEntity
8
0
100
AcDbLine
10
267.139
20
204.064
30
0
11
267.1
21
204.039
31
0
0
LINE
5
17A4
330
C
100
AcDbEntity
8
0
100
AcDbLine
10
267.1
20
204.039
30
0
11
267.058
21
204.017
31
0
0
LINE
5
17A5
330
C
100
AcDbEntity
8
0
100
AcDbLine
10
267.058
20
204.017
30
0
11
267.013
21
203.999
31
0
0
LINE
5
17A6
330
C
100
AcDbEntity
8
0
100
AcDbLine
10
267.013
20
203.999
30
0
11
266.966
21
203.984
31
0
0
LINE
5
17A7
330
C
100
AcDbEntity
8
0
100
AcDbLine
10
266.966
20
203.984
30
0
11
266.917
21
203.973
31
0
0
LINE
5
17A8
330
C
100
AcDbEntity
8
0
100
AcDbLine
10
266.917
20
203.973
30
0
11
266.866
21
203.965
31
0
0
LINE
5
17A9
330
C
100
AcDbEntity
8
0
100
AcDbLine
10
266.866
20
203.965
30
0
11
266.812
21
203.96
31
0
0
LINE
5
17AA
330
C
100
AcDbEntity
8
0
100
AcDbLine
10
266.812
20
203.96
30
0
11
266.755
21
203.958
31
0
0
LINE
5
17AB
330
C
100
AcDbEntity
8
0
100
AcDbLine
10
266.755
20
203.958
30
0
11
266.755
21
203.958
31
0
0
LINE
5
17AC
330
C
100
AcDbEntity
8
0
100
AcDbLine
10
267.223
20
196.866
30
0
11
266.287
21
196.866
31
0
0
LINE
5
17AD
330
C
100
AcDbEntity
8
0
100
AcDbLine
10
266.287
20
196.866
30
0
11
266.287
21
202.614
31
0
0
LINE
5
17AE
330
C
100
AcDbEntity
8
0
100
AcDbLine
10
266.287
20
202.614
30
0
11
267.223
21
202.614
31
0
0
LINE
5
17AF
330
C
100
AcDbEntity
8
0
100
AcDbLine
10
267.223
20
202.614
30
0
11
267.223
21
196.866
31
0
0
LINE
5
17B0
330
C
100
AcDbEntity
8
0
100
AcDbLine
10
267.223
20
196.866
30
0
11
267.223
21
196.866
31
0
0
LINE
5
17B1
330
C
100
AcDbEntity
8
0
100
AcDbLine
10
271.855
20
196.722
30
0
11
271.855
21
196.722
31
0
0
LINE
5
17B2
330
C
100
AcDbEntity
8
0
100
AcDbLine
10
271.855
20
196.722
30
0
11
271.717
21
196.726
31
0
0
LINE
5
17B3
330
C
100
AcDbEntity
8
0
100
AcDbLine
10
271.717
20
196.726
30
0
11
271.581
21
196.737
31
0
0
LINE
5
17B4
330
C
100
AcDbEntity
8
0
100
AcDbLine
10
271.581
20
196.737
30
0
11
271.448
21
196.756
31
0
0
LINE
5
17B5
330
C
100
AcDbEntity
8
0
100
AcDbLine
10
271.448
20
196.756
30
0
11
271.317
21
196.782
31
0
0
LINE
5
17B6
330
C
100
AcDbEntity
8
0
100
AcDbLine
10
271.317
20
196.782
30
0
11
271.188
21
196.816
31
0
0
LINE
5
17B7
330
C
100
AcDbEntity
8
0
100
AcDbLine
10
271.188
20
196.816
30
0
11
271.061
21
196.857
31
0
0
LINE
5
17B8
330
C
100
AcDbEntity
8
0
100
AcDbLine
10
271.061
20
196.857
30
0
11
270.937
21
196.906
31
0
0
LINE
5
17B9
330
C
100
AcDbEntity
8
0
100
AcDbLine
10
270.937
20
196.906
30
0
11
270.815
21
196.962
31
0
0
LINE
5
17BA
330
C
100
AcDbEntity
8
0
100
AcDbLine
10
270.815
20
196.962
30
0
11
270.695
21
197.026
31
0
0
LINE
5
17BB
330
C
100
AcDbEntity
8
0
100
AcDbLine
10
270.695
20
197.026
30
0
11
270.577
21
197.097
31
0
0
LINE
5
17BC
330
C
100
AcDbEntity
8
0
100
AcDbLine
10
270.577
20
197.097
30
0
11
270.463
21
197.175
31
0
0
LINE
5
17BD
330
C
100
AcDbEntity
8
0
100
AcDbLine
10
270.463
20
197.175
30
0
11
270.354
21
197.259
31
0
0
LINE
5
17BE
330
C
100
AcDbEntity
8
0
100
AcDbLine
10
270.354
20
197.259
30
0
11
270.249
21
197.35
31
0
0
LINE
5
17BF
330
C
100
AcDbEntity
8
0
100
AcDbLine
10
270.249
20
197.35
30
0
11
270.149
21
197.446
31
0
0
LINE
5
17C0
330
C
100
AcDbEntity
8
0
100
AcDbLine
10
270.149
20
197.446
30
0
11
270.054
21
197.548
31
0
0
LINE
5
17C1
330
C
100
AcDbEntity
8
0
100
AcDbLine
10
270.054
20
197.548
30
0
11
269.963
21
197.657
31
0
0
LINE
5
17C2
330
C
100
AcDbEntity
8
0
100
AcDbLine
10
269.963
20
197.657
30
0
11
269.877
21
197.772
31
0
0
LINE
5
17C3
330
C
100
AcDbEntity
8
0
100
AcDbLine
10
269.877
20
197.772
30
0
11
269.796
21
197.893
31
0
0
LINE
5
17C4
330
C
100
AcDbEntity
8
0
100
AcDbLine
10
269.796
20
197.893
30
0
11
269.719
21
198.02
31
0
0
LINE
5
17C5
330
C
100
AcDbEntity
8
0
100
AcDbLine
10
269.719
20
198.02
30
0
11
269.647
21
198.153
31
0
0
LINE
5
17C6
330
C
100
AcDbEntity
8
0
100
AcDbLine
10
269.647
20
198.153
30
0
11
269.581
21
198.292
31
0
0
LINE
5
17C7
330
C
100
AcDbEntity
8
0
100
AcDbLine
10
269.581
20
198.292
30
0
11
269.522
21
198.435
31
0
0
LINE
5
17C8
330
C
100
AcDbEntity
8
0
100
AcDbLine
10
269.522
20
198.435
30
0
11
269.47
21
198.583
31
0
0
LINE
5
17C9
330
C
100
AcDbEntity
8
0
100
AcDbLine
10
269.47
20
198.583
30
0
11
269.424
21
198.737
31
0
0
LINE
5
17CA
330
C
100
AcDbEntity
8
0
100
AcDbLine
10
269.424
20
198.737
30
0
11
269.386
21
198.895
31
0
0
LINE
5
17CB
330
C
100
AcDbEntity
8
0
100
AcDbLine
10
269.386
20
198.895
30
0
11
269.355
21
199.058
31
0
0
LINE
5
17CC
330
C
100
AcDbEntity
8
0
100
AcDbLine
10
269.355
20
199.058
30
0
11
269.331
21
199.225
31
0
0
LINE
5
17CD
330
C
100
AcDbEntity
8
0
100
AcDbLine
10
269.331
20
199.225
30
0
11
269.313
21
199.398
31
0
0
LINE
5
17CE
330
C
100
AcDbEntity
8
0
100
AcDbLine
10
269.313
20
199.398
30
0
11
269.303
21
199.576
31
0
0
LINE
5
17CF
330
C
100
AcDbEntity
8
0
100
AcDbLine
10
269.303
20
199.576
30
0
11
269.299
21
199.758
31
0
0
LINE
5
17D0
330
C
100
AcDbEntity
8
0
100
AcDbLine
10
269.299
20
199.758
30
0
11
269.299
21
199.758
31
0
0
LINE
5
17D1
330
C
100
AcDbEntity
8
0
100
AcDbLine
10
269.299
20
199.758
30
0
11
269.303
21
199.939
31
0
0
LINE
5
17D2
330
C
100
AcDbEntity
8
0
100
AcDbLine
10
269.303
20
199.939
30
0
11
269.313
21
200.115
31
0
0
LINE
5
17D3
330
C
100
AcDbEntity
8
0
100
AcDbLine
10
269.313
20
200.115
30
0
11
269.33
21
200.287
31
0
0
LINE
5
17D4
330
C
100
AcDbEntity
8
0
100
AcDbLine
10
269.33
20
200.287
30
0
11
269.354
21
200.453
31
0
0
LINE
5
17D5
330
C
100
AcDbEntity
8
0
100
AcDbLine
10
269.354
20
200.453
30
0
11
269.385
21
200.614
31
0
0
LINE
5
17D6
330
C
100
AcDbEntity
8
0
100
AcDbLine
10
269.385
20
200.614
30
0
11
269.422
21
200.771
31
0
0
LINE
5
17D7
330
C
100
AcDbEntity
8
0
100
AcDbLine
10
269.422
20
200.771
30
0
11
269.467
21
200.923
31
0
0
LINE
5
17D8
330
C
100
AcDbEntity
8
0
100
AcDbLine
10
269.467
20
200.923
30
0
11
269.518
21
201.069
31
0
0
LINE
5
17D9
330
C
100
AcDbEntity
8
0
100
AcDbLine
10
269.518
20
201.069
30
0
11
269.576
21
201.211
31
0
0
LINE
5
17DA
330
C
100
AcDbEntity
8
0
100
AcDbLine
10
269.576
20
201.211
30
0
11
269.641
21
201.348
31
0
0
LINE
5
17DB
330
C
100
AcDbEntity
8
0
100
AcDbLine
10
269.641
20
201.348
30
0
11
269.712
21
201.479
31
0
0
LINE
5
17DC
330
C
100
AcDbEntity
8
0
100
AcDbLine
10
269.712
20
201.479
30
0
11
269.787
21
201.604
31
0
0
LINE
5
17DD
330
C
100
AcDbEntity
8
0
100
AcDbLine
10
269.787
20
201.604
30
0
11
269.867
21
201.723
31
0
0
LINE
5
17DE
330
C
100
AcDbEntity
8
0
100
AcDbLine
10
269.867
20
201.723
30
0
11
269.951
21
201.836
31
0
0
LINE
5
17DF
330
C
100
AcDbEntity
8
0
100
AcDbLine
10
269.951
20
201.836
30
0
11
270.039
21
201.943
31
0
0
LINE
5
17E0
330
C
100
AcDbEntity
8
0
100
AcDbLine
10
270.039
20
201.943
30
0
11
270.133
21
202.043
31
0
0
LINE
5
17E1
330
C
100
AcDbEntity
8
0
100
AcDbLine
10
270.133
20
202.043
30
0
11
270.23
21
202.137
31
0
0
LINE
5
17E2
330
C
100
AcDbEntity
8
0
100
AcDbLine
10
270.23
20
202.137
30
0
11
270.332
21
202.225
31
0
0
LINE
5
17E3
330
C
100
AcDbEntity
8
0
100
AcDbLine
10
270.332
20
202.225
30
0
11
270.439
21
202.307
31
0
0
LINE
5
17E4
330
C
100
AcDbEntity
8
0
100
AcDbLine
10
270.439
20
202.307
30
0
11
270.55
21
202.383
31
0
0
LINE
5
17E5
330
C
100
AcDbEntity
8
0
100
AcDbLine
10
270.55
20
202.383
30
0
11
270.665
21
202.452
31
0
0
LINE
5
17E6
330
C
100
AcDbEntity
8
0
100
AcDbLine
10
270.665
20
202.452
30
0
11
270.781
21
202.514
31
0
0
LINE
5
17E7
330
C
100
AcDbEntity
8
0
100
AcDbLine
10
270.781
20
202.514
30
0
11
270.9
21
202.568
31
0
0
LINE
5
17E8
330
C
100
AcDbEntity
8
0
100
AcDbLine
10
270.9
20
202.568
30
0
11
271.022
21
202.615
31
0
0
LINE
5
17E9
330
C
100
AcDbEntity
8
0
100
AcDbLine
10
271.022
20
202.615
30
0
11
271.145
21
202.655
31
0
0
LINE
5
17EA
330
C
100
AcDbEntity
8
0
100
AcDbLine
10
271.145
20
202.655
30
0
11
271.271
21
202.688
31
0
0
LINE
5
17EB
330
C
100
AcDbEntity
8
0
100
AcDbLine
10
271.271
20
202.688
30
0
11
271.398
21
202.713
31
0
0
LINE
5
17EC
330
C
100
AcDbEntity
8
0
100
AcDbLine
10
271.398
20
202.713
30
0
11
271.528
21
202.731
31
0
0
LINE
5
17ED
330
C
100
AcDbEntity
8
0
100
AcDbLine
10
271.528
20
202.731
30
0
11
271.661
21
202.742
31
0
0
LINE
5
17EE
330
C
100
AcDbEntity
8
0
100
AcDbLine
10
271.661
20
202.742
30
0
11
271.795
21
202.746
31
0
0
LINE
5
17EF
330
C
100
AcDbEntity
8
0
100
AcDbLine
10
271.795
20
202.746
30
0
11
271.795
21
202.746
31
0
0
LINE
5
17F0
330
C
100
AcDbEntity
8
0
100
AcDbLine
10
271.795
20
202.746
30
0
11
271.92
21
202.743
31
0
0
LINE
5
17F1
330
C
100
AcDbEntity
8
0
100
AcDbLine
10
271.92
20
202.743
30
0
11
272.041
21
202.734
31
0
0
LINE
5
17F2
330
C
100
AcDbEntity
8
0
100
AcDbLine
10
272.041
20
202.734
30
0
11
272.159
21
202.718
31
0
0
LINE
5
17F3
330
C
100
AcDbEntity
8
0
100
AcDbLine
10
272.159
20
202.718
30
0
11
272.275
21
202.697
31
0
0
LINE
5
17F4
330
C
100
AcDbEntity
8
0
100
AcDbLine
10
272.275
20
202.697
30
0
11
272.387
21
202.669
31
0
0
LINE
5
17F5
330
C
100
AcDbEntity
8
0
100
AcDbLine
10
272.387
20
202.669
30
0
11
272.496
21
202.636
31
0
0
LINE
5
17F6
330
C
100
AcDbEntity
8
0
100
AcDbLine
10
272.496
20
202.636
30
0
11
272.602
21
202.596
31
0
0
LINE
5
17F7
330
C
100
AcDbEntity
8
0
100
AcDbLine
10
272.602
20
202.596
30
0
11
272.705
21
202.55
31
0
0
LINE
5
17F8
330
C
100
AcDbEntity
8
0
100
AcDbLine
10
272.705
20
202.55
30
0
11
272.805
21
202.498
31
0
0
LINE
5
17F9
330
C
100
AcDbEntity
8
0
100
AcDbLine
10
272.805
20
202.498
30
0
11
272.902
21
202.44
31
0
0
LINE
5
17FA
330
C
100
AcDbEntity
8
0
100
AcDbLine
10
272.902
20
202.44
30
0
11
272.995
21
202.376
31
0
0
LINE
5
17FB
330
C
100
AcDbEntity
8
0
100
AcDbLine
10
272.995
20
202.376
30
0
11
273.084
21
202.307
31
0
0
LINE
5
17FC
330
C
100
AcDbEntity
8
0
100
AcDbLine
10
273.084
20
202.307
30
0
11
273.169
21
202.232
31
0
0
LINE
5
17FD
330
C
100
AcDbEntity
8
0
100
AcDbLine
10
273.169
20
202.232
30
0
11
273.25
21
202.152
31
0
0
LINE
5
17FE
330
C
100
AcDbEntity
8
0
100
AcDbLine
10
273.25
20
202.152
30
0
11
273.326
21
202.066
31
0
0
LINE
5
17FF
330
C
100
AcDbEntity
8
0
100
AcDbLine
10
273.326
20
202.066
30
0
11
273.398
21
201.976
31
0
0
LINE
5
1800
330
C
100
AcDbEntity
8
0
100
AcDbLine
10
273.398
20
201.976
30
0
11
273.466
21
201.879
31
0
0
LINE
5
1801
330
C
100
AcDbEntity
8
0
100
AcDbLine
10
273.466
20
201.879
30
0
11
273.529
21
201.778
31
0
0
LINE
5
1802
330
C
100
AcDbEntity
8
0
100
AcDbLine
10
273.529
20
201.778
30
0
11
273.588
21
201.671
31
0
0
LINE
5
1803
330
C
100
AcDbEntity
8
0
100
AcDbLine
10
273.588
20
201.671
30
0
11
273.643
21
201.558
31
0
0
LINE
5
1804
330
C
100
AcDbEntity
8
0
100
AcDbLine
10
273.643
20
201.558
30
0
11
273.693
21
201.44
31
0
0
LINE
5
1805
330
C
100
AcDbEntity
8
0
100
AcDbLine
10
273.693
20
201.44
30
0
11
273.738
21
201.318
31
0
0
LINE
5
1806
330
C
100
AcDbEntity
8
0
100
AcDbLine
10
273.738
20
201.318
30
0
11
273.778
21
201.191
31
0
0
LINE
5
1807
330
C
100
AcDbEntity
8
0
100
AcDbLine
10
273.778
20
201.191
30
0
11
273.812
21
201.059
31
0
0
LINE
5
1808
330
C
100
AcDbEntity
8
0
100
AcDbLine
10
273.812
20
201.059
30
0
11
273.841
21
200.922
31
0
0
LINE
5
1809
330
C
100
AcDbEntity
8
0
100
AcDbLine
10
273.841
20
200.922
30
0
11
273.865
21
200.78
31
0
0
LINE
5
180A
330
C
100
AcDbEntity
8
0
100
AcDbLine
10
273.865
20
200.78
30
0
11
273.883
21
200.634
31
0
0
LINE
5
180B
330
C
100
AcDbEntity
8
0
100
AcDbLine
10
273.883
20
200.634
30
0
11
273.897
21
200.483
31
0
0
LINE
5
180C
330
C
100
AcDbEntity
8
0
100
AcDbLine
10
273.897
20
200.483
30
0
11
273.905
21
200.327
31
0
0
LINE
5
180D
330
C
100
AcDbEntity
8
0
100
AcDbLine
10
273.905
20
200.327
30
0
11
273.907
21
200.166
31
0
0
LINE
5
180E
330
C
100
AcDbEntity
8
0
100
AcDbLine
10
273.907
20
200.166
30
0
11
273.907
21
200.166
31
0
0
LINE
5
180F
330
C
100
AcDbEntity
8
0
100
AcDbLine
10
273.907
20
200.166
30
0
11
273.547
21
200.166
31
0
0
LINE
5
1810
330
C
100
AcDbEntity
8
0
100
AcDbLine
10
273.547
20
200.166
30
0
11
273.545
21
200.278
31
0
0
LINE
5
1811
330
C
100
AcDbEntity
8
0
100
AcDbLine
10
273.545
20
200.278
30
0
11
273.538
21
200.387
31
0
0
LINE
5
1812
330
C
100
AcDbEntity
8
0
100
AcDbLine
10
273.538
20
200.387
30
0
11
273.527
21
200.492
31
0
0
LINE
5
1813
330
C
100
AcDbEntity
8
0
100
AcDbLine
10
273.527
20
200.492
30
0
11
273.511
21
200.593
31
0
0
LINE
5
1814
330
C
100
AcDbEntity
8
0
100
AcDbLine
10
273.511
20
200.593
30
0
11
273.491
21
200.691
31
0
0
LINE
5
1815
330
C
100
AcDbEntity
8
0
100
AcDbLine
10
273.491
20
200.691
30
0
11
273.466
21
200.785
31
0
0
LINE
5
1816
330
C
100
AcDbEntity
8
0
100
AcDbLine
10
273.466
20
200.785
30
0
11
273.437
21
200.876
31
0
0
LINE
5
1817
330
C
100
AcDbEntity
8
0
100
AcDbLine
10
273.437
20
200.876
30
0
11
273.403
21
200.963
31
0
0
LINE
5
1818
330
C
100
AcDbEntity
8
0
100
AcDbLine
10
273.403
20
200.963
30
0
11
273.365
21
201.046
31
0
0
LINE
5
1819
330
C
100
AcDbEntity
8
0
100
AcDbLine
10
273.365
20
201.046
30
0
11
273.322
21
201.126
31
0
0
LINE
5
181A
330
C
100
AcDbEntity
8
0
100
AcDbLine
10
273.322
20
201.126
30
0
11
273.276
21
201.202
31
0
0
LINE
5
181B
330
C
100
AcDbEntity
8
0
100
AcDbLine
10
273.276
20
201.202
30
0
11
273.227
21
201.274
31
0
0
LINE
5
181C
330
C
100
AcDbEntity
8
0
100
AcDbLine
10
273.227
20
201.274
30
0
11
273.175
21
201.343
31
0
0
LINE
5
181D
330
C
100
AcDbEntity
8
0
100
AcDbLine
10
273.175
20
201.343
30
0
11
273.121
21
201.408
31
0
0
LINE
5
181E
330
C
100
AcDbEntity
8
0
100
AcDbLine
10
273.121
20
201.408
30
0
11
273.063
21
201.469
31
0
0
LINE
5
181F
330
C
100
AcDbEntity
8
0
100
AcDbLine
10
273.063
20
201.469
30
0
11
273.004
21
201.526
31
0
0
LINE
5
1820
330
C
100
AcDbEntity
8
0
100
AcDbLine
10
273.004
20
201.526
30
0
11
272.941
21
201.579
31
0
0
LINE
5
1821
330
C
100
AcDbEntity
8
0
100
AcDbLine
10
272.941
20
201.579
30
0
11
272.876
21
201.629
31
0
0
LINE
5
1822
330
C
100
AcDbEntity
8
0
100
AcDbLine
10
272.876
20
201.629
30
0
11
272.808
21
201.675
31
0
0
LINE
5
1823
330
C
100
AcDbEntity
8
0
100
AcDbLine
10
272.808
20
201.675
30
0
11
272.737
21
201.717
31
0
0
LINE
5
1824
330
C
100
AcDbEntity
8
0
100
AcDbLine
10
272.737
20
201.717
30
0
11
272.665
21
201.755
31
0
0
LINE
5
1825
330
C
100
AcDbEntity
8
0
100
AcDbLine
10
272.665
20
201.755
30
0
11
272.591
21
201.789
31
0
0
LINE
5
1826
330
C
100
AcDbEntity
8
0
100
AcDbLine
10
272.591
20
201.789
30
0
11
272.516
21
201.82
31
0
0
LINE
5
1827
330
C
100
AcDbEntity
8
0
100
AcDbLine
10
272.516
20
201.82
30
0
11
272.441
21
201.846
31
0
0
LINE
5
1828
330
C
100
AcDbEntity
8
0
100
AcDbLine
10
272.441
20
201.846
30
0
11
272.364
21
201.868
31
0
0
LINE
5
1829
330
C
100
AcDbEntity
8
0
100
AcDbLine
10
272.364
20
201.868
30
0
11
272.286
21
201.886
31
0
0
LINE
5
182A
330
C
100
AcDbEntity
8
0
100
AcDbLine
10
272.286
20
201.886
30
0
11
272.207
21
201.9
31
0
0
LINE
5
182B
330
C
100
AcDbEntity
8
0
100
AcDbLine
10
272.207
20
201.9
30
0
11
272.127
21
201.91
31
0
0
LINE
5
182C
330
C
100
AcDbEntity
8
0
100
AcDbLine
10
272.127
20
201.91
30
0
11
272.045
21
201.916
31
0
0
LINE
5
182D
330
C
100
AcDbEntity
8
0
100
AcDbLine
10
272.045
20
201.916
30
0
11
271.963
21
201.918
31
0
0
LINE
5
182E
330
C
100
AcDbEntity
8
0
100
AcDbLine
10
271.963
20
201.918
30
0
11
271.963
21
201.918
31
0
0
LINE
5
182F
330
C
100
AcDbEntity
8
0
100
AcDbLine
10
271.963
20
201.918
30
0
11
271.87
21
201.915
31
0
0
LINE
5
1830
330
C
100
AcDbEntity
8
0
100
AcDbLine
10
271.87
20
201.915
30
0
11
271.779
21
201.908
31
0
0
LINE
5
1831
330
C
100
AcDbEntity
8
0
100
AcDbLine
10
271.779
20
201.908
30
0
11
271.69
21
201.895
31
0
0
LINE
5
1832
330
C
100
AcDbEntity
8
0
100
AcDbLine
10
271.69
20
201.895
30
0
11
271.602
21
201.876
31
0
0
LINE
5
1833
330
C
100
AcDbEntity
8
0
100
AcDbLine
10
271.602
20
201.876
30
0
11
271.515
21
201.853
31
0
0
LINE
5
1834
330
C
100
AcDbEntity
8
0
100
AcDbLine
10
271.515
20
201.853
30
0
11
271.431
21
201.824
31
0
0
LINE
5
1835
330
C
100
AcDbEntity
8
0
100
AcDbLine
10
271.431
20
201.824
30
0
11
271.348
21
201.79
31
0
0
LINE
5
1836
330
C
100
AcDbEntity
8
0
100
AcDbLine
10
271.348
20
201.79
30
0
11
271.266
21
201.751
31
0
0
LINE
5
1837
330
C
100
AcDbEntity
8
0
100
AcDbLine
10
271.266
20
201.751
30
0
11
271.186
21
201.707
31
0
0
LINE
5
1838
330
C
100
AcDbEntity
8
0
100
AcDbLine
10
271.186
20
201.707
30
0
11
271.108
21
201.657
31
0
0
LINE
5
1839
330
C
100
AcDbEntity
8
0
100
AcDbLine
10
271.108
20
201.657
30
0
11
271.032
21
201.603
31
0
0
LINE
5
183A
330
C
100
AcDbEntity
8
0
100
AcDbLine
10
271.032
20
201.603
30
0
11
270.96
21
201.544
31
0
0
LINE
5
183B
330
C
100
AcDbEntity
8
0
100
AcDbLine
10
270.96
20
201.544
30
0
11
270.89
21
201.48
31
0
0
LINE
5
183C
330
C
100
AcDbEntity
8
0
100
AcDbLine
10
270.89
20
201.48
30
0
11
270.824
21
201.413
31
0
0
LINE
5
183D
330
C
100
AcDbEntity
8
0
100
AcDbLine
10
270.824
20
201.413
30
0
11
270.76
21
201.34
31
0
0
LINE
5
183E
330
C
100
AcDbEntity
8
0
100
AcDbLine
10
270.76
20
201.34
30
0
11
270.7
21
201.264
31
0
0
LINE
5
183F
330
C
100
AcDbEntity
8
0
100
AcDbLine
10
270.7
20
201.264
30
0
11
270.643
21
201.183
31
0
0
LINE
5
1840
330
C
100
AcDbEntity
8
0
100
AcDbLine
10
270.643
20
201.183
30
0
11
270.589
21
201.097
31
0
0
LINE
5
1841
330
C
100
AcDbEntity
8
0
100
AcDbLine
10
270.589
20
201.097
30
0
11
270.538
21
201.007
31
0
0
LINE
5
1842
330
C
100
AcDbEntity
8
0
100
AcDbLine
10
270.538
20
201.007
30
0
11
270.49
21
200.913
31
0
0
LINE
5
1843
330
C
100
AcDbEntity
8
0
100
AcDbLine
10
270.49
20
200.913
30
0
11
270.446
21
200.815
31
0
0
LINE
5
1844
330
C
100
AcDbEntity
8
0
100
AcDbLine
10
270.446
20
200.815
30
0
11
270.407
21
200.712
31
0
0
LINE
5
1845
330
C
100
AcDbEntity
8
0
100
AcDbLine
10
270.407
20
200.712
30
0
11
270.372
21
200.606
31
0
0
LINE
5
1846
330
C
100
AcDbEntity
8
0
100
AcDbLine
10
270.372
20
200.606
30
0
11
270.342
21
200.496
31
0
0
LINE
5
1847
330
C
100
AcDbEntity
8
0
100
AcDbLine
10
270.342
20
200.496
30
0
11
270.317
21
200.383
31
0
0
LINE
5
1848
330
C
100
AcDbEntity
8
0
100
AcDbLine
10
270.317
20
200.383
30
0
11
270.296
21
200.265
31
0
0
LINE
5
1849
330
C
100
AcDbEntity
8
0
100
AcDbLine
10
270.296
20
200.265
30
0
11
270.28
21
200.144
31
0
0
LINE
5
184A
330
C
100
AcDbEntity
8
0
100
AcDbLine
10
270.28
20
200.144
30
0
11
270.268
21
200.019
31
0
0
LINE
5
184B
330
C
100
AcDbEntity
8
0
100
AcDbLine
10
270.268
20
200.019
30
0
11
270.262
21
199.891
31
0
0
LINE
5
184C
330
C
100
AcDbEntity
8
0
100
AcDbLine
10
270.262
20
199.891
30
0
11
270.259
21
199.758
31
0
0
LINE
5
184D
330
C
100
AcDbEntity
8
0
100
AcDbLine
10
270.259
20
199.758
30
0
11
270.259
21
199.758
31
0
0
LINE
5
184E
330
C
100
AcDbEntity
8
0
100
AcDbLine
10
270.259
20
199.758
30
0
11
270.262
21
199.623
31
0
0
LINE
5
184F
330
C
100
AcDbEntity
8
0
100
AcDbLine
10
270.262
20
199.623
30
0
11
270.268
21
199.492
31
0
0
LINE
5
1850
330
C
100
AcDbEntity
8
0
100
AcDbLine
10
270.268
20
199.492
30
0
11
270.28
21
199.365
31
0
0
LINE
5
1851
330
C
100
AcDbEntity
8
0
100
AcDbLine
10
270.28
20
199.365
30
0
11
270.296
21
199.242
31
0
0
LINE
5
1852
330
C
100
AcDbEntity
8
0
100
AcDbLine
10
270.296
20
199.242
30
0
11
270.317
21
199.122
31
0
0
LINE
5
1853
330
C
100
AcDbEntity
8
0
100
AcDbLine
10
270.317
20
199.122
30
0
11
270.342
21
199.006
31
0
0
LINE
5
1854
330
C
100
AcDbEntity
8
0
100
AcDbLine
10
270.342
20
199.006
30
0
11
270.372
21
198.894
31
0
0
LINE
5
1855
330
C
100
AcDbEntity
8
0
100
AcDbLine
10
270.372
20
198.894
30
0
11
270.407
21
198.786
31
0
0
LINE
5
1856
330
C
100
AcDbEntity
8
0
100
AcDbLine
10
270.407
20
198.786
30
0
11
270.446
21
198.682
31
0
0
LINE
5
1857
330
C
100
AcDbEntity
8
0
100
AcDbLine
10
270.446
20
198.682
30
0
11
270.49
21
198.582
31
0
0
LINE
5
1858
330
C
100
AcDbEntity
8
0
100
AcDbLine
10
270.49
20
198.582
30
0
11
270.538
21
198.486
31
0
0
LINE
5
1859
330
C
100
AcDbEntity
8
0
100
AcDbLine
10
270.538
20
198.486
30
0
11
270.589
21
198.394
31
0
0
LINE
5
185A
330
C
100
AcDbEntity
8
0
100
AcDbLine
10
270.589
20
198.394
30
0
11
270.643
21
198.307
31
0
0
LINE
5
185B
330
C
100
AcDbEntity
8
0
100
AcDbLine
10
270.643
20
198.307
30
0
11
270.7
21
198.225
31
0
0
LINE
5
185C
330
C
100
AcDbEntity
8
0
100
AcDbLine
10
270.7
20
198.225
30
0
11
270.76
21
198.147
31
0
0
LINE
5
185D
330
C
100
AcDbEntity
8
0
100
AcDbLine
10
270.76
20
198.147
30
0
11
270.824
21
198.074
31
0
0
LINE
5
185E
330
C
100
AcDbEntity
8
0
100
AcDbLine
10
270.824
20
198.074
30
0
11
270.89
21
198.005
31
0
0
LINE
5
185F
330
C
100
AcDbEntity
8
0
100
AcDbLine
10
270.89
20
198.005
30
0
11
270.96
21
197.941
31
0
0
LINE
5
1860
330
C
100
AcDbEntity
8
0
100
AcDbLine
10
270.96
20
197.941
30
0
11
271.032
21
197.881
31
0
0
LINE
5
1861
330
C
100
AcDbEntity
8
0
100
AcDbLine
10
271.032
20
197.881
30
0
11
271.108
21
197.826
31
0
0
LINE
5
1862
330
C
100
AcDbEntity
8
0
100
AcDbLine
10
271.108
20
197.826
30
0
11
271.186
21
197.776
31
0
0
LINE
5
1863
330
C
100
AcDbEntity
8
0
100
AcDbLine
10
271.186
20
197.776
30
0
11
271.266
21
197.731
31
0
0
LINE
5
1864
330
C
100
AcDbEntity
8
0
100
AcDbLine
10
271.266
20
197.731
30
0
11
271.348
21
197.691
31
0
0
LINE
5
1865
330
C
100
AcDbEntity
8
0
100
AcDbLine
10
271.348
20
197.691
30
0
11
271.431
21
197.657
31
0
0
LINE
5
1866
330
C
100
AcDbEntity
8
0
100
AcDbLine
10
271.431
20
197.657
30
0
11
271.515
21
197.628
31
0
0
LINE
5
1867
330
C
100
AcDbEntity
8
0
100
AcDbLine
10
271.515
20
197.628
30
0
11
271.602
21
197.604
31
0
0
LINE
5
1868
330
C
100
AcDbEntity
8
0
100
AcDbLine
10
271.602
20
197.604
30
0
11
271.69
21
197.586
31
0
0
LINE
5
1869
330
C
100
AcDbEntity
8
0
100
AcDbLine
10
271.69
20
197.586
30
0
11
271.779
21
197.573
31
0
0
LINE
5
186A
330
C
100
AcDbEntity
8
0
100
AcDbLine
10
271.779
20
197.573
30
0
11
271.87
21
197.565
31
0
0
LINE
5
186B
330
C
100
AcDbEntity
8
0
100
AcDbLine
10
271.87
20
197.565
30
0
11
271.963
21
197.562
31
0
0
LINE
5
186C
330
C
100
AcDbEntity
8
0
100
AcDbLine
10
271.963
20
197.562
30
0
11
271.963
21
197.562
31
0
0
LINE
5
186D
330
C
100
AcDbEntity
8
0
100
AcDbLine
10
271.963
20
197.562
30
0
11
272.041
21
197.564
31
0
0
LINE
5
186E
330
C
100
AcDbEntity
8
0
100
AcDbLine
10
272.041
20
197.564
30
0
11
272.118
21
197.57
31
0
0
LINE
5
186F
330
C
100
AcDbEntity
8
0
100
AcDbLine
10
272.118
20
197.57
30
0
11
272.195
21
197.58
31
0
0
LINE
5
1870
330
C
100
AcDbEntity
8
0
100
AcDbLine
10
272.195
20
197.58
30
0
11
272.271
21
197.595
31
0
0
LINE
5
1871
330
C
100
AcDbEntity
8
0
100
AcDbLine
10
272.271
20
197.595
30
0
11
272.346
21
197.613
31
0
0
LINE
5
1872
330
C
100
AcDbEntity
8
0
100
AcDbLine
10
272.346
20
197.613
30
0
11
272.421
21
197.635
31
0
0
LINE
5
1873
330
C
100
AcDbEntity
8
0
100
AcDbLine
10
272.421
20
197.635
30
0
11
272.496
21
197.662
31
0
0
LINE
5
1874
330
C
100
AcDbEntity
8
0
100
AcDbLine
10
272.496
20
197.662
30
0
11
272.57
21
197.693
31
0
0
LINE
5
1875
330
C
100
AcDbEntity
8
0
100
AcDbLine
10
272.57
20
197.693
30
0
11
272.643
21
197.727
31
0
0
LINE
5
1876
330
C
100
AcDbEntity
8
0
100
AcDbLine
10
272.643
20
197.727
30
0
11
272.716
21
197.766
31
0
0
LINE
5
1877
330
C
100
AcDbEntity
8
0
100
AcDbLine
10
272.716
20
197.766
30
0
11
272.788
21
197.809
31
0
0
LINE
5
1878
330
C
100
AcDbEntity
8
0
100
AcDbLine
10
272.788
20
197.809
30
0
11
272.856
21
197.855
31
0
0
LINE
5
1879
330
C
100
AcDbEntity
8
0
100
AcDbLine
10
272.856
20
197.855
30
0
11
272.922
21
197.905
31
0
0
LINE
5
187A
330
C
100
AcDbEntity
8
0
100
AcDbLine
10
272.922
20
197.905
30
0
11
272.986
21
197.959
31
0
0
LINE
5
187B
330
C
100
AcDbEntity
8
0
100
AcDbLine
10
272.986
20
197.959
30
0
11
273.047
21
198.017
31
0
0
LINE
5
187C
330
C
100
AcDbEntity
8
0
100
AcDbLine
10
273.047
20
198.017
30
0
11
273.105
21
198.079
31
0
0
LINE
5
187D
330
C
100
AcDbEntity
8
0
100
AcDbLine
10
273.105
20
198.079
30
0
11
273.161
21
198.144
31
0
0
LINE
5
187E
330
C
100
AcDbEntity
8
0
100
AcDbLine
10
273.161
20
198.144
30
0
11
273.214
21
198.213
31
0
0
LINE
5
187F
330
C
100
AcDbEntity
8
0
100
AcDbLine
10
273.214
20
198.213
30
0
11
273.265
21
198.286
31
0
0
LINE
5
1880
330
C
100
AcDbEntity
8
0
100
AcDbLine
10
273.265
20
198.286
30
0
11
273.313
21
198.363
31
0
0
LINE
5
1881
330
C
100
AcDbEntity
8
0
100
AcDbLine
10
273.313
20
198.363
30
0
11
273.358
21
198.443
31
0
0
LINE
5
1882
330
C
100
AcDbEntity
8
0
100
AcDbLine
10
273.358
20
198.443
30
0
11
273.397
21
198.527
31
0
0
LINE
5
1883
330
C
100
AcDbEntity
8
0
100
AcDbLine
10
273.397
20
198.527
30
0
11
273.433
21
198.614
31
0
0
LINE
5
1884
330
C
100
AcDbEntity
8
0
100
AcDbLine
10
273.433
20
198.614
30
0
11
273.463
21
198.704
31
0
0
LINE
5
1885
330
C
100
AcDbEntity
8
0
100
AcDbLine
10
273.463
20
198.704
30
0
11
273.489
21
198.797
31
0
0
LINE
5
1886
330
C
100
AcDbEntity
8
0
100
AcDbLine
10
273.489
20
198.797
30
0
11
273.51
21
198.894
31
0
0
LINE
5
1887
330
C
100
AcDbEntity
8
0
100
AcDbLine
10
273.51
20
198.894
30
0
11
273.526
21
198.994
31
0
0
LINE
5
1888
330
C
100
AcDbEntity
8
0
100
AcDbLine
10
273.526
20
198.994
30
0
11
273.538
21
199.097
31
0
0
LINE
5
1889
330
C
100
AcDbEntity
8
0
100
AcDbLine
10
273.538
20
199.097
30
0
11
273.545
21
199.204
31
0
0
LINE
5
188A
330
C
100
AcDbEntity
8
0
100
AcDbLine
10
273.545
20
199.204
30
0
11
273.547
21
199.314
31
0
0
LINE
5
188B
330
C
100
AcDbEntity
8
0
100
AcDbLine
10
273.547
20
199.314
30
0
11
273.547
21
199.314
31
0
0
LINE
5
188C
330
C
100
AcDbEntity
8
0
100
AcDbLine
10
273.547
20
199.314
30
0
11
273.907
21
199.314
31
0
0
LINE
5
188D
330
C
100
AcDbEntity
8
0
100
AcDbLine
10
273.907
20
199.314
30
0
11
273.904
21
199.15
31
0
0
LINE
5
188E
330
C
100
AcDbEntity
8
0
100
AcDbLine
10
273.904
20
199.15
30
0
11
273.896
21
198.991
31
0
0
LINE
5
188F
330
C
100
AcDbEntity
8
0
100
AcDbLine
10
273.896
20
198.991
30
0
11
273.883
21
198.837
31
0
0
LINE
5
1890
330
C
100
AcDbEntity
8
0
100
AcDbLine
10
273.883
20
198.837
30
0
11
273.864
21
198.688
31
0
0
LINE
5
1891
330
C
100
AcDbEntity
8
0
100
AcDbLine
10
273.864
20
198.688
30
0
11
273.839
21
198.544
31
0
0
LINE
5
1892
330
C
100
AcDbEntity
8
0
100
AcDbLine
10
273.839
20
198.544
30
0
11
273.809
21
198.405
31
0
0
LINE
5
1893
330
C
100
AcDbEntity
8
0
100
AcDbLine
10
273.809
20
198.405
30
0
11
273.773
21
198.271
31
0
0
LINE
5
1894
330
C
100
AcDbEntity
8
0
100
AcDbLine
10
273.773
20
198.271
30
0
11
273.732
21
198.143
31
0
0
LINE
5
1895
330
C
100
AcDbEntity
8
0
100
AcDbLine
10
273.732
20
198.143
30
0
11
273.686
21
198.019
31
0
0
LINE
5
1896
330
C
100
AcDbEntity
8
0
100
AcDbLine
10
273.686
20
198.019
30
0
11
273.634
21
197.901
31
0
0
LINE
5
1897
330
C
100
AcDbEntity
8
0
100
AcDbLine
10
273.634
20
197.901
30
0
11
273.578
21
197.788
31
0
0
LINE
5
1898
330
C
100
AcDbEntity
8
0
100
AcDbLine
10
273.578
20
197.788
30
0
11
273.517
21
197.681
31
0
0
LINE
5
1899
330
C
100
AcDbEntity
8
0
100
AcDbLine
10
273.517
20
197.681
30
0
11
273.453
21
197.579
31
0
0
LINE
5
189A
330
C
100
AcDbEntity
8
0
100
AcDbLine
10
273.453
20
197.579
30
0
11
273.385
21
197.482
31
0
0
LINE
5
189B
330
C
100
AcDbEntity
8
0
100
AcDbLine
10
273.385
20
197.482
30
0
11
273.313
21
197.392
31
0
0
LINE
5
189C
330
C
100
AcDbEntity
8
0
100
AcDbLine
10
273.313
20
197.392
30
0
11
273.237
21
197.307
31
0
0
LINE
5
189D
330
C
100
AcDbEntity
8
0
100
AcDbLine
10
273.237
20
197.307
30
0
11
273.158
21
197.227
31
0
0
LINE
5
189E
330
C
100
AcDbEntity
8
0
100
AcDbLine
10
273.158
20
197.227
30
0
11
273.075
21
197.153
31
0
0
LINE
5
189F
330
C
100
AcDbEntity
8
0
100
AcDbLine
10
273.075
20
197.153
30
0
11
272.987
21
197.085
31
0
0
LINE
5
18A0
330
C
100
AcDbEntity
8
0
100
AcDbLine
10
272.987
20
197.085
30
0
11
272.896
21
197.022
31
0
0
LINE
5
18A1
330
C
100
AcDbEntity
8
0
100
AcDbLine
10
272.896
20
197.022
30
0
11
272.802
21
196.965
31
0
0
LINE
5
18A2
330
C
100
AcDbEntity
8
0
100
AcDbLine
10
272.802
20
196.965
30
0
11
272.706
21
196.914
31
0
0
LINE
5
18A3
330
C
100
AcDbEntity
8
0
100
AcDbLine
10
272.706
20
196.914
30
0
11
272.607
21
196.869
31
0
0
LINE
5
18A4
330
C
100
AcDbEntity
8
0
100
AcDbLine
10
272.607
20
196.869
30
0
11
272.506
21
196.83
31
0
0
LINE
5
18A5
330
C
100
AcDbEntity
8
0
100
AcDbLine
10
272.506
20
196.83
30
0
11
272.403
21
196.797
31
0
0
LINE
5
18A6
330
C
100
AcDbEntity
8
0
100
AcDbLine
10
272.403
20
196.797
30
0
11
272.298
21
196.77
31
0
0
LINE
5
18A7
330
C
100
AcDbEntity
8
0
100
AcDbLine
10
272.298
20
196.77
30
0
11
272.191
21
196.749
31
0
0
LINE
5
18A8
330
C
100
AcDbEntity
8
0
100
AcDbLine
10
272.191
20
196.749
30
0
11
272.081
21
196.734
31
0
0
LINE
5
18A9
330
C
100
AcDbEntity
8
0
100
AcDbLine
10
272.081
20
196.734
30
0
11
271.969
21
196.725
31
0
0
LINE
5
18AA
330
C
100
AcDbEntity
8
0
100
AcDbLine
10
271.969
20
196.725
30
0
11
271.855
21
196.722
31
0
0
LINE
5
18AB
330
C
100
AcDbEntity
8
0
100
AcDbLine
10
271.855
20
196.722
30
0
11
271.855
21
196.722
31
0
0
LINE
5
18AC
330
C
100
AcDbEntity
8
0
100
AcDbLine
10
274.483
20
196.866
30
0
11
273.703
21
196.866
31
0
0
LINE
5
18AD
330
C
100
AcDbEntity
8
0
100
AcDbLine
10
273.703
20
196.866
30
0
11
273.547
21
198.21
31
0
0
LINE
5
18AE
330
C
100
AcDbEntity
8
0
100
AcDbLine
10
273.547
20
198.21
30
0
11
273.547
21
205.05
31
0
0
LINE
5
18AF
330
C
100
AcDbEntity
8
0
100
AcDbLine
10
273.547
20
205.05
30
0
11
274.483
21
205.05
31
0
0
LINE
5
18B0
330
C
100
AcDbEntity
8
0
100
AcDbLine
10
274.483
20
205.05
30
0
11
274.483
21
196.866
31
0
0
LINE
5
18B1
330
C
100
AcDbEntity
8
0
100
AcDbLine
10
274.483
20
196.866
30
0
11
274.483
21
196.866
31
0
0
LINE
5
18B2
330
C
100
AcDbEntity
8
0
100
AcDbLine
10
278.905
20
196.722
30
0
11
278.905
21
196.722
31
0
0
LINE
5
18B3
330
C
100
AcDbEntity
8
0
100
AcDbLine
10
278.905
20
196.722
30
0
11
278.758
21
196.726
31
0
0
LINE
5
18B4
330
C
100
AcDbEntity
8
0
100
AcDbLine
10
278.758
20
196.726
30
0
11
278.614
21
196.737
31
0
0
LINE
5
18B5
330
C
100
AcDbEntity
8
0
100
AcDbLine
10
278.614
20
196.737
30
0
11
278.473
21
196.756
31
0
0
LINE
5
18B6
330
C
100
AcDbEntity
8
0
100
AcDbLine
10
278.473
20
196.756
30
0
11
278.335
21
196.783
31
0
0
LINE
5
18B7
330
C
100
AcDbEntity
8
0
100
AcDbLine
10
278.335
20
196.783
30
0
11
278.201
21
196.817
31
0
0
LINE
5
18B8
330
C
100
AcDbEntity
8
0
100
AcDbLine
10
278.201
20
196.817
30
0
11
278.07
21
196.859
31
0
0
LINE
5
18B9
330
C
100
AcDbEntity
8
0
100
AcDbLine
10
278.07
20
196.859
30
0
11
277.942
21
196.909
31
0
0
LINE
5
18BA
330
C
100
AcDbEntity
8
0
100
AcDbLine
10
277.942
20
196.909
30
0
11
277.817
21
196.966
31
0
0
LINE
5
18BB
330
C
100
AcDbEntity
8
0
100
AcDbLine
10
277.817
20
196.966
30
0
11
277.695
21
197.031
31
0
0
LINE
5
18BC
330
C
100
AcDbEntity
8
0
100
AcDbLine
10
277.695
20
197.031
30
0
11
277.576
21
197.103
31
0
0
LINE
5
18BD
330
C
100
AcDbEntity
8
0
100
AcDbLine
10
277.576
20
197.103
30
0
11
277.462
21
197.182
31
0
0
LINE
5
18BE
330
C
100
AcDbEntity
8
0
100
AcDbLine
10
277.462
20
197.182
30
0
11
277.352
21
197.267
31
0
0
LINE
5
18BF
330
C
100
AcDbEntity
8
0
100
AcDbLine
10
277.352
20
197.267
30
0
11
277.247
21
197.358
31
0
0
LINE
5
18C0
330
C
100
AcDbEntity
8
0
100
AcDbLine
10
277.247
20
197.358
30
0
11
277.148
21
197.455
31
0
0
LINE
5
18C1
330
C
100
AcDbEntity
8
0
100
AcDbLine
10
277.148
20
197.455
30
0
11
277.053
21
197.558
31
0
0
LINE
5
18C2
330
C
100
AcDbEntity
8
0
100
AcDbLine
10
277.053
20
197.558
30
0
11
276.963
21
197.667
31
0
0
LINE
5
18C3
330
C
100
AcDbEntity
8
0
100
AcDbLine
10
276.963
20
197.667
30
0
11
276.878
21
197.782
31
0
0
LINE
5
18C4
330
C
100
AcDbEntity
8
0
100
AcDbLine
10
276.878
20
197.782
30
0
11
276.798
21
197.903
31
0
0
LINE
5
18C5
330
C
100
AcDbEntity
8
0
100
AcDbLine
10
276.798
20
197.903
30
0
11
276.722
21
198.029
31
0
0
LINE
5
18C6
330
C
100
AcDbEntity
8
0
100
AcDbLine
10
276.722
20
198.029
30
0
11
276.652
21
198.162
31
0
0
LINE
5
18C7
330
C
100
AcDbEntity
8
0
100
AcDbLine
10
276.652
20
198.162
30
0
11
276.588
21
198.3
31
0
0
LINE
5
18C8
330
C
100
AcDbEntity
8
0
100
AcDbLine
10
276.588
20
198.3
30
0
11
276.53
21
198.441
31
0
0
LINE
5
18C9
330
C
100
AcDbEntity
8
0
100
AcDbLine
10
276.53
20
198.441
30
0
11
276.479
21
198.587
31
0
0
LINE
5
18CA
330
C
100
AcDbEntity
8
0
100
AcDbLine
10
276.479
20
198.587
30
0
11
276.435
21
198.737
31
0
0
LINE
5
18CB
330
C
100
AcDbEntity
8
0
100
AcDbLine
10
276.435
20
198.737
30
0
11
276.398
21
198.891
31
0
0
LINE
5
18CC
330
C
100
AcDbEntity
8
0
100
AcDbLine
10
276.398
20
198.891
30
0
11
276.367
21
199.049
31
0
0
LINE
5
18CD
330
C
100
AcDbEntity
8
0
100
AcDbLine
10
276.367
20
199.049
30
0
11
276.344
21
199.211
31
0
0
LINE
5
18CE
330
C
100
AcDbEntity
8
0
100
AcDbLine
10
276.344
20
199.211
30
0
11
276.327
21
199.377
31
0
0
LINE
5
18CF
330
C
100
AcDbEntity
8
0
100
AcDbLine
10
276.327
20
199.377
30
0
11
276.317
21
199.548
31
0
0
LINE
5
18D0
330
C
100
AcDbEntity
8
0
100
AcDbLine
10
276.317
20
199.548
30
0
11
276.313
21
199.722
31
0
0
LINE
5
18D1
330
C
100
AcDbEntity
8
0
100
AcDbLine
10
276.313
20
199.722
30
0
11
276.313
21
199.722
31
0
0
LINE
5
18D2
330
C
100
AcDbEntity
8
0
100
AcDbLine
10
276.313
20
199.722
30
0
11
276.317
21
199.908
31
0
0
LINE
5
18D3
330
C
100
AcDbEntity
8
0
100
AcDbLine
10
276.317
20
199.908
30
0
11
276.327
21
200.088
31
0
0
LINE
5
18D4
330
C
100
AcDbEntity
8
0
100
AcDbLine
10
276.327
20
200.088
30
0
11
276.343
21
200.263
31
0
0
LINE
5
18D5
330
C
100
AcDbEntity
8
0
100
AcDbLine
10
276.343
20
200.263
30
0
11
276.367
21
200.433
31
0
0
LINE
5
18D6
330
C
100
AcDbEntity
8
0
100
AcDbLine
10
276.367
20
200.433
30
0
11
276.397
21
200.598
31
0
0
LINE
5
18D7
330
C
100
AcDbEntity
8
0
100
AcDbLine
10
276.397
20
200.598
30
0
11
276.434
21
200.757
31
0
0
LINE
5
18D8
330
C
100
AcDbEntity
8
0
100
AcDbLine
10
276.434
20
200.757
30
0
11
276.478
21
200.911
31
0
0
LINE
5
18D9
330
C
100
AcDbEntity
8
0
100
AcDbLine
10
276.478
20
200.911
30
0
11
276.528
21
201.06
31
0
0
LINE
5
18DA
330
C
100
AcDbEntity
8
0
100
AcDbLine
10
276.528
20
201.06
30
0
11
276.585
21
201.204
31
0
0
LINE
5
18DB
330
C
100
AcDbEntity
8
0
100
AcDbLine
10
276.585
20
201.204
30
0
11
276.649
21
201.342
31
0
0
LINE
5
18DC
330
C
100
AcDbEntity
8
0
100
AcDbLine
10
276.649
20
201.342
30
0
11
276.719
21
201.474
31
0
0
LINE
5
18DD
330
C
100
AcDbEntity
8
0
100
AcDbLine
10
276.719
20
201.474
30
0
11
276.794
21
201.601
31
0
0
LINE
5
18DE
330
C
100
AcDbEntity
8
0
100
AcDbLine
10
276.794
20
201.601
30
0
11
276.873
21
201.72
31
0
0
LINE
5
18DF
330
C
100
AcDbEntity
8
0
100
AcDbLine
10
276.873
20
201.72
30
0
11
276.958
21
201.834
31
0
0
LINE
5
18E0
330
C
100
AcDbEntity
8
0
100
AcDbLine
10
276.958
20
201.834
30
0
11
277.047
21
201.941
31
0
0
LINE
5
18E1
330
C
100
AcDbEntity
8
0
100
AcDbLine
10
277.047
20
201.941
30
0
11
277.142
21
202.042
31
0
0
LINE
5
18E2
330
C
100
AcDbEntity
8
0
100
AcDbLine
10
277.142
20
202.042
30
0
11
277.242
21
202.137
31
0
0
LINE
5
18E3
330
C
100
AcDbEntity
8
0
100
AcDbLine
10
277.242
20
202.137
30
0
11
277.346
21
202.225
31
0
0
LINE
5
18E4
330
C
100
AcDbEntity
8
0
100
AcDbLine
10
277.346
20
202.225
30
0
11
277.456
21
202.307
31
0
0
LINE
5
18E5
330
C
100
AcDbEntity
8
0
100
AcDbLine
10
277.456
20
202.307
30
0
11
277.57
21
202.383
31
0
0
LINE
5
18E6
330
C
100
AcDbEntity
8
0
100
AcDbLine
10
277.57
20
202.383
30
0
11
277.689
21
202.452
31
0
0
LINE
5
18E7
330
C
100
AcDbEntity
8
0
100
AcDbLine
10
277.689
20
202.452
30
0
11
277.811
21
202.514
31
0
0
LINE
5
18E8
330
C
100
AcDbEntity
8
0
100
AcDbLine
10
277.811
20
202.514
30
0
11
277.936
21
202.568
31
0
0
LINE
5
18E9
330
C
100
AcDbEntity
8
0
100
AcDbLine
10
277.936
20
202.568
30
0
11
278.065
21
202.615
31
0
0
LINE
5
18EA
330
C
100
AcDbEntity
8
0
100
AcDbLine
10
278.065
20
202.615
30
0
11
278.196
21
202.655
31
0
0
LINE
5
18EB
330
C
100
AcDbEntity
8
0
100
AcDbLine
10
278.196
20
202.655
30
0
11
278.332
21
202.688
31
0
0
LINE
5
18EC
330
C
100
AcDbEntity
8
0
100
AcDbLine
10
278.332
20
202.688
30
0
11
278.47
21
202.713
31
0
0
LINE
5
18ED
330
C
100
AcDbEntity
8
0
100
AcDbLine
10
278.47
20
202.713
30
0
11
278.612
21
202.731
31
0
0
LINE
5
18EE
330
C
100
AcDbEntity
8
0
100
AcDbLine
10
278.612
20
202.731
30
0
11
278.757
21
202.742
31
0
0
LINE
5
18EF
330
C
100
AcDbEntity
8
0
100
AcDbLine
10
278.757
20
202.742
30
0
11
278.905
21
202.746
31
0
0
LINE
5
18F0
330
C
100
AcDbEntity
8
0
100
AcDbLine
10
278.905
20
202.746
30
0
11
278.905
21
202.746
31
0
0
LINE
5
18F1
330
C
100
AcDbEntity
8
0
100
AcDbLine
10
278.905
20
202.746
30
0
11
279.034
21
202.743
31
0
0
LINE
5
18F2
330
C
100
AcDbEntity
8
0
100
AcDbLine
10
279.034
20
202.743
30
0
11
279.159
21
202.735
31
0
0
LINE
5
18F3
330
C
100
AcDbEntity
8
0
100
AcDbLine
10
279.159
20
202.735
30
0
11
279.28
21
202.722
31
0
0
LINE
5
18F4
330
C
100
AcDbEntity
8
0
100
AcDbLine
10
279.28
20
202.722
30
0
11
279.398
21
202.704
31
0
0
LINE
5
18F5
330
C
100
AcDbEntity
8
0
100
AcDbLine
10
279.398
20
202.704
30
0
11
279.511
21
202.68
31
0
0
LINE
5
18F6
330
C
100
AcDbEntity
8
0
100
AcDbLine
10
279.511
20
202.68
30
0
11
279.621
21
202.651
31
0
0
LINE
5
18F7
330
C
100
AcDbEntity
8
0
100
AcDbLine
10
279.621
20
202.651
30
0
11
279.727
21
202.617
31
0
0
LINE
5
18F8
330
C
100
AcDbEntity
8
0
100
AcDbLine
10
279.727
20
202.617
30
0
11
279.829
21
202.577
31
0
0
LINE
5
18F9
330
C
100
AcDbEntity
8
0
100
AcDbLine
10
279.829
20
202.577
30
0
11
279.927
21
202.532
31
0
0
LINE
5
18FA
330
C
100
AcDbEntity
8
0
100
AcDbLine
10
279.927
20
202.532
30
0
11
280.021
21
202.482
31
0
0
LINE
5
18FB
330
C
100
AcDbEntity
8
0
100
AcDbLine
10
280.021
20
202.482
30
0
11
280.112
21
202.427
31
0
0
LINE
5
18FC
330
C
100
AcDbEntity
8
0
100
AcDbLine
10
280.112
20
202.427
30
0
11
280.199
21
202.369
31
0
0
LINE
5
18FD
330
C
100
AcDbEntity
8
0
100
AcDbLine
10
280.199
20
202.369
30
0
11
280.282
21
202.307
31
0
0
LINE
5
18FE
330
C
100
AcDbEntity
8
0
100
AcDbLine
10
280.282
20
202.307
30
0
11
280.362
21
202.241
31
0
0
LINE
5
18FF
330
C
100
AcDbEntity
8
0
100
AcDbLine
10
280.362
20
202.241
30
0
11
280.438
21
202.172
31
0
0
LINE
5
1900
330
C
100
AcDbEntity
8
0
100
AcDbLine
10
280.438
20
202.172
30
0
11
280.511
21
202.098
31
0
0
LINE
5
1901
330
C
100
AcDbEntity
8
0
100
AcDbLine
10
280.511
20
202.098
30
0
11
280.58
21
202.021
31
0
0
LINE
5
1902
330
C
100
AcDbEntity
8
0
100
AcDbLine
10
280.58
20
202.021
30
0
11
280.645
21
201.941
31
0
0
LINE
5
1903
330
C
100
AcDbEntity
8
0
100
AcDbLine
10
280.645
20
201.941
30
0
11
280.707
21
201.856
31
0
0
LINE
5
1904
330
C
100
AcDbEntity
8
0
100
AcDbLine
10
280.707
20
201.856
30
0
11
280.765
21
201.768
31
0
0
LINE
5
1905
330
C
100
AcDbEntity
8
0
100
AcDbLine
10
280.765
20
201.768
30
0
11
280.82
21
201.677
31
0
0
LINE
5
1906
330
C
100
AcDbEntity
8
0
100
AcDbLine
10
280.82
20
201.677
30
0
11
280.871
21
201.583
31
0
0
LINE
5
1907
330
C
100
AcDbEntity
8
0
100
AcDbLine
10
280.871
20
201.583
30
0
11
280.919
21
201.487
31
0
0
LINE
5
1908
330
C
100
AcDbEntity
8
0
100
AcDbLine
10
280.919
20
201.487
30
0
11
280.963
21
201.389
31
0
0
LINE
5
1909
330
C
100
AcDbEntity
8
0
100
AcDbLine
10
280.963
20
201.389
30
0
11
281.004
21
201.289
31
0
0
LINE
5
190A
330
C
100
AcDbEntity
8
0
100
AcDbLine
10
281.004
20
201.289
30
0
11
281.042
21
201.186
31
0
0
LINE
5
190B
330
C
100
AcDbEntity
8
0
100
AcDbLine
10
281.042
20
201.186
30
0
11
281.076
21
201.081
31
0
0
LINE
5
190C
330
C
100
AcDbEntity
8
0
100
AcDbLine
10
281.076
20
201.081
30
0
11
281.107
21
200.973
31
0
0
LINE
5
190D
330
C
100
AcDbEntity
8
0
100
AcDbLine
10
281.107
20
200.973
30
0
11
281.134
21
200.863
31
0
0
LINE
5
190E
330
C
100
AcDbEntity
8
0
100
AcDbLine
10
281.134
20
200.863
30
0
11
281.158
21
200.751
31
0
0
LINE
5
190F
330
C
100
AcDbEntity
8
0
100
AcDbLine
10
281.158
20
200.751
30
0
11
281.179
21
200.637
31
0
0
LINE
5
1910
330
C
100
AcDbEntity
8
0
100
AcDbLine
10
281.179
20
200.637
30
0
11
281.196
21
200.523
31
0
0
LINE
5
1911
330
C
100
AcDbEntity
8
0
100
AcDbLine
10
281.196
20
200.523
30
0
11
281.211
21
200.407
31
0
0
LINE
5
1912
330
C
100
AcDbEntity
8
0
100
AcDbLine
10
281.211
20
200.407
30
0
11
281.222
21
200.291
31
0
0
LINE
5
1913
330
C
100
AcDbEntity
8
0
100
AcDbLine
10
281.222
20
200.291
30
0
11
281.229
21
200.174
31
0
0
LINE
5
1914
330
C
100
AcDbEntity
8
0
100
AcDbLine
10
281.229
20
200.174
30
0
11
281.234
21
200.057
31
0
0
LINE
5
1915
330
C
100
AcDbEntity
8
0
100
AcDbLine
10
281.234
20
200.057
30
0
11
281.236
21
199.938
31
0
0
LINE
5
1916
330
C
100
AcDbEntity
8
0
100
AcDbLine
10
281.236
20
199.938
30
0
11
281.234
21
199.819
31
0
0
LINE
5
1917
330
C
100
AcDbEntity
8
0
100
AcDbLine
10
281.234
20
199.819
30
0
11
281.229
21
199.699
31
0
0
LINE
5
1918
330
C
100
AcDbEntity
8
0
100
AcDbLine
10
281.229
20
199.699
30
0
11
281.221
21
199.578
31
0
0
LINE
5
1919
330
C
100
AcDbEntity
8
0
100
AcDbLine
10
281.221
20
199.578
30
0
11
281.221
21
199.578
31
0
0
LINE
5
191A
330
C
100
AcDbEntity
8
0
100
AcDbLine
10
281.221
20
199.578
30
0
11
277.069
21
199.578
31
0
0
LINE
5
191B
330
C
100
AcDbEntity
8
0
100
AcDbLine
10
277.069
20
199.578
30
0
11
277.069
21
200.154
31
0
0
LINE
5
191C
330
C
100
AcDbEntity
8
0
100
AcDbLine
10
277.069
20
200.154
30
0
11
280.603
21
200.154
31
0
0
LINE
5
191D
330
C
100
AcDbEntity
8
0
100
AcDbLine
10
280.603
20
200.154
30
0
11
280.327
21
199.974
31
0
0
LINE
5
191E
330
C
100
AcDbEntity
8
0
100
AcDbLine
10
280.327
20
199.974
30
0
11
280.33
21
200.045
31
0
0
LINE
5
191F
330
C
100
AcDbEntity
8
0
100
AcDbLine
10
280.33
20
200.045
30
0
11
280.331
21
200.116
31
0
0
LINE
5
1920
330
C
100
AcDbEntity
8
0
100
AcDbLine
10
280.331
20
200.116
30
0
11
280.331
21
200.186
31
0
0
LINE
5
1921
330
C
100
AcDbEntity
8
0
100
AcDbLine
10
280.331
20
200.186
30
0
11
280.33
21
200.257
31
0
0
LINE
5
1922
330
C
100
AcDbEntity
8
0
100
AcDbLine
10
280.33
20
200.257
30
0
11
280.326
21
200.328
31
0
0
LINE
5
1923
330
C
100
AcDbEntity
8
0
100
AcDbLine
10
280.326
20
200.328
30
0
11
280.322
21
200.399
31
0
0
LINE
5
1924
330
C
100
AcDbEntity
8
0
100
AcDbLine
10
280.322
20
200.399
30
0
11
280.316
21
200.47
31
0
0
LINE
5
1925
330
C
100
AcDbEntity
8
0
100
AcDbLine
10
280.316
20
200.47
30
0
11
280.308
21
200.54
31
0
0
LINE
5
1926
330
C
100
AcDbEntity
8
0
100
AcDbLine
10
280.308
20
200.54
30
0
11
280.299
21
200.611
31
0
0
LINE
5
1927
330
C
100
AcDbEntity
8
0
100
AcDbLine
10
280.299
20
200.611
30
0
11
280.288
21
200.682
31
0
0
LINE
5
1928
330
C
100
AcDbEntity
8
0
100
AcDbLine
10
280.288
20
200.682
30
0
11
280.276
21
200.752
31
0
0
LINE
5
1929
330
C
100
AcDbEntity
8
0
100
AcDbLine
10
280.276
20
200.752
30
0
11
280.261
21
200.821
31
0
0
LINE
5
192A
330
C
100
AcDbEntity
8
0
100
AcDbLine
10
280.261
20
200.821
30
0
11
280.245
21
200.889
31
0
0
LINE
5
192B
330
C
100
AcDbEntity
8
0
100
AcDbLine
10
280.245
20
200.889
30
0
11
280.227
21
200.956
31
0
0
LINE
5
192C
330
C
100
AcDbEntity
8
0
100
AcDbLine
10
280.227
20
200.956
30
0
11
280.206
21
201.022
31
0
0
LINE
5
192D
330
C
100
AcDbEntity
8
0
100
AcDbLine
10
280.206
20
201.022
30
0
11
280.184
21
201.086
31
0
0
LINE
5
192E
330
C
100
AcDbEntity
8
0
100
AcDbLine
10
280.184
20
201.086
30
0
11
280.16
21
201.15
31
0
0
LINE
5
192F
330
C
100
AcDbEntity
8
0
100
AcDbLine
10
280.16
20
201.15
30
0
11
280.134
21
201.212
31
0
0
LINE
5
1930
330
C
100
AcDbEntity
8
0
100
AcDbLine
10
280.134
20
201.212
30
0
11
280.105
21
201.273
31
0
0
LINE
5
1931
330
C
100
AcDbEntity
8
0
100
AcDbLine
10
280.105
20
201.273
30
0
11
280.075
21
201.333
31
0
0
LINE
5
1932
330
C
100
AcDbEntity
8
0
100
AcDbLine
10
280.075
20
201.333
30
0
11
280.043
21
201.391
31
0
0
LINE
5
1933
330
C
100
AcDbEntity
8
0
100
AcDbLine
10
280.043
20
201.391
30
0
11
280.008
21
201.447
31
0
0
LINE
5
1934
330
C
100
AcDbEntity
8
0
100
AcDbLine
10
280.008
20
201.447
30
0
11
279.97
21
201.501
31
0
0
LINE
5
1935
330
C
100
AcDbEntity
8
0
100
AcDbLine
10
279.97
20
201.501
30
0
11
279.93
21
201.552
31
0
0
LINE
5
1936
330
C
100
AcDbEntity
8
0
100
AcDbLine
10
279.93
20
201.552
30
0
11
279.888
21
201.601
31
0
0
LINE
5
1937
330
C
100
AcDbEntity
8
0
100
AcDbLine
10
279.888
20
201.601
30
0
11
279.843
21
201.647
31
0
0
LINE
5
1938
330
C
100
AcDbEntity
8
0
100
AcDbLine
10
279.843
20
201.647
30
0
11
279.795
21
201.691
31
0
0
LINE
5
1939
330
C
100
AcDbEntity
8
0
100
AcDbLine
10
279.795
20
201.691
30
0
11
279.745
21
201.733
31
0
0
LINE
5
193A
330
C
100
AcDbEntity
8
0
100
AcDbLine
10
279.745
20
201.733
30
0
11
279.692
21
201.773
31
0
0
LINE
5
193B
330
C
100
AcDbEntity
8
0
100
AcDbLine
10
279.692
20
201.773
30
0
11
279.637
21
201.81
31
0
0
LINE
5
193C
330
C
100
AcDbEntity
8
0
100
AcDbLine
10
279.637
20
201.81
30
0
11
279.579
21
201.844
31
0
0
LINE
5
193D
330
C
100
AcDbEntity
8
0
100
AcDbLine
10
279.579
20
201.844
30
0
11
279.518
21
201.875
31
0
0
LINE
5
193E
330
C
100
AcDbEntity
8
0
100
AcDbLine
10
279.518
20
201.875
30
0
11
279.454
21
201.902
31
0
0
LINE
5
193F
330
C
100
AcDbEntity
8
0
100
AcDbLine
10
279.454
20
201.902
30
0
11
279.387
21
201.925
31
0
0
LINE
5
1940
330
C
100
AcDbEntity
8
0
100
AcDbLine
10
279.387
20
201.925
30
0
11
279.316
21
201.945
31
0
0
LINE
5
1941
330
C
100
AcDbEntity
8
0
100
AcDbLine
10
279.316
20
201.945
30
0
11
279.243
21
201.961
31
0
0
LINE
5
1942
330
C
100
AcDbEntity
8
0
100
AcDbLine
10
279.243
20
201.961
30
0
11
279.166
21
201.974
31
0
0
LINE
5
1943
330
C
100
AcDbEntity
8
0
100
AcDbLine
10
279.166
20
201.974
30
0
11
279.086
21
201.983
31
0
0
LINE
5
1944
330
C
100
AcDbEntity
8
0
100
AcDbLine
10
279.086
20
201.983
30
0
11
279.003
21
201.988
31
0
0
LINE
5
1945
330
C
100
AcDbEntity
8
0
100
AcDbLine
10
279.003
20
201.988
30
0
11
278.917
21
201.99
31
0
0
LINE
5
1946
330
C
100
AcDbEntity
8
0
100
AcDbLine
10
278.917
20
201.99
30
0
11
278.917
21
201.99
31
0
0
LINE
5
1947
330
C
100
AcDbEntity
8
0
100
AcDbLine
10
278.917
20
201.99
30
0
11
278.809
21
201.987
31
0
0
LINE
5
1948
330
C
100
AcDbEntity
8
0
100
AcDbLine
10
278.809
20
201.987
30
0
11
278.704
21
201.979
31
0
0
LINE
5
1949
330
C
100
AcDbEntity
8
0
100
AcDbLine
10
278.704
20
201.979
30
0
11
278.602
21
201.965
31
0
0
LINE
5
194A
330
C
100
AcDbEntity
8
0
100
AcDbLine
10
278.602
20
201.965
30
0
11
278.504
21
201.945
31
0
0
LINE
5
194B
330
C
100
AcDbEntity
8
0
100
AcDbLine
10
278.504
20
201.945
30
0
11
278.41
21
201.919
31
0
0
LINE
5
194C
330
C
100
AcDbEntity
8
0
100
AcDbLine
10
278.41
20
201.919
30
0
11
278.32
21
201.888
31
0
0
LINE
5
194D
330
C
100
AcDbEntity
8
0
100
AcDbLine
10
278.32
20
201.888
30
0
11
278.233
21
201.852
31
0
0
LINE
5
194E
330
C
100
AcDbEntity
8
0
100
AcDbLine
10
278.233
20
201.852
30
0
11
278.149
21
201.81
31
0
0
LINE
5
194F
330
C
100
AcDbEntity
8
0
100
AcDbLine
10
278.149
20
201.81
30
0
11
278.069
21
201.762
31
0
0
LINE
5
1950
330
C
100
AcDbEntity
8
0
100
AcDbLine
10
278.069
20
201.762
30
0
11
277.993
21
201.708
31
0
0
LINE
5
1951
330
C
100
AcDbEntity
8
0
100
AcDbLine
10
277.993
20
201.708
30
0
11
277.921
21
201.65
31
0
0
LINE
5
1952
330
C
100
AcDbEntity
8
0
100
AcDbLine
10
277.921
20
201.65
30
0
11
277.852
21
201.588
31
0
0
LINE
5
1953
330
C
100
AcDbEntity
8
0
100
AcDbLine
10
277.852
20
201.588
30
0
11
277.787
21
201.523
31
0
0
LINE
5
1954
330
C
100
AcDbEntity
8
0
100
AcDbLine
10
277.787
20
201.523
30
0
11
277.725
21
201.454
31
0
0
LINE
5
1955
330
C
100
AcDbEntity
8
0
100
AcDbLine
10
277.725
20
201.454
30
0
11
277.668
21
201.382
31
0
0
LINE
5
1956
330
C
100
AcDbEntity
8
0
100
AcDbLine
10
277.668
20
201.382
30
0
11
277.614
21
201.306
31
0
0
LINE
5
1957
330
C
100
AcDbEntity
8
0
100
AcDbLine
10
277.614
20
201.306
30
0
11
277.564
21
201.226
31
0
0
LINE
5
1958
330
C
100
AcDbEntity
8
0
100
AcDbLine
10
277.564
20
201.226
30
0
11
277.517
21
201.144
31
0
0
LINE
5
1959
330
C
100
AcDbEntity
8
0
100
AcDbLine
10
277.517
20
201.144
30
0
11
277.474
21
201.057
31
0
0
LINE
5
195A
330
C
100
AcDbEntity
8
0
100
AcDbLine
10
277.474
20
201.057
30
0
11
277.435
21
200.967
31
0
0
LINE
5
195B
330
C
100
AcDbEntity
8
0
100
AcDbLine
10
277.435
20
200.967
30
0
11
277.4
21
200.874
31
0
0
LINE
5
195C
330
C
100
AcDbEntity
8
0
100
AcDbLine
10
277.4
20
200.874
30
0
11
277.368
21
200.78
31
0
0
LINE
5
195D
330
C
100
AcDbEntity
8
0
100
AcDbLine
10
277.368
20
200.78
30
0
11
277.34
21
200.685
31
0
0
LINE
5
195E
330
C
100
AcDbEntity
8
0
100
AcDbLine
10
277.34
20
200.685
30
0
11
277.316
21
200.588
31
0
0
LINE
5
195F
330
C
100
AcDbEntity
8
0
100
AcDbLine
10
277.316
20
200.588
30
0
11
277.296
21
200.489
31
0
0
LINE
5
1960
330
C
100
AcDbEntity
8
0
100
AcDbLine
10
277.296
20
200.489
30
0
11
277.279
21
200.389
31
0
0
LINE
5
1961
330
C
100
AcDbEntity
8
0
100
AcDbLine
10
277.279
20
200.389
30
0
11
277.266
21
200.288
31
0
0
LINE
5
1962
330
C
100
AcDbEntity
8
0
100
AcDbLine
10
277.266
20
200.288
30
0
11
277.257
21
200.185
31
0
0
LINE
5
1963
330
C
100
AcDbEntity
8
0
100
AcDbLine
10
277.257
20
200.185
30
0
11
277.251
21
200.08
31
0
0
LINE
5
1964
330
C
100
AcDbEntity
8
0
100
AcDbLine
10
277.251
20
200.08
30
0
11
277.249
21
199.974
31
0
0
LINE
5
1965
330
C
100
AcDbEntity
8
0
100
AcDbLine
10
277.249
20
199.974
30
0
11
277.249
21
199.974
31
0
0
LINE
5
1966
330
C
100
AcDbEntity
8
0
100
AcDbLine
10
277.249
20
199.974
30
0
11
277.249
21
199.59
31
0
0
LINE
5
1967
330
C
100
AcDbEntity
8
0
100
AcDbLine
10
277.249
20
199.59
30
0
11
277.251
21
199.471
31
0
0
LINE
5
1968
330
C
100
AcDbEntity
8
0
100
AcDbLine
10
277.251
20
199.471
30
0
11
277.257
21
199.355
31
0
0
LINE
5
1969
330
C
100
AcDbEntity
8
0
100
AcDbLine
10
277.257
20
199.355
30
0
11
277.266
21
199.241
31
0
0
LINE
5
196A
330
C
100
AcDbEntity
8
0
100
AcDbLine
10
277.266
20
199.241
30
0
11
277.278
21
199.13
31
0
0
LINE
5
196B
330
C
100
AcDbEntity
8
0
100
AcDbLine
10
277.278
20
199.13
30
0
11
277.295
21
199.022
31
0
0
LINE
5
196C
330
C
100
AcDbEntity
8
0
100
AcDbLine
10
277.295
20
199.022
30
0
11
277.315
21
198.915
31
0
0
LINE
5
196D
330
C
100
AcDbEntity
8
0
100
AcDbLine
10
277.315
20
198.915
30
0
11
277.339
21
198.812
31
0
0
LINE
5
196E
330
C
100
AcDbEntity
8
0
100
AcDbLine
10
277.339
20
198.812
30
0
11
277.366
21
198.711
31
0
0
LINE
5
196F
330
C
100
AcDbEntity
8
0
100
AcDbLine
10
277.366
20
198.711
30
0
11
277.397
21
198.612
31
0
0
LINE
5
1970
330
C
100
AcDbEntity
8
0
100
AcDbLine
10
277.397
20
198.612
30
0
11
277.432
21
198.516
31
0
0
LINE
5
1971
330
C
100
AcDbEntity
8
0
100
AcDbLine
10
277.432
20
198.516
30
0
11
277.471
21
198.423
31
0
0
LINE
5
1972
330
C
100
AcDbEntity
8
0
100
AcDbLine
10
277.471
20
198.423
30
0
11
277.513
21
198.334
31
0
0
LINE
5
1973
330
C
100
AcDbEntity
8
0
100
AcDbLine
10
277.513
20
198.334
30
0
11
277.558
21
198.249
31
0
0
LINE
5
1974
330
C
100
AcDbEntity
8
0
100
AcDbLine
10
277.558
20
198.249
30
0
11
277.608
21
198.168
31
0
0
LINE
5
1975
330
C
100
AcDbEntity
8
0
100
AcDbLine
10
277.608
20
198.168
30
0
11
277.661
21
198.091
31
0
0
LINE
5
1976
330
C
100
AcDbEntity
8
0
100
AcDbLine
10
277.661
20
198.091
30
0
11
277.718
21
198.018
31
0
0
LINE
5
1977
330
C
100
AcDbEntity
8
0
100
AcDbLine
10
277.718
20
198.018
30
0
11
277.778
21
197.949
31
0
0
LINE
5
1978
330
C
100
AcDbEntity
8
0
100
AcDbLine
10
277.778
20
197.949
30
0
11
277.842
21
197.884
31
0
0
LINE
5
1979
330
C
100
AcDbEntity
8
0
100
AcDbLine
10
277.842
20
197.884
30
0
11
277.91
21
197.823
31
0
0
LINE
5
197A
330
C
100
AcDbEntity
8
0
100
AcDbLine
10
277.91
20
197.823
30
0
11
277.981
21
197.766
31
0
0
LINE
5
197B
330
C
100
AcDbEntity
8
0
100
AcDbLine
10
277.981
20
197.766
30
0
11
278.056
21
197.714
31
0
0
LINE
5
197C
330
C
100
AcDbEntity
8
0
100
AcDbLine
10
278.056
20
197.714
30
0
11
278.135
21
197.667
31
0
0
LINE
5
197D
330
C
100
AcDbEntity
8
0
100
AcDbLine
10
278.135
20
197.667
30
0
11
278.218
21
197.625
31
0
0
LINE
5
197E
330
C
100
AcDbEntity
8
0
100
AcDbLine
10
278.218
20
197.625
30
0
11
278.305
21
197.589
31
0
0
LINE
5
197F
330
C
100
AcDbEntity
8
0
100
AcDbLine
10
278.305
20
197.589
30
0
11
278.395
21
197.559
31
0
0
LINE
5
1980
330
C
100
AcDbEntity
8
0
100
AcDbLine
10
278.395
20
197.559
30
0
11
278.49
21
197.534
31
0
0
LINE
5
1981
330
C
100
AcDbEntity
8
0
100
AcDbLine
10
278.49
20
197.534
30
0
11
278.588
21
197.515
31
0
0
LINE
5
1982
330
C
100
AcDbEntity
8
0
100
AcDbLine
10
278.588
20
197.515
30
0
11
278.69
21
197.501
31
0
0
LINE
5
1983
330
C
100
AcDbEntity
8
0
100
AcDbLine
10
278.69
20
197.501
30
0
11
278.796
21
197.493
31
0
0
LINE
5
1984
330
C
100
AcDbEntity
8
0
100
AcDbLine
10
278.796
20
197.493
30
0
11
278.905
21
197.49
31
0
0
LINE
5
1985
330
C
100
AcDbEntity
8
0
100
AcDbLine
10
278.905
20
197.49
30
0
11
278.905
21
197.49
31
0
0
LINE
5
1986
330
C
100
AcDbEntity
8
0
100
AcDbLine
10
278.905
20
197.49
30
0
11
279.015
21
197.493
31
0
0
LINE
5
1987
330
C
100
AcDbEntity
8
0
100
AcDbLine
10
279.015
20
197.493
30
0
11
279.12
21
197.501
31
0
0
LINE
5
1988
330
C
100
AcDbEntity
8
0
100
AcDbLine
10
279.12
20
197.501
30
0
11
279.222
21
197.514
31
0
0
LINE
5
1989
330
C
100
AcDbEntity
8
0
100
AcDbLine
10
279.222
20
197.514
30
0
11
279.32
21
197.533
31
0
0
LINE
5
198A
330
C
100
AcDbEntity
8
0
100
AcDbLine
10
279.32
20
197.533
30
0
11
279.414
21
197.558
31
0
0
LINE
5
198B
330
C
100
AcDbEntity
8
0
100
AcDbLine
10
279.414
20
197.558
30
0
11
279.504
21
197.587
31
0
0
LINE
5
198C
330
C
100
AcDbEntity
8
0
100
AcDbLine
10
279.504
20
197.587
30
0
11
279.589
21
197.622
31
0
0
LINE
5
198D
330
C
100
AcDbEntity
8
0
100
AcDbLine
10
279.589
20
197.622
30
0
11
279.671
21
197.663
31
0
0
LINE
5
198E
330
C
100
AcDbEntity
8
0
100
AcDbLine
10
279.671
20
197.663
30
0
11
279.749
21
197.709
31
0
0
LINE
5
198F
330
C
100
AcDbEntity
8
0
100
AcDbLine
10
279.749
20
197.709
30
0
11
279.823
21
197.76
31
0
0
LINE
5
1990
330
C
100
AcDbEntity
8
0
100
AcDbLine
10
279.823
20
197.76
30
0
11
279.892
21
197.817
31
0
0
LINE
5
1991
330
C
100
AcDbEntity
8
0
100
AcDbLine
10
279.892
20
197.817
30
0
11
279.956
21
197.878
31
0
0
LINE
5
1992
330
C
100
AcDbEntity
8
0
100
AcDbLine
10
279.956
20
197.878
30
0
11
280.014
21
197.945
31
0
0
LINE
5
1993
330
C
100
AcDbEntity
8
0
100
AcDbLine
10
280.014
20
197.945
30
0
11
280.066
21
198.017
31
0
0
LINE
5
1994
330
C
100
AcDbEntity
8
0
100
AcDbLine
10
280.066
20
198.017
30
0
11
280.113
21
198.095
31
0
0
LINE
5
1995
330
C
100
AcDbEntity
8
0
100
AcDbLine
10
280.113
20
198.095
30
0
11
280.154
21
198.177
31
0
0
LINE
5
1996
330
C
100
AcDbEntity
8
0
100
AcDbLine
10
280.154
20
198.177
30
0
11
280.189
21
198.264
31
0
0
LINE
5
1997
330
C
100
AcDbEntity
8
0
100
AcDbLine
10
280.189
20
198.264
30
0
11
280.219
21
198.357
31
0
0
LINE
5
1998
330
C
100
AcDbEntity
8
0
100
AcDbLine
10
280.219
20
198.357
30
0
11
280.243
21
198.455
31
0
0
LINE
5
1999
330
C
100
AcDbEntity
8
0
100
AcDbLine
10
280.243
20
198.455
30
0
11
280.261
21
198.558
31
0
0
LINE
5
199A
330
C
100
AcDbEntity
8
0
100
AcDbLine
10
280.261
20
198.558
30
0
11
280.261
21
198.558
31
0
0
LINE
5
199B
330
C
100
AcDbEntity
8
0
100
AcDbLine
10
280.261
20
198.558
30
0
11
281.233
21
198.558
31
0
0
LINE
5
199C
330
C
100
AcDbEntity
8
0
100
AcDbLine
10
281.233
20
198.558
30
0
11
281.213
21
198.446
31
0
0
LINE
5
199D
330
C
100
AcDbEntity
8
0
100
AcDbLine
10
281.213
20
198.446
30
0
11
281.188
21
198.336
31
0
0
LINE
5
199E
330
C
100
AcDbEntity
8
0
100
AcDbLine
10
281.188
20
198.336
30
0
11
281.159
21
198.23
31
0
0
LINE
5
199F
330
C
100
AcDbEntity
8
0
100
AcDbLine
10
281.159
20
198.23
30
0
11
281.125
21
198.127
31
0
0
LINE
5
19A0
330
C
100
AcDbEntity
8
0
100
AcDbLine
10
281.125
20
198.127
30
0
11
281.086
21
198.028
31
0
0
LINE
5
19A1
330
C
100
AcDbEntity
8
0
100
AcDbLine
10
281.086
20
198.028
30
0
11
281.043
21
197.931
31
0
0
LINE
5
19A2
330
C
100
AcDbEntity
8
0
100
AcDbLine
10
281.043
20
197.931
30
0
11
280.995
21
197.838
31
0
0
LINE
5
19A3
330
C
100
AcDbEntity
8
0
100
AcDbLine
10
280.995
20
197.838
30
0
11
280.943
21
197.748
31
0
0
LINE
5
19A4
330
C
100
AcDbEntity
8
0
100
AcDbLine
10
280.943
20
197.748
30
0
11
280.887
21
197.661
31
0
0
LINE
5
19A5
330
C
100
AcDbEntity
8
0
100
AcDbLine
10
280.887
20
197.661
30
0
11
280.825
21
197.577
31
0
0
LINE
5
19A6
330
C
100
AcDbEntity
8
0
100
AcDbLine
10
280.825
20
197.577
30
0
11
280.76
21
197.497
31
0
0
LINE
5
19A7
330
C
100
AcDbEntity
8
0
100
AcDbLine
10
280.76
20
197.497
30
0
11
280.691
21
197.42
31
0
0
LINE
5
19A8
330
C
100
AcDbEntity
8
0
100
AcDbLine
10
280.691
20
197.42
30
0
11
280.619
21
197.347
31
0
0
LINE
5
19A9
330
C
100
AcDbEntity
8
0
100
AcDbLine
10
280.619
20
197.347
30
0
11
280.543
21
197.278
31
0
0
LINE
5
19AA
330
C
100
AcDbEntity
8
0
100
AcDbLine
10
280.543
20
197.278
30
0
11
280.464
21
197.213
31
0
0
LINE
5
19AB
330
C
100
AcDbEntity
8
0
100
AcDbLine
10
280.464
20
197.213
30
0
11
280.381
21
197.152
31
0
0
LINE
5
19AC
330
C
100
AcDbEntity
8
0
100
AcDbLine
10
280.381
20
197.152
30
0
11
280.295
21
197.094
31
0
0
LINE
5
19AD
330
C
100
AcDbEntity
8
0
100
AcDbLine
10
280.295
20
197.094
30
0
11
280.205
21
197.04
31
0
0
LINE
5
19AE
330
C
100
AcDbEntity
8
0
100
AcDbLine
10
280.205
20
197.04
30
0
11
280.112
21
196.99
31
0
0
LINE
5
19AF
330
C
100
AcDbEntity
8
0
100
AcDbLine
10
280.112
20
196.99
30
0
11
280.015
21
196.944
31
0
0
LINE
5
19B0
330
C
100
AcDbEntity
8
0
100
AcDbLine
10
280.015
20
196.944
30
0
11
279.916
21
196.902
31
0
0
LINE
5
19B1
330
C
100
AcDbEntity
8
0
100
AcDbLine
10
279.916
20
196.902
30
0
11
279.813
21
196.864
31
0
0
LINE
5
19B2
330
C
100
AcDbEntity
8
0
100
AcDbLine
10
279.813
20
196.864
30
0
11
279.709
21
196.831
31
0
0
LINE
5
19B3
330
C
100
AcDbEntity
8
0
100
AcDbLine
10
279.709
20
196.831
30
0
11
279.601
21
196.802
31
0
0
LINE
5
19B4
330
C
100
AcDbEntity
8
0
100
AcDbLine
10
279.601
20
196.802
30
0
11
279.492
21
196.778
31
0
0
LINE
5
19B5
330
C
100
AcDbEntity
8
0
100
AcDbLine
10
279.492
20
196.778
30
0
11
279.379
21
196.758
31
0
0
LINE
5
19B6
330
C
100
AcDbEntity
8
0
100
AcDbLine
10
279.379
20
196.758
30
0
11
279.265
21
196.742
31
0
0
LINE
5
19B7
330
C
100
AcDbEntity
8
0
100
AcDbLine
10
279.265
20
196.742
30
0
11
279.147
21
196.731
31
0
0
LINE
5
19B8
330
C
100
AcDbEntity
8
0
100
AcDbLine
10
279.147
20
196.731
30
0
11
279.028
21
196.724
31
0
0
LINE
5
19B9
330
C
100
AcDbEntity
8
0
100
AcDbLine
10
279.028
20
196.724
30
0
11
278.905
21
196.722
31
0
0
LINE
5
19BA
330
C
100
AcDbEntity
8
0
100
AcDbLine
10
278.905
20
196.722
30
0
11
278.905
21
196.722
31
0
0
LINE
5
19BB
330
C
100
AcDbEntity
8
0
100
AcDbLine
10
285.247
20
196.722
30
0
11
285.247
21
196.722
31
0
0
LINE
5
19BC
330
C
100
AcDbEntity
8
0
100
AcDbLine
10
285.247
20
196.722
30
0
11
285.106
21
196.725
31
0
0
LINE
5
19BD
330
C
100
AcDbEntity
8
0
100
AcDbLine
10
285.106
20
196.725
30
0
11
284.967
21
196.732
31
0
0
LINE
5
19BE
330
C
100
AcDbEntity
8
0
100
AcDbLine
10
284.967
20
196.732
30
0
11
284.83
21
196.745
31
0
0
LINE
5
19BF
330
C
100
AcDbEntity
8
0
100
AcDbLine
10
284.83
20
196.745
30
0
11
284.696
21
196.763
31
0
0
LINE
5
19C0
330
C
100
AcDbEntity
8
0
100
AcDbLine
10
284.696
20
196.763
30
0
11
284.565
21
196.786
31
0
0
LINE
5
19C1
330
C
100
AcDbEntity
8
0
100
AcDbLine
10
284.565
20
196.786
30
0
11
284.436
21
196.815
31
0
0
LINE
5
19C2
330
C
100
AcDbEntity
8
0
100
AcDbLine
10
284.436
20
196.815
30
0
11
284.309
21
196.848
31
0
0
LINE
5
19C3
330
C
100
AcDbEntity
8
0
100
AcDbLine
10
284.309
20
196.848
30
0
11
284.185
21
196.887
31
0
0
LINE
5
19C4
330
C
100
AcDbEntity
8
0
100
AcDbLine
10
284.185
20
196.887
30
0
11
284.064
21
196.931
31
0
0
LINE
5
19C5
330
C
100
AcDbEntity
8
0
100
AcDbLine
10
284.064
20
196.931
30
0
11
283.945
21
196.98
31
0
0
LINE
5
19C6
330
C
100
AcDbEntity
8
0
100
AcDbLine
10
283.945
20
196.98
30
0
11
283.83
21
197.034
31
0
0
LINE
5
19C7
330
C
100
AcDbEntity
8
0
100
AcDbLine
10
283.83
20
197.034
30
0
11
283.719
21
197.093
31
0
0
LINE
5
19C8
330
C
100
AcDbEntity
8
0
100
AcDbLine
10
283.719
20
197.093
30
0
11
283.613
21
197.157
31
0
0
LINE
5
19C9
330
C
100
AcDbEntity
8
0
100
AcDbLine
10
283.613
20
197.157
30
0
11
283.512
21
197.225
31
0
0
LINE
5
19CA
330
C
100
AcDbEntity
8
0
100
AcDbLine
10
283.512
20
197.225
30
0
11
283.416
21
197.299
31
0
0
LINE
5
19CB
330
C
100
AcDbEntity
8
0
100
AcDbLine
10
283.416
20
197.299
30
0
11
283.324
21
197.377
31
0
0
LINE
5
19CC
330
C
100
AcDbEntity
8
0
100
AcDbLine
10
283.324
20
197.377
30
0
11
283.237
21
197.46
31
0
0
LINE
5
19CD
330
C
100
AcDbEntity
8
0
100
AcDbLine
10
283.237
20
197.46
30
0
11
283.154
21
197.548
31
0
0
LINE
5
19CE
330
C
100
AcDbEntity
8
0
100
AcDbLine
10
283.154
20
197.548
30
0
11
283.076
21
197.641
31
0
0
LINE
5
19CF
330
C
100
AcDbEntity
8
0
100
AcDbLine
10
283.076
20
197.641
30
0
11
283.003
21
197.739
31
0
0
LINE
5
19D0
330
C
100
AcDbEntity
8
0
100
AcDbLine
10
283.003
20
197.739
30
0
11
282.936
21
197.841
31
0
0
LINE
5
19D1
330
C
100
AcDbEntity
8
0
100
AcDbLine
10
282.936
20
197.841
30
0
11
282.876
21
197.948
31
0
0
LINE
5
19D2
330
C
100
AcDbEntity
8
0
100
AcDbLine
10
282.876
20
197.948
30
0
11
282.822
21
198.06
31
0
0
LINE
5
19D3
330
C
100
AcDbEntity
8
0
100
AcDbLine
10
282.822
20
198.06
30
0
11
282.776
21
198.176
31
0
0
LINE
5
19D4
330
C
100
AcDbEntity
8
0
100
AcDbLine
10
282.776
20
198.176
30
0
11
282.736
21
198.296
31
0
0
LINE
5
19D5
330
C
100
AcDbEntity
8
0
100
AcDbLine
10
282.736
20
198.296
30
0
11
282.704
21
198.421
31
0
0
LINE
5
19D6
330
C
100
AcDbEntity
8
0
100
AcDbLine
10
282.704
20
198.421
30
0
11
282.678
21
198.551
31
0
0
LINE
5
19D7
330
C
100
AcDbEntity
8
0
100
AcDbLine
10
282.678
20
198.551
30
0
11
282.66
21
198.685
31
0
0
LINE
5
19D8
330
C
100
AcDbEntity
8
0
100
AcDbLine
10
282.66
20
198.685
30
0
11
282.648
21
198.823
31
0
0
LINE
5
19D9
330
C
100
AcDbEntity
8
0
100
AcDbLine
10
282.648
20
198.823
30
0
11
282.643
21
198.966
31
0
0
LINE
5
19DA
330
C
100
AcDbEntity
8
0
100
AcDbLine
10
282.643
20
198.966
30
0
11
282.643
21
198.966
31
0
0
LINE
5
19DB
330
C
100
AcDbEntity
8
0
100
AcDbLine
10
282.643
20
198.966
30
0
11
283.579
21
198.966
31
0
0
LINE
5
19DC
330
C
100
AcDbEntity
8
0
100
AcDbLine
10
283.579
20
198.966
30
0
11
283.584
21
198.833
31
0
0
LINE
5
19DD
330
C
100
AcDbEntity
8
0
100
AcDbLine
10
283.584
20
198.833
30
0
11
283.599
21
198.706
31
0
0
LINE
5
19DE
330
C
100
AcDbEntity
8
0
100
AcDbLine
10
283.599
20
198.706
30
0
11
283.623
21
198.586
31
0
0
LINE
5
19DF
330
C
100
AcDbEntity
8
0
100
AcDbLine
10
283.623
20
198.586
30
0
11
283.656
21
198.473
31
0
0
LINE
5
19E0
330
C
100
AcDbEntity
8
0
100
AcDbLine
10
283.656
20
198.473
30
0
11
283.7
21
198.366
31
0
0
LINE
5
19E1
330
C
100
AcDbEntity
8
0
100
AcDbLine
10
283.7
20
198.366
30
0
11
283.753
21
198.266
31
0
0
LINE
5
19E2
330
C
100
AcDbEntity
8
0
100
AcDbLine
10
283.753
20
198.266
30
0
11
283.816
21
198.173
31
0
0
LINE
5
19E3
330
C
100
AcDbEntity
8
0
100
AcDbLine
10
283.816
20
198.173
30
0
11
283.888
21
198.087
31
0
0
LINE
5
19E4
330
C
100
AcDbEntity
8
0
100
AcDbLine
10
283.888
20
198.087
30
0
11
283.97
21
198.007
31
0
0
LINE
5
19E5
330
C
100
AcDbEntity
8
0
100
AcDbLine
10
283.97
20
198.007
30
0
11
284.062
21
197.934
31
0
0
LINE
5
19E6
330
C
100
AcDbEntity
8
0
100
AcDbLine
10
284.062
20
197.934
30
0
11
284.161
21
197.868
31
0
0
LINE
5
19E7
330
C
100
AcDbEntity
8
0
100
AcDbLine
10
284.161
20
197.868
30
0
11
284.264
21
197.809
31
0
0
LINE
5
19E8
330
C
100
AcDbEntity
8
0
100
AcDbLine
10
284.264
20
197.809
30
0
11
284.372
21
197.757
31
0
0
LINE
5
19E9
330
C
100
AcDbEntity
8
0
100
AcDbLine
10
284.372
20
197.757
30
0
11
284.484
21
197.711
31
0
0
LINE
5
19EA
330
C
100
AcDbEntity
8
0
100
AcDbLine
10
284.484
20
197.711
30
0
11
284.6
21
197.673
31
0
0
LINE
5
19EB
330
C
100
AcDbEntity
8
0
100
AcDbLine
10
284.6
20
197.673
30
0
11
284.721
21
197.642
31
0
0
LINE
5
19EC
330
C
100
AcDbEntity
8
0
100
AcDbLine
10
284.721
20
197.642
30
0
11
284.846
21
197.617
31
0
0
LINE
5
19ED
330
C
100
AcDbEntity
8
0
100
AcDbLine
10
284.846
20
197.617
30
0
11
284.975
21
197.6
31
0
0
LINE
5
19EE
330
C
100
AcDbEntity
8
0
100
AcDbLine
10
284.975
20
197.6
30
0
11
285.109
21
197.589
31
0
0
LINE
5
19EF
330
C
100
AcDbEntity
8
0
100
AcDbLine
10
285.109
20
197.589
30
0
11
285.247
21
197.586
31
0
0
LINE
5
19F0
330
C
100
AcDbEntity
8
0
100
AcDbLine
10
285.247
20
197.586
30
0
11
285.247
21
197.586
31
0
0
LINE
5
19F1
330
C
100
AcDbEntity
8
0
100
AcDbLine
10
285.247
20
197.586
30
0
11
285.406
21
197.591
31
0
0
LINE
5
19F2
330
C
100
AcDbEntity
8
0
100
AcDbLine
10
285.406
20
197.591
30
0
11
285.557
21
197.606
31
0
0
LINE
5
19F3
330
C
100
AcDbEntity
8
0
100
AcDbLine
10
285.557
20
197.606
30
0
11
285.702
21
197.631
31
0
0
LINE
5
19F4
330
C
100
AcDbEntity
8
0
100
AcDbLine
10
285.702
20
197.631
30
0
11
285.84
21
197.665
31
0
0
LINE
5
19F5
330
C
100
AcDbEntity
8
0
100
AcDbLine
10
285.84
20
197.665
30
0
11
285.971
21
197.71
31
0
0
LINE
5
19F6
330
C
100
AcDbEntity
8
0
100
AcDbLine
10
285.971
20
197.71
30
0
11
286.095
21
197.764
31
0
0
LINE
5
19F7
330
C
100
AcDbEntity
8
0
100
AcDbLine
10
286.095
20
197.764
30
0
11
286.212
21
197.829
31
0
0
LINE
5
19F8
330
C
100
AcDbEntity
8
0
100
AcDbLine
10
286.212
20
197.829
30
0
11
286.322
21
197.903
31
0
0
LINE
5
19F9
330
C
100
AcDbEntity
8
0
100
AcDbLine
10
286.322
20
197.903
30
0
11
286.426
21
197.987
31
0
0
LINE
5
19FA
330
C
100
AcDbEntity
8
0
100
AcDbLine
10
286.426
20
197.987
30
0
11
286.522
21
198.081
31
0
0
LINE
5
19FB
330
C
100
AcDbEntity
8
0
100
AcDbLine
10
286.522
20
198.081
30
0
11
286.611
21
198.182
31
0
0
LINE
5
19FC
330
C
100
AcDbEntity
8
0
100
AcDbLine
10
286.611
20
198.182
30
0
11
286.69
21
198.288
31
0
0
LINE
5
19FD
330
C
100
AcDbEntity
8
0
100
AcDbLine
10
286.69
20
198.288
30
0
11
286.759
21
198.399
31
0
0
LINE
5
19FE
330
C
100
AcDbEntity
8
0
100
AcDbLine
10
286.759
20
198.399
30
0
11
286.82
21
198.514
31
0
0
LINE
5
19FF
330
C
100
AcDbEntity
8
0
100
AcDbLine
10
286.82
20
198.514
30
0
11
286.871
21
198.634
31
0
0
LINE
5
1A00
330
C
100
AcDbEntity
8
0
100
AcDbLine
10
286.871
20
198.634
30
0
11
286.913
21
198.758
31
0
0
LINE
5
1A01
330
C
100
AcDbEntity
8
0
100
AcDbLine
10
286.913
20
198.758
30
0
11
286.945
21
198.887
31
0
0
LINE
5
1A02
330
C
100
AcDbEntity
8
0
100
AcDbLine
10
286.945
20
198.887
30
0
11
286.969
21
199.021
31
0
0
LINE
5
1A03
330
C
100
AcDbEntity
8
0
100
AcDbLine
10
286.969
20
199.021
30
0
11
286.983
21
199.159
31
0
0
LINE
5
1A04
330
C
100
AcDbEntity
8
0
100
AcDbLine
10
286.983
20
199.159
30
0
11
286.987
21
199.302
31
0
0
LINE
5
1A05
330
C
100
AcDbEntity
8
0
100
AcDbLine
10
286.987
20
199.302
30
0
11
286.987
21
199.302
31
0
0
LINE
5
1A06
330
C
100
AcDbEntity
8
0
100
AcDbLine
10
286.987
20
199.302
30
0
11
286.968
21
199.578
31
0
0
LINE
5
1A07
330
C
100
AcDbEntity
8
0
100
AcDbLine
10
286.968
20
199.578
30
0
11
286.912
21
199.825
31
0
0
LINE
5
1A08
330
C
100
AcDbEntity
8
0
100
AcDbLine
10
286.912
20
199.825
30
0
11
286.819
21
200.043
31
0
0
LINE
5
1A09
330
C
100
AcDbEntity
8
0
100
AcDbLine
10
286.819
20
200.043
30
0
11
286.688
21
200.231
31
0
0
LINE
5
1A0A
330
C
100
AcDbEntity
8
0
100
AcDbLine
10
286.688
20
200.231
30
0
11
286.519
21
200.391
31
0
0
LINE
5
1A0B
330
C
100
AcDbEntity
8
0
100
AcDbLine
10
286.519
20
200.391
30
0
11
286.313
21
200.522
31
0
0
LINE
5
1A0C
330
C
100
AcDbEntity
8
0
100
AcDbLine
10
286.313
20
200.522
30
0
11
286.07
21
200.623
31
0
0
LINE
5
1A0D
330
C
100
AcDbEntity
8
0
100
AcDbLine
10
286.07
20
200.623
30
0
11
285.789
21
200.696
31
0
0
LINE
5
1A0E
330
C
100
AcDbEntity
8
0
100
AcDbLine
10
285.789
20
200.696
30
0
11
285.471
21
200.739
31
0
0
LINE
5
1A0F
330
C
100
AcDbEntity
8
0
100
AcDbLine
10
285.471
20
200.739
30
0
11
285.115
21
200.754
31
0
0
LINE
5
1A10
330
C
100
AcDbEntity
8
0
100
AcDbLine
10
285.115
20
200.754
30
0
11
285.115
21
200.754
31
0
0
LINE
5
1A11
330
C
100
AcDbEntity
8
0
100
AcDbLine
10
285.115
20
200.754
30
0
11
283.099
21
200.754
31
0
0
LINE
5
1A12
330
C
100
AcDbEntity
8
0
100
AcDbLine
10
283.099
20
200.754
30
0
11
283.423
21
204.402
31
0
0
LINE
5
1A13
330
C
100
AcDbEntity
8
0
100
AcDbLine
10
283.423
20
204.402
30
0
11
287.599
21
204.402
31
0
0
LINE
5
1A14
330
C
100
AcDbEntity
8
0
100
AcDbLine
10
287.599
20
204.402
30
0
11
287.599
21
203.55
31
0
0
LINE
5
1A15
330
C
100
AcDbEntity
8
0
100
AcDbLine
10
287.599
20
203.55
30
0
11
284.179
21
203.55
31
0
0
LINE
5
1A16
330
C
100
AcDbEntity
8
0
100
AcDbLine
10
284.179
20
203.55
30
0
11
284.371
21
203.874
31
0
0
LINE
5
1A17
330
C
100
AcDbEntity
8
0
100
AcDbLine
10
284.371
20
203.874
30
0
11
284.119
21
201.246
31
0
0
LINE
5
1A18
330
C
100
AcDbEntity
8
0
100
AcDbLine
10
284.119
20
201.246
30
0
11
283.999
21
201.354
31
0
0
LINE
5
1A19
330
C
100
AcDbEntity
8
0
100
AcDbLine
10
283.999
20
201.354
30
0
11
284.058
21
201.367
31
0
0
LINE
5
1A1A
330
C
100
AcDbEntity
8
0
100
AcDbLine
10
284.058
20
201.367
30
0
11
284.118
21
201.379
31
0
0
LINE
5
1A1B
330
C
100
AcDbEntity
8
0
100
AcDbLine
10
284.118
20
201.379
30
0
11
284.179
21
201.39
31
0
0
LINE
5
1A1C
330
C
100
AcDbEntity
8
0
100
AcDbLine
10
284.179
20
201.39
30
0
11
284.242
21
201.401
31
0
0
LINE
5
1A1D
330
C
100
AcDbEntity
8
0
100
AcDbLine
10
284.242
20
201.401
30
0
11
284.307
21
201.41
31
0
0
LINE
5
1A1E
330
C
100
AcDbEntity
8
0
100
AcDbLine
10
284.307
20
201.41
30
0
11
284.373
21
201.419
31
0
0
LINE
5
1A1F
330
C
100
AcDbEntity
8
0
100
AcDbLine
10
284.373
20
201.419
30
0
11
284.441
21
201.427
31
0
0
LINE
5
1A20
330
C
100
AcDbEntity
8
0
100
AcDbLine
10
284.441
20
201.427
30
0
11
284.51
21
201.435
31
0
0
LINE
5
1A21
330
C
100
AcDbEntity
8
0
100
AcDbLine
10
284.51
20
201.435
30
0
11
284.581
21
201.441
31
0
0
LINE
5
1A22
330
C
100
AcDbEntity
8
0
100
AcDbLine
10
284.581
20
201.441
30
0
11
284.653
21
201.447
31
0
0
LINE
5
1A23
330
C
100
AcDbEntity
8
0
100
AcDbLine
10
284.653
20
201.447
30
0
11
284.726
21
201.452
31
0
0
LINE
5
1A24
330
C
100
AcDbEntity
8
0
100
AcDbLine
10
284.726
20
201.452
30
0
11
284.796
21
201.457
31
0
0
LINE
5
1A25
330
C
100
AcDbEntity
8
0
100
AcDbLine
10
284.796
20
201.457
30
0
11
284.866
21
201.461
31
0
0
LINE
5
1A26
330
C
100
AcDbEntity
8
0
100
AcDbLine
10
284.866
20
201.461
30
0
11
284.934
21
201.464
31
0
0
LINE
5
1A27
330
C
100
AcDbEntity
8
0
100
AcDbLine
10
284.934
20
201.464
30
0
11
285
21
201.467
31
0
0
LINE
5
1A28
330
C
100
AcDbEntity
8
0
100
AcDbLine
10
285
20
201.467
30
0
11
285.064
21
201.47
31
0
0
LINE
5
1A29
330
C
100
AcDbEntity
8
0
100
AcDbLine
10
285.064
20
201.47
30
0
11
285.127
21
201.472
31
0
0
LINE
5
1A2A
330
C
100
AcDbEntity
8
0
100
AcDbLine
10
285.127
20
201.472
30
0
11
285.189
21
201.473
31
0
0
LINE
5
1A2B
330
C
100
AcDbEntity
8
0
100
AcDbLine
10
285.189
20
201.473
30
0
11
285.249
21
201.474
31
0
0
LINE
5
1A2C
330
C
100
AcDbEntity
8
0
100
AcDbLine
10
285.249
20
201.474
30
0
11
285.307
21
201.474
31
0
0
LINE
5
1A2D
330
C
100
AcDbEntity
8
0
100
AcDbLine
10
285.307
20
201.474
30
0
11
285.307
21
201.474
31
0
0
LINE
5
1A2E
330
C
100
AcDbEntity
8
0
100
AcDbLine
10
285.307
20
201.474
30
0
11
285.547
21
201.469
31
0
0
LINE
5
1A2F
330
C
100
AcDbEntity
8
0
100
AcDbLine
10
285.547
20
201.469
30
0
11
285.776
21
201.452
31
0
0
LINE
5
1A30
330
C
100
AcDbEntity
8
0
100
AcDbLine
10
285.776
20
201.452
30
0
11
285.996
21
201.425
31
0
0
LINE
5
1A31
330
C
100
AcDbEntity
8
0
100
AcDbLine
10
285.996
20
201.425
30
0
11
286.205
21
201.387
31
0
0
LINE
5
1A32
330
C
100
AcDbEntity
8
0
100
AcDbLine
10
286.205
20
201.387
30
0
11
286.404
21
201.338
31
0
0
LINE
5
1A33
330
C
100
AcDbEntity
8
0
100
AcDbLine
10
286.404
20
201.338
30
0
11
286.592
21
201.277
31
0
0
LINE
5
1A34
330
C
100
AcDbEntity
8
0
100
AcDbLine
10
286.592
20
201.277
30
0
11
286.771
21
201.206
31
0
0
LINE
5
1A35
330
C
100
AcDbEntity
8
0
100
AcDbLine
10
286.771
20
201.206
30
0
11
286.939
21
201.125
31
0
0
LINE
5
1A36
330
C
100
AcDbEntity
8
0
100
AcDbLine
10
286.939
20
201.125
30
0
11
287.097
21
201.032
31
0
0
LINE
5
1A37
330
C
100
AcDbEntity
8
0
100
AcDbLine
10
287.097
20
201.032
30
0
11
287.245
21
200.928
31
0
0
LINE
5
1A38
330
C
100
AcDbEntity
8
0
100
AcDbLine
10
287.245
20
200.928
30
0
11
287.381
21
200.813
31
0
0
LINE
5
1A39
330
C
100
AcDbEntity
8
0
100
AcDbLine
10
287.381
20
200.813
30
0
11
287.502
21
200.688
31
0
0
LINE
5
1A3A
330
C
100
AcDbEntity
8
0
100
AcDbLine
10
287.502
20
200.688
30
0
11
287.609
21
200.552
31
0
0
LINE
5
1A3B
330
C
100
AcDbEntity
8
0
100
AcDbLine
10
287.609
20
200.552
30
0
11
287.702
21
200.406
31
0
0
LINE
5
1A3C
330
C
100
AcDbEntity
8
0
100
AcDbLine
10
287.702
20
200.406
30
0
11
287.781
21
200.249
31
0
0
LINE
5
1A3D
330
C
100
AcDbEntity
8
0
100
AcDbLine
10
287.781
20
200.249
30
0
11
287.845
21
200.081
31
0
0
LINE
5
1A3E
330
C
100
AcDbEntity
8
0
100
AcDbLine
10
287.845
20
200.081
30
0
11
287.895
21
199.902
31
0
0
LINE
5
1A3F
330
C
100
AcDbEntity
8
0
100
AcDbLine
10
287.895
20
199.902
30
0
11
287.931
21
199.713
31
0
0
LINE
5
1A40
330
C
100
AcDbEntity
8
0
100
AcDbLine
10
287.931
20
199.713
30
0
11
287.952
21
199.513
31
0
0
LINE
5
1A41
330
C
100
AcDbEntity
8
0
100
AcDbLine
10
287.952
20
199.513
30
0
11
287.959
21
199.302
31
0
0
LINE
5
1A42
330
C
100
AcDbEntity
8
0
100
AcDbLine
10
287.959
20
199.302
30
0
11
287.959
21
199.302
31
0
0
LINE
5
1A43
330
C
100
AcDbEntity
8
0
100
AcDbLine
10
287.959
20
199.302
30
0
11
287.956
21
199.157
31
0
0
LINE
5
1A44
330
C
100
AcDbEntity
8
0
100
AcDbLine
10
287.956
20
199.157
30
0
11
287.946
21
199.015
31
0
0
LINE
5
1A45
330
C
100
AcDbEntity
8
0
100
AcDbLine
10
287.946
20
199.015
30
0
11
287.93
21
198.876
31
0
0
LINE
5
1A46
330
C
100
AcDbEntity
8
0
100
AcDbLine
10
287.93
20
198.876
30
0
11
287.906
21
198.74
31
0
0
LINE
5
1A47
330
C
100
AcDbEntity
8
0
100
AcDbLine
10
287.906
20
198.74
30
0
11
287.877
21
198.607
31
0
0
LINE
5
1A48
330
C
100
AcDbEntity
8
0
100
AcDbLine
10
287.877
20
198.607
30
0
11
287.84
21
198.477
31
0
0
LINE
5
1A49
330
C
100
AcDbEntity
8
0
100
AcDbLine
10
287.84
20
198.477
30
0
11
287.798
21
198.349
31
0
0
LINE
5
1A4A
330
C
100
AcDbEntity
8
0
100
AcDbLine
10
287.798
20
198.349
30
0
11
287.748
21
198.225
31
0
0
LINE
5
1A4B
330
C
100
AcDbEntity
8
0
100
AcDbLine
10
287.748
20
198.225
30
0
11
287.692
21
198.103
31
0
0
LINE
5
1A4C
330
C
100
AcDbEntity
8
0
100
AcDbLine
10
287.692
20
198.103
30
0
11
287.629
21
197.985
31
0
0
LINE
5
1A4D
330
C
100
AcDbEntity
8
0
100
AcDbLine
10
287.629
20
197.985
30
0
11
287.56
21
197.87
31
0
0
LINE
5
1A4E
330
C
100
AcDbEntity
8
0
100
AcDbLine
10
287.56
20
197.87
30
0
11
287.486
21
197.761
31
0
0
LINE
5
1A4F
330
C
100
AcDbEntity
8
0
100
AcDbLine
10
287.486
20
197.761
30
0
11
287.406
21
197.656
31
0
0
LINE
5
1A50
330
C
100
AcDbEntity
8
0
100
AcDbLine
10
287.406
20
197.656
30
0
11
287.321
21
197.556
31
0
0
LINE
5
1A51
330
C
100
AcDbEntity
8
0
100
AcDbLine
10
287.321
20
197.556
30
0
11
287.229
21
197.462
31
0
0
LINE
5
1A52
330
C
100
AcDbEntity
8
0
100
AcDbLine
10
287.229
20
197.462
30
0
11
287.133
21
197.372
31
0
0
LINE
5
1A53
330
C
100
AcDbEntity
8
0
100
AcDbLine
10
287.133
20
197.372
30
0
11
287.031
21
197.287
31
0
0
LINE
5
1A54
330
C
100
AcDbEntity
8
0
100
AcDbLine
10
287.031
20
197.287
30
0
11
286.923
21
197.206
31
0
0
LINE
5
1A55
330
C
100
AcDbEntity
8
0
100
AcDbLine
10
286.923
20
197.206
30
0
11
286.809
21
197.131
31
0
0
LINE
5
1A56
330
C
100
AcDbEntity
8
0
100
AcDbLine
10
286.809
20
197.131
30
0
11
286.69
21
197.061
31
0
0
LINE
5
1A57
330
C
100
AcDbEntity
8
0
100
AcDbLine
10
286.69
20
197.061
30
0
11
286.566
21
196.997
31
0
0
LINE
5
1A58
330
C
100
AcDbEntity
8
0
100
AcDbLine
10
286.566
20
196.997
30
0
11
286.438
21
196.939
31
0
0
LINE
5
1A59
330
C
100
AcDbEntity
8
0
100
AcDbLine
10
286.438
20
196.939
30
0
11
286.305
21
196.888
31
0
0
LINE
5
1A5A
330
C
100
AcDbEntity
8
0
100
AcDbLine
10
286.305
20
196.888
30
0
11
286.167
21
196.844
31
0
0
LINE
5
1A5B
330
C
100
AcDbEntity
8
0
100
AcDbLine
10
286.167
20
196.844
30
0
11
286.025
21
196.807
31
0
0
LINE
5
1A5C
330
C
100
AcDbEntity
8
0
100
AcDbLine
10
286.025
20
196.807
30
0
11
285.878
21
196.776
31
0
0
LINE
5
1A5D
330
C
100
AcDbEntity
8
0
100
AcDbLine
10
285.878
20
196.776
30
0
11
285.727
21
196.753
31
0
0
LINE
5
1A5E
330
C
100
AcDbEntity
8
0
100
AcDbLine
10
285.727
20
196.753
30
0
11
285.572
21
196.736
31
0
0
LINE
5
1A5F
330
C
100
AcDbEntity
8
0
100
AcDbLine
10
285.572
20
196.736
30
0
11
285.412
21
196.725
31
0
0
LINE
5
1A60
330
C
100
AcDbEntity
8
0
100
AcDbLine
10
285.412
20
196.725
30
0
11
285.247
21
196.722
31
0
0
LINE
5
1A61
330
C
100
AcDbEntity
8
0
100
AcDbLine
10
285.247
20
196.722
30
0
11
285.247
21
196.722
31
0
0
LINE
5
1A62
330
C
100
AcDbEntity
8
0
100
AcDbLine
10
113.131
20
7.118
30
0
11
114.632
21
4.52
31
0
0
LINE
5
1A63
330
C
100
AcDbEntity
8
0
100
AcDbLine
10
114.632
20
4.52
30
0
11
122.426
21
9.02
31
0
0
LINE
5
1A64
330
C
100
AcDbEntity
8
0
100
AcDbLine
10
122.426
20
9.02
30
0
11
120.926
21
11.618
31
0
0
LINE
5
1A65
330
C
100
AcDbEntity
8
0
100
AcDbLine
10
120.926
20
11.618
30
0
11
128.72
21
16.117
31
0
0
LINE
5
1A66
330
C
100
AcDbEntity
8
0
100
AcDbLine
10
128.72
20
16.117
30
0
11
130.22
21
13.52
31
0
0
LINE
5
1A67
330
C
100
AcDbEntity
8
0
100
AcDbLine
10
130.22
20
13.52
30
0
11
138.015
21
18.02
31
0
0
LINE
5
1A68
330
C
100
AcDbEntity
8
0
100
AcDbLine
10
138.015
20
18.02
30
0
11
136.514
21
20.618
31
0
0
LINE
5
1A69
330
C
100
AcDbEntity
8
0
100
AcDbLine
10
136.514
20
20.618
30
0
11
144.309
21
25.118
31
0
0
LINE
5
1A6A
330
C
100
AcDbEntity
8
0
100
AcDbLine
10
144.309
20
25.118
30
0
11
145.809
21
22.52
31
0
0
LINE
5
1A6B
330
C
100
AcDbEntity
8
0
100
AcDbLine
10
145.809
20
22.52
30
0
11
153.603
21
27.02
31
0
0
LINE
5
1A6C
330
C
100
AcDbEntity
8
0
100
AcDbLine
10
153.603
20
27.02
30
0
11
152.103
21
29.617
31
0
0
LINE
5
1A6D
330
C
100
AcDbEntity
8
0
100
AcDbLine
10
152.103
20
29.617
30
0
11
159.897
21
34.118
31
0
0
LINE
5
1A6E
330
C
100
AcDbEntity
8
0
100
AcDbLine
10
159.897
20
34.118
30
0
11
161.397
21
31.52
31
0
0
LINE
5
1A6F
330
C
100
AcDbEntity
8
0
100
AcDbLine
10
161.397
20
31.52
30
0
11
169.191
21
36.02
31
0
0
LINE
5
1A70
330
C
100
AcDbEntity
8
0
100
AcDbLine
10
169.191
20
36.02
30
0
11
167.691
21
38.618
31
0
0
LINE
5
1A71
330
C
100
AcDbEntity
8
0
100
AcDbLine
10
167.691
20
38.618
30
0
11
175.485
21
43.117
31
0
0
LINE
5
1A72
330
C
100
AcDbEntity
8
0
100
AcDbLine
10
175.485
20
43.117
30
0
11
176.985
21
40.52
31
0
0
LINE
5
1A73
330
C
100
AcDbEntity
8
0
100
AcDbLine
10
176.985
20
40.52
30
0
11
184.779
21
45.02
31
0
0
LINE
5
1A74
330
C
100
AcDbEntity
8
0
100
AcDbLine
10
184.779
20
45.02
30
0
11
183.279
21
47.617
31
0
0
LINE
5
1A75
330
C
100
AcDbEntity
8
0
100
AcDbLine
10
183.279
20
47.617
30
0
11
191.074
21
52.117
31
0
0
LINE
5
1A76
330
C
100
AcDbEntity
8
0
100
AcDbLine
10
191.074
20
52.117
30
0
11
192.574
21
49.52
31
0
0
LINE
5
1A77
330
C
100
AcDbEntity
8
0
100
AcDbLine
10
192.574
20
49.52
30
0
11
200.368
21
54.02
31
0
0
LINE
5
1A78
330
C
100
AcDbEntity
8
0
100
AcDbLine
10
200.368
20
54.02
30
0
11
198.868
21
56.617
31
0
0
LINE
5
1A79
330
C
100
AcDbEntity
8
0
100
AcDbLine
10
198.868
20
56.617
30
0
11
206
21
60.734
31
0
0
LINE
5
1A7A
330
C
100
AcDbEntity
8
0
100
AcDbLine
10
206
20
60.734
30
0
11
206
21
68.97
31
0
0
LINE
5
1A7B
330
C
100
AcDbEntity
8
0
100
AcDbLine
10
206
20
68.97
30
0
11
209
21
68.97
31
0
0
LINE
5
1A7C
330
C
100
AcDbEntity
8
0
100
AcDbLine
10
209
20
68.97
30
0
11
209
21
77.97
31
0
0
LINE
5
1A7D
330
C
100
AcDbEntity
8
0
100
AcDbLine
10
209
20
77.97
30
0
11
206
21
77.97
31
0
0
LINE
5
1A7E
330
C
100
AcDbEntity
8
0
100
AcDbLine
10
206
20
77.97
30
0
11
206
21
86.97
31
0
0
LINE
5
1A7F
330
C
100
AcDbEntity
8
0
100
AcDbLine
10
206
20
86.97
30
0
11
209
21
86.97
31
0
0
LINE
5
1A80
330
C
100
AcDbEntity
8
0
100
AcDbLine
10
209
20
86.97
30
0
11
209
21
95.97
31
0
0
LINE
5
1A81
330
C
100
AcDbEntity
8
0
100
AcDbLine
10
209
20
95.97
30
0
11
206
21
95.97
31
0
0
LINE
5
1A82
330
C
100
AcDbEntity
8
0
100
AcDbLine
10
206
20
95.97
30
0
11
206
21
104.97
31
0
0
LINE
5
1A83
330
C
100
AcDbEntity
8
0
100
AcDbLine
10
206
20
104.97
30
0
11
209
21
104.97
31
0
0
LINE
5
1A84
330
C
100
AcDbEntity
8
0
100
AcDbLine
10
209
20
104.97
30
0
11
209
21
113.97
31
0
0
LINE
5
1A85
330
C
100
AcDbEntity
8
0
100
AcDbLine
10
209
20
113.97
30
0
11
206
21
113.97
31
0
0
LINE
5
1A86
330
C
100
AcDbEntity
8
0
100
AcDbLine
10
206
20
113.97
30
0
11
206
21
122.97
31
0
0
LINE
5
1A87
330
C
100
AcDbEntity
8
0
100
AcDbLine
10
206
20
122.97
30
0
11
209
21
122.97
31
0
0
LINE
5
1A88
330
C
100
AcDbEntity
8
0
100
AcDbLine
10
209
20
122.97
30
0
11
209
21
131.97
31
0
0
LINE
5
1A89
330
C
100
AcDbEntity
8
0
100
AcDbLine
10
209
20
131.97
30
0
11
206
21
131.97
31
0
0
LINE
5
1A8A
330
C
100
AcDbEntity
8
0
100
AcDbLine
10
206
20
131.97
30
0
11
206
21
140.97
31
0
0
LINE
5
1A8B
330
C
100
AcDbEntity
8
0
100
AcDbLine
10
206
20
140.97
30
0
11
209
21
140.97
31
0
0
LINE
5
1A8C
330
C
100
AcDbEntity
8
0
100
AcDbLine
10
209
20
140.97
30
0
11
209
21
149.97
31
0
0
LINE
5
1A8D
330
C
100
AcDbEntity
8
0
100
AcDbLine
10
209
20
149.97
30
0
11
206
21
149.97
31
0
0
LINE
5
1A8E
330
C
100
AcDbEntity
8
0
100
AcDbLine
10
206
20
149.97
30
0
11
206
21
158.97
31
0
0
LINE
5
1A8F
330
C
100
AcDbEntity
8
0
100
AcDbLine
10
206
20
158.97
30
0
11
209
21
158.97
31
0
0
LINE
5
1A90
330
C
100
AcDbEntity
8
0
100
AcDbLine
10
209
20
158.97
30
0
11
209
21
167.97
31
0
0
LINE
5
1A91
330
C
100
AcDbEntity
8
0
100
AcDbLine
10
209
20
167.97
30
0
11
206
21
167.97
31
0
0
LINE
5
1A92
330
C
100
AcDbEntity
8
0
100
AcDbLine
10
206
20
167.97
30
0
11
206
21
176.205
31
0
0
LINE
5
1A93
330
C
100
AcDbEntity
8
0
100
AcDbLine
10
206
20
176.205
30
0
11
198.868
21
180.322
31
0
0
LINE
5
1A94
330
C
100
AcDbEntity
8
0
100
AcDbLine
10
198.868
20
180.322
30
0
11
200.368
21
182.92
31
0
0
LINE
5
1A95
330
C
100
AcDbEntity
8
0
100
AcDbLine
10
200.368
20
182.92
30
0
11
192.574
21
187.42
31
0
0
LINE
5
1A96
330
C
100
AcDbEntity
8
0
100
AcDbLine
10
192.574
20
187.42
30
0
11
191.074
21
184.822
31
0
0
LINE
5
1A97
330
C
100
AcDbEntity
8
0
100
AcDbLine
10
191.074
20
184.822
30
0
11
183.28
21
189.321
31
0
0
LINE
5
1A98
330
C
100
AcDbEntity
8
0
100
AcDbLine
10
183.28
20
189.321
30
0
11
184.78
21
191.92
31
0
0
LINE
5
1A99
330
C
100
AcDbEntity
8
0
100
AcDbLine
10
184.78
20
191.92
30
0
11
176.985
21
196.42
31
0
0
LINE
5
1A9A
330
C
100
AcDbEntity
8
0
100
AcDbLine
10
176.985
20
196.42
30
0
11
175.485
21
193.822
31
0
0
LINE
5
1A9B
330
C
100
AcDbEntity
8
0
100
AcDbLine
10
175.485
20
193.822
30
0
11
167.691
21
198.321
31
0
0
LINE
5
1A9C
330
C
100
AcDbEntity
8
0
100
AcDbLine
10
167.691
20
198.321
30
0
11
169.191
21
200.92
31
0
0
LINE
5
1A9D
330
C
100
AcDbEntity
8
0
100
AcDbLine
10
169.191
20
200.92
30
0
11
161.397
21
205.42
31
0
0
LINE
5
1A9E
330
C
100
AcDbEntity
8
0
100
AcDbLine
10
161.397
20
205.42
30
0
11
159.897
21
202.821
31
0
0
LINE
5
1A9F
330
C
100
AcDbEntity
8
0
100
AcDbLine
10
159.897
20
202.821
30
0
11
152.103
21
207.322
31
0
0
LINE
5
1AA0
330
C
100
AcDbEntity
8
0
100
AcDbLine
10
152.103
20
207.322
30
0
11
153.603
21
209.92
31
0
0
LINE
5
1AA1
330
C
100
AcDbEntity
8
0
100
AcDbLine
10
153.603
20
209.92
30
0
11
145.809
21
214.42
31
0
0
LINE
5
1AA2
330
C
100
AcDbEntity
8
0
100
AcDbLine
10
145.809
20
214.42
30
0
11
144.309
21
211.821
31
0
0
LINE
5
1AA3
330
C
100
AcDbEntity
8
0
100
AcDbLine
10
144.309
20
211.821
30
0
11
136.514
21
216.321
31
0
0
LINE
5
1AA4
330
C
100
AcDbEntity
8
0
100
AcDbLine
10
136.514
20
216.321
30
0
11
138.015
21
218.92
31
0
0
LINE
5
1AA5
330
C
100
AcDbEntity
8
0
100
AcDbLine
10
138.015
20
218.92
30
0
11
130.221
21
223.42
31
0
0
LINE
5
1AA6
330
C
100
AcDbEntity
8
0
100
AcDbLine
10
130.221
20
223.42
30
0
11
128.72
21
220.821
31
0
0
LINE
5
1AA7
330
C
100
AcDbEntity
8
0
100
AcDbLine
10
128.72
20
220.821
30
0
11
120.926
21
225.321
31
0
0
LINE
5
1AA8
330
C
100
AcDbEntity
8
0
100
AcDbLine
10
120.926
20
225.321
30
0
11
122.426
21
227.92
31
0
0
LINE
5
1AA9
330
C
100
AcDbEntity
8
0
100
AcDbLine
10
122.426
20
227.92
30
0
11
114.632
21
232.42
31
0
0
LINE
5
1AAA
330
C
100
AcDbEntity
8
0
100
AcDbLine
10
114.632
20
232.42
30
0
11
113.131
21
229.821
31
0
0
LINE
5
1AAB
330
C
100
AcDbEntity
8
0
100
AcDbLine
10
113.131
20
229.821
30
0
11
106
21
233.939
31
0
0
LINE
5
1AAC
330
C
100
AcDbEntity
8
0
100
AcDbLine
10
106
20
233.939
30
0
11
98.869
21
229.821
31
0
0
LINE
5
1AAD
330
C
100
AcDbEntity
8
0
100
AcDbLine
10
98.869
20
229.821
30
0
11
97.368
21
232.42
31
0
0
LINE
5
1AAE
330
C
100
AcDbEntity
8
0
100
AcDbLine
10
97.368
20
232.42
30
0
11
89.574
21
227.92
31
0
0
LINE
5
1AAF
330
C
100
AcDbEntity
8
0
100
AcDbLine
10
89.574
20
227.92
30
0
11
91.074
21
225.321
31
0
0
LINE
5
1AB0
330
C
100
AcDbEntity
8
0
100
AcDbLine
10
91.074
20
225.321
30
0
11
83.28
21
220.822
31
0
0
LINE
5
1AB1
330
C
100
AcDbEntity
8
0
100
AcDbLine
10
83.28
20
220.822
30
0
11
81.78
21
223.42
31
0
0
LINE
5
1AB2
330
C
100
AcDbEntity
8
0
100
AcDbLine
10
81.78
20
223.42
30
0
11
73.985
21
218.92
31
0
0
LINE
5
1AB3
330
C
100
AcDbEntity
8
0
100
AcDbLine
10
73.985
20
218.92
30
0
11
75.486
21
216.321
31
0
0
LINE
5
1AB4
330
C
100
AcDbEntity
8
0
100
AcDbLine
10
75.486
20
216.321
30
0
11
67.691
21
211.821
31
0
0
LINE
5
1AB5
330
C
100
AcDbEntity
8
0
100
AcDbLine
10
67.691
20
211.821
30
0
11
66.191
21
214.42
31
0
0
LINE
5
1AB6
330
C
100
AcDbEntity
8
0
100
AcDbLine
10
66.191
20
214.42
30
0
11
58.397
21
209.92
31
0
0
LINE
5
1AB7
330
C
100
AcDbEntity
8
0
100
AcDbLine
10
58.397
20
209.92
30
0
11
59.897
21
207.322
31
0
0
LINE
5
1AB8
330
C
100
AcDbEntity
8
0
100
AcDbLine
10
59.897
20
207.322
30
0
11
52.103
21
202.821
31
0
0
LINE
5
1AB9
330
C
100
AcDbEntity
8
0
100
AcDbLine
10
52.103
20
202.821
30
0
11
50.603
21
205.42
31
0
0
LINE
5
1ABA
330
C
100
AcDbEntity
8
0
100
AcDbLine
10
50.603
20
205.42
30
0
11
42.809
21
200.92
31
0
0
LINE
5
1ABB
330
C
100
AcDbEntity
8
0
100
AcDbLine
10
42.809
20
200.92
30
0
11
44.309
21
198.321
31
0
0
LINE
5
1ABC
330
C
100
AcDbEntity
8
0
100
AcDbLine
10
44.309
20
198.321
30
0
11
36.515
21
193.822
31
0
0
LINE
5
1ABD
330
C
100
AcDbEntity
8
0
100
AcDbLine
10
36.515
20
193.822
30
0
11
35.015
21
196.42
31
0
0
LINE
5
1ABE
330
C
100
AcDbEntity
8
0
100
AcDbLine
10
35.015
20
196.42
30
0
11
27.221
21
191.92
31
0
0
LINE
5
1ABF
330
C
100
AcDbEntity
8
0
100
AcDbLine
10
27.221
20
191.92
30
0
11
28.721
21
189.322
31
0
0
LINE
5
1AC0
330
C
100
AcDbEntity
8
0
100
AcDbLine
10
28.721
20
189.322
30
0
11
20.926
21
184.822
31
0
0
LINE
5
1AC1
330
C
100
AcDbEntity
8
0
100
AcDbLine
10
20.926
20
184.822
30
0
11
19.426
21
187.42
31
0
0
LINE
5
1AC2
330
C
100
AcDbEntity
8
0
100
AcDbLine
10
19.426
20
187.42
30
0
11
11.632
21
182.92
31
0
0
LINE
5
1AC3
330
C
100
AcDbEntity
8
0
100
AcDbLine
10
11.632
20
182.92
30
0
11
13.132
21
180.322
31
0
0
LINE
5
1AC4
330
C
100
AcDbEntity
8
0
100
AcDbLine
10
13.132
20
180.322
30
0
11
6
21
176.205
31
0
0
LINE
5
1AC5
330
C
100
AcDbEntity
8
0
100
AcDbLine
10
6
20
176.205
30
0
11
6
21
167.97
31
0
0
LINE
5
1AC6
330
C
100
AcDbEntity
8
0
100
AcDbLine
10
6
20
167.97
30
0
11
3
21
167.97
31
0
0
LINE
5
1AC7
330
C
100
AcDbEntity
8
0
100
AcDbLine
10
3
20
167.97
30
0
11
3
21
158.97
31
0
0
LINE
5
1AC8
330
C
100
AcDbEntity
8
0
100
AcDbLine
10
3
20
158.97
30
0
11
6
21
158.97
31
0
0
LINE
5
1AC9
330
C
100
AcDbEntity
8
0
100
AcDbLine
10
6
20
158.97
30
0
11
6
21
149.97
31
0
0
LINE
5
1ACA
330
C
100
AcDbEntity
8
0
100
AcDbLine
10
6
20
149.97
30
0
11
3
21
149.97
31
0
0
LINE
5
1ACB
330
C
100
AcDbEntity
8
0
100
AcDbLine
10
3
20
149.97
30
0
11
3
21
140.97
31
0
0
LINE
5
1ACC
330
C
100
AcDbEntity
8
0
100
AcDbLine
10
3
20
140.97
30
0
11
6
21
140.97
31
0
0
LINE
5
1ACD
330
C
100
AcDbEntity
8
0
100
AcDbLine
10
6
20
140.97
30
0
11
6
21
131.97
31
0
0
LINE
5
1ACE
330
C
100
AcDbEntity
8
0
100
AcDbLine
10
6
20
131.97
30
0
11
3
21
131.97
31
0
0
LINE
5
1ACF
330
C
100
AcDbEntity
8
0
100
AcDbLine
10
3
20
131.97
30
0
11
3
21
122.97
31
0
0
LINE
5
1AD0
330
C
100
AcDbEntity
8
0
100
AcDbLine
10
3
20
122.97
30
0
11
6
21
122.97
31
0
0
LINE
5
1AD1
330
C
100
AcDbEntity
8
0
100
AcDbLine
10
6
20
122.97
30
0
11
6
21
113.97
31
0
0
LINE
5
1AD2
330
C
100
AcDbEntity
8
0
100
AcDbLine
10
6
20
113.97
30
0
11
3
21
113.97
31
0
0
LINE
5
1AD3
330
C
100
AcDbEntity
8
0
100
AcDbLine
10
3
20
113.97
30
0
11
3
21
104.97
31
0
0
LINE
5
1AD4
330
C
100
AcDbEntity
8
0
100
AcDbLine
10
3
20
104.97
30
0
11
6
21
104.97
31
0
0
LINE
5
1AD5
330
C
100
AcDbEntity
8
0
100
AcDbLine
10
6
20
104.97
30
0
11
6
21
95.97
31
0
0
LINE
5
1AD6
330
C
100
AcDbEntity
8
0
100
AcDbLine
10
6
20
95.97
30
0
11
3
21
95.97
31
0
0
LINE
5
1AD7
330
C
100
AcDbEntity
8
0
100
AcDbLine
10
3
20
95.97
30
0
11
3
21
86.97
31
0
0
LINE
5
1AD8
330
C
100
AcDbEntity
8
0
100
AcDbLine
10
3
20
86.97
30
0
11
6
21
86.97
31
0
0
LINE
5
1AD9
330
C
100
AcDbEntity
8
0
100
AcDbLine
10
6
20
86.97
30
0
11
6
21
77.97
31
0
0
LINE
5
1ADA
330
C
100
AcDbEntity
8
0
100
AcDbLine
10
6
20
77.97
30
0
11
3
21
77.97
31
0
0
LINE
5
1ADB
330
C
100
AcDbEntity
8
0
100
AcDbLine
10
3
20
77.97
30
0
11
3
21
68.97
31
0
0
LINE
5
1ADC
330
C
100
AcDbEntity
8
0
100
AcDbLine
10
3
20
68.97
30
0
11
6
21
68.97
31
0
0
LINE
5
1ADD
330
C
100
AcDbEntity
8
0
100
AcDbLine
10
6
20
68.97
30
0
11
6
21
60.734
31
0
0
LINE
5
1ADE
330
C
100
AcDbEntity
8
0
100
AcDbLine
10
6
20
60.734
30
0
11
13.132
21
56.617
31
0
0
LINE
5
1ADF
330
C
100
AcDbEntity
8
0
100
AcDbLine
10
13.132
20
56.617
30
0
11
11.632
21
54.02
31
0
0
LINE
5
1AE0
330
C
100
AcDbEntity
8
0
100
AcDbLine
10
11.632
20
54.02
30
0
11
19.426
21
49.52
31
0
0
LINE
5
1AE1
330
C
100
AcDbEntity
8
0
100
AcDbLine
10
19.426
20
49.52
30
0
11
20.926
21
52.117
31
0
0
LINE
5
1AE2
330
C
100
AcDbEntity
8
0
100
AcDbLine
10
20.926
20
52.117
30
0
11
28.72
21
47.618
31
0
0
LINE
5
1AE3
330
C
100
AcDbEntity
8
0
100
AcDbLine
10
28.72
20
47.618
30
0
11
27.22
21
45.02
31
0
0
LINE
5
1AE4
330
C
100
AcDbEntity
8
0
100
AcDbLine
10
27.22
20
45.02
30
0
11
35.015
21
40.52
31
0
0
LINE
5
1AE5
330
C
100
AcDbEntity
8
0
100
AcDbLine
10
35.015
20
40.52
30
0
11
36.515
21
43.117
31
0
0
LINE
5
1AE6
330
C
100
AcDbEntity
8
0
100
AcDbLine
10
36.515
20
43.117
30
0
11
44.309
21
38.618
31
0
0
LINE
5
1AE7
330
C
100
AcDbEntity
8
0
100
AcDbLine
10
44.309
20
38.618
30
0
11
42.809
21
36.02
31
0
0
LINE
5
1AE8
330
C
100
AcDbEntity
8
0
100
AcDbLine
10
42.809
20
36.02
30
0
11
50.603
21
31.52
31
0
0
LINE
5
1AE9
330
C
100
AcDbEntity
8
0
100
AcDbLine
10
50.603
20
31.52
30
0
11
52.103
21
34.118
31
0
0
LINE
5
1AEA
330
C
100
AcDbEntity
8
0
100
AcDbLine
10
52.103
20
34.118
30
0
11
59.897
21
29.617
31
0
0
LINE
5
1AEB
330
C
100
AcDbEntity
8
0
100
AcDbLine
10
59.897
20
29.617
30
0
11
58.397
21
27.02
31
0
0
LINE
5
1AEC
330
C
100
AcDbEntity
8
0
100
AcDbLine
10
58.397
20
27.02
30
0
11
66.191
21
22.52
31
0
0
LINE
5
1AED
330
C
100
AcDbEntity
8
0
100
AcDbLine
10
66.191
20
22.52
30
0
11
67.691
21
25.118
31
0
0
LINE
5
1AEE
330
C
100
AcDbEntity
8
0
100
AcDbLine
10
67.691
20
25.118
30
0
11
75.486
21
20.618
31
0
0
LINE
5
1AEF
330
C
100
AcDbEntity
8
0
100
AcDbLine
10
75.486
20
20.618
30
0
11
73.985
21
18.02
31
0
0
LINE
5
1AF0
330
C
100
AcDbEntity
8
0
100
AcDbLine
10
73.985
20
18.02
30
0
11
81.779
21
13.52
31
0
0
LINE
5
1AF1
330
C
100
AcDbEntity
8
0
100
AcDbLine
10
81.779
20
13.52
30
0
11
83.28
21
16.118
31
0
0
LINE
5
1AF2
330
C
100
AcDbEntity
8
0
100
AcDbLine
10
83.28
20
16.118
30
0
11
91.074
21
11.618
31
0
0
LINE
5
1AF3
330
C
100
AcDbEntity
8
0
100
AcDbLine
10
91.074
20
11.618
30
0
11
89.574
21
9.02
31
0
0
LINE
5
1AF4
330
C
100
AcDbEntity
8
0
100
AcDbLine
10
89.574
20
9.02
30
0
11
97.368
21
4.52
31
0
0
LINE
5
1AF5
330
C
100
AcDbEntity
8
0
100
AcDbLine
10
97.368
20
4.52
30
0
11
98.869
21
7.118
31
0
0
LINE
5
1AF6
330
C
100
AcDbEntity
8
0
100
AcDbLine
10
98.869
20
7.118
30
0
11
106
21
3
31
0
0
LINE
5
1AF7
330
C
100
AcDbEntity
8
0
100
AcDbLine
10
106
20
3
30
0
11
113.131
21
7.118
31
0
0
LINE
5
1AF8
330
C
100
AcDbEntity
8
0
100
AcDbLine
10
89.62
20
114.702
30
0
11
86.8
21
114.702
31
0
0
LINE
5
1AF9
330
C
100
AcDbEntity
8
0
100
AcDbLine
10
86.8
20
114.702
30
0
11
86.8
21
122.238
31
0
0
LINE
5
1AFA
330
C
100
AcDbEntity
8
0
100
AcDbLine
10
86.8
20
122.238
30
0
11
89.62
21
122.238
31
0
0
LINE
5
1AFB
330
C
100
AcDbEntity
8
0
100
AcDbLine
10
89.62
20
122.238
30
0
11
89.783
21
122.235
31
0
0
LINE
5
1AFC
330
C
100
AcDbEntity
8
0
100
AcDbLine
10
89.783
20
122.235
30
0
11
89.94
21
122.227
31
0
0
LINE
5
1AFD
330
C
100
AcDbEntity
8
0
100
AcDbLine
10
89.94
20
122.227
30
0
11
90.091
21
122.213
31
0
0
LINE
5
1AFE
330
C
100
AcDbEntity
8
0
100
AcDbLine
10
90.091
20
122.213
30
0
11
90.237
21
122.194
31
0
0
LINE
5
1AFF
330
C
100
AcDbEntity
8
0
100
AcDbLine
10
90.237
20
122.194
30
0
11
90.377
21
122.169
31
0
0
LINE
5
1B00
330
C
100
AcDbEntity
8
0
100
AcDbLine
10
90.377
20
122.169
30
0
11
90.512
21
122.139
31
0
0
LINE
5
1B01
330
C
100
AcDbEntity
8
0
100
AcDbLine
10
90.512
20
122.139
30
0
11
90.641
21
122.104
31
0
0
LINE
5
1B02
330
C
100
AcDbEntity
8
0
100
AcDbLine
10
90.641
20
122.104
30
0
11
90.764
21
122.063
31
0
0
LINE
5
1B03
330
C
100
AcDbEntity
8
0
100
AcDbLine
10
90.764
20
122.063
30
0
11
90.882
21
122.017
31
0
0
LINE
5
1B04
330
C
100
AcDbEntity
8
0
100
AcDbLine
10
90.882
20
122.017
30
0
11
90.994
21
121.965
31
0
0
LINE
5
1B05
330
C
100
AcDbEntity
8
0
100
AcDbLine
10
90.994
20
121.965
30
0
11
91.1
21
121.908
31
0
0
LINE
5
1B06
330
C
100
AcDbEntity
8
0
100
AcDbLine
10
91.1
20
121.908
30
0
11
91.201
21
121.849
31
0
0
LINE
5
1B07
330
C
100
AcDbEntity
8
0
100
AcDbLine
10
91.201
20
121.849
30
0
11
91.297
21
121.785
31
0
0
LINE
5
1B08
330
C
100
AcDbEntity
8
0
100
AcDbLine
10
91.297
20
121.785
30
0
11
91.387
21
121.718
31
0
0
LINE
5
1B09
330
C
100
AcDbEntity
8
0
100
AcDbLine
10
91.387
20
121.718
30
0
11
91.471
21
121.648
31
0
0
LINE
5
1B0A
330
C
100
AcDbEntity
8
0
100
AcDbLine
10
91.471
20
121.648
30
0
11
91.55
21
121.574
31
0
0
LINE
5
1B0B
330
C
100
AcDbEntity
8
0
100
AcDbLine
10
91.55
20
121.574
30
0
11
91.623
21
121.497
31
0
0
LINE
5
1B0C
330
C
100
AcDbEntity
8
0
100
AcDbLine
10
91.623
20
121.497
30
0
11
91.691
21
121.417
31
0
0
LINE
5
1B0D
330
C
100
AcDbEntity
8
0
100
AcDbLine
10
91.691
20
121.417
30
0
11
91.753
21
121.332
31
0
0
LINE
5
1B0E
330
C
100
AcDbEntity
8
0
100
AcDbLine
10
91.753
20
121.332
30
0
11
91.81
21
121.245
31
0
0
LINE
5
1B0F
330
C
100
AcDbEntity
8
0
100
AcDbLine
10
91.81
20
121.245
30
0
11
91.861
21
121.155
31
0
0
LINE
5
1B10
330
C
100
AcDbEntity
8
0
100
AcDbLine
10
91.861
20
121.155
30
0
11
91.907
21
121.063
31
0
0
LINE
5
1B11
330
C
100
AcDbEntity
8
0
100
AcDbLine
10
91.907
20
121.063
30
0
11
91.948
21
120.969
31
0
0
LINE
5
1B12
330
C
100
AcDbEntity
8
0
100
AcDbLine
10
91.948
20
120.969
30
0
11
91.983
21
120.874
31
0
0
LINE
5
1B13
330
C
100
AcDbEntity
8
0
100
AcDbLine
10
91.983
20
120.874
30
0
11
92.013
21
120.777
31
0
0
LINE
5
1B14
330
C
100
AcDbEntity
8
0
100
AcDbLine
10
92.013
20
120.777
30
0
11
92.037
21
120.679
31
0
0
LINE
5
1B15
330
C
100
AcDbEntity
8
0
100
AcDbLine
10
92.037
20
120.679
30
0
11
92.056
21
120.579
31
0
0
LINE
5
1B16
330
C
100
AcDbEntity
8
0
100
AcDbLine
10
92.056
20
120.579
30
0
11
92.069
21
120.478
31
0
0
LINE
5
1B17
330
C
100
AcDbEntity
8
0
100
AcDbLine
10
92.069
20
120.478
30
0
11
92.077
21
120.375
31
0
0
LINE
5
1B18
330
C
100
AcDbEntity
8
0
100
AcDbLine
10
92.077
20
120.375
30
0
11
92.08
21
120.27
31
0
0
LINE
5
1B19
330
C
100
AcDbEntity
8
0
100
AcDbLine
10
92.08
20
120.27
30
0
11
92.08
21
120.27
31
0
0
LINE
5
1B1A
330
C
100
AcDbEntity
8
0
100
AcDbLine
10
92.08
20
120.27
30
0
11
92.076
21
120.142
31
0
0
LINE
5
1B1B
330
C
100
AcDbEntity
8
0
100
AcDbLine
10
92.076
20
120.142
30
0
11
92.066
21
120.017
31
0
0
LINE
5
1B1C
330
C
100
AcDbEntity
8
0
100
AcDbLine
10
92.066
20
120.017
30
0
11
92.048
21
119.896
31
0
0
LINE
5
1B1D
330
C
100
AcDbEntity
8
0
100
AcDbLine
10
92.048
20
119.896
30
0
11
92.023
21
119.779
31
0
0
LINE
5
1B1E
330
C
100
AcDbEntity
8
0
100
AcDbLine
10
92.023
20
119.779
30
0
11
91.991
21
119.664
31
0
0
LINE
5
1B1F
330
C
100
AcDbEntity
8
0
100
AcDbLine
10
91.991
20
119.664
30
0
11
91.951
21
119.554
31
0
0
LINE
5
1B20
330
C
100
AcDbEntity
8
0
100
AcDbLine
10
91.951
20
119.554
30
0
11
91.905
21
119.446
31
0
0
LINE
5
1B21
330
C
100
AcDbEntity
8
0
100
AcDbLine
10
91.905
20
119.446
30
0
11
91.852
21
119.342
31
0
0
LINE
5
1B22
330
C
100
AcDbEntity
8
0
100
AcDbLine
10
91.852
20
119.342
30
0
11
91.791
21
119.242
31
0
0
LINE
5
1B23
330
C
100
AcDbEntity
8
0
100
AcDbLine
10
91.791
20
119.242
30
0
11
91.723
21
119.145
31
0
0
LINE
5
1B24
330
C
100
AcDbEntity
8
0
100
AcDbLine
10
91.723
20
119.145
30
0
11
91.648
21
119.052
31
0
0
LINE
5
1B25
330
C
100
AcDbEntity
8
0
100
AcDbLine
10
91.648
20
119.052
30
0
11
91.566
21
118.966
31
0
0
LINE
5
1B26
330
C
100
AcDbEntity
8
0
100
AcDbLine
10
91.566
20
118.966
30
0
11
91.477
21
118.886
31
0
0
LINE
5
1B27
330
C
100
AcDbEntity
8
0
100
AcDbLine
10
91.477
20
118.886
30
0
11
91.38
21
118.812
31
0
0
LINE
5
1B28
330
C
100
AcDbEntity
8
0
100
AcDbLine
10
91.38
20
118.812
30
0
11
91.277
21
118.743
31
0
0
LINE
5
1B29
330
C
100
AcDbEntity
8
0
100
AcDbLine
10
91.277
20
118.743
30
0
11
91.166
21
118.681
31
0
0
LINE
5
1B2A
330
C
100
AcDbEntity
8
0
100
AcDbLine
10
91.166
20
118.681
30
0
11
91.048
21
118.625
31
0
0
LINE
5
1B2B
330
C
100
AcDbEntity
8
0
100
AcDbLine
10
91.048
20
118.625
30
0
11
90.923
21
118.575
31
0
0
LINE
5
1B2C
330
C
100
AcDbEntity
8
0
100
AcDbLine
10
90.923
20
118.575
30
0
11
90.791
21
118.532
31
0
0
LINE
5
1B2D
330
C
100
AcDbEntity
8
0
100
AcDbLine
10
90.791
20
118.532
30
0
11
90.652
21
118.494
31
0
0
LINE
5
1B2E
330
C
100
AcDbEntity
8
0
100
AcDbLine
10
90.652
20
118.494
30
0
11
90.652
21
118.494
31
0
0
LINE
5
1B2F
330
C
100
AcDbEntity
8
0
100
AcDbLine
10
90.652
20
118.494
30
0
11
90.743
21
118.477
31
0
0
LINE
5
1B30
330
C
100
AcDbEntity
8
0
100
AcDbLine
10
90.743
20
118.477
30
0
11
90.832
21
118.458
31
0
0
LINE
5
1B31
330
C
100
AcDbEntity
8
0
100
AcDbLine
10
90.832
20
118.458
30
0
11
90.919
21
118.434
31
0
0
LINE
5
1B32
330
C
100
AcDbEntity
8
0
100
AcDbLine
10
90.919
20
118.434
30
0
11
91.004
21
118.407
31
0
0
LINE
5
1B33
330
C
100
AcDbEntity
8
0
100
AcDbLine
10
91.004
20
118.407
30
0
11
91.086
21
118.376
31
0
0
LINE
5
1B34
330
C
100
AcDbEntity
8
0
100
AcDbLine
10
91.086
20
118.376
30
0
11
91.166
21
118.341
31
0
0
LINE
5
1B35
330
C
100
AcDbEntity
8
0
100
AcDbLine
10
91.166
20
118.341
30
0
11
91.244
21
118.303
31
0
0
LINE
5
1B36
330
C
100
AcDbEntity
8
0
100
AcDbLine
10
91.244
20
118.303
30
0
11
91.32
21
118.261
31
0
0
LINE
5
1B37
330
C
100
AcDbEntity
8
0
100
AcDbLine
10
91.32
20
118.261
30
0
11
91.394
21
118.216
31
0
0
LINE
5
1B38
330
C
100
AcDbEntity
8
0
100
AcDbLine
10
91.394
20
118.216
30
0
11
91.465
21
118.167
31
0
0
LINE
5
1B39
330
C
100
AcDbEntity
8
0
100
AcDbLine
10
91.465
20
118.167
30
0
11
91.534
21
118.115
31
0
0
LINE
5
1B3A
330
C
100
AcDbEntity
8
0
100
AcDbLine
10
91.534
20
118.115
30
0
11
91.599
21
118.06
31
0
0
LINE
5
1B3B
330
C
100
AcDbEntity
8
0
100
AcDbLine
10
91.599
20
118.06
30
0
11
91.662
21
118.003
31
0
0
LINE
5
1B3C
330
C
100
AcDbEntity
8
0
100
AcDbLine
10
91.662
20
118.003
30
0
11
91.721
21
117.944
31
0
0
LINE
5
1B3D
330
C
100
AcDbEntity
8
0
100
AcDbLine
10
91.721
20
117.944
30
0
11
91.778
21
117.883
31
0
0
LINE
5
1B3E
330
C
100
AcDbEntity
8
0
100
AcDbLine
10
91.778
20
117.883
30
0
11
91.831
21
117.82
31
0
0
LINE
5
1B3F
330
C
100
AcDbEntity
8
0
100
AcDbLine
10
91.831
20
117.82
30
0
11
91.881
21
117.754
31
0
0
LINE
5
1B40
330
C
100
AcDbEntity
8
0
100
AcDbLine
10
91.881
20
117.754
30
0
11
91.929
21
117.686
31
0
0
LINE
5
1B41
330
C
100
AcDbEntity
8
0
100
AcDbLine
10
91.929
20
117.686
30
0
11
91.973
21
117.615
31
0
0
LINE
5
1B42
330
C
100
AcDbEntity
8
0
100
AcDbLine
10
91.973
20
117.615
30
0
11
92.014
21
117.543
31
0
0
LINE
5
1B43
330
C
100
AcDbEntity
8
0
100
AcDbLine
10
92.014
20
117.543
30
0
11
92.052
21
117.468
31
0
0
LINE
5
1B44
330
C
100
AcDbEntity
8
0
100
AcDbLine
10
92.052
20
117.468
30
0
11
92.085
21
117.393
31
0
0
LINE
5
1B45
330
C
100
AcDbEntity
8
0
100
AcDbLine
10
92.085
20
117.393
30
0
11
92.115
21
117.317
31
0
0
LINE
5
1B46
330
C
100
AcDbEntity
8
0
100
AcDbLine
10
92.115
20
117.317
30
0
11
92.141
21
117.239
31
0
0
LINE
5
1B47
330
C
100
AcDbEntity
8
0
100
AcDbLine
10
92.141
20
117.239
30
0
11
92.162
21
117.161
31
0
0
LINE
5
1B48
330
C
100
AcDbEntity
8
0
100
AcDbLine
10
92.162
20
117.161
30
0
11
92.18
21
117.082
31
0
0
LINE
5
1B49
330
C
100
AcDbEntity
8
0
100
AcDbLine
10
92.18
20
117.082
30
0
11
92.194
21
117.001
31
0
0
LINE
5
1B4A
330
C
100
AcDbEntity
8
0
100
AcDbLine
10
92.194
20
117.001
30
0
11
92.204
21
116.92
31
0
0
LINE
5
1B4B
330
C
100
AcDbEntity
8
0
100
AcDbLine
10
92.204
20
116.92
30
0
11
92.21
21
116.837
31
0
0
LINE
5
1B4C
330
C
100
AcDbEntity
8
0
100
AcDbLine
10
92.21
20
116.837
30
0
11
92.212
21
116.754
31
0
0
LINE
5
1B4D
330
C
100
AcDbEntity
8
0
100
AcDbLine
10
92.212
20
116.754
30
0
11
92.212
21
116.754
31
0
0
LINE
5
1B4E
330
C
100
AcDbEntity
8
0
100
AcDbLine
10
92.212
20
116.754
30
0
11
92.211
21
116.677
31
0
0
LINE
5
1B4F
330
C
100
AcDbEntity
8
0
100
AcDbLine
10
92.211
20
116.677
30
0
11
92.207
21
116.601
31
0
0
LINE
5
1B50
330
C
100
AcDbEntity
8
0
100
AcDbLine
10
92.207
20
116.601
30
0
11
92.2
21
116.525
31
0
0
LINE
5
1B51
330
C
100
AcDbEntity
8
0
100
AcDbLine
10
92.2
20
116.525
30
0
11
92.191
21
116.449
31
0
0
LINE
5
1B52
330
C
100
AcDbEntity
8
0
100
AcDbLine
10
92.191
20
116.449
30
0
11
92.18
21
116.374
31
0
0
LINE
5
1B53
330
C
100
AcDbEntity
8
0
100
AcDbLine
10
92.18
20
116.374
30
0
11
92.166
21
116.299
31
0
0
LINE
5
1B54
330
C
100
AcDbEntity
8
0
100
AcDbLine
10
92.166
20
116.299
30
0
11
92.149
21
116.225
31
0
0
LINE
5
1B55
330
C
100
AcDbEntity
8
0
100
AcDbLine
10
92.149
20
116.225
30
0
11
92.129
21
116.151
31
0
0
LINE
5
1B56
330
C
100
AcDbEntity
8
0
100
AcDbLine
10
92.129
20
116.151
30
0
11
92.108
21
116.077
31
0
0
LINE
5
1B57
330
C
100
AcDbEntity
8
0
100
AcDbLine
10
92.108
20
116.077
30
0
11
92.083
21
116.004
31
0
0
LINE
5
1B58
330
C
100
AcDbEntity
8
0
100
AcDbLine
10
92.083
20
116.004
30
0
11
92.055
21
115.931
31
0
0
LINE
5
1B59
330
C
100
AcDbEntity
8
0
100
AcDbLine
10
92.055
20
115.931
30
0
11
92.025
21
115.86
31
0
0
LINE
5
1B5A
330
C
100
AcDbEntity
8
0
100
AcDbLine
10
92.025
20
115.86
30
0
11
91.99
21
115.791
31
0
0
LINE
5
1B5B
330
C
100
AcDbEntity
8
0
100
AcDbLine
10
91.99
20
115.791
30
0
11
91.952
21
115.722
31
0
0
LINE
5
1B5C
330
C
100
AcDbEntity
8
0
100
AcDbLine
10
91.952
20
115.722
30
0
11
91.911
21
115.656
31
0
0
LINE
5
1B5D
330
C
100
AcDbEntity
8
0
100
AcDbLine
10
91.911
20
115.656
30
0
11
91.867
21
115.59
31
0
0
LINE
5
1B5E
330
C
100
AcDbEntity
8
0
100
AcDbLine
10
91.867
20
115.59
30
0
11
91.819
21
115.527
31
0
0
LINE
5
1B5F
330
C
100
AcDbEntity
8
0
100
AcDbLine
10
91.819
20
115.527
30
0
11
91.767
21
115.464
31
0
0
LINE
5
1B60
330
C
100
AcDbEntity
8
0
100
AcDbLine
10
91.767
20
115.464
30
0
11
91.712
21
115.403
31
0
0
LINE
5
1B61
330
C
100
AcDbEntity
8
0
100
AcDbLine
10
91.712
20
115.403
30
0
11
91.654
21
115.344
31
0
0
LINE
5
1B62
330
C
100
AcDbEntity
8
0
100
AcDbLine
10
91.654
20
115.344
30
0
11
91.592
21
115.286
31
0
0
LINE
5
1B63
330
C
100
AcDbEntity
8
0
100
AcDbLine
10
91.592
20
115.286
30
0
11
91.526
21
115.231
31
0
0
LINE
5
1B64
330
C
100
AcDbEntity
8
0
100
AcDbLine
10
91.526
20
115.231
30
0
11
91.456
21
115.178
31
0
0
LINE
5
1B65
330
C
100
AcDbEntity
8
0
100
AcDbLine
10
91.456
20
115.178
30
0
11
91.382
21
115.128
31
0
0
LINE
5
1B66
330
C
100
AcDbEntity
8
0
100
AcDbLine
10
91.382
20
115.128
30
0
11
91.305
21
115.08
31
0
0
LINE
5
1B67
330
C
100
AcDbEntity
8
0
100
AcDbLine
10
91.305
20
115.08
30
0
11
91.223
21
115.034
31
0
0
LINE
5
1B68
330
C
100
AcDbEntity
8
0
100
AcDbLine
10
91.223
20
115.034
30
0
11
91.137
21
114.991
31
0
0
LINE
5
1B69
330
C
100
AcDbEntity
8
0
100
AcDbLine
10
91.137
20
114.991
30
0
11
91.047
21
114.95
31
0
0
LINE
5
1B6A
330
C
100
AcDbEntity
8
0
100
AcDbLine
10
91.047
20
114.95
30
0
11
90.954
21
114.912
31
0
0
LINE
5
1B6B
330
C
100
AcDbEntity
8
0
100
AcDbLine
10
90.954
20
114.912
30
0
11
90.856
21
114.876
31
0
0
LINE
5
1B6C
330
C
100
AcDbEntity
8
0
100
AcDbLine
10
90.856
20
114.876
30
0
11
90.754
21
114.843
31
0
0
LINE
5
1B6D
330
C
100
AcDbEntity
8
0
100
AcDbLine
10
90.754
20
114.843
30
0
11
90.647
21
114.813
31
0
0
LINE
5
1B6E
330
C
100
AcDbEntity
8
0
100
AcDbLine
10
90.647
20
114.813
30
0
11
90.536
21
114.787
31
0
0
LINE
5
1B6F
330
C
100
AcDbEntity
8
0
100
AcDbLine
10
90.536
20
114.787
30
0
11
90.419
21
114.764
31
0
0
LINE
5
1B70
330
C
100
AcDbEntity
8
0
100
AcDbLine
10
90.419
20
114.764
30
0
11
90.298
21
114.745
31
0
0
LINE
5
1B71
330
C
100
AcDbEntity
8
0
100
AcDbLine
10
90.298
20
114.745
30
0
11
90.172
21
114.73
31
0
0
LINE
5
1B72
330
C
100
AcDbEntity
8
0
100
AcDbLine
10
90.172
20
114.73
30
0
11
90.041
21
114.717
31
0
0
LINE
5
1B73
330
C
100
AcDbEntity
8
0
100
AcDbLine
10
90.041
20
114.717
30
0
11
89.906
21
114.709
31
0
0
LINE
5
1B74
330
C
100
AcDbEntity
8
0
100
AcDbLine
10
89.906
20
114.709
30
0
11
89.765
21
114.703
31
0
0
LINE
5
1B75
330
C
100
AcDbEntity
8
0
100
AcDbLine
10
89.765
20
114.703
30
0
11
89.62
21
114.702
31
0
0
LINE
5
1B76
330
C
100
AcDbEntity
8
0
100
AcDbLine
10
89.62
20
114.702
30
0
11
89.62
21
114.702
31
0
0
LINE
5
1B77
330
C
100
AcDbEntity
8
0
100
AcDbLine
10
89.62
20
114.702
30
0
11
89.62
21
114.702
31
0
0
LINE
5
1B78
330
C
100
AcDbEntity
8
0
100
AcDbLine
10
87.736
20
118.062
30
0
11
87.736
21
115.518
31
0
0
LINE
5
1B79
330
C
100
AcDbEntity
8
0
100
AcDbLine
10
87.736
20
115.518
30
0
11
89.608
21
115.518
31
0
0
LINE
5
1B7A
330
C
100
AcDbEntity
8
0
100
AcDbLine
10
89.608
20
115.518
30
0
11
89.775
21
115.521
31
0
0
LINE
5
1B7B
330
C
100
AcDbEntity
8
0
100
AcDbLine
10
89.775
20
115.521
30
0
11
89.932
21
115.532
31
0
0
LINE
5
1B7C
330
C
100
AcDbEntity
8
0
100
AcDbLine
10
89.932
20
115.532
30
0
11
90.079
21
115.55
31
0
0
LINE
5
1B7D
330
C
100
AcDbEntity
8
0
100
AcDbLine
10
90.079
20
115.55
30
0
11
90.217
21
115.575
31
0
0
LINE
5
1B7E
330
C
100
AcDbEntity
8
0
100
AcDbLine
10
90.217
20
115.575
30
0
11
90.345
21
115.608
31
0
0
LINE
5
1B7F
330
C
100
AcDbEntity
8
0
100
AcDbLine
10
90.345
20
115.608
30
0
11
90.464
21
115.647
31
0
0
LINE
5
1B80
330
C
100
AcDbEntity
8
0
100
AcDbLine
10
90.464
20
115.647
30
0
11
90.573
21
115.694
31
0
0
LINE
5
1B81
330
C
100
AcDbEntity
8
0
100
AcDbLine
10
90.573
20
115.694
30
0
11
90.672
21
115.748
31
0
0
LINE
5
1B82
330
C
100
AcDbEntity
8
0
100
AcDbLine
10
90.672
20
115.748
30
0
11
90.761
21
115.809
31
0
0
LINE
5
1B83
330
C
100
AcDbEntity
8
0
100
AcDbLine
10
90.761
20
115.809
30
0
11
90.841
21
115.878
31
0
0
LINE
5
1B84
330
C
100
AcDbEntity
8
0
100
AcDbLine
10
90.841
20
115.878
30
0
11
90.912
21
115.952
31
0
0
LINE
5
1B85
330
C
100
AcDbEntity
8
0
100
AcDbLine
10
90.912
20
115.952
30
0
11
90.976
21
116.03
31
0
0
LINE
5
1B86
330
C
100
AcDbEntity
8
0
100
AcDbLine
10
90.976
20
116.03
30
0
11
91.032
21
116.112
31
0
0
LINE
5
1B87
330
C
100
AcDbEntity
8
0
100
AcDbLine
10
91.032
20
116.112
30
0
11
91.081
21
116.198
31
0
0
LINE
5
1B88
330
C
100
AcDbEntity
8
0
100
AcDbLine
10
91.081
20
116.198
30
0
11
91.122
21
116.289
31
0
0
LINE
5
1B89
330
C
100
AcDbEntity
8
0
100
AcDbLine
10
91.122
20
116.289
30
0
11
91.156
21
116.383
31
0
0
LINE
5
1B8A
330
C
100
AcDbEntity
8
0
100
AcDbLine
10
91.156
20
116.383
30
0
11
91.182
21
116.482
31
0
0
LINE
5
1B8B
330
C
100
AcDbEntity
8
0
100
AcDbLine
10
91.182
20
116.482
30
0
11
91.201
21
116.584
31
0
0
LINE
5
1B8C
330
C
100
AcDbEntity
8
0
100
AcDbLine
10
91.201
20
116.584
30
0
11
91.212
21
116.691
31
0
0
LINE
5
1B8D
330
C
100
AcDbEntity
8
0
100
AcDbLine
10
91.212
20
116.691
30
0
11
91.216
21
116.802
31
0
0
LINE
5
1B8E
330
C
100
AcDbEntity
8
0
100
AcDbLine
10
91.216
20
116.802
30
0
11
91.216
21
116.802
31
0
0
LINE
5
1B8F
330
C
100
AcDbEntity
8
0
100
AcDbLine
10
91.216
20
116.802
30
0
11
91.212
21
116.913
31
0
0
LINE
5
1B90
330
C
100
AcDbEntity
8
0
100
AcDbLine
10
91.212
20
116.913
30
0
11
91.2
21
117.021
31
0
0
LINE
5
1B91
330
C
100
AcDbEntity
8
0
100
AcDbLine
10
91.2
20
117.021
30
0
11
91.179
21
117.123
31
0
0
LINE
5
1B92
330
C
100
AcDbEntity
8
0
100
AcDbLine
10
91.179
20
117.123
30
0
11
91.151
21
117.222
31
0
0
LINE
5
1B93
330
C
100
AcDbEntity
8
0
100
AcDbLine
10
91.151
20
117.222
30
0
11
91.114
21
117.315
31
0
0
LINE
5
1B94
330
C
100
AcDbEntity
8
0
100
AcDbLine
10
91.114
20
117.315
30
0
11
91.069
21
117.405
31
0
0
LINE
5
1B95
330
C
100
AcDbEntity
8
0
100
AcDbLine
10
91.069
20
117.405
30
0
11
91.016
21
117.489
31
0
0
LINE
5
1B96
330
C
100
AcDbEntity
8
0
100
AcDbLine
10
91.016
20
117.489
30
0
11
90.955
21
117.57
31
0
0
LINE
5
1B97
330
C
100
AcDbEntity
8
0
100
AcDbLine
10
90.955
20
117.57
30
0
11
90.886
21
117.645
31
0
0
LINE
5
1B98
330
C
100
AcDbEntity
8
0
100
AcDbLine
10
90.886
20
117.645
30
0
11
90.808
21
117.717
31
0
0
LINE
5
1B99
330
C
100
AcDbEntity
8
0
100
AcDbLine
10
90.808
20
117.717
30
0
11
90.723
21
117.782
31
0
0
LINE
5
1B9A
330
C
100
AcDbEntity
8
0
100
AcDbLine
10
90.723
20
117.782
30
0
11
90.629
21
117.841
31
0
0
LINE
5
1B9B
330
C
100
AcDbEntity
8
0
100
AcDbLine
10
90.629
20
117.841
30
0
11
90.529
21
117.893
31
0
0
LINE
5
1B9C
330
C
100
AcDbEntity
8
0
100
AcDbLine
10
90.529
20
117.893
30
0
11
90.42
21
117.938
31
0
0
LINE
5
1B9D
330
C
100
AcDbEntity
8
0
100
AcDbLine
10
90.42
20
117.938
30
0
11
90.304
21
117.975
31
0
0
LINE
5
1B9E
330
C
100
AcDbEntity
8
0
100
AcDbLine
10
90.304
20
117.975
30
0
11
90.18
21
118.007
31
0
0
LINE
5
1B9F
330
C
100
AcDbEntity
8
0
100
AcDbLine
10
90.18
20
118.007
30
0
11
90.049
21
118.031
31
0
0
LINE
5
1BA0
330
C
100
AcDbEntity
8
0
100
AcDbLine
10
90.049
20
118.031
30
0
11
89.909
21
118.048
31
0
0
LINE
5
1BA1
330
C
100
AcDbEntity
8
0
100
AcDbLine
10
89.909
20
118.048
30
0
11
89.763
21
118.058
31
0
0
LINE
5
1BA2
330
C
100
AcDbEntity
8
0
100
AcDbLine
10
89.763
20
118.058
30
0
11
89.608
21
118.062
31
0
0
LINE
5
1BA3
330
C
100
AcDbEntity
8
0
100
AcDbLine
10
89.608
20
118.062
30
0
11
89.608
21
118.062
31
0
0
LINE
5
1BA4
330
C
100
AcDbEntity
8
0
100
AcDbLine
10
89.608
20
118.062
30
0
11
87.736
21
118.062
31
0
0
LINE
5
1BA5
330
C
100
AcDbEntity
8
0
100
AcDbLine
10
87.736
20
118.062
30
0
11
87.736
21
118.062
31
0
0
LINE
5
1BA6
330
C
100
AcDbEntity
8
0
100
AcDbLine
10
89.596
20
121.434
30
0
11
87.736
21
121.434
31
0
0
LINE
5
1BA7
330
C
100
AcDbEntity
8
0
100
AcDbLine
10
87.736
20
121.434
30
0
11
87.736
21
118.866
31
0
0
LINE
5
1BA8
330
C
100
AcDbEntity
8
0
100
AcDbLine
10
87.736
20
118.866
30
0
11
89.584
21
118.866
31
0
0
LINE
5
1BA9
330
C
100
AcDbEntity
8
0
100
AcDbLine
10
89.584
20
118.866
30
0
11
89.722
21
118.869
31
0
0
LINE
5
1BAA
330
C
100
AcDbEntity
8
0
100
AcDbLine
10
89.722
20
118.869
30
0
11
89.853
21
118.88
31
0
0
LINE
5
1BAB
330
C
100
AcDbEntity
8
0
100
AcDbLine
10
89.853
20
118.88
30
0
11
89.98
21
118.897
31
0
0
LINE
5
1BAC
330
C
100
AcDbEntity
8
0
100
AcDbLine
10
89.98
20
118.897
30
0
11
90.1
21
118.921
31
0
0
LINE
5
1BAD
330
C
100
AcDbEntity
8
0
100
AcDbLine
10
90.1
20
118.921
30
0
11
90.215
21
118.952
31
0
0
LINE
5
1BAE
330
C
100
AcDbEntity
8
0
100
AcDbLine
10
90.215
20
118.952
30
0
11
90.324
21
118.99
31
0
0
LINE
5
1BAF
330
C
100
AcDbEntity
8
0
100
AcDbLine
10
90.324
20
118.99
30
0
11
90.427
21
119.035
31
0
0
LINE
5
1BB0
330
C
100
AcDbEntity
8
0
100
AcDbLine
10
90.427
20
119.035
30
0
11
90.525
21
119.087
31
0
0
LINE
5
1BB1
330
C
100
AcDbEntity
8
0
100
AcDbLine
10
90.525
20
119.087
30
0
11
90.617
21
119.145
31
0
0
LINE
5
1BB2
330
C
100
AcDbEntity
8
0
100
AcDbLine
10
90.617
20
119.145
30
0
11
90.703
21
119.211
31
0
0
LINE
5
1BB3
330
C
100
AcDbEntity
8
0
100
AcDbLine
10
90.703
20
119.211
30
0
11
90.782
21
119.283
31
0
0
LINE
5
1BB4
330
C
100
AcDbEntity
8
0
100
AcDbLine
10
90.782
20
119.283
30
0
11
90.853
21
119.36
31
0
0
LINE
5
1BB5
330
C
100
AcDbEntity
8
0
100
AcDbLine
10
90.853
20
119.36
30
0
11
90.916
21
119.443
31
0
0
LINE
5
1BB6
330
C
100
AcDbEntity
8
0
100
AcDbLine
10
90.916
20
119.443
30
0
11
90.97
21
119.532
31
0
0
LINE
5
1BB7
330
C
100
AcDbEntity
8
0
100
AcDbLine
10
90.97
20
119.532
30
0
11
91.016
21
119.627
31
0
0
LINE
5
1BB8
330
C
100
AcDbEntity
8
0
100
AcDbLine
10
91.016
20
119.627
30
0
11
91.053
21
119.727
31
0
0
LINE
5
1BB9
330
C
100
AcDbEntity
8
0
100
AcDbLine
10
91.053
20
119.727
30
0
11
91.082
21
119.833
31
0
0
LINE
5
1BBA
330
C
100
AcDbEntity
8
0
100
AcDbLine
10
91.082
20
119.833
30
0
11
91.103
21
119.945
31
0
0
LINE
5
1BBB
330
C
100
AcDbEntity
8
0
100
AcDbLine
10
91.103
20
119.945
30
0
11
91.116
21
120.063
31
0
0
LINE
5
1BBC
330
C
100
AcDbEntity
8
0
100
AcDbLine
10
91.116
20
120.063
30
0
11
91.12
21
120.186
31
0
0
LINE
5
1BBD
330
C
100
AcDbEntity
8
0
100
AcDbLine
10
91.12
20
120.186
30
0
11
91.12
21
120.186
31
0
0
LINE
5
1BBE
330
C
100
AcDbEntity
8
0
100
AcDbLine
10
91.12
20
120.186
30
0
11
91.116
21
120.301
31
0
0
LINE
5
1BBF
330
C
100
AcDbEntity
8
0
100
AcDbLine
10
91.116
20
120.301
30
0
11
91.104
21
120.411
31
0
0
LINE
5
1BC0
330
C
100
AcDbEntity
8
0
100
AcDbLine
10
91.104
20
120.411
30
0
11
91.084
21
120.515
31
0
0
LINE
5
1BC1
330
C
100
AcDbEntity
8
0
100
AcDbLine
10
91.084
20
120.515
30
0
11
91.055
21
120.615
31
0
0
LINE
5
1BC2
330
C
100
AcDbEntity
8
0
100
AcDbLine
10
91.055
20
120.615
30
0
11
91.019
21
120.709
31
0
0
LINE
5
1BC3
330
C
100
AcDbEntity
8
0
100
AcDbLine
10
91.019
20
120.709
30
0
11
90.974
21
120.798
31
0
0
LINE
5
1BC4
330
C
100
AcDbEntity
8
0
100
AcDbLine
10
90.974
20
120.798
30
0
11
90.922
21
120.883
31
0
0
LINE
5
1BC5
330
C
100
AcDbEntity
8
0
100
AcDbLine
10
90.922
20
120.883
30
0
11
90.861
21
120.961
31
0
0
LINE
5
1BC6
330
C
100
AcDbEntity
8
0
100
AcDbLine
10
90.861
20
120.961
30
0
11
90.792
21
121.035
31
0
0
LINE
5
1BC7
330
C
100
AcDbEntity
8
0
100
AcDbLine
10
90.792
20
121.035
30
0
11
90.715
21
121.104
31
0
0
LINE
5
1BC8
330
C
100
AcDbEntity
8
0
100
AcDbLine
10
90.715
20
121.104
30
0
11
90.631
21
121.166
31
0
0
LINE
5
1BC9
330
C
100
AcDbEntity
8
0
100
AcDbLine
10
90.631
20
121.166
30
0
11
90.541
21
121.223
31
0
0
LINE
5
1BCA
330
C
100
AcDbEntity
8
0
100
AcDbLine
10
90.541
20
121.223
30
0
11
90.444
21
121.272
31
0
0
LINE
5
1BCB
330
C
100
AcDbEntity
8
0
100
AcDbLine
10
90.444
20
121.272
30
0
11
90.342
21
121.315
31
0
0
LINE
5
1BCC
330
C
100
AcDbEntity
8
0
100
AcDbLine
10
90.342
20
121.315
30
0
11
90.233
21
121.351
31
0
0
LINE
5
1BCD
330
C
100
AcDbEntity
8
0
100
AcDbLine
10
90.233
20
121.351
30
0
11
90.118
21
121.381
31
0
0
LINE
5
1BCE
330
C
100
AcDbEntity
8
0
100
AcDbLine
10
90.118
20
121.381
30
0
11
89.997
21
121.404
31
0
0
LINE
5
1BCF
330
C
100
AcDbEntity
8
0
100
AcDbLine
10
89.997
20
121.404
30
0
11
89.869
21
121.421
31
0
0
LINE
5
1BD0
330
C
100
AcDbEntity
8
0
100
AcDbLine
10
89.869
20
121.421
30
0
11
89.736
21
121.43
31
0
0
LINE
5
1BD1
330
C
100
AcDbEntity
8
0
100
AcDbLine
10
89.736
20
121.43
30
0
11
89.596
21
121.434
31
0
0
LINE
5
1BD2
330
C
100
AcDbEntity
8
0
100
AcDbLine
10
89.596
20
121.434
30
0
11
89.596
21
121.434
31
0
0
LINE
5
1BD3
330
C
100
AcDbEntity
8
0
100
AcDbLine
10
89.596
20
121.434
30
0
11
89.596
21
121.434
31
0
0
LINE
5
1BD4
330
C
100
AcDbEntity
8
0
100
AcDbLine
10
96.334
20
114.558
30
0
11
96.334
21
114.558
31
0
0
LINE
5
1BD5
330
C
100
AcDbEntity
8
0
100
AcDbLine
10
96.334
20
114.558
30
0
11
96.181
21
114.561
31
0
0
LINE
5
1BD6
330
C
100
AcDbEntity
8
0
100
AcDbLine
10
96.181
20
114.561
30
0
11
96.031
21
114.571
31
0
0
LINE
5
1BD7
330
C
100
AcDbEntity
8
0
100
AcDbLine
10
96.031
20
114.571
30
0
11
95.885
21
114.589
31
0
0
LINE
5
1BD8
330
C
100
AcDbEntity
8
0
100
AcDbLine
10
95.885
20
114.589
30
0
11
95.742
21
114.612
31
0
0
LINE
5
1BD9
330
C
100
AcDbEntity
8
0
100
AcDbLine
10
95.742
20
114.612
30
0
11
95.603
21
114.643
31
0
0
LINE
5
1BDA
330
C
100
AcDbEntity
8
0
100
AcDbLine
10
95.603
20
114.643
30
0
11
95.467
21
114.681
31
0
0
LINE
5
1BDB
330
C
100
AcDbEntity
8
0
100
AcDbLine
10
95.467
20
114.681
30
0
11
95.334
21
114.725
31
0
0
LINE
5
1BDC
330
C
100
AcDbEntity
8
0
100
AcDbLine
10
95.334
20
114.725
30
0
11
95.205
21
114.777
31
0
0
LINE
5
1BDD
330
C
100
AcDbEntity
8
0
100
AcDbLine
10
95.205
20
114.777
30
0
11
95.079
21
114.835
31
0
0
LINE
5
1BDE
330
C
100
AcDbEntity
8
0
100
AcDbLine
10
95.079
20
114.835
30
0
11
94.957
21
114.9
31
0
0
LINE
5
1BDF
330
C
100
AcDbEntity
8
0
100
AcDbLine
10
94.957
20
114.9
30
0
11
94.839
21
114.971
31
0
0
LINE
5
1BE0
330
C
100
AcDbEntity
8
0
100
AcDbLine
10
94.839
20
114.971
30
0
11
94.726
21
115.05
31
0
0
LINE
5
1BE1
330
C
100
AcDbEntity
8
0
100
AcDbLine
10
94.726
20
115.05
30
0
11
94.618
21
115.135
31
0
0
LINE
5
1BE2
330
C
100
AcDbEntity
8
0
100
AcDbLine
10
94.618
20
115.135
30
0
11
94.515
21
115.226
31
0
0
LINE
5
1BE3
330
C
100
AcDbEntity
8
0
100
AcDbLine
10
94.515
20
115.226
30
0
11
94.418
21
115.324
31
0
0
LINE
5
1BE4
330
C
100
AcDbEntity
8
0
100
AcDbLine
10
94.418
20
115.324
30
0
11
94.325
21
115.429
31
0
0
LINE
5
1BE5
330
C
100
AcDbEntity
8
0
100
AcDbLine
10
94.325
20
115.429
30
0
11
94.238
21
115.54
31
0
0
LINE
5
1BE6
330
C
100
AcDbEntity
8
0
100
AcDbLine
10
94.238
20
115.54
30
0
11
94.155
21
115.658
31
0
0
LINE
5
1BE7
330
C
100
AcDbEntity
8
0
100
AcDbLine
10
94.155
20
115.658
30
0
11
94.078
21
115.783
31
0
0
LINE
5
1BE8
330
C
100
AcDbEntity
8
0
100
AcDbLine
10
94.078
20
115.783
30
0
11
94.006
21
115.914
31
0
0
LINE
5
1BE9
330
C
100
AcDbEntity
8
0
100
AcDbLine
10
94.006
20
115.914
30
0
11
93.94
21
116.051
31
0
0
LINE
5
1BEA
330
C
100
AcDbEntity
8
0
100
AcDbLine
10
93.94
20
116.051
30
0
11
93.881
21
116.195
31
0
0
LINE
5
1BEB
330
C
100
AcDbEntity
8
0
100
AcDbLine
10
93.881
20
116.195
30
0
11
93.829
21
116.345
31
0
0
LINE
5
1BEC
330
C
100
AcDbEntity
8
0
100
AcDbLine
10
93.829
20
116.345
30
0
11
93.783
21
116.501
31
0
0
LINE
5
1BED
330
C
100
AcDbEntity
8
0
100
AcDbLine
10
93.783
20
116.501
30
0
11
93.745
21
116.664
31
0
0
LINE
5
1BEE
330
C
100
AcDbEntity
8
0
100
AcDbLine
10
93.745
20
116.664
30
0
11
93.714
21
116.832
31
0
0
LINE
5
1BEF
330
C
100
AcDbEntity
8
0
100
AcDbLine
10
93.714
20
116.832
30
0
11
93.689
21
117.007
31
0
0
LINE
5
1BF0
330
C
100
AcDbEntity
8
0
100
AcDbLine
10
93.689
20
117.007
30
0
11
93.672
21
117.189
31
0
0
LINE
5
1BF1
330
C
100
AcDbEntity
8
0
100
AcDbLine
10
93.672
20
117.189
30
0
11
93.661
21
117.376
31
0
0
LINE
5
1BF2
330
C
100
AcDbEntity
8
0
100
AcDbLine
10
93.661
20
117.376
30
0
11
93.658
21
117.57
31
0
0
LINE
5
1BF3
330
C
100
AcDbEntity
8
0
100
AcDbLine
10
93.658
20
117.57
30
0
11
93.658
21
117.57
31
0
0
LINE
5
1BF4
330
C
100
AcDbEntity
8
0
100
AcDbLine
10
93.658
20
117.57
30
0
11
93.661
21
117.765
31
0
0
LINE
5
1BF5
330
C
100
AcDbEntity
8
0
100
AcDbLine
10
93.661
20
117.765
30
0
11
93.672
21
117.953
31
0
0
LINE
5
1BF6
330
C
100
AcDbEntity
8
0
100
AcDbLine
10
93.672
20
117.953
30
0
11
93.689
21
118.135
31
0
0
LINE
5
1BF7
330
C
100
AcDbEntity
8
0
100
AcDbLine
10
93.689
20
118.135
30
0
11
93.714
21
118.31
31
0
0
LINE
5
1BF8
330
C
100
AcDbEntity
8
0
100
AcDbLine
10
93.714
20
118.31
30
0
11
93.745
21
118.479
31
0
0
LINE
5
1BF9
330
C
100
AcDbEntity
8
0
100
AcDbLine
10
93.745
20
118.479
30
0
11
93.783
21
118.642
31
0
0
LINE
5
1BFA
330
C
100
AcDbEntity
8
0
100
AcDbLine
10
93.783
20
118.642
30
0
11
93.829
21
118.798
31
0
0
LINE
5
1BFB
330
C
100
AcDbEntity
8
0
100
AcDbLine
10
93.829
20
118.798
30
0
11
93.881
21
118.948
31
0
0
LINE
5
1BFC
330
C
100
AcDbEntity
8
0
100
AcDbLine
10
93.881
20
118.948
30
0
11
93.94
21
119.092
31
0
0
LINE
5
1BFD
330
C
100
AcDbEntity
8
0
100
AcDbLine
10
93.94
20
119.092
30
0
11
94.006
21
119.229
31
0
0
LINE
5
1BFE
330
C
100
AcDbEntity
8
0
100
AcDbLine
10
94.006
20
119.229
30
0
11
94.078
21
119.359
31
0
0
LINE
5
1BFF
330
C
100
AcDbEntity
8
0
100
AcDbLine
10
94.078
20
119.359
30
0
11
94.155
21
119.483
31
0
0
LINE
5
1C00
330
C
100
AcDbEntity
8
0
100
AcDbLine
10
94.155
20
119.483
30
0
11
94.238
21
119.601
31
0
0
LINE
5
1C01
330
C
100
AcDbEntity
8
0
100
AcDbLine
10
94.238
20
119.601
30
0
11
94.325
21
119.712
31
0
0
LINE
5
1C02
330
C
100
AcDbEntity
8
0
100
AcDbLine
10
94.325
20
119.712
30
0
11
94.418
21
119.816
31
0
0
LINE
5
1C03
330
C
100
AcDbEntity
8
0
100
AcDbLine
10
94.418
20
119.816
30
0
11
94.515
21
119.914
31
0
0
LINE
5
1C04
330
C
100
AcDbEntity
8
0
100
AcDbLine
10
94.515
20
119.914
30
0
11
94.618
21
120.005
31
0
0
LINE
5
1C05
330
C
100
AcDbEntity
8
0
100
AcDbLine
10
94.618
20
120.005
30
0
11
94.726
21
120.09
31
0
0
LINE
5
1C06
330
C
100
AcDbEntity
8
0
100
AcDbLine
10
94.726
20
120.09
30
0
11
94.839
21
120.168
31
0
0
LINE
5
1C07
330
C
100
AcDbEntity
8
0
100
AcDbLine
10
94.839
20
120.168
30
0
11
94.957
21
120.24
31
0
0
LINE
5
1C08
330
C
100
AcDbEntity
8
0
100
AcDbLine
10
94.957
20
120.24
30
0
11
95.079
21
120.305
31
0
0
LINE
5
1C09
330
C
100
AcDbEntity
8
0
100
AcDbLine
10
95.079
20
120.305
30
0
11
95.205
21
120.363
31
0
0
LINE
5
1C0A
330
C
100
AcDbEntity
8
0
100
AcDbLine
10
95.205
20
120.363
30
0
11
95.334
21
120.414
31
0
0
LINE
5
1C0B
330
C
100
AcDbEntity
8
0
100
AcDbLine
10
95.334
20
120.414
30
0
11
95.467
21
120.459
31
0
0
LINE
5
1C0C
330
C
100
AcDbEntity
8
0
100
AcDbLine
10
95.467
20
120.459
30
0
11
95.603
21
120.496
31
0
0
LINE
5
1C0D
330
C
100
AcDbEntity
8
0
100
AcDbLine
10
95.603
20
120.496
30
0
11
95.742
21
120.527
31
0
0
LINE
5
1C0E
330
C
100
AcDbEntity
8
0
100
AcDbLine
10
95.742
20
120.527
30
0
11
95.885
21
120.551
31
0
0
LINE
5
1C0F
330
C
100
AcDbEntity
8
0
100
AcDbLine
10
95.885
20
120.551
30
0
11
96.031
21
120.568
31
0
0
LINE
5
1C10
330
C
100
AcDbEntity
8
0
100
AcDbLine
10
96.031
20
120.568
30
0
11
96.181
21
120.578
31
0
0
LINE
5
1C11
330
C
100
AcDbEntity
8
0
100
AcDbLine
10
96.181
20
120.578
30
0
11
96.334
21
120.582
31
0
0
LINE
5
1C12
330
C
100
AcDbEntity
8
0
100
AcDbLine
10
96.334
20
120.582
30
0
11
96.334
21
120.582
31
0
0
LINE
5
1C13
330
C
100
AcDbEntity
8
0
100
AcDbLine
10
96.334
20
120.582
30
0
11
96.486
21
120.578
31
0
0
LINE
5
1C14
330
C
100
AcDbEntity
8
0
100
AcDbLine
10
96.486
20
120.578
30
0
11
96.635
21
120.568
31
0
0
LINE
5
1C15
330
C
100
AcDbEntity
8
0
100
AcDbLine
10
96.635
20
120.568
30
0
11
96.78
21
120.551
31
0
0
LINE
5
1C16
330
C
100
AcDbEntity
8
0
100
AcDbLine
10
96.78
20
120.551
30
0
11
96.922
21
120.527
31
0
0
LINE
5
1C17
330
C
100
AcDbEntity
8
0
100
AcDbLine
10
96.922
20
120.527
30
0
11
97.061
21
120.496
31
0
0
LINE
5
1C18
330
C
100
AcDbEntity
8
0
100
AcDbLine
10
97.061
20
120.496
30
0
11
97.196
21
120.459
31
0
0
LINE
5
1C19
330
C
100
AcDbEntity
8
0
100
AcDbLine
10
97.196
20
120.459
30
0
11
97.328
21
120.414
31
0
0
LINE
5
1C1A
330
C
100
AcDbEntity
8
0
100
AcDbLine
10
97.328
20
120.414
30
0
11
97.457
21
120.363
31
0
0
LINE
5
1C1B
330
C
100
AcDbEntity
8
0
100
AcDbLine
10
97.457
20
120.363
30
0
11
97.583
21
120.305
31
0
0
LINE
5
1C1C
330
C
100
AcDbEntity
8
0
100
AcDbLine
10
97.583
20
120.305
30
0
11
97.705
21
120.24
31
0
0
LINE
5
1C1D
330
C
100
AcDbEntity
8
0
100
AcDbLine
10
97.705
20
120.24
30
0
11
97.823
21
120.168
31
0
0
LINE
5
1C1E
330
C
100
AcDbEntity
8
0
100
AcDbLine
10
97.823
20
120.168
30
0
11
97.936
21
120.09
31
0
0
LINE
5
1C1F
330
C
100
AcDbEntity
8
0
100
AcDbLine
10
97.936
20
120.09
30
0
11
98.044
21
120.005
31
0
0
LINE
5
1C20
330
C
100
AcDbEntity
8
0
100
AcDbLine
10
98.044
20
120.005
30
0
11
98.146
21
119.914
31
0
0
LINE
5
1C21
330
C
100
AcDbEntity
8
0
100
AcDbLine
10
98.146
20
119.914
30
0
11
98.243
21
119.816
31
0
0
LINE
5
1C22
330
C
100
AcDbEntity
8
0
100
AcDbLine
10
98.243
20
119.816
30
0
11
98.336
21
119.712
31
0
0
LINE
5
1C23
330
C
100
AcDbEntity
8
0
100
AcDbLine
10
98.336
20
119.712
30
0
11
98.423
21
119.601
31
0
0
LINE
5
1C24
330
C
100
AcDbEntity
8
0
100
AcDbLine
10
98.423
20
119.601
30
0
11
98.505
21
119.483
31
0
0
LINE
5
1C25
330
C
100
AcDbEntity
8
0
100
AcDbLine
10
98.505
20
119.483
30
0
11
98.581
21
119.359
31
0
0
LINE
5
1C26
330
C
100
AcDbEntity
8
0
100
AcDbLine
10
98.581
20
119.359
30
0
11
98.653
21
119.229
31
0
0
LINE
5
1C27
330
C
100
AcDbEntity
8
0
100
AcDbLine
10
98.653
20
119.229
30
0
11
98.719
21
119.092
31
0
0
LINE
5
1C28
330
C
100
AcDbEntity
8
0
100
AcDbLine
10
98.719
20
119.092
30
0
11
98.777
21
118.948
31
0
0
LINE
5
1C29
330
C
100
AcDbEntity
8
0
100
AcDbLine
10
98.777
20
118.948
30
0
11
98.829
21
118.798
31
0
0
LINE
5
1C2A
330
C
100
AcDbEntity
8
0
100
AcDbLine
10
98.829
20
118.798
30
0
11
98.874
21
118.642
31
0
0
LINE
5
1C2B
330
C
100
AcDbEntity
8
0
100
AcDbLine
10
98.874
20
118.642
30
0
11
98.912
21
118.479
31
0
0
LINE
5
1C2C
330
C
100
AcDbEntity
8
0
100
AcDbLine
10
98.912
20
118.479
30
0
11
98.943
21
118.31
31
0
0
LINE
5
1C2D
330
C
100
AcDbEntity
8
0
100
AcDbLine
10
98.943
20
118.31
30
0
11
98.967
21
118.135
31
0
0
LINE
5
1C2E
330
C
100
AcDbEntity
8
0
100
AcDbLine
10
98.967
20
118.135
30
0
11
98.984
21
117.953
31
0
0
LINE
5
1C2F
330
C
100
AcDbEntity
8
0
100
AcDbLine
10
98.984
20
117.953
30
0
11
98.995
21
117.765
31
0
0
LINE
5
1C30
330
C
100
AcDbEntity
8
0
100
AcDbLine
10
98.995
20
117.765
30
0
11
98.998
21
117.57
31
0
0
LINE
5
1C31
330
C
100
AcDbEntity
8
0
100
AcDbLine
10
98.998
20
117.57
30
0
11
98.998
21
117.57
31
0
0
LINE
5
1C32
330
C
100
AcDbEntity
8
0
100
AcDbLine
10
98.998
20
117.57
30
0
11
98.995
21
117.376
31
0
0
LINE
5
1C33
330
C
100
AcDbEntity
8
0
100
AcDbLine
10
98.995
20
117.376
30
0
11
98.984
21
117.189
31
0
0
LINE
5
1C34
330
C
100
AcDbEntity
8
0
100
AcDbLine
10
98.984
20
117.189
30
0
11
98.967
21
117.007
31
0
0
LINE
5
1C35
330
C
100
AcDbEntity
8
0
100
AcDbLine
10
98.967
20
117.007
30
0
11
98.943
21
116.832
31
0
0
LINE
5
1C36
330
C
100
AcDbEntity
8
0
100
AcDbLine
10
98.943
20
116.832
30
0
11
98.912
21
116.664
31
0
0
LINE
5
1C37
330
C
100
AcDbEntity
8
0
100
AcDbLine
10
98.912
20
116.664
30
0
11
98.874
21
116.501
31
0
0
LINE
5
1C38
330
C
100
AcDbEntity
8
0
100
AcDbLine
10
98.874
20
116.501
30
0
11
98.829
21
116.345
31
0
0
LINE
5
1C39
330
C
100
AcDbEntity
8
0
100
AcDbLine
10
98.829
20
116.345
30
0
11
98.777
21
116.195
31
0
0
LINE
5
1C3A
330
C
100
AcDbEntity
8
0
100
AcDbLine
10
98.777
20
116.195
30
0
11
98.719
21
116.051
31
0
0
LINE
5
1C3B
330
C
100
AcDbEntity
8
0
100
AcDbLine
10
98.719
20
116.051
30
0
11
98.653
21
115.914
31
0
0
LINE
5
1C3C
330
C
100
AcDbEntity
8
0
100
AcDbLine
10
98.653
20
115.914
30
0
11
98.581
21
115.783
31
0
0
LINE
5
1C3D
330
C
100
AcDbEntity
8
0
100
AcDbLine
10
98.581
20
115.783
30
0
11
98.505
21
115.658
31
0
0
LINE
5
1C3E
330
C
100
AcDbEntity
8
0
100
AcDbLine
10
98.505
20
115.658
30
0
11
98.423
21
115.54
31
0
0
LINE
5
1C3F
330
C
100
AcDbEntity
8
0
100
AcDbLine
10
98.423
20
115.54
30
0
11
98.336
21
115.429
31
0
0
LINE
5
1C40
330
C
100
AcDbEntity
8
0
100
AcDbLine
10
98.336
20
115.429
30
0
11
98.243
21
115.324
31
0
0
LINE
5
1C41
330
C
100
AcDbEntity
8
0
100
AcDbLine
10
98.243
20
115.324
30
0
11
98.146
21
115.226
31
0
0
LINE
5
1C42
330
C
100
AcDbEntity
8
0
100
AcDbLine
10
98.146
20
115.226
30
0
11
98.044
21
115.135
31
0
0
LINE
5
1C43
330
C
100
AcDbEntity
8
0
100
AcDbLine
10
98.044
20
115.135
30
0
11
97.936
21
115.05
31
0
0
LINE
5
1C44
330
C
100
AcDbEntity
8
0
100
AcDbLine
10
97.936
20
115.05
30
0
11
97.823
21
114.971
31
0
0
LINE
5
1C45
330
C
100
AcDbEntity
8
0
100
AcDbLine
10
97.823
20
114.971
30
0
11
97.705
21
114.9
31
0
0
LINE
5
1C46
330
C
100
AcDbEntity
8
0
100
AcDbLine
10
97.705
20
114.9
30
0
11
97.583
21
114.835
31
0
0
LINE
5
1C47
330
C
100
AcDbEntity
8
0
100
AcDbLine
10
97.583
20
114.835
30
0
11
97.457
21
114.777
31
0
0
LINE
5
1C48
330
C
100
AcDbEntity
8
0
100
AcDbLine
10
97.457
20
114.777
30
0
11
97.328
21
114.725
31
0
0
LINE
5
1C49
330
C
100
AcDbEntity
8
0
100
AcDbLine
10
97.328
20
114.725
30
0
11
97.196
21
114.681
31
0
0
LINE
5
1C4A
330
C
100
AcDbEntity
8
0
100
AcDbLine
10
97.196
20
114.681
30
0
11
97.061
21
114.643
31
0
0
LINE
5
1C4B
330
C
100
AcDbEntity
8
0
100
AcDbLine
10
97.061
20
114.643
30
0
11
96.922
21
114.612
31
0
0
LINE
5
1C4C
330
C
100
AcDbEntity
8
0
100
AcDbLine
10
96.922
20
114.612
30
0
11
96.78
21
114.589
31
0
0
LINE
5
1C4D
330
C
100
AcDbEntity
8
0
100
AcDbLine
10
96.78
20
114.589
30
0
11
96.635
21
114.571
31
0
0
LINE
5
1C4E
330
C
100
AcDbEntity
8
0
100
AcDbLine
10
96.635
20
114.571
30
0
11
96.486
21
114.561
31
0
0
LINE
5
1C4F
330
C
100
AcDbEntity
8
0
100
AcDbLine
10
96.486
20
114.561
30
0
11
96.334
21
114.558
31
0
0
LINE
5
1C50
330
C
100
AcDbEntity
8
0
100
AcDbLine
10
96.334
20
114.558
30
0
11
96.334
21
114.558
31
0
0
LINE
5
1C51
330
C
100
AcDbEntity
8
0
100
AcDbLine
10
96.31
20
115.374
30
0
11
96.31
21
115.374
31
0
0
LINE
5
1C52
330
C
100
AcDbEntity
8
0
100
AcDbLine
10
96.31
20
115.374
30
0
11
96.42
21
115.376
31
0
0
LINE
5
1C53
330
C
100
AcDbEntity
8
0
100
AcDbLine
10
96.42
20
115.376
30
0
11
96.526
21
115.384
31
0
0
LINE
5
1C54
330
C
100
AcDbEntity
8
0
100
AcDbLine
10
96.526
20
115.384
30
0
11
96.63
21
115.398
31
0
0
LINE
5
1C55
330
C
100
AcDbEntity
8
0
100
AcDbLine
10
96.63
20
115.398
30
0
11
96.73
21
115.416
31
0
0
LINE
5
1C56
330
C
100
AcDbEntity
8
0
100
AcDbLine
10
96.73
20
115.416
30
0
11
96.826
21
115.44
31
0
0
LINE
5
1C57
330
C
100
AcDbEntity
8
0
100
AcDbLine
10
96.826
20
115.44
30
0
11
96.919
21
115.47
31
0
0
LINE
5
1C58
330
C
100
AcDbEntity
8
0
100
AcDbLine
10
96.919
20
115.47
30
0
11
97.009
21
115.505
31
0
0
LINE
5
1C59
330
C
100
AcDbEntity
8
0
100
AcDbLine
10
97.009
20
115.505
30
0
11
97.095
21
115.545
31
0
0
LINE
5
1C5A
330
C
100
AcDbEntity
8
0
100
AcDbLine
10
97.095
20
115.545
30
0
11
97.178
21
115.59
31
0
0
LINE
5
1C5B
330
C
100
AcDbEntity
8
0
100
AcDbLine
10
97.178
20
115.59
30
0
11
97.258
21
115.641
31
0
0
LINE
5
1C5C
330
C
100
AcDbEntity
8
0
100
AcDbLine
10
97.258
20
115.641
30
0
11
97.334
21
115.696
31
0
0
LINE
5
1C5D
330
C
100
AcDbEntity
8
0
100
AcDbLine
10
97.334
20
115.696
30
0
11
97.406
21
115.757
31
0
0
LINE
5
1C5E
330
C
100
AcDbEntity
8
0
100
AcDbLine
10
97.406
20
115.757
30
0
11
97.475
21
115.821
31
0
0
LINE
5
1C5F
330
C
100
AcDbEntity
8
0
100
AcDbLine
10
97.475
20
115.821
30
0
11
97.54
21
115.89
31
0
0
LINE
5
1C60
330
C
100
AcDbEntity
8
0
100
AcDbLine
10
97.54
20
115.89
30
0
11
97.601
21
115.964
31
0
0
LINE
5
1C61
330
C
100
AcDbEntity
8
0
100
AcDbLine
10
97.601
20
115.964
30
0
11
97.658
21
116.042
31
0
0
LINE
5
1C62
330
C
100
AcDbEntity
8
0
100
AcDbLine
10
97.658
20
116.042
30
0
11
97.711
21
116.125
31
0
0
LINE
5
1C63
330
C
100
AcDbEntity
8
0
100
AcDbLine
10
97.711
20
116.125
30
0
11
97.761
21
116.212
31
0
0
LINE
5
1C64
330
C
100
AcDbEntity
8
0
100
AcDbLine
10
97.761
20
116.212
30
0
11
97.807
21
116.304
31
0
0
LINE
5
1C65
330
C
100
AcDbEntity
8
0
100
AcDbLine
10
97.807
20
116.304
30
0
11
97.849
21
116.4
31
0
0
LINE
5
1C66
330
C
100
AcDbEntity
8
0
100
AcDbLine
10
97.849
20
116.4
30
0
11
97.887
21
116.5
31
0
0
LINE
5
1C67
330
C
100
AcDbEntity
8
0
100
AcDbLine
10
97.887
20
116.5
30
0
11
97.921
21
116.604
31
0
0
LINE
5
1C68
330
C
100
AcDbEntity
8
0
100
AcDbLine
10
97.921
20
116.604
30
0
11
97.952
21
116.712
31
0
0
LINE
5
1C69
330
C
100
AcDbEntity
8
0
100
AcDbLine
10
97.952
20
116.712
30
0
11
97.978
21
116.823
31
0
0
LINE
5
1C6A
330
C
100
AcDbEntity
8
0
100
AcDbLine
10
97.978
20
116.823
30
0
11
98
21
116.938
31
0
0
LINE
5
1C6B
330
C
100
AcDbEntity
8
0
100
AcDbLine
10
98
20
116.938
30
0
11
98.018
21
117.057
31
0
0
LINE
5
1C6C
330
C
100
AcDbEntity
8
0
100
AcDbLine
10
98.018
20
117.057
30
0
11
98.032
21
117.18
31
0
0
LINE
5
1C6D
330
C
100
AcDbEntity
8
0
100
AcDbLine
10
98.032
20
117.18
30
0
11
98.042
21
117.306
31
0
0
LINE
5
1C6E
330
C
100
AcDbEntity
8
0
100
AcDbLine
10
98.042
20
117.306
30
0
11
98.048
21
117.436
31
0
0
LINE
5
1C6F
330
C
100
AcDbEntity
8
0
100
AcDbLine
10
98.048
20
117.436
30
0
11
98.05
21
117.57
31
0
0
LINE
5
1C70
330
C
100
AcDbEntity
8
0
100
AcDbLine
10
98.05
20
117.57
30
0
11
98.05
21
117.57
31
0
0
LINE
5
1C71
330
C
100
AcDbEntity
8
0
100
AcDbLine
10
98.05
20
117.57
30
0
11
98.046
21
117.771
31
0
0
LINE
5
1C72
330
C
100
AcDbEntity
8
0
100
AcDbLine
10
98.046
20
117.771
30
0
11
98.033
21
117.963
31
0
0
LINE
5
1C73
330
C
100
AcDbEntity
8
0
100
AcDbLine
10
98.033
20
117.963
30
0
11
98.012
21
118.146
31
0
0
LINE
5
1C74
330
C
100
AcDbEntity
8
0
100
AcDbLine
10
98.012
20
118.146
30
0
11
97.982
21
118.321
31
0
0
LINE
5
1C75
330
C
100
AcDbEntity
8
0
100
AcDbLine
10
97.982
20
118.321
30
0
11
97.944
21
118.487
31
0
0
LINE
5
1C76
330
C
100
AcDbEntity
8
0
100
AcDbLine
10
97.944
20
118.487
30
0
11
97.897
21
118.644
31
0
0
LINE
5
1C77
330
C
100
AcDbEntity
8
0
100
AcDbLine
10
97.897
20
118.644
30
0
11
97.841
21
118.793
31
0
0
LINE
5
1C78
330
C
100
AcDbEntity
8
0
100
AcDbLine
10
97.841
20
118.793
30
0
11
97.777
21
118.933
31
0
0
LINE
5
1C79
330
C
100
AcDbEntity
8
0
100
AcDbLine
10
97.777
20
118.933
30
0
11
97.705
21
119.064
31
0
0
LINE
5
1C7A
330
C
100
AcDbEntity
8
0
100
AcDbLine
10
97.705
20
119.064
30
0
11
97.624
21
119.187
31
0
0
LINE
5
1C7B
330
C
100
AcDbEntity
8
0
100
AcDbLine
10
97.624
20
119.187
30
0
11
97.535
21
119.299
31
0
0
LINE
5
1C7C
330
C
100
AcDbEntity
8
0
100
AcDbLine
10
97.535
20
119.299
30
0
11
97.437
21
119.399
31
0
0
LINE
5
1C7D
330
C
100
AcDbEntity
8
0
100
AcDbLine
10
97.437
20
119.399
30
0
11
97.331
21
119.488
31
0
0
LINE
5
1C7E
330
C
100
AcDbEntity
8
0
100
AcDbLine
10
97.331
20
119.488
30
0
11
97.217
21
119.565
31
0
0
LINE
5
1C7F
330
C
100
AcDbEntity
8
0
100
AcDbLine
10
97.217
20
119.565
30
0
11
97.094
21
119.63
31
0
0
LINE
5
1C80
330
C
100
AcDbEntity
8
0
100
AcDbLine
10
97.094
20
119.63
30
0
11
96.964
21
119.683
31
0
0
LINE
5
1C81
330
C
100
AcDbEntity
8
0
100
AcDbLine
10
96.964
20
119.683
30
0
11
96.825
21
119.725
31
0
0
LINE
5
1C82
330
C
100
AcDbEntity
8
0
100
AcDbLine
10
96.825
20
119.725
30
0
11
96.677
21
119.754
31
0
0
LINE
5
1C83
330
C
100
AcDbEntity
8
0
100
AcDbLine
10
96.677
20
119.754
30
0
11
96.522
21
119.772
31
0
0
LINE
5
1C84
330
C
100
AcDbEntity
8
0
100
AcDbLine
10
96.522
20
119.772
30
0
11
96.358
21
119.778
31
0
0
LINE
5
1C85
330
C
100
AcDbEntity
8
0
100
AcDbLine
10
96.358
20
119.778
30
0
11
96.358
21
119.778
31
0
0
LINE
5
1C86
330
C
100
AcDbEntity
8
0
100
AcDbLine
10
96.358
20
119.778
30
0
11
96.247
21
119.775
31
0
0
LINE
5
1C87
330
C
100
AcDbEntity
8
0
100
AcDbLine
10
96.247
20
119.775
30
0
11
96.139
21
119.767
31
0
0
LINE
5
1C88
330
C
100
AcDbEntity
8
0
100
AcDbLine
10
96.139
20
119.767
30
0
11
96.036
21
119.754
31
0
0
LINE
5
1C89
330
C
100
AcDbEntity
8
0
100
AcDbLine
10
96.036
20
119.754
30
0
11
95.935
21
119.735
31
0
0
LINE
5
1C8A
330
C
100
AcDbEntity
8
0
100
AcDbLine
10
95.935
20
119.735
30
0
11
95.838
21
119.711
31
0
0
LINE
5
1C8B
330
C
100
AcDbEntity
8
0
100
AcDbLine
10
95.838
20
119.711
30
0
11
95.745
21
119.682
31
0
0
LINE
5
1C8C
330
C
100
AcDbEntity
8
0
100
AcDbLine
10
95.745
20
119.682
30
0
11
95.655
21
119.647
31
0
0
LINE
5
1C8D
330
C
100
AcDbEntity
8
0
100
AcDbLine
10
95.655
20
119.647
30
0
11
95.569
21
119.607
31
0
0
LINE
5
1C8E
330
C
100
AcDbEntity
8
0
100
AcDbLine
10
95.569
20
119.607
30
0
11
95.486
21
119.561
31
0
0
LINE
5
1C8F
330
C
100
AcDbEntity
8
0
100
AcDbLine
10
95.486
20
119.561
30
0
11
95.407
21
119.511
31
0
0
LINE
5
1C90
330
C
100
AcDbEntity
8
0
100
AcDbLine
10
95.407
20
119.511
30
0
11
95.331
21
119.455
31
0
0
LINE
5
1C91
330
C
100
AcDbEntity
8
0
100
AcDbLine
10
95.331
20
119.455
30
0
11
95.26
21
119.395
31
0
0
LINE
5
1C92
330
C
100
AcDbEntity
8
0
100
AcDbLine
10
95.26
20
119.395
30
0
11
95.192
21
119.33
31
0
0
LINE
5
1C93
330
C
100
AcDbEntity
8
0
100
AcDbLine
10
95.192
20
119.33
30
0
11
95.127
21
119.261
31
0
0
LINE
5
1C94
330
C
100
AcDbEntity
8
0
100
AcDbLine
10
95.127
20
119.261
30
0
11
95.067
21
119.187
31
0
0
LINE
5
1C95
330
C
100
AcDbEntity
8
0
100
AcDbLine
10
95.067
20
119.187
30
0
11
95.01
21
119.108
31
0
0
LINE
5
1C96
330
C
100
AcDbEntity
8
0
100
AcDbLine
10
95.01
20
119.108
30
0
11
94.956
21
119.025
31
0
0
LINE
5
1C97
330
C
100
AcDbEntity
8
0
100
AcDbLine
10
94.956
20
119.025
30
0
11
94.907
21
118.938
31
0
0
LINE
5
1C98
330
C
100
AcDbEntity
8
0
100
AcDbLine
10
94.907
20
118.938
30
0
11
94.861
21
118.845
31
0
0
LINE
5
1C99
330
C
100
AcDbEntity
8
0
100
AcDbLine
10
94.861
20
118.845
30
0
11
94.819
21
118.749
31
0
0
LINE
5
1C9A
330
C
100
AcDbEntity
8
0
100
AcDbLine
10
94.819
20
118.749
30
0
11
94.781
21
118.648
31
0
0
LINE
5
1C9B
330
C
100
AcDbEntity
8
0
100
AcDbLine
10
94.781
20
118.648
30
0
11
94.747
21
118.543
31
0
0
LINE
5
1C9C
330
C
100
AcDbEntity
8
0
100
AcDbLine
10
94.747
20
118.543
30
0
11
94.716
21
118.435
31
0
0
LINE
5
1C9D
330
C
100
AcDbEntity
8
0
100
AcDbLine
10
94.716
20
118.435
30
0
11
94.69
21
118.322
31
0
0
LINE
5
1C9E
330
C
100
AcDbEntity
8
0
100
AcDbLine
10
94.69
20
118.322
30
0
11
94.668
21
118.206
31
0
0
LINE
5
1C9F
330
C
100
AcDbEntity
8
0
100
AcDbLine
10
94.668
20
118.206
30
0
11
94.65
21
118.087
31
0
0
LINE
5
1CA0
330
C
100
AcDbEntity
8
0
100
AcDbLine
10
94.65
20
118.087
30
0
11
94.636
21
117.963
31
0
0
LINE
5
1CA1
330
C
100
AcDbEntity
8
0
100
AcDbLine
10
94.636
20
117.963
30
0
11
94.626
21
117.836
31
0
0
LINE
5
1CA2
330
C
100
AcDbEntity
8
0
100
AcDbLine
10
94.626
20
117.836
30
0
11
94.62
21
117.705
31
0
0
LINE
5
1CA3
330
C
100
AcDbEntity
8
0
100
AcDbLine
10
94.62
20
117.705
30
0
11
94.618
21
117.57
31
0
0
LINE
5
1CA4
330
C
100
AcDbEntity
8
0
100
AcDbLine
10
94.618
20
117.57
30
0
11
94.618
21
117.57
31
0
0
LINE
5
1CA5
330
C
100
AcDbEntity
8
0
100
AcDbLine
10
94.618
20
117.57
30
0
11
94.622
21
117.371
31
0
0
LINE
5
1CA6
330
C
100
AcDbEntity
8
0
100
AcDbLine
10
94.622
20
117.371
30
0
11
94.635
21
117.181
31
0
0
LINE
5
1CA7
330
C
100
AcDbEntity
8
0
100
AcDbLine
10
94.635
20
117.181
30
0
11
94.657
21
116.999
31
0
0
LINE
5
1CA8
330
C
100
AcDbEntity
8
0
100
AcDbLine
10
94.657
20
116.999
30
0
11
94.687
21
116.826
31
0
0
LINE
5
1CA9
330
C
100
AcDbEntity
8
0
100
AcDbLine
10
94.687
20
116.826
30
0
11
94.725
21
116.661
31
0
0
LINE
5
1CAA
330
C
100
AcDbEntity
8
0
100
AcDbLine
10
94.725
20
116.661
30
0
11
94.772
21
116.505
31
0
0
LINE
5
1CAB
330
C
100
AcDbEntity
8
0
100
AcDbLine
10
94.772
20
116.505
30
0
11
94.828
21
116.357
31
0
0
LINE
5
1CAC
330
C
100
AcDbEntity
8
0
100
AcDbLine
10
94.828
20
116.357
30
0
11
94.893
21
116.218
31
0
0
LINE
5
1CAD
330
C
100
AcDbEntity
8
0
100
AcDbLine
10
94.893
20
116.218
30
0
11
94.965
21
116.087
31
0
0
LINE
5
1CAE
330
C
100
AcDbEntity
8
0
100
AcDbLine
10
94.965
20
116.087
30
0
11
95.047
21
115.965
31
0
0
LINE
5
1CAF
330
C
100
AcDbEntity
8
0
100
AcDbLine
10
95.047
20
115.965
30
0
11
95.137
21
115.852
31
0
0
LINE
5
1CB0
330
C
100
AcDbEntity
8
0
100
AcDbLine
10
95.137
20
115.852
30
0
11
95.235
21
115.752
31
0
0
LINE
5
1CB1
330
C
100
AcDbEntity
8
0
100
AcDbLine
10
95.235
20
115.752
30
0
11
95.341
21
115.663
31
0
0
LINE
5
1CB2
330
C
100
AcDbEntity
8
0
100
AcDbLine
10
95.341
20
115.663
30
0
11
95.455
21
115.586
31
0
0
LINE
5
1CB3
330
C
100
AcDbEntity
8
0
100
AcDbLine
10
95.455
20
115.586
30
0
11
95.577
21
115.521
31
0
0
LINE
5
1CB4
330
C
100
AcDbEntity
8
0
100
AcDbLine
10
95.577
20
115.521
30
0
11
95.708
21
115.468
31
0
0
LINE
5
1CB5
330
C
100
AcDbEntity
8
0
100
AcDbLine
10
95.708
20
115.468
30
0
11
95.846
21
115.427
31
0
0
LINE
5
1CB6
330
C
100
AcDbEntity
8
0
100
AcDbLine
10
95.846
20
115.427
30
0
11
95.993
21
115.397
31
0
0
LINE
5
1CB7
330
C
100
AcDbEntity
8
0
100
AcDbLine
10
95.993
20
115.397
30
0
11
96.147
21
115.38
31
0
0
LINE
5
1CB8
330
C
100
AcDbEntity
8
0
100
AcDbLine
10
96.147
20
115.38
30
0
11
96.31
21
115.374
31
0
0
LINE
5
1CB9
330
C
100
AcDbEntity
8
0
100
AcDbLine
10
96.31
20
115.374
30
0
11
96.31
21
115.374
31
0
0
LINE
5
1CBA
330
C
100
AcDbEntity
8
0
100
AcDbLine
10
102.58
20
114.558
30
0
11
102.58
21
114.558
31
0
0
LINE
5
1CBB
330
C
100
AcDbEntity
8
0
100
AcDbLine
10
102.58
20
114.558
30
0
11
102.487
21
114.56
31
0
0
LINE
5
1CBC
330
C
100
AcDbEntity
8
0
100
AcDbLine
10
102.487
20
114.56
30
0
11
102.397
21
114.565
31
0
0
LINE
5
1CBD
330
C
100
AcDbEntity
8
0
100
AcDbLine
10
102.397
20
114.565
30
0
11
102.308
21
114.574
31
0
0
LINE
5
1CBE
330
C
100
AcDbEntity
8
0
100
AcDbLine
10
102.308
20
114.574
30
0
11
102.221
21
114.587
31
0
0
LINE
5
1CBF
330
C
100
AcDbEntity
8
0
100
AcDbLine
10
102.221
20
114.587
30
0
11
102.136
21
114.603
31
0
0
LINE
5
1CC0
330
C
100
AcDbEntity
8
0
100
AcDbLine
10
102.136
20
114.603
30
0
11
102.053
21
114.623
31
0
0
LINE
5
1CC1
330
C
100
AcDbEntity
8
0
100
AcDbLine
10
102.053
20
114.623
30
0
11
101.972
21
114.646
31
0
0
LINE
5
1CC2
330
C
100
AcDbEntity
8
0
100
AcDbLine
10
101.972
20
114.646
30
0
11
101.893
21
114.673
31
0
0
LINE
5
1CC3
330
C
100
AcDbEntity
8
0
100
AcDbLine
10
101.893
20
114.673
30
0
11
101.815
21
114.704
31
0
0
LINE
5
1CC4
330
C
100
AcDbEntity
8
0
100
AcDbLine
10
101.815
20
114.704
30
0
11
101.74
21
114.738
31
0
0
LINE
5
1CC5
330
C
100
AcDbEntity
8
0
100
AcDbLine
10
101.74
20
114.738
30
0
11
101.667
21
114.776
31
0
0
LINE
5
1CC6
330
C
100
AcDbEntity
8
0
100
AcDbLine
10
101.667
20
114.776
30
0
11
101.597
21
114.817
31
0
0
LINE
5
1CC7
330
C
100
AcDbEntity
8
0
100
AcDbLine
10
101.597
20
114.817
30
0
11
101.531
21
114.862
31
0
0
LINE
5
1CC8
330
C
100
AcDbEntity
8
0
100
AcDbLine
10
101.531
20
114.862
30
0
11
101.467
21
114.911
31
0
0
LINE
5
1CC9
330
C
100
AcDbEntity
8
0
100
AcDbLine
10
101.467
20
114.911
30
0
11
101.407
21
114.963
31
0
0
LINE
5
1CCA
330
C
100
AcDbEntity
8
0
100
AcDbLine
10
101.407
20
114.963
30
0
11
101.35
21
115.019
31
0
0
LINE
5
1CCB
330
C
100
AcDbEntity
8
0
100
AcDbLine
10
101.35
20
115.019
30
0
11
101.296
21
115.078
31
0
0
LINE
5
1CCC
330
C
100
AcDbEntity
8
0
100
AcDbLine
10
101.296
20
115.078
30
0
11
101.245
21
115.141
31
0
0
LINE
5
1CCD
330
C
100
AcDbEntity
8
0
100
AcDbLine
10
101.245
20
115.141
30
0
11
101.197
21
115.208
31
0
0
LINE
5
1CCE
330
C
100
AcDbEntity
8
0
100
AcDbLine
10
101.197
20
115.208
30
0
11
101.152
21
115.278
31
0
0
LINE
5
1CCF
330
C
100
AcDbEntity
8
0
100
AcDbLine
10
101.152
20
115.278
30
0
11
101.111
21
115.352
31
0
0
LINE
5
1CD0
330
C
100
AcDbEntity
8
0
100
AcDbLine
10
101.111
20
115.352
30
0
11
101.074
21
115.429
31
0
0
LINE
5
1CD1
330
C
100
AcDbEntity
8
0
100
AcDbLine
10
101.074
20
115.429
30
0
11
101.042
21
115.51
31
0
0
LINE
5
1CD2
330
C
100
AcDbEntity
8
0
100
AcDbLine
10
101.042
20
115.51
30
0
11
101.014
21
115.595
31
0
0
LINE
5
1CD3
330
C
100
AcDbEntity
8
0
100
AcDbLine
10
101.014
20
115.595
30
0
11
100.99
21
115.683
31
0
0
LINE
5
1CD4
330
C
100
AcDbEntity
8
0
100
AcDbLine
10
100.99
20
115.683
30
0
11
100.971
21
115.775
31
0
0
LINE
5
1CD5
330
C
100
AcDbEntity
8
0
100
AcDbLine
10
100.971
20
115.775
30
0
11
100.955
21
115.87
31
0
0
LINE
5
1CD6
330
C
100
AcDbEntity
8
0
100
AcDbLine
10
100.955
20
115.87
30
0
11
100.945
21
115.969
31
0
0
LINE
5
1CD7
330
C
100
AcDbEntity
8
0
100
AcDbLine
10
100.945
20
115.969
30
0
11
100.938
21
116.072
31
0
0
LINE
5
1CD8
330
C
100
AcDbEntity
8
0
100
AcDbLine
10
100.938
20
116.072
30
0
11
100.936
21
116.178
31
0
0
LINE
5
1CD9
330
C
100
AcDbEntity
8
0
100
AcDbLine
10
100.936
20
116.178
30
0
11
100.936
21
116.178
31
0
0
LINE
5
1CDA
330
C
100
AcDbEntity
8
0
100
AcDbLine
10
100.936
20
116.178
30
0
11
100.936
21
122.034
31
0
0
LINE
5
1CDB
330
C
100
AcDbEntity
8
0
100
AcDbLine
10
100.936
20
122.034
30
0
11
101.86
21
122.034
31
0
0
LINE
5
1CDC
330
C
100
AcDbEntity
8
0
100
AcDbLine
10
101.86
20
122.034
30
0
11
101.86
21
116.202
31
0
0
LINE
5
1CDD
330
C
100
AcDbEntity
8
0
100
AcDbLine
10
101.86
20
116.202
30
0
11
101.868
21
116.033
31
0
0
LINE
5
1CDE
330
C
100
AcDbEntity
8
0
100
AcDbLine
10
101.868
20
116.033
30
0
11
101.893
21
115.882
31
0
0
LINE
5
1CDF
330
C
100
AcDbEntity
8
0
100
AcDbLine
10
101.893
20
115.882
30
0
11
101.935
21
115.749
31
0
0
LINE
5
1CE0
330
C
100
AcDbEntity
8
0
100
AcDbLine
10
101.935
20
115.749
30
0
11
101.992
21
115.633
31
0
0
LINE
5
1CE1
330
C
100
AcDbEntity
8
0
100
AcDbLine
10
101.992
20
115.633
30
0
11
102.067
21
115.536
31
0
0
LINE
5
1CE2
330
C
100
AcDbEntity
8
0
100
AcDbLine
10
102.067
20
115.536
30
0
11
102.158
21
115.456
31
0
0
LINE
5
1CE3
330
C
100
AcDbEntity
8
0
100
AcDbLine
10
102.158
20
115.456
30
0
11
102.266
21
115.394
31
0
0
LINE
5
1CE4
330
C
100
AcDbEntity
8
0
100
AcDbLine
10
102.266
20
115.394
30
0
11
102.39
21
115.349
31
0
0
LINE
5
1CE5
330
C
100
AcDbEntity
8
0
100
AcDbLine
10
102.39
20
115.349
30
0
11
102.531
21
115.323
31
0
0
LINE
5
1CE6
330
C
100
AcDbEntity
8
0
100
AcDbLine
10
102.531
20
115.323
30
0
11
102.688
21
115.314
31
0
0
LINE
5
1CE7
330
C
100
AcDbEntity
8
0
100
AcDbLine
10
102.688
20
115.314
30
0
11
102.688
21
115.314
31
0
0
LINE
5
1CE8
330
C
100
AcDbEntity
8
0
100
AcDbLine
10
102.688
20
115.314
30
0
11
102.737
21
115.314
31
0
0
LINE
5
1CE9
330
C
100
AcDbEntity
8
0
100
AcDbLine
10
102.737
20
115.314
30
0
11
102.786
21
115.316
31
0
0
LINE
5
1CEA
330
C
100
AcDbEntity
8
0
100
AcDbLine
10
102.786
20
115.316
30
0
11
102.834
21
115.319
31
0
0
LINE
5
1CEB
330
C
100
AcDbEntity
8
0
100
AcDbLine
10
102.834
20
115.319
30
0
11
102.882
21
115.322
31
0
0
LINE
5
1CEC
330
C
100
AcDbEntity
8
0
100
AcDbLine
10
102.882
20
115.322
30
0
11
102.93
21
115.327
31
0
0
LINE
5
1CED
330
C
100
AcDbEntity
8
0
100
AcDbLine
10
102.93
20
115.327
30
0
11
102.978
21
115.333
31
0
0
LINE
5
1CEE
330
C
100
AcDbEntity
8
0
100
AcDbLine
10
102.978
20
115.333
30
0
11
103.025
21
115.34
31
0
0
LINE
5
1CEF
330
C
100
AcDbEntity
8
0
100
AcDbLine
10
103.025
20
115.34
30
0
11
103.072
21
115.348
31
0
0
LINE
5
1CF0
330
C
100
AcDbEntity
8
0
100
AcDbLine
10
103.072
20
115.348
30
0
11
103.119
21
115.357
31
0
0
LINE
5
1CF1
330
C
100
AcDbEntity
8
0
100
AcDbLine
10
103.119
20
115.357
30
0
11
103.165
21
115.368
31
0
0
LINE
5
1CF2
330
C
100
AcDbEntity
8
0
100
AcDbLine
10
103.165
20
115.368
30
0
11
103.212
21
115.379
31
0
0
LINE
5
1CF3
330
C
100
AcDbEntity
8
0
100
AcDbLine
10
103.212
20
115.379
30
0
11
103.26
21
115.391
31
0
0
LINE
5
1CF4
330
C
100
AcDbEntity
8
0
100
AcDbLine
10
103.26
20
115.391
30
0
11
103.309
21
115.405
31
0
0
LINE
5
1CF5
330
C
100
AcDbEntity
8
0
100
AcDbLine
10
103.309
20
115.405
30
0
11
103.359
21
115.42
31
0
0
LINE
5
1CF6
330
C
100
AcDbEntity
8
0
100
AcDbLine
10
103.359
20
115.42
30
0
11
103.41
21
115.435
31
0
0
LINE
5
1CF7
330
C
100
AcDbEntity
8
0
100
AcDbLine
10
103.41
20
115.435
30
0
11
103.463
21
115.452
31
0
0
LINE
5
1CF8
330
C
100
AcDbEntity
8
0
100
AcDbLine
10
103.463
20
115.452
30
0
11
103.516
21
115.47
31
0
0
LINE
5
1CF9
330
C
100
AcDbEntity
8
0
100
AcDbLine
10
103.516
20
115.47
30
0
11
103.571
21
115.489
31
0
0
LINE
5
1CFA
330
C
100
AcDbEntity
8
0
100
AcDbLine
10
103.571
20
115.489
30
0
11
103.627
21
115.509
31
0
0
LINE
5
1CFB
330
C
100
AcDbEntity
8
0
100
AcDbLine
10
103.627
20
115.509
30
0
11
103.684
21
115.53
31
0
0
LINE
5
1CFC
330
C
100
AcDbEntity
8
0
100
AcDbLine
10
103.684
20
115.53
30
0
11
103.684
21
115.53
31
0
0
LINE
5
1CFD
330
C
100
AcDbEntity
8
0
100
AcDbLine
10
103.684
20
115.53
30
0
11
103.816
21
114.858
31
0
0
LINE
5
1CFE
330
C
100
AcDbEntity
8
0
100
AcDbLine
10
103.816
20
114.858
30
0
11
103.755
21
114.832
31
0
0
LINE
5
1CFF
330
C
100
AcDbEntity
8
0
100
AcDbLine
10
103.755
20
114.832
30
0
11
103.694
21
114.807
31
0
0
LINE
5
1D00
330
C
100
AcDbEntity
8
0
100
AcDbLine
10
103.694
20
114.807
30
0
11
103.633
21
114.783
31
0
0
LINE
5
1D01
330
C
100
AcDbEntity
8
0
100
AcDbLine
10
103.633
20
114.783
30
0
11
103.572
21
114.76
31
0
0
LINE
5
1D02
330
C
100
AcDbEntity
8
0
100
AcDbLine
10
103.572
20
114.76
30
0
11
103.511
21
114.738
31
0
0
LINE
5
1D03
330
C
100
AcDbEntity
8
0
100
AcDbLine
10
103.511
20
114.738
30
0
11
103.45
21
114.717
31
0
0
LINE
5
1D04
330
C
100
AcDbEntity
8
0
100
AcDbLine
10
103.45
20
114.717
30
0
11
103.389
21
114.696
31
0
0
LINE
5
1D05
330
C
100
AcDbEntity
8
0
100
AcDbLine
10
103.389
20
114.696
30
0
11
103.328
21
114.677
31
0
0
LINE
5
1D06
330
C
100
AcDbEntity
8
0
100
AcDbLine
10
103.328
20
114.677
30
0
11
103.268
21
114.659
31
0
0
LINE
5
1D07
330
C
100
AcDbEntity
8
0
100
AcDbLine
10
103.268
20
114.659
30
0
11
103.207
21
114.642
31
0
0
LINE
5
1D08
330
C
100
AcDbEntity
8
0
100
AcDbLine
10
103.207
20
114.642
30
0
11
103.146
21
114.626
31
0
0
LINE
5
1D09
330
C
100
AcDbEntity
8
0
100
AcDbLine
10
103.146
20
114.626
30
0
11
103.085
21
114.611
31
0
0
LINE
5
1D0A
330
C
100
AcDbEntity
8
0
100
AcDbLine
10
103.085
20
114.611
30
0
11
103.023
21
114.599
31
0
0
LINE
5
1D0B
330
C
100
AcDbEntity
8
0
100
AcDbLine
10
103.023
20
114.599
30
0
11
102.961
21
114.588
31
0
0
LINE
5
1D0C
330
C
100
AcDbEntity
8
0
100
AcDbLine
10
102.961
20
114.588
30
0
11
102.899
21
114.579
31
0
0
LINE
5
1D0D
330
C
100
AcDbEntity
8
0
100
AcDbLine
10
102.899
20
114.579
30
0
11
102.836
21
114.571
31
0
0
LINE
5
1D0E
330
C
100
AcDbEntity
8
0
100
AcDbLine
10
102.836
20
114.571
30
0
11
102.773
21
114.565
31
0
0
LINE
5
1D0F
330
C
100
AcDbEntity
8
0
100
AcDbLine
10
102.773
20
114.565
30
0
11
102.709
21
114.561
31
0
0
LINE
5
1D10
330
C
100
AcDbEntity
8
0
100
AcDbLine
10
102.709
20
114.561
30
0
11
102.645
21
114.559
31
0
0
LINE
5
1D11
330
C
100
AcDbEntity
8
0
100
AcDbLine
10
102.645
20
114.559
30
0
11
102.58
21
114.558
31
0
0
LINE
5
1D12
330
C
100
AcDbEntity
8
0
100
AcDbLine
10
102.58
20
114.558
30
0
11
102.58
21
114.558
31
0
0
LINE
5
1D13
330
C
100
AcDbEntity
8
0
100
AcDbLine
10
103.672
20
119.79
30
0
11
100.012
21
119.79
31
0
0
LINE
5
1D14
330
C
100
AcDbEntity
8
0
100
AcDbLine
10
100.012
20
119.79
30
0
11
100.012
21
120.438
31
0
0
LINE
5
1D15
330
C
100
AcDbEntity
8
0
100
AcDbLine
10
100.012
20
120.438
30
0
11
103.672
21
120.438
31
0
0
LINE
5
1D16
330
C
100
AcDbEntity
8
0
100
AcDbLine
10
103.672
20
120.438
30
0
11
103.672
21
119.79
31
0
0
LINE
5
1D17
330
C
100
AcDbEntity
8
0
100
AcDbLine
10
103.672
20
119.79
30
0
11
103.672
21
119.79
31
0
0
LINE
5
1D18
330
C
100
AcDbEntity
8
0
100
AcDbLine
10
107.092
20
114.558
30
0
11
107.092
21
114.558
31
0
0
LINE
5
1D19
330
C
100
AcDbEntity
8
0
100
AcDbLine
10
107.092
20
114.558
30
0
11
106.999
21
114.56
31
0
0
LINE
5
1D1A
330
C
100
AcDbEntity
8
0
100
AcDbLine
10
106.999
20
114.56
30
0
11
106.909
21
114.565
31
0
0
LINE
5
1D1B
330
C
100
AcDbEntity
8
0
100
AcDbLine
10
106.909
20
114.565
30
0
11
106.82
21
114.574
31
0
0
LINE
5
1D1C
330
C
100
AcDbEntity
8
0
100
AcDbLine
10
106.82
20
114.574
30
0
11
106.733
21
114.587
31
0
0
LINE
5
1D1D
330
C
100
AcDbEntity
8
0
100
AcDbLine
10
106.733
20
114.587
30
0
11
106.648
21
114.603
31
0
0
LINE
5
1D1E
330
C
100
AcDbEntity
8
0
100
AcDbLine
10
106.648
20
114.603
30
0
11
106.565
21
114.623
31
0
0
LINE
5
1D1F
330
C
100
AcDbEntity
8
0
100
AcDbLine
10
106.565
20
114.623
30
0
11
106.484
21
114.646
31
0
0
LINE
5
1D20
330
C
100
AcDbEntity
8
0
100
AcDbLine
10
106.484
20
114.646
30
0
11
106.405
21
114.673
31
0
0
LINE
5
1D21
330
C
100
AcDbEntity
8
0
100
AcDbLine
10
106.405
20
114.673
30
0
11
106.327
21
114.704
31
0
0
LINE
5
1D22
330
C
100
AcDbEntity
8
0
100
AcDbLine
10
106.327
20
114.704
30
0
11
106.252
21
114.738
31
0
0
LINE
5
1D23
330
C
100
AcDbEntity
8
0
100
AcDbLine
10
106.252
20
114.738
30
0
11
106.179
21
114.776
31
0
0
LINE
5
1D24
330
C
100
AcDbEntity
8
0
100
AcDbLine
10
106.179
20
114.776
30
0
11
106.109
21
114.817
31
0
0
LINE
5
1D25
330
C
100
AcDbEntity
8
0
100
AcDbLine
10
106.109
20
114.817
30
0
11
106.043
21
114.862
31
0
0
LINE
5
1D26
330
C
100
AcDbEntity
8
0
100
AcDbLine
10
106.043
20
114.862
30
0
11
105.979
21
114.911
31
0
0
LINE
5
1D27
330
C
100
AcDbEntity
8
0
100
AcDbLine
10
105.979
20
114.911
30
0
11
105.919
21
114.963
31
0
0
LINE
5
1D28
330
C
100
AcDbEntity
8
0
100
AcDbLine
10
105.919
20
114.963
30
0
11
105.862
21
115.019
31
0
0
LINE
5
1D29
330
C
100
AcDbEntity
8
0
100
AcDbLine
10
105.862
20
115.019
30
0
11
105.808
21
115.078
31
0
0
LINE
5
1D2A
330
C
100
AcDbEntity
8
0
100
AcDbLine
10
105.808
20
115.078
30
0
11
105.757
21
115.141
31
0
0
LINE
5
1D2B
330
C
100
AcDbEntity
8
0
100
AcDbLine
10
105.757
20
115.141
30
0
11
105.709
21
115.208
31
0
0
LINE
5
1D2C
330
C
100
AcDbEntity
8
0
100
AcDbLine
10
105.709
20
115.208
30
0
11
105.664
21
115.278
31
0
0
LINE
5
1D2D
330
C
100
AcDbEntity
8
0
100
AcDbLine
10
105.664
20
115.278
30
0
11
105.623
21
115.352
31
0
0
LINE
5
1D2E
330
C
100
AcDbEntity
8
0
100
AcDbLine
10
105.623
20
115.352
30
0
11
105.586
21
115.429
31
0
0
LINE
5
1D2F
330
C
100
AcDbEntity
8
0
100
AcDbLine
10
105.586
20
115.429
30
0
11
105.554
21
115.51
31
0
0
LINE
5
1D30
330
C
100
AcDbEntity
8
0
100
AcDbLine
10
105.554
20
115.51
30
0
11
105.526
21
115.595
31
0
0
LINE
5
1D31
330
C
100
AcDbEntity
8
0
100
AcDbLine
10
105.526
20
115.595
30
0
11
105.502
21
115.683
31
0
0
LINE
5
1D32
330
C
100
AcDbEntity
8
0
100
AcDbLine
10
105.502
20
115.683
30
0
11
105.483
21
115.775
31
0
0
LINE
5
1D33
330
C
100
AcDbEntity
8
0
100
AcDbLine
10
105.483
20
115.775
30
0
11
105.467
21
115.87
31
0
0
LINE
5
1D34
330
C
100
AcDbEntity
8
0
100
AcDbLine
10
105.467
20
115.87
30
0
11
105.457
21
115.969
31
0
0
LINE
5
1D35
330
C
100
AcDbEntity
8
0
100
AcDbLine
10
105.457
20
115.969
30
0
11
105.45
21
116.072
31
0
0
LINE
5
1D36
330
C
100
AcDbEntity
8
0
100
AcDbLine
10
105.45
20
116.072
30
0
11
105.448
21
116.178
31
0
0
LINE
5
1D37
330
C
100
AcDbEntity
8
0
100
AcDbLine
10
105.448
20
116.178
30
0
11
105.448
21
116.178
31
0
0
LINE
5
1D38
330
C
100
AcDbEntity
8
0
100
AcDbLine
10
105.448
20
116.178
30
0
11
105.448
21
122.034
31
0
0
LINE
5
1D39
330
C
100
AcDbEntity
8
0
100
AcDbLine
10
105.448
20
122.034
30
0
11
106.372
21
122.034
31
0
0
LINE
5
1D3A
330
C
100
AcDbEntity
8
0
100
AcDbLine
10
106.372
20
122.034
30
0
11
106.372
21
116.202
31
0
0
LINE
5
1D3B
330
C
100
AcDbEntity
8
0
100
AcDbLine
10
106.372
20
116.202
30
0
11
106.38
21
116.033
31
0
0
LINE
5
1D3C
330
C
100
AcDbEntity
8
0
100
AcDbLine
10
106.38
20
116.033
30
0
11
106.405
21
115.882
31
0
0
LINE
5
1D3D
330
C
100
AcDbEntity
8
0
100
AcDbLine
10
106.405
20
115.882
30
0
11
106.447
21
115.749
31
0
0
LINE
5
1D3E
330
C
100
AcDbEntity
8
0
100
AcDbLine
10
106.447
20
115.749
30
0
11
106.504
21
115.633
31
0
0
LINE
5
1D3F
330
C
100
AcDbEntity
8
0
100
AcDbLine
10
106.504
20
115.633
30
0
11
106.579
21
115.536
31
0
0
LINE
5
1D40
330
C
100
AcDbEntity
8
0
100
AcDbLine
10
106.579
20
115.536
30
0
11
106.67
21
115.456
31
0
0
LINE
5
1D41
330
C
100
AcDbEntity
8
0
100
AcDbLine
10
106.67
20
115.456
30
0
11
106.778
21
115.394
31
0
0
LINE
5
1D42
330
C
100
AcDbEntity
8
0
100
AcDbLine
10
106.778
20
115.394
30
0
11
106.902
21
115.349
31
0
0
LINE
5
1D43
330
C
100
AcDbEntity
8
0
100
AcDbLine
10
106.902
20
115.349
30
0
11
107.043
21
115.323
31
0
0
LINE
5
1D44
330
C
100
AcDbEntity
8
0
100
AcDbLine
10
107.043
20
115.323
30
0
11
107.2
21
115.314
31
0
0
LINE
5
1D45
330
C
100
AcDbEntity
8
0
100
AcDbLine
10
107.2
20
115.314
30
0
11
107.2
21
115.314
31
0
0
LINE
5
1D46
330
C
100
AcDbEntity
8
0
100
AcDbLine
10
107.2
20
115.314
30
0
11
107.249
21
115.314
31
0
0
LINE
5
1D47
330
C
100
AcDbEntity
8
0
100
AcDbLine
10
107.249
20
115.314
30
0
11
107.298
21
115.316
31
0
0
LINE
5
1D48
330
C
100
AcDbEntity
8
0
100
AcDbLine
10
107.298
20
115.316
30
0
11
107.346
21
115.319
31
0
0
LINE
5
1D49
330
C
100
AcDbEntity
8
0
100
AcDbLine
10
107.346
20
115.319
30
0
11
107.394
21
115.322
31
0
0
LINE
5
1D4A
330
C
100
AcDbEntity
8
0
100
AcDbLine
10
107.394
20
115.322
30
0
11
107.442
21
115.327
31
0
0
LINE
5
1D4B
330
C
100
AcDbEntity
8
0
100
AcDbLine
10
107.442
20
115.327
30
0
11
107.49
21
115.333
31
0
0
LINE
5
1D4C
330
C
100
AcDbEntity
8
0
100
AcDbLine
10
107.49
20
115.333
30
0
11
107.537
21
115.34
31
0
0
LINE
5
1D4D
330
C
100
AcDbEntity
8
0
100
AcDbLine
10
107.537
20
115.34
30
0
11
107.584
21
115.348
31
0
0
LINE
5
1D4E
330
C
100
AcDbEntity
8
0
100
AcDbLine
10
107.584
20
115.348
30
0
11
107.631
21
115.357
31
0
0
LINE
5
1D4F
330
C
100
AcDbEntity
8
0
100
AcDbLine
10
107.631
20
115.357
30
0
11
107.677
21
115.368
31
0
0
LINE
5
1D50
330
C
100
AcDbEntity
8
0
100
AcDbLine
10
107.677
20
115.368
30
0
11
107.724
21
115.379
31
0
0
LINE
5
1D51
330
C
100
AcDbEntity
8
0
100
AcDbLine
10
107.724
20
115.379
30
0
11
107.772
21
115.391
31
0
0
LINE
5
1D52
330
C
100
AcDbEntity
8
0
100
AcDbLine
10
107.772
20
115.391
30
0
11
107.821
21
115.405
31
0
0
LINE
5
1D53
330
C
100
AcDbEntity
8
0
100
AcDbLine
10
107.821
20
115.405
30
0
11
107.871
21
115.42
31
0
0
LINE
5
1D54
330
C
100
AcDbEntity
8
0
100
AcDbLine
10
107.871
20
115.42
30
0
11
107.922
21
115.435
31
0
0
LINE
5
1D55
330
C
100
AcDbEntity
8
0
100
AcDbLine
10
107.922
20
115.435
30
0
11
107.975
21
115.452
31
0
0
LINE
5
1D56
330
C
100
AcDbEntity
8
0
100
AcDbLine
10
107.975
20
115.452
30
0
11
108.028
21
115.47
31
0
0
LINE
5
1D57
330
C
100
AcDbEntity
8
0
100
AcDbLine
10
108.028
20
115.47
30
0
11
108.083
21
115.489
31
0
0
LINE
5
1D58
330
C
100
AcDbEntity
8
0
100
AcDbLine
10
108.083
20
115.489
30
0
11
108.139
21
115.509
31
0
0
LINE
5
1D59
330
C
100
AcDbEntity
8
0
100
AcDbLine
10
108.139
20
115.509
30
0
11
108.196
21
115.53
31
0
0
LINE
5
1D5A
330
C
100
AcDbEntity
8
0
100
AcDbLine
10
108.196
20
115.53
30
0
11
108.196
21
115.53
31
0
0
LINE
5
1D5B
330
C
100
AcDbEntity
8
0
100
AcDbLine
10
108.196
20
115.53
30
0
11
108.328
21
114.858
31
0
0
LINE
5
1D5C
330
C
100
AcDbEntity
8
0
100
AcDbLine
10
108.328
20
114.858
30
0
11
108.267
21
114.832
31
0
0
LINE
5
1D5D
330
C
100
AcDbEntity
8
0
100
AcDbLine
10
108.267
20
114.832
30
0
11
108.206
21
114.807
31
0
0
LINE
5
1D5E
330
C
100
AcDbEntity
8
0
100
AcDbLine
10
108.206
20
114.807
30
0
11
108.145
21
114.783
31
0
0
LINE
5
1D5F
330
C
100
AcDbEntity
8
0
100
AcDbLine
10
108.145
20
114.783
30
0
11
108.084
21
114.76
31
0
0
LINE
5
1D60
330
C
100
AcDbEntity
8
0
100
AcDbLine
10
108.084
20
114.76
30
0
11
108.023
21
114.738
31
0
0
LINE
5
1D61
330
C
100
AcDbEntity
8
0
100
AcDbLine
10
108.023
20
114.738
30
0
11
107.962
21
114.717
31
0
0
LINE
5
1D62
330
C
100
AcDbEntity
8
0
100
AcDbLine
10
107.962
20
114.717
30
0
11
107.901
21
114.696
31
0
0
LINE
5
1D63
330
C
100
AcDbEntity
8
0
100
AcDbLine
10
107.901
20
114.696
30
0
11
107.84
21
114.677
31
0
0
LINE
5
1D64
330
C
100
AcDbEntity
8
0
100
AcDbLine
10
107.84
20
114.677
30
0
11
107.78
21
114.659
31
0
0
LINE
5
1D65
330
C
100
AcDbEntity
8
0
100
AcDbLine
10
107.78
20
114.659
30
0
11
107.719
21
114.642
31
0
0
LINE
5
1D66
330
C
100
AcDbEntity
8
0
100
AcDbLine
10
107.719
20
114.642
30
0
11
107.658
21
114.626
31
0
0
LINE
5
1D67
330
C
100
AcDbEntity
8
0
100
AcDbLine
10
107.658
20
114.626
30
0
11
107.597
21
114.611
31
0
0
LINE
5
1D68
330
C
100
AcDbEntity
8
0
100
AcDbLine
10
107.597
20
114.611
30
0
11
107.535
21
114.599
31
0
0
LINE
5
1D69
330
C
100
AcDbEntity
8
0
100
AcDbLine
10
107.535
20
114.599
30
0
11
107.473
21
114.588
31
0
0
LINE
5
1D6A
330
C
100
AcDbEntity
8
0
100
AcDbLine
10
107.473
20
114.588
30
0
11
107.411
21
114.579
31
0
0
LINE
5
1D6B
330
C
100
AcDbEntity
8
0
100
AcDbLine
10
107.411
20
114.579
30
0
11
107.348
21
114.571
31
0
0
LINE
5
1D6C
330
C
100
AcDbEntity
8
0
100
AcDbLine
10
107.348
20
114.571
30
0
11
107.285
21
114.565
31
0
0
LINE
5
1D6D
330
C
100
AcDbEntity
8
0
100
AcDbLine
10
107.285
20
114.565
30
0
11
107.221
21
114.561
31
0
0
LINE
5
1D6E
330
C
100
AcDbEntity
8
0
100
AcDbLine
10
107.221
20
114.561
30
0
11
107.157
21
114.559
31
0
0
LINE
5
1D6F
330
C
100
AcDbEntity
8
0
100
AcDbLine
10
107.157
20
114.559
30
0
11
107.092
21
114.558
31
0
0
LINE
5
1D70
330
C
100
AcDbEntity
8
0
100
AcDbLine
10
107.092
20
114.558
30
0
11
107.092
21
114.558
31
0
0
LINE
5
1D71
330
C
100
AcDbEntity
8
0
100
AcDbLine
10
108.184
20
119.79
30
0
11
104.524
21
119.79
31
0
0
LINE
5
1D72
330
C
100
AcDbEntity
8
0
100
AcDbLine
10
104.524
20
119.79
30
0
11
104.524
21
120.438
31
0
0
LINE
5
1D73
330
C
100
AcDbEntity
8
0
100
AcDbLine
10
104.524
20
120.438
30
0
11
108.184
21
120.438
31
0
0
LINE
5
1D74
330
C
100
AcDbEntity
8
0
100
AcDbLine
10
108.184
20
120.438
30
0
11
108.184
21
119.79
31
0
0
LINE
5
1D75
330
C
100
AcDbEntity
8
0
100
AcDbLine
10
108.184
20
119.79
30
0
11
108.184
21
119.79
31
0
0
LINE
5
1D76
330
C
100
AcDbEntity
8
0
100
AcDbLine
10
111.916
20
114.558
30
0
11
111.916
21
114.558
31
0
0
LINE
5
1D77
330
C
100
AcDbEntity
8
0
100
AcDbLine
10
111.916
20
114.558
30
0
11
111.763
21
114.561
31
0
0
LINE
5
1D78
330
C
100
AcDbEntity
8
0
100
AcDbLine
10
111.763
20
114.561
30
0
11
111.613
21
114.571
31
0
0
LINE
5
1D79
330
C
100
AcDbEntity
8
0
100
AcDbLine
10
111.613
20
114.571
30
0
11
111.467
21
114.589
31
0
0
LINE
5
1D7A
330
C
100
AcDbEntity
8
0
100
AcDbLine
10
111.467
20
114.589
30
0
11
111.324
21
114.612
31
0
0
LINE
5
1D7B
330
C
100
AcDbEntity
8
0
100
AcDbLine
10
111.324
20
114.612
30
0
11
111.185
21
114.643
31
0
0
LINE
5
1D7C
330
C
100
AcDbEntity
8
0
100
AcDbLine
10
111.185
20
114.643
30
0
11
111.049
21
114.681
31
0
0
LINE
5
1D7D
330
C
100
AcDbEntity
8
0
100
AcDbLine
10
111.049
20
114.681
30
0
11
110.916
21
114.725
31
0
0
LINE
5
1D7E
330
C
100
AcDbEntity
8
0
100
AcDbLine
10
110.916
20
114.725
30
0
11
110.787
21
114.777
31
0
0
LINE
5
1D7F
330
C
100
AcDbEntity
8
0
100
AcDbLine
10
110.787
20
114.777
30
0
11
110.661
21
114.835
31
0
0
LINE
5
1D80
330
C
100
AcDbEntity
8
0
100
AcDbLine
10
110.661
20
114.835
30
0
11
110.539
21
114.9
31
0
0
LINE
5
1D81
330
C
100
AcDbEntity
8
0
100
AcDbLine
10
110.539
20
114.9
30
0
11
110.421
21
114.971
31
0
0
LINE
5
1D82
330
C
100
AcDbEntity
8
0
100
AcDbLine
10
110.421
20
114.971
30
0
11
110.308
21
115.05
31
0
0
LINE
5
1D83
330
C
100
AcDbEntity
8
0
100
AcDbLine
10
110.308
20
115.05
30
0
11
110.2
21
115.135
31
0
0
LINE
5
1D84
330
C
100
AcDbEntity
8
0
100
AcDbLine
10
110.2
20
115.135
30
0
11
110.097
21
115.226
31
0
0
LINE
5
1D85
330
C
100
AcDbEntity
8
0
100
AcDbLine
10
110.097
20
115.226
30
0
11
110
21
115.324
31
0
0
LINE
5
1D86
330
C
100
AcDbEntity
8
0
100
AcDbLine
10
110
20
115.324
30
0
11
109.907
21
115.429
31
0
0
LINE
5
1D87
330
C
100
AcDbEntity
8
0
100
AcDbLine
10
109.907
20
115.429
30
0
11
109.82
21
115.54
31
0
0
LINE
5
1D88
330
C
100
AcDbEntity
8
0
100
AcDbLine
10
109.82
20
115.54
30
0
11
109.737
21
115.658
31
0
0
LINE
5
1D89
330
C
100
AcDbEntity
8
0
100
AcDbLine
10
109.737
20
115.658
30
0
11
109.66
21
115.783
31
0
0
LINE
5
1D8A
330
C
100
AcDbEntity
8
0
100
AcDbLine
10
109.66
20
115.783
30
0
11
109.588
21
115.914
31
0
0
LINE
5
1D8B
330
C
100
AcDbEntity
8
0
100
AcDbLine
10
109.588
20
115.914
30
0
11
109.522
21
116.051
31
0
0
LINE
5
1D8C
330
C
100
AcDbEntity
8
0
100
AcDbLine
10
109.522
20
116.051
30
0
11
109.463
21
116.195
31
0
0
LINE
5
1D8D
330
C
100
AcDbEntity
8
0
100
AcDbLine
10
109.463
20
116.195
30
0
11
109.411
21
116.345
31
0
0
LINE
5
1D8E
330
C
100
AcDbEntity
8
0
100
AcDbLine
10
109.411
20
116.345
30
0
11
109.365
21
116.501
31
0
0
LINE
5
1D8F
330
C
100
AcDbEntity
8
0
100
AcDbLine
10
109.365
20
116.501
30
0
11
109.327
21
116.664
31
0
0
LINE
5
1D90
330
C
100
AcDbEntity
8
0
100
AcDbLine
10
109.327
20
116.664
30
0
11
109.296
21
116.832
31
0
0
LINE
5
1D91
330
C
100
AcDbEntity
8
0
100
AcDbLine
10
109.296
20
116.832
30
0
11
109.271
21
117.007
31
0
0
LINE
5
1D92
330
C
100
AcDbEntity
8
0
100
AcDbLine
10
109.271
20
117.007
30
0
11
109.254
21
117.189
31
0
0
LINE
5
1D93
330
C
100
AcDbEntity
8
0
100
AcDbLine
10
109.254
20
117.189
30
0
11
109.243
21
117.376
31
0
0
LINE
5
1D94
330
C
100
AcDbEntity
8
0
100
AcDbLine
10
109.243
20
117.376
30
0
11
109.24
21
117.57
31
0
0
LINE
5
1D95
330
C
100
AcDbEntity
8
0
100
AcDbLine
10
109.24
20
117.57
30
0
11
109.24
21
117.57
31
0
0
LINE
5
1D96
330
C
100
AcDbEntity
8
0
100
AcDbLine
10
109.24
20
117.57
30
0
11
109.243
21
117.765
31
0
0
LINE
5
1D97
330
C
100
AcDbEntity
8
0
100
AcDbLine
10
109.243
20
117.765
30
0
11
109.254
21
117.953
31
0
0
LINE
5
1D98
330
C
100
AcDbEntity
8
0
100
AcDbLine
10
109.254
20
117.953
30
0
11
109.271
21
118.135
31
0
0
LINE
5
1D99
330
C
100
AcDbEntity
8
0
100
AcDbLine
10
109.271
20
118.135
30
0
11
109.296
21
118.31
31
0
0
LINE
5
1D9A
330
C
100
AcDbEntity
8
0
100
AcDbLine
10
109.296
20
118.31
30
0
11
109.327
21
118.479
31
0
0
LINE
5
1D9B
330
C
100
AcDbEntity
8
0
100
AcDbLine
10
109.327
20
118.479
30
0
11
109.365
21
118.642
31
0
0
LINE
5
1D9C
330
C
100
AcDbEntity
8
0
100
AcDbLine
10
109.365
20
118.642
30
0
11
109.411
21
118.798
31
0
0
LINE
5
1D9D
330
C
100
AcDbEntity
8
0
100
AcDbLine
10
109.411
20
118.798
30
0
11
109.463
21
118.948
31
0
0
LINE
5
1D9E
330
C
100
AcDbEntity
8
0
100
AcDbLine
10
109.463
20
118.948
30
0
11
109.522
21
119.092
31
0
0
LINE
5
1D9F
330
C
100
AcDbEntity
8
0
100
AcDbLine
10
109.522
20
119.092
30
0
11
109.588
21
119.229
31
0
0
LINE
5
1DA0
330
C
100
AcDbEntity
8
0
100
AcDbLine
10
109.588
20
119.229
30
0
11
109.66
21
119.359
31
0
0
LINE
5
1DA1
330
C
100
AcDbEntity
8
0
100
AcDbLine
10
109.66
20
119.359
30
0
11
109.737
21
119.483
31
0
0
LINE
5
1DA2
330
C
100
AcDbEntity
8
0
100
AcDbLine
10
109.737
20
119.483
30
0
11
109.82
21
119.601
31
0
0
LINE
5
1DA3
330
C
100
AcDbEntity
8
0
100
AcDbLine
10
109.82
20
119.601
30
0
11
109.907
21
119.712
31
0
0
LINE
5
1DA4
330
C
100
AcDbEntity
8
0
100
AcDbLine
10
109.907
20
119.712
30
0
11
110
21
119.816
31
0
0
LINE
5
1DA5
330
C
100
AcDbEntity
8
0
100
AcDbLine
10
110
20
119.816
30
0
11
110.097
21
119.914
31
0
0
LINE
5
1DA6
330
C
100
AcDbEntity
8
0
100
AcDbLine
10
110.097
20
119.914
30
0
11
110.2
21
120.005
31
0
0
LINE
5
1DA7
330
C
100
AcDbEntity
8
0
100
AcDbLine
10
110.2
20
120.005
30
0
11
110.308
21
120.09
31
0
0
LINE
5
1DA8
330
C
100
AcDbEntity
8
0
100
AcDbLine
10
110.308
20
120.09
30
0
11
110.421
21
120.168
31
0
0
LINE
5
1DA9
330
C
100
AcDbEntity
8
0
100
AcDbLine
10
110.421
20
120.168
30
0
11
110.539
21
120.24
31
0
0
LINE
5
1DAA
330
C
100
AcDbEntity
8
0
100
AcDbLine
10
110.539
20
120.24
30
0
11
110.661
21
120.305
31
0
0
LINE
5
1DAB
330
C
100
AcDbEntity
8
0
100
AcDbLine
10
110.661
20
120.305
30
0
11
110.787
21
120.363
31
0
0
LINE
5
1DAC
330
C
100
AcDbEntity
8
0
100
AcDbLine
10
110.787
20
120.363
30
0
11
110.916
21
120.414
31
0
0
LINE
5
1DAD
330
C
100
AcDbEntity
8
0
100
AcDbLine
10
110.916
20
120.414
30
0
11
111.049
21
120.459
31
0
0
LINE
5
1DAE
330
C
100
AcDbEntity
8
0
100
AcDbLine
10
111.049
20
120.459
30
0
11
111.185
21
120.496
31
0
0
LINE
5
1DAF
330
C
100
AcDbEntity
8
0
100
AcDbLine
10
111.185
20
120.496
30
0
11
111.324
21
120.527
31
0
0
LINE
5
1DB0
330
C
100
AcDbEntity
8
0
100
AcDbLine
10
111.324
20
120.527
30
0
11
111.467
21
120.551
31
0
0
LINE
5
1DB1
330
C
100
AcDbEntity
8
0
100
AcDbLine
10
111.467
20
120.551
30
0
11
111.613
21
120.568
31
0
0
LINE
5
1DB2
330
C
100
AcDbEntity
8
0
100
AcDbLine
10
111.613
20
120.568
30
0
11
111.763
21
120.578
31
0
0
LINE
5
1DB3
330
C
100
AcDbEntity
8
0
100
AcDbLine
10
111.763
20
120.578
30
0
11
111.916
21
120.582
31
0
0
LINE
5
1DB4
330
C
100
AcDbEntity
8
0
100
AcDbLine
10
111.916
20
120.582
30
0
11
111.916
21
120.582
31
0
0
LINE
5
1DB5
330
C
100
AcDbEntity
8
0
100
AcDbLine
10
111.916
20
120.582
30
0
11
112.068
21
120.578
31
0
0
LINE
5
1DB6
330
C
100
AcDbEntity
8
0
100
AcDbLine
10
112.068
20
120.578
30
0
11
112.217
21
120.568
31
0
0
LINE
5
1DB7
330
C
100
AcDbEntity
8
0
100
AcDbLine
10
112.217
20
120.568
30
0
11
112.362
21
120.551
31
0
0
LINE
5
1DB8
330
C
100
AcDbEntity
8
0
100
AcDbLine
10
112.362
20
120.551
30
0
11
112.504
21
120.527
31
0
0
LINE
5
1DB9
330
C
100
AcDbEntity
8
0
100
AcDbLine
10
112.504
20
120.527
30
0
11
112.643
21
120.496
31
0
0
LINE
5
1DBA
330
C
100
AcDbEntity
8
0
100
AcDbLine
10
112.643
20
120.496
30
0
11
112.778
21
120.459
31
0
0
LINE
5
1DBB
330
C
100
AcDbEntity
8
0
100
AcDbLine
10
112.778
20
120.459
30
0
11
112.91
21
120.414
31
0
0
LINE
5
1DBC
330
C
100
AcDbEntity
8
0
100
AcDbLine
10
112.91
20
120.414
30
0
11
113.039
21
120.363
31
0
0
LINE
5
1DBD
330
C
100
AcDbEntity
8
0
100
AcDbLine
10
113.039
20
120.363
30
0
11
113.165
21
120.305
31
0
0
LINE
5
1DBE
330
C
100
AcDbEntity
8
0
100
AcDbLine
10
113.165
20
120.305
30
0
11
113.287
21
120.24
31
0
0
LINE
5
1DBF
330
C
100
AcDbEntity
8
0
100
AcDbLine
10
113.287
20
120.24
30
0
11
113.405
21
120.168
31
0
0
LINE
5
1DC0
330
C
100
AcDbEntity
8
0
100
AcDbLine
10
113.405
20
120.168
30
0
11
113.518
21
120.09
31
0
0
LINE
5
1DC1
330
C
100
AcDbEntity
8
0
100
AcDbLine
10
113.518
20
120.09
30
0
11
113.626
21
120.005
31
0
0
LINE
5
1DC2
330
C
100
AcDbEntity
8
0
100
AcDbLine
10
113.626
20
120.005
30
0
11
113.728
21
119.914
31
0
0
LINE
5
1DC3
330
C
100
AcDbEntity
8
0
100
AcDbLine
10
113.728
20
119.914
30
0
11
113.826
21
119.816
31
0
0
LINE
5
1DC4
330
C
100
AcDbEntity
8
0
100
AcDbLine
10
113.826
20
119.816
30
0
11
113.918
21
119.712
31
0
0
LINE
5
1DC5
330
C
100
AcDbEntity
8
0
100
AcDbLine
10
113.918
20
119.712
30
0
11
114.005
21
119.601
31
0
0
LINE
5
1DC6
330
C
100
AcDbEntity
8
0
100
AcDbLine
10
114.005
20
119.601
30
0
11
114.087
21
119.483
31
0
0
LINE
5
1DC7
330
C
100
AcDbEntity
8
0
100
AcDbLine
10
114.087
20
119.483
30
0
11
114.163
21
119.359
31
0
0
LINE
5
1DC8
330
C
100
AcDbEntity
8
0
100
AcDbLine
10
114.163
20
119.359
30
0
11
114.235
21
119.229
31
0
0
LINE
5
1DC9
330
C
100
AcDbEntity
8
0
100
AcDbLine
10
114.235
20
119.229
30
0
11
114.301
21
119.092
31
0
0
LINE
5
1DCA
330
C
100
AcDbEntity
8
0
100
AcDbLine
10
114.301
20
119.092
30
0
11
114.359
21
118.948
31
0
0
LINE
5
1DCB
330
C
100
AcDbEntity
8
0
100
AcDbLine
10
114.359
20
118.948
30
0
11
114.411
21
118.798
31
0
0
LINE
5
1DCC
330
C
100
AcDbEntity
8
0
100
AcDbLine
10
114.411
20
118.798
30
0
11
114.456
21
118.642
31
0
0
LINE
5
1DCD
330
C
100
AcDbEntity
8
0
100
AcDbLine
10
114.456
20
118.642
30
0
11
114.494
21
118.479
31
0
0
LINE
5
1DCE
330
C
100
AcDbEntity
8
0
100
AcDbLine
10
114.494
20
118.479
30
0
11
114.525
21
118.31
31
0
0
LINE
5
1DCF
330
C
100
AcDbEntity
8
0
100
AcDbLine
10
114.525
20
118.31
30
0
11
114.549
21
118.135
31
0
0
LINE
5
1DD0
330
C
100
AcDbEntity
8
0
100
AcDbLine
10
114.549
20
118.135
30
0
11
114.566
21
117.953
31
0
0
LINE
5
1DD1
330
C
100
AcDbEntity
8
0
100
AcDbLine
10
114.566
20
117.953
30
0
11
114.577
21
117.765
31
0
0
LINE
5
1DD2
330
C
100
AcDbEntity
8
0
100
AcDbLine
10
114.577
20
117.765
30
0
11
114.58
21
117.57
31
0
0
LINE
5
1DD3
330
C
100
AcDbEntity
8
0
100
AcDbLine
10
114.58
20
117.57
30
0
11
114.58
21
117.57
31
0
0
LINE
5
1DD4
330
C
100
AcDbEntity
8
0
100
AcDbLine
10
114.58
20
117.57
30
0
11
114.577
21
117.376
31
0
0
LINE
5
1DD5
330
C
100
AcDbEntity
8
0
100
AcDbLine
10
114.577
20
117.376
30
0
11
114.566
21
117.189
31
0
0
LINE
5
1DD6
330
C
100
AcDbEntity
8
0
100
AcDbLine
10
114.566
20
117.189
30
0
11
114.549
21
117.007
31
0
0
LINE
5
1DD7
330
C
100
AcDbEntity
8
0
100
AcDbLine
10
114.549
20
117.007
30
0
11
114.525
21
116.832
31
0
0
LINE
5
1DD8
330
C
100
AcDbEntity
8
0
100
AcDbLine
10
114.525
20
116.832
30
0
11
114.494
21
116.664
31
0
0
LINE
5
1DD9
330
C
100
AcDbEntity
8
0
100
AcDbLine
10
114.494
20
116.664
30
0
11
114.456
21
116.501
31
0
0
LINE
5
1DDA
330
C
100
AcDbEntity
8
0
100
AcDbLine
10
114.456
20
116.501
30
0
11
114.411
21
116.345
31
0
0
LINE
5
1DDB
330
C
100
AcDbEntity
8
0
100
AcDbLine
10
114.411
20
116.345
30
0
11
114.359
21
116.195
31
0
0
LINE
5
1DDC
330
C
100
AcDbEntity
8
0
100
AcDbLine
10
114.359
20
116.195
30
0
11
114.301
21
116.051
31
0
0
LINE
5
1DDD
330
C
100
AcDbEntity
8
0
100
AcDbLine
10
114.301
20
116.051
30
0
11
114.235
21
115.914
31
0
0
LINE
5
1DDE
330
C
100
AcDbEntity
8
0
100
AcDbLine
10
114.235
20
115.914
30
0
11
114.163
21
115.783
31
0
0
LINE
5
1DDF
330
C
100
AcDbEntity
8
0
100
AcDbLine
10
114.163
20
115.783
30
0
11
114.087
21
115.658
31
0
0
LINE
5
1DE0
330
C
100
AcDbEntity
8
0
100
AcDbLine
10
114.087
20
115.658
30
0
11
114.005
21
115.54
31
0
0
LINE
5
1DE1
330
C
100
AcDbEntity
8
0
100
AcDbLine
10
114.005
20
115.54
30
0
11
113.918
21
115.429
31
0
0
LINE
5
1DE2
330
C
100
AcDbEntity
8
0
100
AcDbLine
10
113.918
20
115.429
30
0
11
113.826
21
115.324
31
0
0
LINE
5
1DE3
330
C
100
AcDbEntity
8
0
100
AcDbLine
10
113.826
20
115.324
30
0
11
113.728
21
115.226
31
0
0
LINE
5
1DE4
330
C
100
AcDbEntity
8
0
100
AcDbLine
10
113.728
20
115.226
30
0
11
113.626
21
115.135
31
0
0
LINE
5
1DE5
330
C
100
AcDbEntity
8
0
100
AcDbLine
10
113.626
20
115.135
30
0
11
113.518
21
115.05
31
0
0
LINE
5
1DE6
330
C
100
AcDbEntity
8
0
100
AcDbLine
10
113.518
20
115.05
30
0
11
113.405
21
114.971
31
0
0
LINE
5
1DE7
330
C
100
AcDbEntity
8
0
100
AcDbLine
10
113.405
20
114.971
30
0
11
113.287
21
114.9
31
0
0
LINE
5
1DE8
330
C
100
AcDbEntity
8
0
100
AcDbLine
10
113.287
20
114.9
30
0
11
113.165
21
114.835
31
0
0
LINE
5
1DE9
330
C
100
AcDbEntity
8
0
100
AcDbLine
10
113.165
20
114.835
30
0
11
113.039
21
114.777
31
0
0
LINE
5
1DEA
330
C
100
AcDbEntity
8
0
100
AcDbLine
10
113.039
20
114.777
30
0
11
112.91
21
114.725
31
0
0
LINE
5
1DEB
330
C
100
AcDbEntity
8
0
100
AcDbLine
10
112.91
20
114.725
30
0
11
112.778
21
114.681
31
0
0
LINE
5
1DEC
330
C
100
AcDbEntity
8
0
100
AcDbLine
10
112.778
20
114.681
30
0
11
112.643
21
114.643
31
0
0
LINE
5
1DED
330
C
100
AcDbEntity
8
0
100
AcDbLine
10
112.643
20
114.643
30
0
11
112.504
21
114.612
31
0
0
LINE
5
1DEE
330
C
100
AcDbEntity
8
0
100
AcDbLine
10
112.504
20
114.612
30
0
11
112.362
21
114.589
31
0
0
LINE
5
1DEF
330
C
100
AcDbEntity
8
0
100
AcDbLine
10
112.362
20
114.589
30
0
11
112.217
21
114.571
31
0
0
LINE
5
1DF0
330
C
100
AcDbEntity
8
0
100
AcDbLine
10
112.217
20
114.571
30
0
11
112.068
21
114.561
31
0
0
LINE
5
1DF1
330
C
100
AcDbEntity
8
0
100
AcDbLine
10
112.068
20
114.561
30
0
11
111.916
21
114.558
31
0
0
LINE
5
1DF2
330
C
100
AcDbEntity
8
0
100
AcDbLine
10
111.916
20
114.558
30
0
11
111.916
21
114.558
31
0
0
LINE
5
1DF3
330
C
100
AcDbEntity
8
0
100
AcDbLine
10
111.892
20
115.374
30
0
11
111.892
21
115.374
31
0
0
LINE
5
1DF4
330
C
100
AcDbEntity
8
0
100
AcDbLine
10
111.892
20
115.374
30
0
11
112.002
21
115.376
31
0
0
LINE
5
1DF5
330
C
100
AcDbEntity
8
0
100
AcDbLine
10
112.002
20
115.376
30
0
11
112.108
21
115.384
31
0
0
LINE
5
1DF6
330
C
100
AcDbEntity
8
0
100
AcDbLine
10
112.108
20
115.384
30
0
11
112.212
21
115.398
31
0
0
LINE
5
1DF7
330
C
100
AcDbEntity
8
0
100
AcDbLine
10
112.212
20
115.398
30
0
11
112.312
21
115.416
31
0
0
LINE
5
1DF8
330
C
100
AcDbEntity
8
0
100
AcDbLine
10
112.312
20
115.416
30
0
11
112.408
21
115.44
31
0
0
LINE
5
1DF9
330
C
100
AcDbEntity
8
0
100
AcDbLine
10
112.408
20
115.44
30
0
11
112.501
21
115.47
31
0
0
LINE
5
1DFA
330
C
100
AcDbEntity
8
0
100
AcDbLine
10
112.501
20
115.47
30
0
11
112.591
21
115.505
31
0
0
LINE
5
1DFB
330
C
100
AcDbEntity
8
0
100
AcDbLine
10
112.591
20
115.505
30
0
11
112.677
21
115.545
31
0
0
LINE
5
1DFC
330
C
100
AcDbEntity
8
0
100
AcDbLine
10
112.677
20
115.545
30
0
11
112.76
21
115.59
31
0
0
LINE
5
1DFD
330
C
100
AcDbEntity
8
0
100
AcDbLine
10
112.76
20
115.59
30
0
11
112.84
21
115.641
31
0
0
LINE
5
1DFE
330
C
100
AcDbEntity
8
0
100
AcDbLine
10
112.84
20
115.641
30
0
11
112.916
21
115.696
31
0
0
LINE
5
1DFF
330
C
100
AcDbEntity
8
0
100
AcDbLine
10
112.916
20
115.696
30
0
11
112.988
21
115.757
31
0
0
LINE
5
1E00
330
C
100
AcDbEntity
8
0
100
AcDbLine
10
112.988
20
115.757
30
0
11
113.057
21
115.821
31
0
0
LINE
5
1E01
330
C
100
AcDbEntity
8
0
100
AcDbLine
10
113.057
20
115.821
30
0
11
113.122
21
115.89
31
0
0
LINE
5
1E02
330
C
100
AcDbEntity
8
0
100
AcDbLine
10
113.122
20
115.89
30
0
11
113.183
21
115.964
31
0
0
LINE
5
1E03
330
C
100
AcDbEntity
8
0
100
AcDbLine
10
113.183
20
115.964
30
0
11
113.24
21
116.042
31
0
0
LINE
5
1E04
330
C
100
AcDbEntity
8
0
100
AcDbLine
10
113.24
20
116.042
30
0
11
113.293
21
116.125
31
0
0
LINE
5
1E05
330
C
100
AcDbEntity
8
0
100
AcDbLine
10
113.293
20
116.125
30
0
11
113.343
21
116.212
31
0
0
LINE
5
1E06
330
C
100
AcDbEntity
8
0
100
AcDbLine
10
113.343
20
116.212
30
0
11
113.389
21
116.304
31
0
0
LINE
5
1E07
330
C
100
AcDbEntity
8
0
100
AcDbLine
10
113.389
20
116.304
30
0
11
113.431
21
116.4
31
0
0
LINE
5
1E08
330
C
100
AcDbEntity
8
0
100
AcDbLine
10
113.431
20
116.4
30
0
11
113.469
21
116.5
31
0
0
LINE
5
1E09
330
C
100
AcDbEntity
8
0
100
AcDbLine
10
113.469
20
116.5
30
0
11
113.503
21
116.604
31
0
0
LINE
5
1E0A
330
C
100
AcDbEntity
8
0
100
AcDbLine
10
113.503
20
116.604
30
0
11
113.534
21
116.712
31
0
0
LINE
5
1E0B
330
C
100
AcDbEntity
8
0
100
AcDbLine
10
113.534
20
116.712
30
0
11
113.56
21
116.823
31
0
0
LINE
5
1E0C
330
C
100
AcDbEntity
8
0
100
AcDbLine
10
113.56
20
116.823
30
0
11
113.582
21
116.938
31
0
0
LINE
5
1E0D
330
C
100
AcDbEntity
8
0
100
AcDbLine
10
113.582
20
116.938
30
0
11
113.6
21
117.057
31
0
0
LINE
5
1E0E
330
C
100
AcDbEntity
8
0
100
AcDbLine
10
113.6
20
117.057
30
0
11
113.614
21
117.18
31
0
0
LINE
5
1E0F
330
C
100
AcDbEntity
8
0
100
AcDbLine
10
113.614
20
117.18
30
0
11
113.624
21
117.306
31
0
0
LINE
5
1E10
330
C
100
AcDbEntity
8
0
100
AcDbLine
10
113.624
20
117.306
30
0
11
113.63
21
117.436
31
0
0
LINE
5
1E11
330
C
100
AcDbEntity
8
0
100
AcDbLine
10
113.63
20
117.436
30
0
11
113.632
21
117.57
31
0
0
LINE
5
1E12
330
C
100
AcDbEntity
8
0
100
AcDbLine
10
113.632
20
117.57
30
0
11
113.632
21
117.57
31
0
0
LINE
5
1E13
330
C
100
AcDbEntity
8
0
100
AcDbLine
10
113.632
20
117.57
30
0
11
113.628
21
117.771
31
0
0
LINE
5
1E14
330
C
100
AcDbEntity
8
0
100
AcDbLine
10
113.628
20
117.771
30
0
11
113.615
21
117.963
31
0
0
LINE
5
1E15
330
C
100
AcDbEntity
8
0
100
AcDbLine
10
113.615
20
117.963
30
0
11
113.594
21
118.146
31
0
0
LINE
5
1E16
330
C
100
AcDbEntity
8
0
100
AcDbLine
10
113.594
20
118.146
30
0
11
113.564
21
118.321
31
0
0
LINE
5
1E17
330
C
100
AcDbEntity
8
0
100
AcDbLine
10
113.564
20
118.321
30
0
11
113.525
21
118.487
31
0
0
LINE
5
1E18
330
C
100
AcDbEntity
8
0
100
AcDbLine
10
113.525
20
118.487
30
0
11
113.479
21
118.644
31
0
0
LINE
5
1E19
330
C
100
AcDbEntity
8
0
100
AcDbLine
10
113.479
20
118.644
30
0
11
113.423
21
118.793
31
0
0
LINE
5
1E1A
330
C
100
AcDbEntity
8
0
100
AcDbLine
10
113.423
20
118.793
30
0
11
113.359
21
118.933
31
0
0
LINE
5
1E1B
330
C
100
AcDbEntity
8
0
100
AcDbLine
10
113.359
20
118.933
30
0
11
113.287
21
119.064
31
0
0
LINE
5
1E1C
330
C
100
AcDbEntity
8
0
100
AcDbLine
10
113.287
20
119.064
30
0
11
113.206
21
119.187
31
0
0
LINE
5
1E1D
330
C
100
AcDbEntity
8
0
100
AcDbLine
10
113.206
20
119.187
30
0
11
113.117
21
119.299
31
0
0
LINE
5
1E1E
330
C
100
AcDbEntity
8
0
100
AcDbLine
10
113.117
20
119.299
30
0
11
113.019
21
119.399
31
0
0
LINE
5
1E1F
330
C
100
AcDbEntity
8
0
100
AcDbLine
10
113.019
20
119.399
30
0
11
112.913
21
119.488
31
0
0
LINE
5
1E20
330
C
100
AcDbEntity
8
0
100
AcDbLine
10
112.913
20
119.488
30
0
11
112.799
21
119.565
31
0
0
LINE
5
1E21
330
C
100
AcDbEntity
8
0
100
AcDbLine
10
112.799
20
119.565
30
0
11
112.677
21
119.63
31
0
0
LINE
5
1E22
330
C
100
AcDbEntity
8
0
100
AcDbLine
10
112.677
20
119.63
30
0
11
112.546
21
119.683
31
0
0
LINE
5
1E23
330
C
100
AcDbEntity
8
0
100
AcDbLine
10
112.546
20
119.683
30
0
11
112.407
21
119.725
31
0
0
LINE
5
1E24
330
C
100
AcDbEntity
8
0
100
AcDbLine
10
112.407
20
119.725
30
0
11
112.259
21
119.754
31
0
0
LINE
5
1E25
330
C
100
AcDbEntity
8
0
100
AcDbLine
10
112.259
20
119.754
30
0
11
112.104
21
119.772
31
0
0
LINE
5
1E26
330
C
100
AcDbEntity
8
0
100
AcDbLine
10
112.104
20
119.772
30
0
11
111.94
21
119.778
31
0
0
LINE
5
1E27
330
C
100
AcDbEntity
8
0
100
AcDbLine
10
111.94
20
119.778
30
0
11
111.94
21
119.778
31
0
0
LINE
5
1E28
330
C
100
AcDbEntity
8
0
100
AcDbLine
10
111.94
20
119.778
30
0
11
111.829
21
119.775
31
0
0
LINE
5
1E29
330
C
100
AcDbEntity
8
0
100
AcDbLine
10
111.829
20
119.775
30
0
11
111.721
21
119.767
31
0
0
LINE
5
1E2A
330
C
100
AcDbEntity
8
0
100
AcDbLine
10
111.721
20
119.767
30
0
11
111.618
21
119.754
31
0
0
LINE
5
1E2B
330
C
100
AcDbEntity
8
0
100
AcDbLine
10
111.618
20
119.754
30
0
11
111.517
21
119.735
31
0
0
LINE
5
1E2C
330
C
100
AcDbEntity
8
0
100
AcDbLine
10
111.517
20
119.735
30
0
11
111.42
21
119.711
31
0
0
LINE
5
1E2D
330
C
100
AcDbEntity
8
0
100
AcDbLine
10
111.42
20
119.711
30
0
11
111.327
21
119.682
31
0
0
LINE
5
1E2E
330
C
100
AcDbEntity
8
0
100
AcDbLine
10
111.327
20
119.682
30
0
11
111.237
21
119.647
31
0
0
LINE
5
1E2F
330
C
100
AcDbEntity
8
0
100
AcDbLine
10
111.237
20
119.647
30
0
11
111.151
21
119.607
31
0
0
LINE
5
1E30
330
C
100
AcDbEntity
8
0
100
AcDbLine
10
111.151
20
119.607
30
0
11
111.068
21
119.561
31
0
0
LINE
5
1E31
330
C
100
AcDbEntity
8
0
100
AcDbLine
10
111.068
20
119.561
30
0
11
110.989
21
119.511
31
0
0
LINE
5
1E32
330
C
100
AcDbEntity
8
0
100
AcDbLine
10
110.989
20
119.511
30
0
11
110.913
21
119.455
31
0
0
LINE
5
1E33
330
C
100
AcDbEntity
8
0
100
AcDbLine
10
110.913
20
119.455
30
0
11
110.842
21
119.395
31
0
0
LINE
5
1E34
330
C
100
AcDbEntity
8
0
100
AcDbLine
10
110.842
20
119.395
30
0
11
110.774
21
119.33
31
0
0
LINE
5
1E35
330
C
100
AcDbEntity
8
0
100
AcDbLine
10
110.774
20
119.33
30
0
11
110.709
21
119.261
31
0
0
LINE
5
1E36
330
C
100
AcDbEntity
8
0
100
AcDbLine
10
110.709
20
119.261
30
0
11
110.648
21
119.187
31
0
0
LINE
5
1E37
330
C
100
AcDbEntity
8
0
100
AcDbLine
10
110.648
20
119.187
30
0
11
110.592
21
119.108
31
0
0
LINE
5
1E38
330
C
100
AcDbEntity
8
0
100
AcDbLine
10
110.592
20
119.108
30
0
11
110.538
21
119.025
31
0
0
LINE
5
1E39
330
C
100
AcDbEntity
8
0
100
AcDbLine
10
110.538
20
119.025
30
0
11
110.489
21
118.938
31
0
0
LINE
5
1E3A
330
C
100
AcDbEntity
8
0
100
AcDbLine
10
110.489
20
118.938
30
0
11
110.443
21
118.845
31
0
0
LINE
5
1E3B
330
C
100
AcDbEntity
8
0
100
AcDbLine
10
110.443
20
118.845
30
0
11
110.401
21
118.749
31
0
0
LINE
5
1E3C
330
C
100
AcDbEntity
8
0
100
AcDbLine
10
110.401
20
118.749
30
0
11
110.363
21
118.648
31
0
0
LINE
5
1E3D
330
C
100
AcDbEntity
8
0
100
AcDbLine
10
110.363
20
118.648
30
0
11
110.329
21
118.543
31
0
0
LINE
5
1E3E
330
C
100
AcDbEntity
8
0
100
AcDbLine
10
110.329
20
118.543
30
0
11
110.298
21
118.435
31
0
0
LINE
5
1E3F
330
C
100
AcDbEntity
8
0
100
AcDbLine
10
110.298
20
118.435
30
0
11
110.272
21
118.322
31
0
0
LINE
5
1E40
330
C
100
AcDbEntity
8
0
100
AcDbLine
10
110.272
20
118.322
30
0
11
110.25
21
118.206
31
0
0
LINE
5
1E41
330
C
100
AcDbEntity
8
0
100
AcDbLine
10
110.25
20
118.206
30
0
11
110.232
21
118.087
31
0
0
LINE
5
1E42
330
C
100
AcDbEntity
8
0
100
AcDbLine
10
110.232
20
118.087
30
0
11
110.218
21
117.963
31
0
0
LINE
5
1E43
330
C
100
AcDbEntity
8
0
100
AcDbLine
10
110.218
20
117.963
30
0
11
110.208
21
117.836
31
0
0
LINE
5
1E44
330
C
100
AcDbEntity
8
0
100
AcDbLine
10
110.208
20
117.836
30
0
11
110.202
21
117.705
31
0
0
LINE
5
1E45
330
C
100
AcDbEntity
8
0
100
AcDbLine
10
110.202
20
117.705
30
0
11
110.2
21
117.57
31
0
0
LINE
5
1E46
330
C
100
AcDbEntity
8
0
100
AcDbLine
10
110.2
20
117.57
30
0
11
110.2
21
117.57
31
0
0
LINE
5
1E47
330
C
100
AcDbEntity
8
0
100
AcDbLine
10
110.2
20
117.57
30
0
11
110.204
21
117.371
31
0
0
LINE
5
1E48
330
C
100
AcDbEntity
8
0
100
AcDbLine
10
110.204
20
117.371
30
0
11
110.217
21
117.181
31
0
0
LINE
5
1E49
330
C
100
AcDbEntity
8
0
100
AcDbLine
10
110.217
20
117.181
30
0
11
110.239
21
116.999
31
0
0
LINE
5
1E4A
330
C
100
AcDbEntity
8
0
100
AcDbLine
10
110.239
20
116.999
30
0
11
110.269
21
116.826
31
0
0
LINE
5
1E4B
330
C
100
AcDbEntity
8
0
100
AcDbLine
10
110.269
20
116.826
30
0
11
110.307
21
116.661
31
0
0
LINE
5
1E4C
330
C
100
AcDbEntity
8
0
100
AcDbLine
10
110.307
20
116.661
30
0
11
110.354
21
116.505
31
0
0
LINE
5
1E4D
330
C
100
AcDbEntity
8
0
100
AcDbLine
10
110.354
20
116.505
30
0
11
110.41
21
116.357
31
0
0
LINE
5
1E4E
330
C
100
AcDbEntity
8
0
100
AcDbLine
10
110.41
20
116.357
30
0
11
110.475
21
116.218
31
0
0
LINE
5
1E4F
330
C
100
AcDbEntity
8
0
100
AcDbLine
10
110.475
20
116.218
30
0
11
110.547
21
116.087
31
0
0
LINE
5
1E50
330
C
100
AcDbEntity
8
0
100
AcDbLine
10
110.547
20
116.087
30
0
11
110.629
21
115.965
31
0
0
LINE
5
1E51
330
C
100
AcDbEntity
8
0
100
AcDbLine
10
110.629
20
115.965
30
0
11
110.719
21
115.852
31
0
0
LINE
5
1E52
330
C
100
AcDbEntity
8
0
100
AcDbLine
10
110.719
20
115.852
30
0
11
110.817
21
115.752
31
0
0
LINE
5
1E53
330
C
100
AcDbEntity
8
0
100
AcDbLine
10
110.817
20
115.752
30
0
11
110.923
21
115.663
31
0
0
LINE
5
1E54
330
C
100
AcDbEntity
8
0
100
AcDbLine
10
110.923
20
115.663
30
0
11
111.037
21
115.586
31
0
0
LINE
5
1E55
330
C
100
AcDbEntity
8
0
100
AcDbLine
10
111.037
20
115.586
30
0
11
111.159
21
115.521
31
0
0
LINE
5
1E56
330
C
100
AcDbEntity
8
0
100
AcDbLine
10
111.159
20
115.521
30
0
11
111.29
21
115.468
31
0
0
LINE
5
1E57
330
C
100
AcDbEntity
8
0
100
AcDbLine
10
111.29
20
115.468
30
0
11
111.428
21
115.427
31
0
0
LINE
5
1E58
330
C
100
AcDbEntity
8
0
100
AcDbLine
10
111.428
20
115.427
30
0
11
111.575
21
115.397
31
0
0
LINE
5
1E59
330
C
100
AcDbEntity
8
0
100
AcDbLine
10
111.575
20
115.397
30
0
11
111.729
21
115.38
31
0
0
LINE
5
1E5A
330
C
100
AcDbEntity
8
0
100
AcDbLine
10
111.729
20
115.38
30
0
11
111.892
21
115.374
31
0
0
LINE
5
1E5B
330
C
100
AcDbEntity
8
0
100
AcDbLine
10
111.892
20
115.374
30
0
11
111.892
21
115.374
31
0
0
LINE
5
1E5C
330
C
100
AcDbEntity
8
0
100
AcDbLine
10
125.398
20
114.702
30
0
11
124.462
21
114.702
31
0
0
LINE
5
1E5D
330
C
100
AcDbEntity
8
0
100
AcDbLine
10
124.462
20
114.702
30
0
11
124.462
21
118.074
31
0
0
LINE
5
1E5E
330
C
100
AcDbEntity
8
0
100
AcDbLine
10
124.462
20
118.074
30
0
11
124.458
21
118.234
31
0
0
LINE
5
1E5F
330
C
100
AcDbEntity
8
0
100
AcDbLine
10
124.458
20
118.234
30
0
11
124.446
21
118.387
31
0
0
LINE
5
1E60
330
C
100
AcDbEntity
8
0
100
AcDbLine
10
124.446
20
118.387
30
0
11
124.427
21
118.532
31
0
0
LINE
5
1E61
330
C
100
AcDbEntity
8
0
100
AcDbLine
10
124.427
20
118.532
30
0
11
124.399
21
118.668
31
0
0
LINE
5
1E62
330
C
100
AcDbEntity
8
0
100
AcDbLine
10
124.399
20
118.668
30
0
11
124.364
21
118.797
31
0
0
LINE
5
1E63
330
C
100
AcDbEntity
8
0
100
AcDbLine
10
124.364
20
118.797
30
0
11
124.321
21
118.919
31
0
0
LINE
5
1E64
330
C
100
AcDbEntity
8
0
100
AcDbLine
10
124.321
20
118.919
30
0
11
124.269
21
119.032
31
0
0
LINE
5
1E65
330
C
100
AcDbEntity
8
0
100
AcDbLine
10
124.269
20
119.032
30
0
11
124.21
21
119.137
31
0
0
LINE
5
1E66
330
C
100
AcDbEntity
8
0
100
AcDbLine
10
124.21
20
119.137
30
0
11
124.144
21
119.235
31
0
0
LINE
5
1E67
330
C
100
AcDbEntity
8
0
100
AcDbLine
10
124.144
20
119.235
30
0
11
124.069
21
119.325
31
0
0
LINE
5
1E68
330
C
100
AcDbEntity
8
0
100
AcDbLine
10
124.069
20
119.325
30
0
11
123.988
21
119.406
31
0
0
LINE
5
1E69
330
C
100
AcDbEntity
8
0
100
AcDbLine
10
123.988
20
119.406
30
0
11
123.901
21
119.479
31
0
0
LINE
5
1E6A
330
C
100
AcDbEntity
8
0
100
AcDbLine
10
123.901
20
119.479
30
0
11
123.809
21
119.544
31
0
0
LINE
5
1E6B
330
C
100
AcDbEntity
8
0
100
AcDbLine
10
123.809
20
119.544
30
0
11
123.711
21
119.599
31
0
0
LINE
5
1E6C
330
C
100
AcDbEntity
8
0
100
AcDbLine
10
123.711
20
119.599
30
0
11
123.608
21
119.646
31
0
0
LINE
5
1E6D
330
C
100
AcDbEntity
8
0
100
AcDbLine
10
123.608
20
119.646
30
0
11
123.499
21
119.685
31
0
0
LINE
5
1E6E
330
C
100
AcDbEntity
8
0
100
AcDbLine
10
123.499
20
119.685
30
0
11
123.385
21
119.715
31
0
0
LINE
5
1E6F
330
C
100
AcDbEntity
8
0
100
AcDbLine
10
123.385
20
119.715
30
0
11
123.265
21
119.737
31
0
0
LINE
5
1E70
330
C
100
AcDbEntity
8
0
100
AcDbLine
10
123.265
20
119.737
30
0
11
123.14
21
119.749
31
0
0
LINE
5
1E71
330
C
100
AcDbEntity
8
0
100
AcDbLine
10
123.14
20
119.749
30
0
11
123.01
21
119.754
31
0
0
LINE
5
1E72
330
C
100
AcDbEntity
8
0
100
AcDbLine
10
123.01
20
119.754
30
0
11
123.01
21
119.754
31
0
0
LINE
5
1E73
330
C
100
AcDbEntity
8
0
100
AcDbLine
10
123.01
20
119.754
30
0
11
122.858
21
119.748
31
0
0
LINE
5
1E74
330
C
100
AcDbEntity
8
0
100
AcDbLine
10
122.858
20
119.748
30
0
11
122.713
21
119.73
31
0
0
LINE
5
1E75
330
C
100
AcDbEntity
8
0
100
AcDbLine
10
122.713
20
119.73
30
0
11
122.575
21
119.699
31
0
0
LINE
5
1E76
330
C
100
AcDbEntity
8
0
100
AcDbLine
10
122.575
20
119.699
30
0
11
122.445
21
119.657
31
0
0
LINE
5
1E77
330
C
100
AcDbEntity
8
0
100
AcDbLine
10
122.445
20
119.657
30
0
11
122.322
21
119.603
31
0
0
LINE
5
1E78
330
C
100
AcDbEntity
8
0
100
AcDbLine
10
122.322
20
119.603
30
0
11
122.206
21
119.537
31
0
0
LINE
5
1E79
330
C
100
AcDbEntity
8
0
100
AcDbLine
10
122.206
20
119.537
30
0
11
122.097
21
119.458
31
0
0
LINE
5
1E7A
330
C
100
AcDbEntity
8
0
100
AcDbLine
10
122.097
20
119.458
30
0
11
121.996
21
119.368
31
0
0
LINE
5
1E7B
330
C
100
AcDbEntity
8
0
100
AcDbLine
10
121.996
20
119.368
30
0
11
121.902
21
119.265
31
0
0
LINE
5
1E7C
330
C
100
AcDbEntity
8
0
100
AcDbLine
10
121.902
20
119.265
30
0
11
121.816
21
119.151
31
0
0
LINE
5
1E7D
330
C
100
AcDbEntity
8
0
100
AcDbLine
10
121.816
20
119.151
30
0
11
121.737
21
119.026
31
0
0
LINE
5
1E7E
330
C
100
AcDbEntity
8
0
100
AcDbLine
10
121.737
20
119.026
30
0
11
121.667
21
118.891
31
0
0
LINE
5
1E7F
330
C
100
AcDbEntity
8
0
100
AcDbLine
10
121.667
20
118.891
30
0
11
121.605
21
118.748
31
0
0
LINE
5
1E80
330
C
100
AcDbEntity
8
0
100
AcDbLine
10
121.605
20
118.748
30
0
11
121.551
21
118.595
31
0
0
LINE
5
1E81
330
C
100
AcDbEntity
8
0
100
AcDbLine
10
121.551
20
118.595
30
0
11
121.505
21
118.433
31
0
0
LINE
5
1E82
330
C
100
AcDbEntity
8
0
100
AcDbLine
10
121.505
20
118.433
30
0
11
121.468
21
118.262
31
0
0
LINE
5
1E83
330
C
100
AcDbEntity
8
0
100
AcDbLine
10
121.468
20
118.262
30
0
11
121.439
21
118.082
31
0
0
LINE
5
1E84
330
C
100
AcDbEntity
8
0
100
AcDbLine
10
121.439
20
118.082
30
0
11
121.419
21
117.892
31
0
0
LINE
5
1E85
330
C
100
AcDbEntity
8
0
100
AcDbLine
10
121.419
20
117.892
30
0
11
121.406
21
117.694
31
0
0
LINE
5
1E86
330
C
100
AcDbEntity
8
0
100
AcDbLine
10
121.406
20
117.694
30
0
11
121.402
21
117.486
31
0
0
LINE
5
1E87
330
C
100
AcDbEntity
8
0
100
AcDbLine
10
121.402
20
117.486
30
0
11
121.402
21
117.486
31
0
0
LINE
5
1E88
330
C
100
AcDbEntity
8
0
100
AcDbLine
10
121.402
20
117.486
30
0
11
120.97
21
117.486
31
0
0
LINE
5
1E89
330
C
100
AcDbEntity
8
0
100
AcDbLine
10
120.97
20
117.486
30
0
11
120.972
21
117.639
31
0
0
LINE
5
1E8A
330
C
100
AcDbEntity
8
0
100
AcDbLine
10
120.972
20
117.639
30
0
11
120.976
21
117.788
31
0
0
LINE
5
1E8B
330
C
100
AcDbEntity
8
0
100
AcDbLine
10
120.976
20
117.788
30
0
11
120.984
21
117.933
31
0
0
LINE
5
1E8C
330
C
100
AcDbEntity
8
0
100
AcDbLine
10
120.984
20
117.933
30
0
11
120.994
21
118.074
31
0
0
LINE
5
1E8D
330
C
100
AcDbEntity
8
0
100
AcDbLine
10
120.994
20
118.074
30
0
11
121.008
21
118.212
31
0
0
LINE
5
1E8E
330
C
100
AcDbEntity
8
0
100
AcDbLine
10
121.008
20
118.212
30
0
11
121.025
21
118.345
31
0
0
LINE
5
1E8F
330
C
100
AcDbEntity
8
0
100
AcDbLine
10
121.025
20
118.345
30
0
11
121.045
21
118.475
31
0
0
LINE
5
1E90
330
C
100
AcDbEntity
8
0
100
AcDbLine
10
121.045
20
118.475
30
0
11
121.068
21
118.601
31
0
0
LINE
5
1E91
330
C
100
AcDbEntity
8
0
100
AcDbLine
10
121.068
20
118.601
30
0
11
121.094
21
118.723
31
0
0
LINE
5
1E92
330
C
100
AcDbEntity
8
0
100
AcDbLine
10
121.094
20
118.723
30
0
11
121.123
21
118.842
31
0
0
LINE
5
1E93
330
C
100
AcDbEntity
8
0
100
AcDbLine
10
121.123
20
118.842
30
0
11
121.155
21
118.956
31
0
0
LINE
5
1E94
330
C
100
AcDbEntity
8
0
100
AcDbLine
10
121.155
20
118.956
30
0
11
121.19
21
119.067
31
0
0
LINE
5
1E95
330
C
100
AcDbEntity
8
0
100
AcDbLine
10
121.19
20
119.067
30
0
11
121.227
21
119.173
31
0
0
LINE
5
1E96
330
C
100
AcDbEntity
8
0
100
AcDbLine
10
121.227
20
119.173
30
0
11
121.268
21
119.276
31
0
0
LINE
5
1E97
330
C
100
AcDbEntity
8
0
100
AcDbLine
10
121.268
20
119.276
30
0
11
121.311
21
119.375
31
0
0
LINE
5
1E98
330
C
100
AcDbEntity
8
0
100
AcDbLine
10
121.311
20
119.375
30
0
11
121.357
21
119.47
31
0
0
LINE
5
1E99
330
C
100
AcDbEntity
8
0
100
AcDbLine
10
121.357
20
119.47
30
0
11
121.406
21
119.561
31
0
0
LINE
5
1E9A
330
C
100
AcDbEntity
8
0
100
AcDbLine
10
121.406
20
119.561
30
0
11
121.458
21
119.648
31
0
0
LINE
5
1E9B
330
C
100
AcDbEntity
8
0
100
AcDbLine
10
121.458
20
119.648
30
0
11
121.513
21
119.731
31
0
0
LINE
5
1E9C
330
C
100
AcDbEntity
8
0
100
AcDbLine
10
121.513
20
119.731
30
0
11
121.57
21
119.811
31
0
0
LINE
5
1E9D
330
C
100
AcDbEntity
8
0
100
AcDbLine
10
121.57
20
119.811
30
0
11
121.63
21
119.886
31
0
0
LINE
5
1E9E
330
C
100
AcDbEntity
8
0
100
AcDbLine
10
121.63
20
119.886
30
0
11
121.693
21
119.958
31
0
0
LINE
5
1E9F
330
C
100
AcDbEntity
8
0
100
AcDbLine
10
121.693
20
119.958
30
0
11
121.758
21
120.025
31
0
0
LINE
5
1EA0
330
C
100
AcDbEntity
8
0
100
AcDbLine
10
121.758
20
120.025
30
0
11
121.825
21
120.089
31
0
0
LINE
5
1EA1
330
C
100
AcDbEntity
8
0
100
AcDbLine
10
121.825
20
120.089
30
0
11
121.895
21
120.149
31
0
0
LINE
5
1EA2
330
C
100
AcDbEntity
8
0
100
AcDbLine
10
121.895
20
120.149
30
0
11
121.968
21
120.205
31
0
0
LINE
5
1EA3
330
C
100
AcDbEntity
8
0
100
AcDbLine
10
121.968
20
120.205
30
0
11
122.043
21
120.257
31
0
0
LINE
5
1EA4
330
C
100
AcDbEntity
8
0
100
AcDbLine
10
122.043
20
120.257
30
0
11
122.121
21
120.305
31
0
0
LINE
5
1EA5
330
C
100
AcDbEntity
8
0
100
AcDbLine
10
122.121
20
120.305
30
0
11
122.201
21
120.349
31
0
0
LINE
5
1EA6
330
C
100
AcDbEntity
8
0
100
AcDbLine
10
122.201
20
120.349
30
0
11
122.284
21
120.39
31
0
0
LINE
5
1EA7
330
C
100
AcDbEntity
8
0
100
AcDbLine
10
122.284
20
120.39
30
0
11
122.369
21
120.426
31
0
0
LINE
5
1EA8
330
C
100
AcDbEntity
8
0
100
AcDbLine
10
122.369
20
120.426
30
0
11
122.457
21
120.459
31
0
0
LINE
5
1EA9
330
C
100
AcDbEntity
8
0
100
AcDbLine
10
122.457
20
120.459
30
0
11
122.546
21
120.488
31
0
0
LINE
5
1EAA
330
C
100
AcDbEntity
8
0
100
AcDbLine
10
122.546
20
120.488
30
0
11
122.638
21
120.513
31
0
0
LINE
5
1EAB
330
C
100
AcDbEntity
8
0
100
AcDbLine
10
122.638
20
120.513
30
0
11
122.733
21
120.534
31
0
0
LINE
5
1EAC
330
C
100
AcDbEntity
8
0
100
AcDbLine
10
122.733
20
120.534
30
0
11
122.829
21
120.551
31
0
0
LINE
5
1EAD
330
C
100
AcDbEntity
8
0
100
AcDbLine
10
122.829
20
120.551
30
0
11
122.928
21
120.564
31
0
0
LINE
5
1EAE
330
C
100
AcDbEntity
8
0
100
AcDbLine
10
122.928
20
120.564
30
0
11
123.029
21
120.574
31
0
0
LINE
5
1EAF
330
C
100
AcDbEntity
8
0
100
AcDbLine
10
123.029
20
120.574
30
0
11
123.132
21
120.58
31
0
0
LINE
5
1EB0
330
C
100
AcDbEntity
8
0
100
AcDbLine
10
123.132
20
120.58
30
0
11
123.238
21
120.582
31
0
0
LINE
5
1EB1
330
C
100
AcDbEntity
8
0
100
AcDbLine
10
123.238
20
120.582
30
0
11
123.238
21
120.582
31
0
0
LINE
5
1EB2
330
C
100
AcDbEntity
8
0
100
AcDbLine
10
123.238
20
120.582
30
0
11
123.372
21
120.579
31
0
0
LINE
5
1EB3
330
C
100
AcDbEntity
8
0
100
AcDbLine
10
123.372
20
120.579
30
0
11
123.501
21
120.57
31
0
0
LINE
5
1EB4
330
C
100
AcDbEntity
8
0
100
AcDbLine
10
123.501
20
120.57
30
0
11
123.627
21
120.554
31
0
0
LINE
5
1EB5
330
C
100
AcDbEntity
8
0
100
AcDbLine
10
123.627
20
120.554
30
0
11
123.749
21
120.533
31
0
0
LINE
5
1EB6
330
C
100
AcDbEntity
8
0
100
AcDbLine
10
123.749
20
120.533
30
0
11
123.867
21
120.506
31
0
0
LINE
5
1EB7
330
C
100
AcDbEntity
8
0
100
AcDbLine
10
123.867
20
120.506
30
0
11
123.981
21
120.473
31
0
0
LINE
5
1EB8
330
C
100
AcDbEntity
8
0
100
AcDbLine
10
123.981
20
120.473
30
0
11
124.092
21
120.433
31
0
0
LINE
5
1EB9
330
C
100
AcDbEntity
8
0
100
AcDbLine
10
124.092
20
120.433
30
0
11
124.198
21
120.388
31
0
0
LINE
5
1EBA
330
C
100
AcDbEntity
8
0
100
AcDbLine
10
124.198
20
120.388
30
0
11
124.3
21
120.336
31
0
0
LINE
5
1EBB
330
C
100
AcDbEntity
8
0
100
AcDbLine
10
124.3
20
120.336
30
0
11
124.399
21
120.279
31
0
0
LINE
5
1EBC
330
C
100
AcDbEntity
8
0
100
AcDbLine
10
124.399
20
120.279
30
0
11
124.493
21
120.216
31
0
0
LINE
5
1EBD
330
C
100
AcDbEntity
8
0
100
AcDbLine
10
124.493
20
120.216
30
0
11
124.583
21
120.147
31
0
0
LINE
5
1EBE
330
C
100
AcDbEntity
8
0
100
AcDbLine
10
124.583
20
120.147
30
0
11
124.669
21
120.073
31
0
0
LINE
5
1EBF
330
C
100
AcDbEntity
8
0
100
AcDbLine
10
124.669
20
120.073
30
0
11
124.749
21
119.995
31
0
0
LINE
5
1EC0
330
C
100
AcDbEntity
8
0
100
AcDbLine
10
124.749
20
119.995
30
0
11
124.826
21
119.91
31
0
0
LINE
5
1EC1
330
C
100
AcDbEntity
8
0
100
AcDbLine
10
124.826
20
119.91
30
0
11
124.898
21
119.821
31
0
0
LINE
5
1EC2
330
C
100
AcDbEntity
8
0
100
AcDbLine
10
124.898
20
119.821
30
0
11
124.965
21
119.727
31
0
0
LINE
5
1EC3
330
C
100
AcDbEntity
8
0
100
AcDbLine
10
124.965
20
119.727
30
0
11
125.028
21
119.627
31
0
0
LINE
5
1EC4
330
C
100
AcDbEntity
8
0
100
AcDbLine
10
125.028
20
119.627
30
0
11
125.086
21
119.522
31
0
0
LINE
5
1EC5
330
C
100
AcDbEntity
8
0
100
AcDbLine
10
125.086
20
119.522
30
0
11
125.14
21
119.412
31
0
0
LINE
5
1EC6
330
C
100
AcDbEntity
8
0
100
AcDbLine
10
125.14
20
119.412
30
0
11
125.189
21
119.297
31
0
0
LINE
5
1EC7
330
C
100
AcDbEntity
8
0
100
AcDbLine
10
125.189
20
119.297
30
0
11
125.233
21
119.178
31
0
0
LINE
5
1EC8
330
C
100
AcDbEntity
8
0
100
AcDbLine
10
125.233
20
119.178
30
0
11
125.272
21
119.054
31
0
0
LINE
5
1EC9
330
C
100
AcDbEntity
8
0
100
AcDbLine
10
125.272
20
119.054
30
0
11
125.305
21
118.927
31
0
0
LINE
5
1ECA
330
C
100
AcDbEntity
8
0
100
AcDbLine
10
125.305
20
118.927
30
0
11
125.334
21
118.795
31
0
0
LINE
5
1ECB
330
C
100
AcDbEntity
8
0
100
AcDbLine
10
125.334
20
118.795
30
0
11
125.357
21
118.659
31
0
0
LINE
5
1ECC
330
C
100
AcDbEntity
8
0
100
AcDbLine
10
125.357
20
118.659
30
0
11
125.375
21
118.519
31
0
0
LINE
5
1ECD
330
C
100
AcDbEntity
8
0
100
AcDbLine
10
125.375
20
118.519
30
0
11
125.388
21
118.375
31
0
0
LINE
5
1ECE
330
C
100
AcDbEntity
8
0
100
AcDbLine
10
125.388
20
118.375
30
0
11
125.395
21
118.226
31
0
0
LINE
5
1ECF
330
C
100
AcDbEntity
8
0
100
AcDbLine
10
125.395
20
118.226
30
0
11
125.398
21
118.074
31
0
0
LINE
5
1ED0
330
C
100
AcDbEntity
8
0
100
AcDbLine
10
125.398
20
118.074
30
0
11
125.398
21
118.074
31
0
0
LINE
5
1ED1
330
C
100
AcDbEntity
8
0
100
AcDbLine
10
125.398
20
118.074
30
0
11
125.398
21
114.702
31
0
0
LINE
5
1ED2
330
C
100
AcDbEntity
8
0
100
AcDbLine
10
125.398
20
114.702
30
0
11
125.398
21
114.702
31
0
0
LINE
5
1ED3
330
C
100
AcDbEntity
8
0
100
AcDbLine
10
117.334
20
114.702
30
0
11
116.398
21
114.702
31
0
0
LINE
5
1ED4
330
C
100
AcDbEntity
8
0
100
AcDbLine
10
116.398
20
114.702
30
0
11
116.398
21
120.438
31
0
0
LINE
5
1ED5
330
C
100
AcDbEntity
8
0
100
AcDbLine
10
116.398
20
120.438
30
0
11
117.202
21
120.438
31
0
0
LINE
5
1ED6
330
C
100
AcDbEntity
8
0
100
AcDbLine
10
117.202
20
120.438
30
0
11
117.31
21
119.286
31
0
0
LINE
5
1ED7
330
C
100
AcDbEntity
8
0
100
AcDbLine
10
117.31
20
119.286
30
0
11
117.366
21
119.408
31
0
0
LINE
5
1ED8
330
C
100
AcDbEntity
8
0
100
AcDbLine
10
117.366
20
119.408
30
0
11
117.427
21
119.524
31
0
0
LINE
5
1ED9
330
C
100
AcDbEntity
8
0
100
AcDbLine
10
117.427
20
119.524
30
0
11
117.492
21
119.634
31
0
0
LINE
5
1EDA
330
C
100
AcDbEntity
8
0
100
AcDbLine
10
117.492
20
119.634
30
0
11
117.561
21
119.739
31
0
0
LINE
5
1EDB
330
C
100
AcDbEntity
8
0
100
AcDbLine
10
117.561
20
119.739
30
0
11
117.635
21
119.838
31
0
0
LINE
5
1EDC
330
C
100
AcDbEntity
8
0
100
AcDbLine
10
117.635
20
119.838
30
0
11
117.713
21
119.931
31
0
0
LINE
5
1EDD
330
C
100
AcDbEntity
8
0
100
AcDbLine
10
117.713
20
119.931
30
0
11
117.795
21
120.018
31
0
0
LINE
5
1EDE
330
C
100
AcDbEntity
8
0
100
AcDbLine
10
117.795
20
120.018
30
0
11
117.882
21
120.1
31
0
0
LINE
5
1EDF
330
C
100
AcDbEntity
8
0
100
AcDbLine
10
117.882
20
120.1
30
0
11
117.973
21
120.176
31
0
0
LINE
5
1EE0
330
C
100
AcDbEntity
8
0
100
AcDbLine
10
117.973
20
120.176
30
0
11
118.069
21
120.246
31
0
0
LINE
5
1EE1
330
C
100
AcDbEntity
8
0
100
AcDbLine
10
118.069
20
120.246
30
0
11
118.169
21
120.31
31
0
0
LINE
5
1EE2
330
C
100
AcDbEntity
8
0
100
AcDbLine
10
118.169
20
120.31
30
0
11
118.272
21
120.367
31
0
0
LINE
5
1EE3
330
C
100
AcDbEntity
8
0
100
AcDbLine
10
118.272
20
120.367
30
0
11
118.38
21
120.417
31
0
0
LINE
5
1EE4
330
C
100
AcDbEntity
8
0
100
AcDbLine
10
118.38
20
120.417
30
0
11
118.491
21
120.461
31
0
0
LINE
5
1EE5
330
C
100
AcDbEntity
8
0
100
AcDbLine
10
118.491
20
120.461
30
0
11
118.607
21
120.498
31
0
0
LINE
5
1EE6
330
C
100
AcDbEntity
8
0
100
AcDbLine
10
118.607
20
120.498
30
0
11
118.726
21
120.528
31
0
0
LINE
5
1EE7
330
C
100
AcDbEntity
8
0
100
AcDbLine
10
118.726
20
120.528
30
0
11
118.849
21
120.551
31
0
0
LINE
5
1EE8
330
C
100
AcDbEntity
8
0
100
AcDbLine
10
118.849
20
120.551
30
0
11
118.976
21
120.568
31
0
0
LINE
5
1EE9
330
C
100
AcDbEntity
8
0
100
AcDbLine
10
118.976
20
120.568
30
0
11
119.107
21
120.578
31
0
0
LINE
5
1EEA
330
C
100
AcDbEntity
8
0
100
AcDbLine
10
119.107
20
120.578
30
0
11
119.242
21
120.582
31
0
0
LINE
5
1EEB
330
C
100
AcDbEntity
8
0
100
AcDbLine
10
119.242
20
120.582
30
0
11
119.242
21
120.582
31
0
0
LINE
5
1EEC
330
C
100
AcDbEntity
8
0
100
AcDbLine
10
119.242
20
120.582
30
0
11
119.376
21
120.579
31
0
0
LINE
5
1EED
330
C
100
AcDbEntity
8
0
100
AcDbLine
10
119.376
20
120.579
30
0
11
119.505
21
120.57
31
0
0
LINE
5
1EEE
330
C
100
AcDbEntity
8
0
100
AcDbLine
10
119.505
20
120.57
30
0
11
119.631
21
120.554
31
0
0
LINE
5
1EEF
330
C
100
AcDbEntity
8
0
100
AcDbLine
10
119.631
20
120.554
30
0
11
119.753
21
120.533
31
0
0
LINE
5
1EF0
330
C
100
AcDbEntity
8
0
100
AcDbLine
10
119.753
20
120.533
30
0
11
119.871
21
120.506
31
0
0
LINE
5
1EF1
330
C
100
AcDbEntity
8
0
100
AcDbLine
10
119.871
20
120.506
30
0
11
119.985
21
120.473
31
0
0
LINE
5
1EF2
330
C
100
AcDbEntity
8
0
100
AcDbLine
10
119.985
20
120.473
30
0
11
120.096
21
120.433
31
0
0
LINE
5
1EF3
330
C
100
AcDbEntity
8
0
100
AcDbLine
10
120.096
20
120.433
30
0
11
120.202
21
120.388
31
0
0
LINE
5
1EF4
330
C
100
AcDbEntity
8
0
100
AcDbLine
10
120.202
20
120.388
30
0
11
120.304
21
120.336
31
0
0
LINE
5
1EF5
330
C
100
AcDbEntity
8
0
100
AcDbLine
10
120.304
20
120.336
30
0
11
120.403
21
120.279
31
0
0
LINE
5
1EF6
330
C
100
AcDbEntity
8
0
100
AcDbLine
10
120.403
20
120.279
30
0
11
120.497
21
120.216
31
0
0
LINE
5
1EF7
330
C
100
AcDbEntity
8
0
100
AcDbLine
10
120.497
20
120.216
30
0
11
120.587
21
120.147
31
0
0
LINE
5
1EF8
330
C
100
AcDbEntity
8
0
100
AcDbLine
10
120.587
20
120.147
30
0
11
120.673
21
120.073
31
0
0
LINE
5
1EF9
330
C
100
AcDbEntity
8
0
100
AcDbLine
10
120.673
20
120.073
30
0
11
120.753
21
119.995
31
0
0
LINE
5
1EFA
330
C
100
AcDbEntity
8
0
100
AcDbLine
10
120.753
20
119.995
30
0
11
120.83
21
119.91
31
0
0
LINE
5
1EFB
330
C
100
AcDbEntity
8
0
100
AcDbLine
10
120.83
20
119.91
30
0
11
120.902
21
119.821
31
0
0
LINE
5
1EFC
330
C
100
AcDbEntity
8
0
100
AcDbLine
10
120.902
20
119.821
30
0
11
120.969
21
119.727
31
0
0
LINE
5
1EFD
330
C
100
AcDbEntity
8
0
100
AcDbLine
10
120.969
20
119.727
30
0
11
121.032
21
119.627
31
0
0
LINE
5
1EFE
330
C
100
AcDbEntity
8
0
100
AcDbLine
10
121.032
20
119.627
30
0
11
121.09
21
119.522
31
0
0
LINE
5
1EFF
330
C
100
AcDbEntity
8
0
100
AcDbLine
10
121.09
20
119.522
30
0
11
121.144
21
119.412
31
0
0
LINE
5
1F00
330
C
100
AcDbEntity
8
0
100
AcDbLine
10
121.144
20
119.412
30
0
11
121.193
21
119.297
31
0
0
LINE
5
1F01
330
C
100
AcDbEntity
8
0
100
AcDbLine
10
121.193
20
119.297
30
0
11
121.237
21
119.178
31
0
0
LINE
5
1F02
330
C
100
AcDbEntity
8
0
100
AcDbLine
10
121.237
20
119.178
30
0
11
121.276
21
119.054
31
0
0
LINE
5
1F03
330
C
100
AcDbEntity
8
0
100
AcDbLine
10
121.276
20
119.054
30
0
11
121.309
21
118.927
31
0
0
LINE
5
1F04
330
C
100
AcDbEntity
8
0
100
AcDbLine
10
121.309
20
118.927
30
0
11
121.338
21
118.795
31
0
0
LINE
5
1F05
330
C
100
AcDbEntity
8
0
100
AcDbLine
10
121.338
20
118.795
30
0
11
121.361
21
118.659
31
0
0
LINE
5
1F06
330
C
100
AcDbEntity
8
0
100
AcDbLine
10
121.361
20
118.659
30
0
11
121.379
21
118.519
31
0
0
LINE
5
1F07
330
C
100
AcDbEntity
8
0
100
AcDbLine
10
121.379
20
118.519
30
0
11
121.392
21
118.375
31
0
0
LINE
5
1F08
330
C
100
AcDbEntity
8
0
100
AcDbLine
10
121.392
20
118.375
30
0
11
121.399
21
118.226
31
0
0
LINE
5
1F09
330
C
100
AcDbEntity
8
0
100
AcDbLine
10
121.399
20
118.226
30
0
11
121.402
21
118.074
31
0
0
LINE
5
1F0A
330
C
100
AcDbEntity
8
0
100
AcDbLine
10
121.402
20
118.074
30
0
11
121.402
21
118.074
31
0
0
LINE
5
1F0B
330
C
100
AcDbEntity
8
0
100
AcDbLine
10
121.402
20
118.074
30
0
11
121.402
21
114.702
31
0
0
LINE
5
1F0C
330
C
100
AcDbEntity
8
0
100
AcDbLine
10
121.402
20
114.702
30
0
11
120.478
21
114.702
31
0
0
LINE
5
1F0D
330
C
100
AcDbEntity
8
0
100
AcDbLine
10
120.478
20
114.702
30
0
11
120.478
21
118.074
31
0
0
LINE
5
1F0E
330
C
100
AcDbEntity
8
0
100
AcDbLine
10
120.478
20
118.074
30
0
11
120.474
21
118.234
31
0
0
LINE
5
1F0F
330
C
100
AcDbEntity
8
0
100
AcDbLine
10
120.474
20
118.234
30
0
11
120.462
21
118.387
31
0
0
LINE
5
1F10
330
C
100
AcDbEntity
8
0
100
AcDbLine
10
120.462
20
118.387
30
0
11
120.443
21
118.532
31
0
0
LINE
5
1F11
330
C
100
AcDbEntity
8
0
100
AcDbLine
10
120.443
20
118.532
30
0
11
120.415
21
118.668
31
0
0
LINE
5
1F12
330
C
100
AcDbEntity
8
0
100
AcDbLine
10
120.415
20
118.668
30
0
11
120.38
21
118.797
31
0
0
LINE
5
1F13
330
C
100
AcDbEntity
8
0
100
AcDbLine
10
120.38
20
118.797
30
0
11
120.337
21
118.919
31
0
0
LINE
5
1F14
330
C
100
AcDbEntity
8
0
100
AcDbLine
10
120.337
20
118.919
30
0
11
120.285
21
119.032
31
0
0
LINE
5
1F15
330
C
100
AcDbEntity
8
0
100
AcDbLine
10
120.285
20
119.032
30
0
11
120.226
21
119.137
31
0
0
LINE
5
1F16
330
C
100
AcDbEntity
8
0
100
AcDbLine
10
120.226
20
119.137
30
0
11
120.16
21
119.235
31
0
0
LINE
5
1F17
330
C
100
AcDbEntity
8
0
100
AcDbLine
10
120.16
20
119.235
30
0
11
120.085
21
119.325
31
0
0
LINE
5
1F18
330
C
100
AcDbEntity
8
0
100
AcDbLine
10
120.085
20
119.325
30
0
11
120.004
21
119.406
31
0
0
LINE
5
1F19
330
C
100
AcDbEntity
8
0
100
AcDbLine
10
120.004
20
119.406
30
0
11
119.916
21
119.479
31
0
0
LINE
5
1F1A
330
C
100
AcDbEntity
8
0
100
AcDbLine
10
119.916
20
119.479
30
0
11
119.824
21
119.544
31
0
0
LINE
5
1F1B
330
C
100
AcDbEntity
8
0
100
AcDbLine
10
119.824
20
119.544
30
0
11
119.725
21
119.599
31
0
0
LINE
5
1F1C
330
C
100
AcDbEntity
8
0
100
AcDbLine
10
119.725
20
119.599
30
0
11
119.621
21
119.646
31
0
0
LINE
5
1F1D
330
C
100
AcDbEntity
8
0
100
AcDbLine
10
119.621
20
119.646
30
0
11
119.511
21
119.685
31
0
0
LINE
5
1F1E
330
C
100
AcDbEntity
8
0
100
AcDbLine
10
119.511
20
119.685
30
0
11
119.395
21
119.715
31
0
0
LINE
5
1F1F
330
C
100
AcDbEntity
8
0
100
AcDbLine
10
119.395
20
119.715
30
0
11
119.274
21
119.737
31
0
0
LINE
5
1F20
330
C
100
AcDbEntity
8
0
100
AcDbLine
10
119.274
20
119.737
30
0
11
119.147
21
119.749
31
0
0
LINE
5
1F21
330
C
100
AcDbEntity
8
0
100
AcDbLine
10
119.147
20
119.749
30
0
11
119.014
21
119.754
31
0
0
LINE
5
1F22
330
C
100
AcDbEntity
8
0
100
AcDbLine
10
119.014
20
119.754
30
0
11
119.014
21
119.754
31
0
0
LINE
5
1F23
330
C
100
AcDbEntity
8
0
100
AcDbLine
10
119.014
20
119.754
30
0
11
118.912
21
119.751
31
0
0
LINE
5
1F24
330
C
100
AcDbEntity
8
0
100
AcDbLine
10
118.912
20
119.751
30
0
11
118.813
21
119.742
31
0
0
LINE
5
1F25
330
C
100
AcDbEntity
8
0
100
AcDbLine
10
118.813
20
119.742
30
0
11
118.717
21
119.728
31
0
0
LINE
5
1F26
330
C
100
AcDbEntity
8
0
100
AcDbLine
10
118.717
20
119.728
30
0
11
118.623
21
119.709
31
0
0
LINE
5
1F27
330
C
100
AcDbEntity
8
0
100
AcDbLine
10
118.623
20
119.709
30
0
11
118.532
21
119.683
31
0
0
LINE
5
1F28
330
C
100
AcDbEntity
8
0
100
AcDbLine
10
118.532
20
119.683
30
0
11
118.444
21
119.652
31
0
0
LINE
5
1F29
330
C
100
AcDbEntity
8
0
100
AcDbLine
10
118.444
20
119.652
30
0
11
118.359
21
119.616
31
0
0
LINE
5
1F2A
330
C
100
AcDbEntity
8
0
100
AcDbLine
10
118.359
20
119.616
30
0
11
118.277
21
119.573
31
0
0
LINE
5
1F2B
330
C
100
AcDbEntity
8
0
100
AcDbLine
10
118.277
20
119.573
30
0
11
118.197
21
119.525
31
0
0
LINE
5
1F2C
330
C
100
AcDbEntity
8
0
100
AcDbLine
10
118.197
20
119.525
30
0
11
118.12
21
119.472
31
0
0
LINE
5
1F2D
330
C
100
AcDbEntity
8
0
100
AcDbLine
10
118.12
20
119.472
30
0
11
118.046
21
119.413
31
0
0
LINE
5
1F2E
330
C
100
AcDbEntity
8
0
100
AcDbLine
10
118.046
20
119.413
30
0
11
117.976
21
119.349
31
0
0
LINE
5
1F2F
330
C
100
AcDbEntity
8
0
100
AcDbLine
10
117.976
20
119.349
30
0
11
117.909
21
119.281
31
0
0
LINE
5
1F30
330
C
100
AcDbEntity
8
0
100
AcDbLine
10
117.909
20
119.281
30
0
11
117.845
21
119.207
31
0
0
LINE
5
1F31
330
C
100
AcDbEntity
8
0
100
AcDbLine
10
117.845
20
119.207
30
0
11
117.785
21
119.129
31
0
0
LINE
5
1F32
330
C
100
AcDbEntity
8
0
100
AcDbLine
10
117.785
20
119.129
30
0
11
117.729
21
119.046
31
0
0
LINE
5
1F33
330
C
100
AcDbEntity
8
0
100
AcDbLine
10
117.729
20
119.046
30
0
11
117.676
21
118.958
31
0
0
LINE
5
1F34
330
C
100
AcDbEntity
8
0
100
AcDbLine
10
117.676
20
118.958
30
0
11
117.627
21
118.865
31
0
0
LINE
5
1F35
330
C
100
AcDbEntity
8
0
100
AcDbLine
10
117.627
20
118.865
30
0
11
117.581
21
118.767
31
0
0
LINE
5
1F36
330
C
100
AcDbEntity
8
0
100
AcDbLine
10
117.581
20
118.767
30
0
11
117.538
21
118.665
31
0
0
LINE
5
1F37
330
C
100
AcDbEntity
8
0
100
AcDbLine
10
117.538
20
118.665
30
0
11
117.499
21
118.558
31
0
0
LINE
5
1F38
330
C
100
AcDbEntity
8
0
100
AcDbLine
10
117.499
20
118.558
30
0
11
117.465
21
118.447
31
0
0
LINE
5
1F39
330
C
100
AcDbEntity
8
0
100
AcDbLine
10
117.465
20
118.447
30
0
11
117.434
21
118.332
31
0
0
LINE
5
1F3A
330
C
100
AcDbEntity
8
0
100
AcDbLine
10
117.434
20
118.332
30
0
11
117.407
21
118.213
31
0
0
LINE
5
1F3B
330
C
100
AcDbEntity
8
0
100
AcDbLine
10
117.407
20
118.213
30
0
11
117.385
21
118.089
31
0
0
LINE
5
1F3C
330
C
100
AcDbEntity
8
0
100
AcDbLine
10
117.385
20
118.089
30
0
11
117.367
21
117.962
31
0
0
LINE
5
1F3D
330
C
100
AcDbEntity
8
0
100
AcDbLine
10
117.367
20
117.962
30
0
11
117.352
21
117.831
31
0
0
LINE
5
1F3E
330
C
100
AcDbEntity
8
0
100
AcDbLine
10
117.352
20
117.831
30
0
11
117.342
21
117.696
31
0
0
LINE
5
1F3F
330
C
100
AcDbEntity
8
0
100
AcDbLine
10
117.342
20
117.696
30
0
11
117.336
21
117.557
31
0
0
LINE
5
1F40
330
C
100
AcDbEntity
8
0
100
AcDbLine
10
117.336
20
117.557
30
0
11
117.334
21
117.414
31
0
0
LINE
5
1F41
330
C
100
AcDbEntity
8
0
100
AcDbLine
10
117.334
20
117.414
30
0
11
117.334
21
117.414
31
0
0
LINE
5
1F42
330
C
100
AcDbEntity
8
0
100
AcDbLine
10
117.334
20
117.414
30
0
11
117.334
21
114.702
31
0
0
LINE
5
1F43
330
C
100
AcDbEntity
8
0
100
AcDbLine
10
117.334
20
114.702
30
0
11
117.334
21
114.702
31
0
0
ENDSEC
0
SECTION
2
OBJECTS
0
DICTIONARY
5
A
330
0
100
AcDbDictionary
281
1
3
ACAD_GROUP
350
B
0
DICTIONARY
5
B
330
A
100
AcDbDictionary
281
0
0
ENDSEC
0
EOF
999
MAKERCASE_STATE_BEGIN
999
{"mc":1,"gen":"polygon","sv":2,"store":"polyBoxStore","data":"NU67igJBEPyXihsZTzy4iS8xEATFRAxap10bdnaXmVldFf/d9hXWu244ScraNvA/hF07zJqsQf41ZvgbgnKUIslU5whPyfhfwlG0Ohb4ibsTIptFuX4mTlz3YjyhyGAGTEbOgbDvc2kj/IHrLJYJGtcqZ3irbTux/ZJ6eV1YXTprwEGbypYJEipZcOL3pTe91
999
Kt5/ugD52oFduuDeIAfT79wWaSzndHUZpM0QRLvaktvxuS29wc=","crc":58510112}
999
MAKERCASE_STATE_END